root_path,relative_path,path,parent_path,name,modified_at
/mnt/d/Music,.,/mnt/d/Music,,Music,2026-07-04T18:02:50+00:00
/mnt/d/Music,iTunes,/mnt/d/Music/iTunes,/mnt/d/Music,iTunes,2026-07-04T19:08:29+00:00
/mnt/d/Music,iTunes/'N Sync,/mnt/d/Music/iTunes/'N Sync,/mnt/d/Music/iTunes,'N Sync,2026-07-04T17:21:47+00:00
/mnt/d/Music,iTunes/'N Sync/Celebrity,/mnt/d/Music/iTunes/'N Sync/Celebrity,/mnt/d/Music/iTunes/'N Sync,Celebrity,2026-07-04T17:21:47+00:00
/mnt/d/Music,iTunes/2Pac,/mnt/d/Music/iTunes/2Pac,/mnt/d/Music/iTunes,2Pac,2026-07-04T17:19:08+00:00
/mnt/d/Music,iTunes/2Pac/2Pac_ Greatest Hits,/mnt/d/Music/iTunes/2Pac/2Pac_ Greatest Hits,/mnt/d/Music/iTunes/2Pac,2Pac_ Greatest Hits,2026-07-04T17:19:10+00:00
/mnt/d/Music,iTunes/311,/mnt/d/Music/iTunes/311,/mnt/d/Music/iTunes,311,2026-07-04T17:19:11+00:00
/mnt/d/Music,iTunes/311/311,/mnt/d/Music/iTunes/311/311,/mnt/d/Music/iTunes/311,311,2026-07-04T17:19:11+00:00
/mnt/d/Music,iTunes/311/From Chaos,/mnt/d/Music/iTunes/311/From Chaos,/mnt/d/Music/iTunes/311,From Chaos,2026-07-04T17:19:11+00:00
/mnt/d/Music,iTunes/50 Cent,/mnt/d/Music/iTunes/50 Cent,/mnt/d/Music/iTunes,50 Cent,2026-07-04T17:19:11+00:00
/mnt/d/Music,iTunes/50 Cent/Get Rich or Die Tryin',/mnt/d/Music/iTunes/50 Cent/Get Rich or Die Tryin',/mnt/d/Music/iTunes/50 Cent,Get Rich or Die Tryin',2026-07-04T17:19:11+00:00
/mnt/d/Music,iTunes/69 Boyz,/mnt/d/Music/iTunes/69 Boyz,/mnt/d/Music/iTunes,69 Boyz,2026-07-04T17:19:11+00:00
/mnt/d/Music,iTunes/69 Boyz/Nineteen Ninety Quad,/mnt/d/Music/iTunes/69 Boyz/Nineteen Ninety Quad,/mnt/d/Music/iTunes/69 Boyz,Nineteen Ninety Quad,2026-07-04T17:19:11+00:00
/mnt/d/Music,iTunes/ADELE,/mnt/d/Music/iTunes/ADELE,/mnt/d/Music/iTunes,ADELE,2026-07-04T17:19:11+00:00
/mnt/d/Music,iTunes/ADELE/19,/mnt/d/Music/iTunes/ADELE/19,/mnt/d/Music/iTunes/ADELE,19,2026-07-04T17:19:13+00:00
/mnt/d/Music,iTunes/Aerosmith,/mnt/d/Music/iTunes/Aerosmith,/mnt/d/Music/iTunes,Aerosmith,2026-07-04T17:19:19+00:00
/mnt/d/Music,iTunes/Aerosmith/A Little South Of Sanity,/mnt/d/Music/iTunes/Aerosmith/A Little South Of Sanity,/mnt/d/Music/iTunes/Aerosmith,A Little South Of Sanity,2026-07-04T19:06:17+00:00
/mnt/d/Music,iTunes/Aerosmith/A Little South Of Sanity (Disc 2),/mnt/d/Music/iTunes/Aerosmith/A Little South Of Sanity (Disc 2),/mnt/d/Music/iTunes/Aerosmith,A Little South Of Sanity (Disc 2),2026-07-04T19:06:17+00:00
/mnt/d/Music,iTunes/Aerosmith/Nine Lives,/mnt/d/Music/iTunes/Aerosmith/Nine Lives,/mnt/d/Music/iTunes/Aerosmith,Nine Lives,2026-07-04T17:19:18+00:00
/mnt/d/Music,iTunes/Aerosmith/Pandora's Box (Disc 1),/mnt/d/Music/iTunes/Aerosmith/Pandora's Box (Disc 1),/mnt/d/Music/iTunes/Aerosmith,Pandora's Box (Disc 1),2026-07-04T17:19:18+00:00
/mnt/d/Music,iTunes/Aerosmith/Pandora's Box (Disc 2),/mnt/d/Music/iTunes/Aerosmith/Pandora's Box (Disc 2),/mnt/d/Music/iTunes/Aerosmith,Pandora's Box (Disc 2),2026-07-04T17:19:18+00:00
/mnt/d/Music,iTunes/Aerosmith/Pandora's Box (Disc 3),/mnt/d/Music/iTunes/Aerosmith/Pandora's Box (Disc 3),/mnt/d/Music/iTunes/Aerosmith,Pandora's Box (Disc 3),2026-07-04T17:19:18+00:00
/mnt/d/Music,iTunes/Aerosmith/Permanent Vacation,/mnt/d/Music/iTunes/Aerosmith/Permanent Vacation,/mnt/d/Music/iTunes/Aerosmith,Permanent Vacation,2026-07-04T17:19:17+00:00
/mnt/d/Music,iTunes/Aerosmith/Pump,/mnt/d/Music/iTunes/Aerosmith/Pump,/mnt/d/Music/iTunes/Aerosmith,Pump,2026-07-04T17:19:17+00:00
/mnt/d/Music,iTunes/Aerosmith/Young Lust [Disc 1],/mnt/d/Music/iTunes/Aerosmith/Young Lust [Disc 1],/mnt/d/Music/iTunes/Aerosmith,Young Lust [Disc 1],2026-07-04T17:19:17+00:00
/mnt/d/Music,iTunes/Aerosmith/Young Lust [Disc 2],/mnt/d/Music/iTunes/Aerosmith/Young Lust [Disc 2],/mnt/d/Music/iTunes/Aerosmith,Young Lust [Disc 2],2026-07-04T17:19:15+00:00
/mnt/d/Music,iTunes/Afrika Bambaataa,/mnt/d/Music/iTunes/Afrika Bambaataa,/mnt/d/Music/iTunes,Afrika Bambaataa,2026-07-04T17:19:19+00:00
/mnt/d/Music,iTunes/Afrika Bambaataa/Don't Stop...Planet Rock - The Remix EP,/mnt/d/Music/iTunes/Afrika Bambaataa/Don't Stop...Planet Rock - The Remix EP,/mnt/d/Music/iTunes/Afrika Bambaataa,Don't Stop...Planet Rock - The Remix EP,2026-07-04T17:19:19+00:00
/mnt/d/Music,iTunes/Akon,/mnt/d/Music/iTunes/Akon,/mnt/d/Music/iTunes,Akon,2026-07-04T17:19:19+00:00
/mnt/d/Music,iTunes/Akon/Konvicted (Exclusive Version),/mnt/d/Music/iTunes/Akon/Konvicted (Exclusive Version),/mnt/d/Music/iTunes/Akon,Konvicted (Exclusive Version),2026-07-04T17:19:19+00:00
/mnt/d/Music,iTunes/Alanis Morissette,/mnt/d/Music/iTunes/Alanis Morissette,/mnt/d/Music/iTunes,Alanis Morissette,2026-07-04T17:19:19+00:00
/mnt/d/Music,iTunes/Alanis Morissette/Jagged Little Pill,/mnt/d/Music/iTunes/Alanis Morissette/Jagged Little Pill,/mnt/d/Music/iTunes/Alanis Morissette,Jagged Little Pill,2026-07-04T17:19:20+00:00
/mnt/d/Music,iTunes/Album Artwork,/mnt/d/Music/iTunes/Album Artwork,/mnt/d/Music/iTunes,Album Artwork,2026-07-04T17:18:52+00:00
/mnt/d/Music,iTunes/Album Artwork/Cache,/mnt/d/Music/iTunes/Album Artwork/Cache,/mnt/d/Music/iTunes/Album Artwork,Cache,2026-07-04T17:18:52+00:00
/mnt/d/Music,iTunes/Album Artwork/Cache/B8910B9F4350E208,/mnt/d/Music/iTunes/Album Artwork/Cache/B8910B9F4350E208,/mnt/d/Music/iTunes/Album Artwork/Cache,B8910B9F4350E208,2026-07-04T17:18:59+00:00
/mnt/d/Music,iTunes/Album Artwork/Cache/B8910B9F4350E208/00,/mnt/d/Music/iTunes/Album Artwork/Cache/B8910B9F4350E208/00,/mnt/d/Music/iTunes/Album Artwork/Cache/B8910B9F4350E208,00,2026-07-04T17:19:00+00:00
/mnt/d/Music,iTunes/Album Artwork/Cache/B8910B9F4350E208/00/00,/mnt/d/Music/iTunes/Album Artwork/Cache/B8910B9F4350E208/00/00,/mnt/d/Music/iTunes/Album Artwork/Cache/B8910B9F4350E208/00,00,2026-07-04T17:19:00+00:00
/mnt/d/Music,iTunes/Album Artwork/Cache/B8910B9F4350E208/00/00/05,/mnt/d/Music/iTunes/Album Artwork/Cache/B8910B9F4350E208/00/00/05,/mnt/d/Music/iTunes/Album Artwork/Cache/B8910B9F4350E208/00/00,05,2026-07-04T17:19:00+00:00
/mnt/d/Music,iTunes/Album Artwork/Cache/B8910B9F4350E208/00/01,/mnt/d/Music/iTunes/Album Artwork/Cache/B8910B9F4350E208/00/01,/mnt/d/Music/iTunes/Album Artwork/Cache/B8910B9F4350E208/00,01,2026-07-04T17:19:00+00:00
/mnt/d/Music,iTunes/Album Artwork/Cache/B8910B9F4350E208/00/01/10,/mnt/d/Music/iTunes/Album Artwork/Cache/B8910B9F4350E208/00/01/10,/mnt/d/Music/iTunes/Album Artwork/Cache/B8910B9F4350E208/00/01,10,2026-07-04T17:19:00+00:00
/mnt/d/Music,iTunes/Album Artwork/Cache/B8910B9F4350E208/00/02,/mnt/d/Music/iTunes/Album Artwork/Cache/B8910B9F4350E208/00/02,/mnt/d/Music/iTunes/Album Artwork/Cache/B8910B9F4350E208/00,02,2026-07-04T17:19:00+00:00
/mnt/d/Music,iTunes/Album Artwork/Cache/B8910B9F4350E208/00/02/01,/mnt/d/Music/iTunes/Album Artwork/Cache/B8910B9F4350E208/00/02/01,/mnt/d/Music/iTunes/Album Artwork/Cache/B8910B9F4350E208/00/02,01,2026-07-04T17:19:00+00:00
/mnt/d/Music,iTunes/Album Artwork/Cache/B8910B9F4350E208/00/02/03,/mnt/d/Music/iTunes/Album Artwork/Cache/B8910B9F4350E208/00/02/03,/mnt/d/Music/iTunes/Album Artwork/Cache/B8910B9F4350E208/00/02,03,2026-07-04T17:19:00+00:00
/mnt/d/Music,iTunes/Album Artwork/Cache/B8910B9F4350E208/00/03,/mnt/d/Music/iTunes/Album Artwork/Cache/B8910B9F4350E208/00/03,/mnt/d/Music/iTunes/Album Artwork/Cache/B8910B9F4350E208/00,03,2026-07-04T17:19:00+00:00
/mnt/d/Music,iTunes/Album Artwork/Cache/B8910B9F4350E208/00/03/05,/mnt/d/Music/iTunes/Album Artwork/Cache/B8910B9F4350E208/00/03/05,/mnt/d/Music/iTunes/Album Artwork/Cache/B8910B9F4350E208/00/03,05,2026-07-04T17:19:00+00:00
/mnt/d/Music,iTunes/Album Artwork/Cache/B8910B9F4350E208/00/04,/mnt/d/Music/iTunes/Album Artwork/Cache/B8910B9F4350E208/00/04,/mnt/d/Music/iTunes/Album Artwork/Cache/B8910B9F4350E208/00,04,2026-07-04T17:19:00+00:00
/mnt/d/Music,iTunes/Album Artwork/Cache/B8910B9F4350E208/00/04/02,/mnt/d/Music/iTunes/Album Artwork/Cache/B8910B9F4350E208/00/04/02,/mnt/d/Music/iTunes/Album Artwork/Cache/B8910B9F4350E208/00/04,02,2026-07-04T17:19:00+00:00
/mnt/d/Music,iTunes/Album Artwork/Cache/B8910B9F4350E208/00/04/13,/mnt/d/Music/iTunes/Album Artwork/Cache/B8910B9F4350E208/00/04/13,/mnt/d/Music/iTunes/Album Artwork/Cache/B8910B9F4350E208/00/04,13,2026-07-04T17:19:00+00:00
/mnt/d/Music,iTunes/Album Artwork/Cache/B8910B9F4350E208/00/05,/mnt/d/Music/iTunes/Album Artwork/Cache/B8910B9F4350E208/00/05,/mnt/d/Music/iTunes/Album Artwork/Cache/B8910B9F4350E208/00,05,2026-07-04T17:19:00+00:00
/mnt/d/Music,iTunes/Album Artwork/Cache/B8910B9F4350E208/00/05/00,/mnt/d/Music/iTunes/Album Artwork/Cache/B8910B9F4350E208/00/05/00,/mnt/d/Music/iTunes/Album Artwork/Cache/B8910B9F4350E208/00/05,00,2026-07-04T17:19:00+00:00
/mnt/d/Music,iTunes/Album Artwork/Cache/B8910B9F4350E208/00/05/09,/mnt/d/Music/iTunes/Album Artwork/Cache/B8910B9F4350E208/00/05/09,/mnt/d/Music/iTunes/Album Artwork/Cache/B8910B9F4350E208/00/05,09,2026-07-04T17:19:00+00:00
/mnt/d/Music,iTunes/Album Artwork/Cache/B8910B9F4350E208/00/06,/mnt/d/Music/iTunes/Album Artwork/Cache/B8910B9F4350E208/00/06,/mnt/d/Music/iTunes/Album Artwork/Cache/B8910B9F4350E208/00,06,2026-07-04T17:18:59+00:00
/mnt/d/Music,iTunes/Album Artwork/Cache/B8910B9F4350E208/00/06/11,/mnt/d/Music/iTunes/Album Artwork/Cache/B8910B9F4350E208/00/06/11,/mnt/d/Music/iTunes/Album Artwork/Cache/B8910B9F4350E208/00/06,11,2026-07-04T17:18:59+00:00
/mnt/d/Music,iTunes/Album Artwork/Cache/B8910B9F4350E208/00/07,/mnt/d/Music/iTunes/Album Artwork/Cache/B8910B9F4350E208/00/07,/mnt/d/Music/iTunes/Album Artwork/Cache/B8910B9F4350E208/00,07,2026-07-04T17:18:59+00:00
/mnt/d/Music,iTunes/Album Artwork/Cache/B8910B9F4350E208/00/07/10,/mnt/d/Music/iTunes/Album Artwork/Cache/B8910B9F4350E208/00/07/10,/mnt/d/Music/iTunes/Album Artwork/Cache/B8910B9F4350E208/00/07,10,2026-07-04T17:18:59+00:00
/mnt/d/Music,iTunes/Album Artwork/Cache/B8910B9F4350E208/00/07/11,/mnt/d/Music/iTunes/Album Artwork/Cache/B8910B9F4350E208/00/07/11,/mnt/d/Music/iTunes/Album Artwork/Cache/B8910B9F4350E208/00/07,11,2026-07-04T17:18:59+00:00
/mnt/d/Music,iTunes/Album Artwork/Cache/B8910B9F4350E208/00/08,/mnt/d/Music/iTunes/Album Artwork/Cache/B8910B9F4350E208/00/08,/mnt/d/Music/iTunes/Album Artwork/Cache/B8910B9F4350E208/00,08,2026-07-04T17:18:59+00:00
/mnt/d/Music,iTunes/Album Artwork/Cache/B8910B9F4350E208/00/08/03,/mnt/d/Music/iTunes/Album Artwork/Cache/B8910B9F4350E208/00/08/03,/mnt/d/Music/iTunes/Album Artwork/Cache/B8910B9F4350E208/00/08,03,2026-07-04T17:18:59+00:00
/mnt/d/Music,iTunes/Album Artwork/Cache/B8910B9F4350E208/00/08/05,/mnt/d/Music/iTunes/Album Artwork/Cache/B8910B9F4350E208/00/08/05,/mnt/d/Music/iTunes/Album Artwork/Cache/B8910B9F4350E208/00/08,05,2026-07-04T17:18:59+00:00
/mnt/d/Music,iTunes/Album Artwork/Cache/B8910B9F4350E208/00/11,/mnt/d/Music/iTunes/Album Artwork/Cache/B8910B9F4350E208/00/11,/mnt/d/Music/iTunes/Album Artwork/Cache/B8910B9F4350E208/00,11,2026-07-04T17:18:59+00:00
/mnt/d/Music,iTunes/Album Artwork/Cache/B8910B9F4350E208/00/11/01,/mnt/d/Music/iTunes/Album Artwork/Cache/B8910B9F4350E208/00/11/01,/mnt/d/Music/iTunes/Album Artwork/Cache/B8910B9F4350E208/00/11,01,2026-07-04T17:18:59+00:00
/mnt/d/Music,iTunes/Album Artwork/Cache/B8910B9F4350E208/00/12,/mnt/d/Music/iTunes/Album Artwork/Cache/B8910B9F4350E208/00/12,/mnt/d/Music/iTunes/Album Artwork/Cache/B8910B9F4350E208/00,12,2026-07-04T17:18:59+00:00
/mnt/d/Music,iTunes/Album Artwork/Cache/B8910B9F4350E208/00/12/04,/mnt/d/Music/iTunes/Album Artwork/Cache/B8910B9F4350E208/00/12/04,/mnt/d/Music/iTunes/Album Artwork/Cache/B8910B9F4350E208/00/12,04,2026-07-04T17:18:59+00:00
/mnt/d/Music,iTunes/Album Artwork/Cache/B8910B9F4350E208/00/12/15,/mnt/d/Music/iTunes/Album Artwork/Cache/B8910B9F4350E208/00/12/15,/mnt/d/Music/iTunes/Album Artwork/Cache/B8910B9F4350E208/00/12,15,2026-07-04T17:18:59+00:00
/mnt/d/Music,iTunes/Album Artwork/Cache/B8910B9F4350E208/00/13,/mnt/d/Music/iTunes/Album Artwork/Cache/B8910B9F4350E208/00/13,/mnt/d/Music/iTunes/Album Artwork/Cache/B8910B9F4350E208/00,13,2026-07-04T17:18:59+00:00
/mnt/d/Music,iTunes/Album Artwork/Cache/B8910B9F4350E208/00/13/00,/mnt/d/Music/iTunes/Album Artwork/Cache/B8910B9F4350E208/00/13/00,/mnt/d/Music/iTunes/Album Artwork/Cache/B8910B9F4350E208/00/13,00,2026-07-04T17:18:59+00:00
/mnt/d/Music,iTunes/Album Artwork/Cache/B8910B9F4350E208/00/14,/mnt/d/Music/iTunes/Album Artwork/Cache/B8910B9F4350E208/00/14,/mnt/d/Music/iTunes/Album Artwork/Cache/B8910B9F4350E208/00,14,2026-07-04T17:18:59+00:00
/mnt/d/Music,iTunes/Album Artwork/Cache/B8910B9F4350E208/00/14/03,/mnt/d/Music/iTunes/Album Artwork/Cache/B8910B9F4350E208/00/14/03,/mnt/d/Music/iTunes/Album Artwork/Cache/B8910B9F4350E208/00/14,03,2026-07-04T17:18:59+00:00
/mnt/d/Music,iTunes/Album Artwork/Cache/B8910B9F4350E208/00/14/04,/mnt/d/Music/iTunes/Album Artwork/Cache/B8910B9F4350E208/00/14/04,/mnt/d/Music/iTunes/Album Artwork/Cache/B8910B9F4350E208/00/14,04,2026-07-04T17:18:59+00:00
/mnt/d/Music,iTunes/Album Artwork/Cache/B8910B9F4350E208/01,/mnt/d/Music/iTunes/Album Artwork/Cache/B8910B9F4350E208/01,/mnt/d/Music/iTunes/Album Artwork/Cache/B8910B9F4350E208,01,2026-07-04T17:18:59+00:00
/mnt/d/Music,iTunes/Album Artwork/Cache/B8910B9F4350E208/01/01,/mnt/d/Music/iTunes/Album Artwork/Cache/B8910B9F4350E208/01/01,/mnt/d/Music/iTunes/Album Artwork/Cache/B8910B9F4350E208/01,01,2026-07-04T17:18:59+00:00
/mnt/d/Music,iTunes/Album Artwork/Cache/B8910B9F4350E208/01/01/02,/mnt/d/Music/iTunes/Album Artwork/Cache/B8910B9F4350E208/01/01/02,/mnt/d/Music/iTunes/Album Artwork/Cache/B8910B9F4350E208/01/01,02,2026-07-04T17:18:59+00:00
/mnt/d/Music,iTunes/Album Artwork/Cache/B8910B9F4350E208/01/03,/mnt/d/Music/iTunes/Album Artwork/Cache/B8910B9F4350E208/01/03,/mnt/d/Music/iTunes/Album Artwork/Cache/B8910B9F4350E208/01,03,2026-07-04T17:18:59+00:00
/mnt/d/Music,iTunes/Album Artwork/Cache/B8910B9F4350E208/01/03/01,/mnt/d/Music/iTunes/Album Artwork/Cache/B8910B9F4350E208/01/03/01,/mnt/d/Music/iTunes/Album Artwork/Cache/B8910B9F4350E208/01/03,01,2026-07-04T17:18:59+00:00
/mnt/d/Music,iTunes/Album Artwork/Cache/B8910B9F4350E208/01/05,/mnt/d/Music/iTunes/Album Artwork/Cache/B8910B9F4350E208/01/05,/mnt/d/Music/iTunes/Album Artwork/Cache/B8910B9F4350E208/01,05,2026-07-04T17:18:59+00:00
/mnt/d/Music,iTunes/Album Artwork/Cache/B8910B9F4350E208/01/05/03,/mnt/d/Music/iTunes/Album Artwork/Cache/B8910B9F4350E208/01/05/03,/mnt/d/Music/iTunes/Album Artwork/Cache/B8910B9F4350E208/01/05,03,2026-07-04T17:18:59+00:00
/mnt/d/Music,iTunes/Album Artwork/Cache/B8910B9F4350E208/01/06,/mnt/d/Music/iTunes/Album Artwork/Cache/B8910B9F4350E208/01/06,/mnt/d/Music/iTunes/Album Artwork/Cache/B8910B9F4350E208/01,06,2026-07-04T17:18:59+00:00
/mnt/d/Music,iTunes/Album Artwork/Cache/B8910B9F4350E208/01/06/02,/mnt/d/Music/iTunes/Album Artwork/Cache/B8910B9F4350E208/01/06/02,/mnt/d/Music/iTunes/Album Artwork/Cache/B8910B9F4350E208/01/06,02,2026-07-04T17:18:59+00:00
/mnt/d/Music,iTunes/Album Artwork/Cache/B8910B9F4350E208/01/06/15,/mnt/d/Music/iTunes/Album Artwork/Cache/B8910B9F4350E208/01/06/15,/mnt/d/Music/iTunes/Album Artwork/Cache/B8910B9F4350E208/01/06,15,2026-07-04T17:18:59+00:00
/mnt/d/Music,iTunes/Album Artwork/Cache/B8910B9F4350E208/01/07,/mnt/d/Music/iTunes/Album Artwork/Cache/B8910B9F4350E208/01/07,/mnt/d/Music/iTunes/Album Artwork/Cache/B8910B9F4350E208/01,07,2026-07-04T17:18:59+00:00
/mnt/d/Music,iTunes/Album Artwork/Cache/B8910B9F4350E208/01/07/04,/mnt/d/Music/iTunes/Album Artwork/Cache/B8910B9F4350E208/01/07/04,/mnt/d/Music/iTunes/Album Artwork/Cache/B8910B9F4350E208/01/07,04,2026-07-04T17:18:59+00:00
/mnt/d/Music,iTunes/Album Artwork/Cache/B8910B9F4350E208/01/08,/mnt/d/Music/iTunes/Album Artwork/Cache/B8910B9F4350E208/01/08,/mnt/d/Music/iTunes/Album Artwork/Cache/B8910B9F4350E208/01,08,2026-07-04T17:18:59+00:00
/mnt/d/Music,iTunes/Album Artwork/Cache/B8910B9F4350E208/01/08/04,/mnt/d/Music/iTunes/Album Artwork/Cache/B8910B9F4350E208/01/08/04,/mnt/d/Music/iTunes/Album Artwork/Cache/B8910B9F4350E208/01/08,04,2026-07-04T17:18:59+00:00
/mnt/d/Music,iTunes/Album Artwork/Cache/B8910B9F4350E208/01/08/05,/mnt/d/Music/iTunes/Album Artwork/Cache/B8910B9F4350E208/01/08/05,/mnt/d/Music/iTunes/Album Artwork/Cache/B8910B9F4350E208/01/08,05,2026-07-04T17:18:59+00:00
/mnt/d/Music,iTunes/Album Artwork/Cache/B8910B9F4350E208/01/09,/mnt/d/Music/iTunes/Album Artwork/Cache/B8910B9F4350E208/01/09,/mnt/d/Music/iTunes/Album Artwork/Cache/B8910B9F4350E208/01,09,2026-07-04T17:18:59+00:00
/mnt/d/Music,iTunes/Album Artwork/Cache/B8910B9F4350E208/01/09/01,/mnt/d/Music/iTunes/Album Artwork/Cache/B8910B9F4350E208/01/09/01,/mnt/d/Music/iTunes/Album Artwork/Cache/B8910B9F4350E208/01/09,01,2026-07-04T17:18:59+00:00
/mnt/d/Music,iTunes/Album Artwork/Cache/B8910B9F4350E208/01/09/03,/mnt/d/Music/iTunes/Album Artwork/Cache/B8910B9F4350E208/01/09/03,/mnt/d/Music/iTunes/Album Artwork/Cache/B8910B9F4350E208/01/09,03,2026-07-04T17:18:59+00:00
/mnt/d/Music,iTunes/Album Artwork/Cache/B8910B9F4350E208/01/09/04,/mnt/d/Music/iTunes/Album Artwork/Cache/B8910B9F4350E208/01/09/04,/mnt/d/Music/iTunes/Album Artwork/Cache/B8910B9F4350E208/01/09,04,2026-07-04T17:18:59+00:00
/mnt/d/Music,iTunes/Album Artwork/Cache/B8910B9F4350E208/01/09/07,/mnt/d/Music/iTunes/Album Artwork/Cache/B8910B9F4350E208/01/09/07,/mnt/d/Music/iTunes/Album Artwork/Cache/B8910B9F4350E208/01/09,07,2026-07-04T17:18:59+00:00
/mnt/d/Music,iTunes/Album Artwork/Cache/B8910B9F4350E208/01/10,/mnt/d/Music/iTunes/Album Artwork/Cache/B8910B9F4350E208/01/10,/mnt/d/Music/iTunes/Album Artwork/Cache/B8910B9F4350E208/01,10,2026-07-04T17:18:59+00:00
/mnt/d/Music,iTunes/Album Artwork/Cache/B8910B9F4350E208/01/10/03,/mnt/d/Music/iTunes/Album Artwork/Cache/B8910B9F4350E208/01/10/03,/mnt/d/Music/iTunes/Album Artwork/Cache/B8910B9F4350E208/01/10,03,2026-07-04T17:18:59+00:00
/mnt/d/Music,iTunes/Album Artwork/Cache/B8910B9F4350E208/01/10/14,/mnt/d/Music/iTunes/Album Artwork/Cache/B8910B9F4350E208/01/10/14,/mnt/d/Music/iTunes/Album Artwork/Cache/B8910B9F4350E208/01/10,14,2026-07-04T17:18:59+00:00
/mnt/d/Music,iTunes/Album Artwork/Cache/B8910B9F4350E208/01/11,/mnt/d/Music/iTunes/Album Artwork/Cache/B8910B9F4350E208/01/11,/mnt/d/Music/iTunes/Album Artwork/Cache/B8910B9F4350E208/01,11,2026-07-04T17:18:59+00:00
/mnt/d/Music,iTunes/Album Artwork/Cache/B8910B9F4350E208/01/11/00,/mnt/d/Music/iTunes/Album Artwork/Cache/B8910B9F4350E208/01/11/00,/mnt/d/Music/iTunes/Album Artwork/Cache/B8910B9F4350E208/01/11,00,2026-07-04T17:18:59+00:00
/mnt/d/Music,iTunes/Album Artwork/Cache/B8910B9F4350E208/01/11/04,/mnt/d/Music/iTunes/Album Artwork/Cache/B8910B9F4350E208/01/11/04,/mnt/d/Music/iTunes/Album Artwork/Cache/B8910B9F4350E208/01/11,04,2026-07-04T17:18:59+00:00
/mnt/d/Music,iTunes/Album Artwork/Cache/B8910B9F4350E208/01/11/11,/mnt/d/Music/iTunes/Album Artwork/Cache/B8910B9F4350E208/01/11/11,/mnt/d/Music/iTunes/Album Artwork/Cache/B8910B9F4350E208/01/11,11,2026-07-04T17:18:59+00:00
/mnt/d/Music,iTunes/Album Artwork/Cache/B8910B9F4350E208/01/12,/mnt/d/Music/iTunes/Album Artwork/Cache/B8910B9F4350E208/01/12,/mnt/d/Music/iTunes/Album Artwork/Cache/B8910B9F4350E208/01,12,2026-07-04T17:18:59+00:00
/mnt/d/Music,iTunes/Album Artwork/Cache/B8910B9F4350E208/01/12/01,/mnt/d/Music/iTunes/Album Artwork/Cache/B8910B9F4350E208/01/12/01,/mnt/d/Music/iTunes/Album Artwork/Cache/B8910B9F4350E208/01/12,01,2026-07-04T17:18:59+00:00
/mnt/d/Music,iTunes/Album Artwork/Cache/B8910B9F4350E208/01/12/03,/mnt/d/Music/iTunes/Album Artwork/Cache/B8910B9F4350E208/01/12/03,/mnt/d/Music/iTunes/Album Artwork/Cache/B8910B9F4350E208/01/12,03,2026-07-04T17:18:59+00:00
/mnt/d/Music,iTunes/Album Artwork/Cache/B8910B9F4350E208/01/13,/mnt/d/Music/iTunes/Album Artwork/Cache/B8910B9F4350E208/01/13,/mnt/d/Music/iTunes/Album Artwork/Cache/B8910B9F4350E208/01,13,2026-07-04T17:18:59+00:00
/mnt/d/Music,iTunes/Album Artwork/Cache/B8910B9F4350E208/01/13/04,/mnt/d/Music/iTunes/Album Artwork/Cache/B8910B9F4350E208/01/13/04,/mnt/d/Music/iTunes/Album Artwork/Cache/B8910B9F4350E208/01/13,04,2026-07-04T17:18:59+00:00
/mnt/d/Music,iTunes/Album Artwork/Cache/B8910B9F4350E208/01/14,/mnt/d/Music/iTunes/Album Artwork/Cache/B8910B9F4350E208/01/14,/mnt/d/Music/iTunes/Album Artwork/Cache/B8910B9F4350E208/01,14,2026-07-04T17:18:59+00:00
/mnt/d/Music,iTunes/Album Artwork/Cache/B8910B9F4350E208/01/14/13,/mnt/d/Music/iTunes/Album Artwork/Cache/B8910B9F4350E208/01/14/13,/mnt/d/Music/iTunes/Album Artwork/Cache/B8910B9F4350E208/01/14,13,2026-07-04T17:18:59+00:00
/mnt/d/Music,iTunes/Album Artwork/Cache/B8910B9F4350E208/01/15,/mnt/d/Music/iTunes/Album Artwork/Cache/B8910B9F4350E208/01/15,/mnt/d/Music/iTunes/Album Artwork/Cache/B8910B9F4350E208/01,15,2026-07-04T17:18:59+00:00
/mnt/d/Music,iTunes/Album Artwork/Cache/B8910B9F4350E208/01/15/03,/mnt/d/Music/iTunes/Album Artwork/Cache/B8910B9F4350E208/01/15/03,/mnt/d/Music/iTunes/Album Artwork/Cache/B8910B9F4350E208/01/15,03,2026-07-04T17:18:59+00:00
/mnt/d/Music,iTunes/Album Artwork/Cache/B8910B9F4350E208/01/15/04,/mnt/d/Music/iTunes/Album Artwork/Cache/B8910B9F4350E208/01/15/04,/mnt/d/Music/iTunes/Album Artwork/Cache/B8910B9F4350E208/01/15,04,2026-07-04T17:18:59+00:00
/mnt/d/Music,iTunes/Album Artwork/Cache/B8910B9F4350E208/01/15/13,/mnt/d/Music/iTunes/Album Artwork/Cache/B8910B9F4350E208/01/15/13,/mnt/d/Music/iTunes/Album Artwork/Cache/B8910B9F4350E208/01/15,13,2026-07-04T17:18:59+00:00
/mnt/d/Music,iTunes/Album Artwork/Cache/B8910B9F4350E208/02,/mnt/d/Music/iTunes/Album Artwork/Cache/B8910B9F4350E208/02,/mnt/d/Music/iTunes/Album Artwork/Cache/B8910B9F4350E208,02,2026-07-04T17:18:59+00:00
/mnt/d/Music,iTunes/Album Artwork/Cache/B8910B9F4350E208/02/00,/mnt/d/Music/iTunes/Album Artwork/Cache/B8910B9F4350E208/02/00,/mnt/d/Music/iTunes/Album Artwork/Cache/B8910B9F4350E208/02,00,2026-07-04T17:18:59+00:00
/mnt/d/Music,iTunes/Album Artwork/Cache/B8910B9F4350E208/02/00/04,/mnt/d/Music/iTunes/Album Artwork/Cache/B8910B9F4350E208/02/00/04,/mnt/d/Music/iTunes/Album Artwork/Cache/B8910B9F4350E208/02/00,04,2026-07-04T17:18:59+00:00
/mnt/d/Music,iTunes/Album Artwork/Cache/B8910B9F4350E208/02/00/06,/mnt/d/Music/iTunes/Album Artwork/Cache/B8910B9F4350E208/02/00/06,/mnt/d/Music/iTunes/Album Artwork/Cache/B8910B9F4350E208/02/00,06,2026-07-04T17:18:59+00:00
/mnt/d/Music,iTunes/Album Artwork/Cache/B8910B9F4350E208/02/01,/mnt/d/Music/iTunes/Album Artwork/Cache/B8910B9F4350E208/02/01,/mnt/d/Music/iTunes/Album Artwork/Cache/B8910B9F4350E208/02,01,2026-07-04T17:18:59+00:00
/mnt/d/Music,iTunes/Album Artwork/Cache/B8910B9F4350E208/02/01/02,/mnt/d/Music/iTunes/Album Artwork/Cache/B8910B9F4350E208/02/01/02,/mnt/d/Music/iTunes/Album Artwork/Cache/B8910B9F4350E208/02/01,02,2026-07-04T17:18:59+00:00
/mnt/d/Music,iTunes/Album Artwork/Cache/B8910B9F4350E208/02/01/05,/mnt/d/Music/iTunes/Album Artwork/Cache/B8910B9F4350E208/02/01/05,/mnt/d/Music/iTunes/Album Artwork/Cache/B8910B9F4350E208/02/01,05,2026-07-04T17:18:59+00:00
/mnt/d/Music,iTunes/Album Artwork/Cache/B8910B9F4350E208/02/01/07,/mnt/d/Music/iTunes/Album Artwork/Cache/B8910B9F4350E208/02/01/07,/mnt/d/Music/iTunes/Album Artwork/Cache/B8910B9F4350E208/02/01,07,2026-07-04T17:18:59+00:00
/mnt/d/Music,iTunes/Album Artwork/Cache/B8910B9F4350E208/02/01/10,/mnt/d/Music/iTunes/Album Artwork/Cache/B8910B9F4350E208/02/01/10,/mnt/d/Music/iTunes/Album Artwork/Cache/B8910B9F4350E208/02/01,10,2026-07-04T17:18:59+00:00
/mnt/d/Music,iTunes/Album Artwork/Cache/B8910B9F4350E208/02/01/11,/mnt/d/Music/iTunes/Album Artwork/Cache/B8910B9F4350E208/02/01/11,/mnt/d/Music/iTunes/Album Artwork/Cache/B8910B9F4350E208/02/01,11,2026-07-04T17:18:59+00:00
/mnt/d/Music,iTunes/Album Artwork/Cache/B8910B9F4350E208/02/03,/mnt/d/Music/iTunes/Album Artwork/Cache/B8910B9F4350E208/02/03,/mnt/d/Music/iTunes/Album Artwork/Cache/B8910B9F4350E208/02,03,2026-07-04T17:18:59+00:00
/mnt/d/Music,iTunes/Album Artwork/Cache/B8910B9F4350E208/02/03/03,/mnt/d/Music/iTunes/Album Artwork/Cache/B8910B9F4350E208/02/03/03,/mnt/d/Music/iTunes/Album Artwork/Cache/B8910B9F4350E208/02/03,03,2026-07-04T17:18:59+00:00
/mnt/d/Music,iTunes/Album Artwork/Cache/B8910B9F4350E208/02/03/04,/mnt/d/Music/iTunes/Album Artwork/Cache/B8910B9F4350E208/02/03/04,/mnt/d/Music/iTunes/Album Artwork/Cache/B8910B9F4350E208/02/03,04,2026-07-04T17:18:59+00:00
/mnt/d/Music,iTunes/Album Artwork/Cache/B8910B9F4350E208/02/03/14,/mnt/d/Music/iTunes/Album Artwork/Cache/B8910B9F4350E208/02/03/14,/mnt/d/Music/iTunes/Album Artwork/Cache/B8910B9F4350E208/02/03,14,2026-07-04T17:18:59+00:00
/mnt/d/Music,iTunes/Album Artwork/Cache/B8910B9F4350E208/02/04,/mnt/d/Music/iTunes/Album Artwork/Cache/B8910B9F4350E208/02/04,/mnt/d/Music/iTunes/Album Artwork/Cache/B8910B9F4350E208/02,04,2026-07-04T17:18:59+00:00
/mnt/d/Music,iTunes/Album Artwork/Cache/B8910B9F4350E208/02/04/03,/mnt/d/Music/iTunes/Album Artwork/Cache/B8910B9F4350E208/02/04/03,/mnt/d/Music/iTunes/Album Artwork/Cache/B8910B9F4350E208/02/04,03,2026-07-04T17:18:59+00:00
/mnt/d/Music,iTunes/Album Artwork/Cache/B8910B9F4350E208/02/06,/mnt/d/Music/iTunes/Album Artwork/Cache/B8910B9F4350E208/02/06,/mnt/d/Music/iTunes/Album Artwork/Cache/B8910B9F4350E208/02,06,2026-07-04T17:18:59+00:00
/mnt/d/Music,iTunes/Album Artwork/Cache/B8910B9F4350E208/02/06/01,/mnt/d/Music/iTunes/Album Artwork/Cache/B8910B9F4350E208/02/06/01,/mnt/d/Music/iTunes/Album Artwork/Cache/B8910B9F4350E208/02/06,01,2026-07-04T17:18:59+00:00
/mnt/d/Music,iTunes/Album Artwork/Cache/B8910B9F4350E208/02/06/03,/mnt/d/Music/iTunes/Album Artwork/Cache/B8910B9F4350E208/02/06/03,/mnt/d/Music/iTunes/Album Artwork/Cache/B8910B9F4350E208/02/06,03,2026-07-04T17:18:59+00:00
/mnt/d/Music,iTunes/Album Artwork/Cache/B8910B9F4350E208/02/06/04,/mnt/d/Music/iTunes/Album Artwork/Cache/B8910B9F4350E208/02/06/04,/mnt/d/Music/iTunes/Album Artwork/Cache/B8910B9F4350E208/02/06,04,2026-07-04T17:18:59+00:00
/mnt/d/Music,iTunes/Album Artwork/Cache/B8910B9F4350E208/02/07,/mnt/d/Music/iTunes/Album Artwork/Cache/B8910B9F4350E208/02/07,/mnt/d/Music/iTunes/Album Artwork/Cache/B8910B9F4350E208/02,07,2026-07-04T17:18:59+00:00
/mnt/d/Music,iTunes/Album Artwork/Cache/B8910B9F4350E208/02/07/00,/mnt/d/Music/iTunes/Album Artwork/Cache/B8910B9F4350E208/02/07/00,/mnt/d/Music/iTunes/Album Artwork/Cache/B8910B9F4350E208/02/07,00,2026-07-04T17:18:59+00:00
/mnt/d/Music,iTunes/Album Artwork/Cache/B8910B9F4350E208/02/07/03,/mnt/d/Music/iTunes/Album Artwork/Cache/B8910B9F4350E208/02/07/03,/mnt/d/Music/iTunes/Album Artwork/Cache/B8910B9F4350E208/02/07,03,2026-07-04T17:18:59+00:00
/mnt/d/Music,iTunes/Album Artwork/Cache/B8910B9F4350E208/02/07/04,/mnt/d/Music/iTunes/Album Artwork/Cache/B8910B9F4350E208/02/07/04,/mnt/d/Music/iTunes/Album Artwork/Cache/B8910B9F4350E208/02/07,04,2026-07-04T17:18:58+00:00
/mnt/d/Music,iTunes/Album Artwork/Cache/B8910B9F4350E208/02/08,/mnt/d/Music/iTunes/Album Artwork/Cache/B8910B9F4350E208/02/08,/mnt/d/Music/iTunes/Album Artwork/Cache/B8910B9F4350E208/02,08,2026-07-04T17:18:58+00:00
/mnt/d/Music,iTunes/Album Artwork/Cache/B8910B9F4350E208/02/08/03,/mnt/d/Music/iTunes/Album Artwork/Cache/B8910B9F4350E208/02/08/03,/mnt/d/Music/iTunes/Album Artwork/Cache/B8910B9F4350E208/02/08,03,2026-07-04T17:18:58+00:00
/mnt/d/Music,iTunes/Album Artwork/Cache/B8910B9F4350E208/02/08/13,/mnt/d/Music/iTunes/Album Artwork/Cache/B8910B9F4350E208/02/08/13,/mnt/d/Music/iTunes/Album Artwork/Cache/B8910B9F4350E208/02/08,13,2026-07-04T17:18:58+00:00
/mnt/d/Music,iTunes/Album Artwork/Cache/B8910B9F4350E208/02/10,/mnt/d/Music/iTunes/Album Artwork/Cache/B8910B9F4350E208/02/10,/mnt/d/Music/iTunes/Album Artwork/Cache/B8910B9F4350E208/02,10,2026-07-04T17:18:58+00:00
/mnt/d/Music,iTunes/Album Artwork/Cache/B8910B9F4350E208/02/10/04,/mnt/d/Music/iTunes/Album Artwork/Cache/B8910B9F4350E208/02/10/04,/mnt/d/Music/iTunes/Album Artwork/Cache/B8910B9F4350E208/02/10,04,2026-07-04T17:18:58+00:00
/mnt/d/Music,iTunes/Album Artwork/Cache/B8910B9F4350E208/02/11,/mnt/d/Music/iTunes/Album Artwork/Cache/B8910B9F4350E208/02/11,/mnt/d/Music/iTunes/Album Artwork/Cache/B8910B9F4350E208/02,11,2026-07-04T17:18:58+00:00
/mnt/d/Music,iTunes/Album Artwork/Cache/B8910B9F4350E208/02/11/02,/mnt/d/Music/iTunes/Album Artwork/Cache/B8910B9F4350E208/02/11/02,/mnt/d/Music/iTunes/Album Artwork/Cache/B8910B9F4350E208/02/11,02,2026-07-04T17:18:58+00:00
/mnt/d/Music,iTunes/Album Artwork/Cache/B8910B9F4350E208/02/11/03,/mnt/d/Music/iTunes/Album Artwork/Cache/B8910B9F4350E208/02/11/03,/mnt/d/Music/iTunes/Album Artwork/Cache/B8910B9F4350E208/02/11,03,2026-07-04T17:18:58+00:00
/mnt/d/Music,iTunes/Album Artwork/Cache/B8910B9F4350E208/02/12,/mnt/d/Music/iTunes/Album Artwork/Cache/B8910B9F4350E208/02/12,/mnt/d/Music/iTunes/Album Artwork/Cache/B8910B9F4350E208/02,12,2026-07-04T17:18:58+00:00
/mnt/d/Music,iTunes/Album Artwork/Cache/B8910B9F4350E208/02/12/03,/mnt/d/Music/iTunes/Album Artwork/Cache/B8910B9F4350E208/02/12/03,/mnt/d/Music/iTunes/Album Artwork/Cache/B8910B9F4350E208/02/12,03,2026-07-04T17:18:58+00:00
/mnt/d/Music,iTunes/Album Artwork/Cache/B8910B9F4350E208/02/12/12,/mnt/d/Music/iTunes/Album Artwork/Cache/B8910B9F4350E208/02/12/12,/mnt/d/Music/iTunes/Album Artwork/Cache/B8910B9F4350E208/02/12,12,2026-07-04T17:18:58+00:00
/mnt/d/Music,iTunes/Album Artwork/Cache/B8910B9F4350E208/02/13,/mnt/d/Music/iTunes/Album Artwork/Cache/B8910B9F4350E208/02/13,/mnt/d/Music/iTunes/Album Artwork/Cache/B8910B9F4350E208/02,13,2026-07-04T17:18:58+00:00
/mnt/d/Music,iTunes/Album Artwork/Cache/B8910B9F4350E208/02/13/01,/mnt/d/Music/iTunes/Album Artwork/Cache/B8910B9F4350E208/02/13/01,/mnt/d/Music/iTunes/Album Artwork/Cache/B8910B9F4350E208/02/13,01,2026-07-04T17:18:58+00:00
/mnt/d/Music,iTunes/Album Artwork/Cache/B8910B9F4350E208/02/13/03,/mnt/d/Music/iTunes/Album Artwork/Cache/B8910B9F4350E208/02/13/03,/mnt/d/Music/iTunes/Album Artwork/Cache/B8910B9F4350E208/02/13,03,2026-07-04T17:18:58+00:00
/mnt/d/Music,iTunes/Album Artwork/Cache/B8910B9F4350E208/02/14,/mnt/d/Music/iTunes/Album Artwork/Cache/B8910B9F4350E208/02/14,/mnt/d/Music/iTunes/Album Artwork/Cache/B8910B9F4350E208/02,14,2026-07-04T17:18:58+00:00
/mnt/d/Music,iTunes/Album Artwork/Cache/B8910B9F4350E208/02/14/03,/mnt/d/Music/iTunes/Album Artwork/Cache/B8910B9F4350E208/02/14/03,/mnt/d/Music/iTunes/Album Artwork/Cache/B8910B9F4350E208/02/14,03,2026-07-04T17:18:58+00:00
/mnt/d/Music,iTunes/Album Artwork/Cache/B8910B9F4350E208/02/15,/mnt/d/Music/iTunes/Album Artwork/Cache/B8910B9F4350E208/02/15,/mnt/d/Music/iTunes/Album Artwork/Cache/B8910B9F4350E208/02,15,2026-07-04T17:18:58+00:00
/mnt/d/Music,iTunes/Album Artwork/Cache/B8910B9F4350E208/02/15/01,/mnt/d/Music/iTunes/Album Artwork/Cache/B8910B9F4350E208/02/15/01,/mnt/d/Music/iTunes/Album Artwork/Cache/B8910B9F4350E208/02/15,01,2026-07-04T17:18:58+00:00
/mnt/d/Music,iTunes/Album Artwork/Cache/B8910B9F4350E208/03,/mnt/d/Music/iTunes/Album Artwork/Cache/B8910B9F4350E208/03,/mnt/d/Music/iTunes/Album Artwork/Cache/B8910B9F4350E208,03,2026-07-04T17:18:58+00:00
/mnt/d/Music,iTunes/Album Artwork/Cache/B8910B9F4350E208/03/00,/mnt/d/Music/iTunes/Album Artwork/Cache/B8910B9F4350E208/03/00,/mnt/d/Music/iTunes/Album Artwork/Cache/B8910B9F4350E208/03,00,2026-07-04T17:18:58+00:00
/mnt/d/Music,iTunes/Album Artwork/Cache/B8910B9F4350E208/03/00/00,/mnt/d/Music/iTunes/Album Artwork/Cache/B8910B9F4350E208/03/00/00,/mnt/d/Music/iTunes/Album Artwork/Cache/B8910B9F4350E208/03/00,00,2026-07-04T17:18:58+00:00
/mnt/d/Music,iTunes/Album Artwork/Cache/B8910B9F4350E208/03/00/03,/mnt/d/Music/iTunes/Album Artwork/Cache/B8910B9F4350E208/03/00/03,/mnt/d/Music/iTunes/Album Artwork/Cache/B8910B9F4350E208/03/00,03,2026-07-04T17:18:58+00:00
/mnt/d/Music,iTunes/Album Artwork/Cache/B8910B9F4350E208/03/00/05,/mnt/d/Music/iTunes/Album Artwork/Cache/B8910B9F4350E208/03/00/05,/mnt/d/Music/iTunes/Album Artwork/Cache/B8910B9F4350E208/03/00,05,2026-07-04T17:18:58+00:00
/mnt/d/Music,iTunes/Album Artwork/Cache/B8910B9F4350E208/03/02,/mnt/d/Music/iTunes/Album Artwork/Cache/B8910B9F4350E208/03/02,/mnt/d/Music/iTunes/Album Artwork/Cache/B8910B9F4350E208/03,02,2026-07-04T17:18:58+00:00
/mnt/d/Music,iTunes/Album Artwork/Cache/B8910B9F4350E208/03/02/01,/mnt/d/Music/iTunes/Album Artwork/Cache/B8910B9F4350E208/03/02/01,/mnt/d/Music/iTunes/Album Artwork/Cache/B8910B9F4350E208/03/02,01,2026-07-04T17:18:58+00:00
/mnt/d/Music,iTunes/Album Artwork/Cache/B8910B9F4350E208/03/02/03,/mnt/d/Music/iTunes/Album Artwork/Cache/B8910B9F4350E208/03/02/03,/mnt/d/Music/iTunes/Album Artwork/Cache/B8910B9F4350E208/03/02,03,2026-07-04T17:18:58+00:00
/mnt/d/Music,iTunes/Album Artwork/Cache/B8910B9F4350E208/03/02/04,/mnt/d/Music/iTunes/Album Artwork/Cache/B8910B9F4350E208/03/02/04,/mnt/d/Music/iTunes/Album Artwork/Cache/B8910B9F4350E208/03/02,04,2026-07-04T17:18:58+00:00
/mnt/d/Music,iTunes/Album Artwork/Cache/B8910B9F4350E208/03/02/05,/mnt/d/Music/iTunes/Album Artwork/Cache/B8910B9F4350E208/03/02/05,/mnt/d/Music/iTunes/Album Artwork/Cache/B8910B9F4350E208/03/02,05,2026-07-04T17:18:58+00:00
/mnt/d/Music,iTunes/Album Artwork/Cache/B8910B9F4350E208/03/02/09,/mnt/d/Music/iTunes/Album Artwork/Cache/B8910B9F4350E208/03/02/09,/mnt/d/Music/iTunes/Album Artwork/Cache/B8910B9F4350E208/03/02,09,2026-07-04T17:18:58+00:00
/mnt/d/Music,iTunes/Album Artwork/Cache/B8910B9F4350E208/03/03,/mnt/d/Music/iTunes/Album Artwork/Cache/B8910B9F4350E208/03/03,/mnt/d/Music/iTunes/Album Artwork/Cache/B8910B9F4350E208/03,03,2026-07-04T17:18:58+00:00
/mnt/d/Music,iTunes/Album Artwork/Cache/B8910B9F4350E208/03/03/01,/mnt/d/Music/iTunes/Album Artwork/Cache/B8910B9F4350E208/03/03/01,/mnt/d/Music/iTunes/Album Artwork/Cache/B8910B9F4350E208/03/03,01,2026-07-04T17:18:58+00:00
/mnt/d/Music,iTunes/Album Artwork/Cache/B8910B9F4350E208/03/04,/mnt/d/Music/iTunes/Album Artwork/Cache/B8910B9F4350E208/03/04,/mnt/d/Music/iTunes/Album Artwork/Cache/B8910B9F4350E208/03,04,2026-07-04T17:18:58+00:00
/mnt/d/Music,iTunes/Album Artwork/Cache/B8910B9F4350E208/03/04/02,/mnt/d/Music/iTunes/Album Artwork/Cache/B8910B9F4350E208/03/04/02,/mnt/d/Music/iTunes/Album Artwork/Cache/B8910B9F4350E208/03/04,02,2026-07-04T17:18:58+00:00
/mnt/d/Music,iTunes/Album Artwork/Cache/B8910B9F4350E208/03/04/03,/mnt/d/Music/iTunes/Album Artwork/Cache/B8910B9F4350E208/03/04/03,/mnt/d/Music/iTunes/Album Artwork/Cache/B8910B9F4350E208/03/04,03,2026-07-04T17:18:58+00:00
/mnt/d/Music,iTunes/Album Artwork/Cache/B8910B9F4350E208/03/04/05,/mnt/d/Music/iTunes/Album Artwork/Cache/B8910B9F4350E208/03/04/05,/mnt/d/Music/iTunes/Album Artwork/Cache/B8910B9F4350E208/03/04,05,2026-07-04T17:18:58+00:00
/mnt/d/Music,iTunes/Album Artwork/Cache/B8910B9F4350E208/03/09,/mnt/d/Music/iTunes/Album Artwork/Cache/B8910B9F4350E208/03/09,/mnt/d/Music/iTunes/Album Artwork/Cache/B8910B9F4350E208/03,09,2026-07-04T17:18:58+00:00
/mnt/d/Music,iTunes/Album Artwork/Cache/B8910B9F4350E208/03/09/01,/mnt/d/Music/iTunes/Album Artwork/Cache/B8910B9F4350E208/03/09/01,/mnt/d/Music/iTunes/Album Artwork/Cache/B8910B9F4350E208/03/09,01,2026-07-04T17:18:58+00:00
/mnt/d/Music,iTunes/Album Artwork/Cache/B8910B9F4350E208/03/09/11,/mnt/d/Music/iTunes/Album Artwork/Cache/B8910B9F4350E208/03/09/11,/mnt/d/Music/iTunes/Album Artwork/Cache/B8910B9F4350E208/03/09,11,2026-07-04T17:18:58+00:00
/mnt/d/Music,iTunes/Album Artwork/Cache/B8910B9F4350E208/03/10,/mnt/d/Music/iTunes/Album Artwork/Cache/B8910B9F4350E208/03/10,/mnt/d/Music/iTunes/Album Artwork/Cache/B8910B9F4350E208/03,10,2026-07-04T17:18:58+00:00
/mnt/d/Music,iTunes/Album Artwork/Cache/B8910B9F4350E208/03/10/05,/mnt/d/Music/iTunes/Album Artwork/Cache/B8910B9F4350E208/03/10/05,/mnt/d/Music/iTunes/Album Artwork/Cache/B8910B9F4350E208/03/10,05,2026-07-04T17:18:58+00:00
/mnt/d/Music,iTunes/Album Artwork/Cache/B8910B9F4350E208/03/10/07,/mnt/d/Music/iTunes/Album Artwork/Cache/B8910B9F4350E208/03/10/07,/mnt/d/Music/iTunes/Album Artwork/Cache/B8910B9F4350E208/03/10,07,2026-07-04T17:18:58+00:00
/mnt/d/Music,iTunes/Album Artwork/Cache/B8910B9F4350E208/03/11,/mnt/d/Music/iTunes/Album Artwork/Cache/B8910B9F4350E208/03/11,/mnt/d/Music/iTunes/Album Artwork/Cache/B8910B9F4350E208/03,11,2026-07-04T17:18:58+00:00
/mnt/d/Music,iTunes/Album Artwork/Cache/B8910B9F4350E208/03/11/04,/mnt/d/Music/iTunes/Album Artwork/Cache/B8910B9F4350E208/03/11/04,/mnt/d/Music/iTunes/Album Artwork/Cache/B8910B9F4350E208/03/11,04,2026-07-04T17:18:58+00:00
/mnt/d/Music,iTunes/Album Artwork/Cache/B8910B9F4350E208/03/12,/mnt/d/Music/iTunes/Album Artwork/Cache/B8910B9F4350E208/03/12,/mnt/d/Music/iTunes/Album Artwork/Cache/B8910B9F4350E208/03,12,2026-07-04T17:18:58+00:00
/mnt/d/Music,iTunes/Album Artwork/Cache/B8910B9F4350E208/03/12/04,/mnt/d/Music/iTunes/Album Artwork/Cache/B8910B9F4350E208/03/12/04,/mnt/d/Music/iTunes/Album Artwork/Cache/B8910B9F4350E208/03/12,04,2026-07-04T17:18:58+00:00
/mnt/d/Music,iTunes/Album Artwork/Cache/B8910B9F4350E208/03/12/12,/mnt/d/Music/iTunes/Album Artwork/Cache/B8910B9F4350E208/03/12/12,/mnt/d/Music/iTunes/Album Artwork/Cache/B8910B9F4350E208/03/12,12,2026-07-04T17:18:58+00:00
/mnt/d/Music,iTunes/Album Artwork/Cache/B8910B9F4350E208/03/13,/mnt/d/Music/iTunes/Album Artwork/Cache/B8910B9F4350E208/03/13,/mnt/d/Music/iTunes/Album Artwork/Cache/B8910B9F4350E208/03,13,2026-07-04T17:18:58+00:00
/mnt/d/Music,iTunes/Album Artwork/Cache/B8910B9F4350E208/03/13/03,/mnt/d/Music/iTunes/Album Artwork/Cache/B8910B9F4350E208/03/13/03,/mnt/d/Music/iTunes/Album Artwork/Cache/B8910B9F4350E208/03/13,03,2026-07-04T17:18:58+00:00
/mnt/d/Music,iTunes/Album Artwork/Cache/B8910B9F4350E208/03/13/05,/mnt/d/Music/iTunes/Album Artwork/Cache/B8910B9F4350E208/03/13/05,/mnt/d/Music/iTunes/Album Artwork/Cache/B8910B9F4350E208/03/13,05,2026-07-04T17:18:58+00:00
/mnt/d/Music,iTunes/Album Artwork/Cache/B8910B9F4350E208/03/14,/mnt/d/Music/iTunes/Album Artwork/Cache/B8910B9F4350E208/03/14,/mnt/d/Music/iTunes/Album Artwork/Cache/B8910B9F4350E208/03,14,2026-07-04T17:18:58+00:00
/mnt/d/Music,iTunes/Album Artwork/Cache/B8910B9F4350E208/03/14/04,/mnt/d/Music/iTunes/Album Artwork/Cache/B8910B9F4350E208/03/14/04,/mnt/d/Music/iTunes/Album Artwork/Cache/B8910B9F4350E208/03/14,04,2026-07-04T17:18:58+00:00
/mnt/d/Music,iTunes/Album Artwork/Cache/B8910B9F4350E208/03/14/08,/mnt/d/Music/iTunes/Album Artwork/Cache/B8910B9F4350E208/03/14/08,/mnt/d/Music/iTunes/Album Artwork/Cache/B8910B9F4350E208/03/14,08,2026-07-04T17:18:58+00:00
/mnt/d/Music,iTunes/Album Artwork/Cache/B8910B9F4350E208/04,/mnt/d/Music/iTunes/Album Artwork/Cache/B8910B9F4350E208/04,/mnt/d/Music/iTunes/Album Artwork/Cache/B8910B9F4350E208,04,2026-07-04T17:18:58+00:00
/mnt/d/Music,iTunes/Album Artwork/Cache/B8910B9F4350E208/04/00,/mnt/d/Music/iTunes/Album Artwork/Cache/B8910B9F4350E208/04/00,/mnt/d/Music/iTunes/Album Artwork/Cache/B8910B9F4350E208/04,00,2026-07-04T17:18:58+00:00
/mnt/d/Music,iTunes/Album Artwork/Cache/B8910B9F4350E208/04/00/03,/mnt/d/Music/iTunes/Album Artwork/Cache/B8910B9F4350E208/04/00/03,/mnt/d/Music/iTunes/Album Artwork/Cache/B8910B9F4350E208/04/00,03,2026-07-04T17:18:58+00:00
/mnt/d/Music,iTunes/Album Artwork/Cache/B8910B9F4350E208/04/00/13,/mnt/d/Music/iTunes/Album Artwork/Cache/B8910B9F4350E208/04/00/13,/mnt/d/Music/iTunes/Album Artwork/Cache/B8910B9F4350E208/04/00,13,2026-07-04T17:18:58+00:00
/mnt/d/Music,iTunes/Album Artwork/Cache/B8910B9F4350E208/04/01,/mnt/d/Music/iTunes/Album Artwork/Cache/B8910B9F4350E208/04/01,/mnt/d/Music/iTunes/Album Artwork/Cache/B8910B9F4350E208/04,01,2026-07-04T17:18:58+00:00
/mnt/d/Music,iTunes/Album Artwork/Cache/B8910B9F4350E208/04/01/04,/mnt/d/Music/iTunes/Album Artwork/Cache/B8910B9F4350E208/04/01/04,/mnt/d/Music/iTunes/Album Artwork/Cache/B8910B9F4350E208/04/01,04,2026-07-04T17:18:58+00:00
/mnt/d/Music,iTunes/Album Artwork/Cache/B8910B9F4350E208/04/01/15,/mnt/d/Music/iTunes/Album Artwork/Cache/B8910B9F4350E208/04/01/15,/mnt/d/Music/iTunes/Album Artwork/Cache/B8910B9F4350E208/04/01,15,2026-07-04T17:18:58+00:00
/mnt/d/Music,iTunes/Album Artwork/Cache/B8910B9F4350E208/04/02,/mnt/d/Music/iTunes/Album Artwork/Cache/B8910B9F4350E208/04/02,/mnt/d/Music/iTunes/Album Artwork/Cache/B8910B9F4350E208/04,02,2026-07-04T17:18:58+00:00
/mnt/d/Music,iTunes/Album Artwork/Cache/B8910B9F4350E208/04/02/04,/mnt/d/Music/iTunes/Album Artwork/Cache/B8910B9F4350E208/04/02/04,/mnt/d/Music/iTunes/Album Artwork/Cache/B8910B9F4350E208/04/02,04,2026-07-04T17:18:58+00:00
/mnt/d/Music,iTunes/Album Artwork/Cache/B8910B9F4350E208/04/02/05,/mnt/d/Music/iTunes/Album Artwork/Cache/B8910B9F4350E208/04/02/05,/mnt/d/Music/iTunes/Album Artwork/Cache/B8910B9F4350E208/04/02,05,2026-07-04T17:18:58+00:00
/mnt/d/Music,iTunes/Album Artwork/Cache/B8910B9F4350E208/04/02/12,/mnt/d/Music/iTunes/Album Artwork/Cache/B8910B9F4350E208/04/02/12,/mnt/d/Music/iTunes/Album Artwork/Cache/B8910B9F4350E208/04/02,12,2026-07-04T17:18:58+00:00
/mnt/d/Music,iTunes/Album Artwork/Cache/B8910B9F4350E208/04/03,/mnt/d/Music/iTunes/Album Artwork/Cache/B8910B9F4350E208/04/03,/mnt/d/Music/iTunes/Album Artwork/Cache/B8910B9F4350E208/04,03,2026-07-04T17:18:58+00:00
/mnt/d/Music,iTunes/Album Artwork/Cache/B8910B9F4350E208/04/03/01,/mnt/d/Music/iTunes/Album Artwork/Cache/B8910B9F4350E208/04/03/01,/mnt/d/Music/iTunes/Album Artwork/Cache/B8910B9F4350E208/04/03,01,2026-07-04T17:18:58+00:00
/mnt/d/Music,iTunes/Album Artwork/Cache/B8910B9F4350E208/04/03/12,/mnt/d/Music/iTunes/Album Artwork/Cache/B8910B9F4350E208/04/03/12,/mnt/d/Music/iTunes/Album Artwork/Cache/B8910B9F4350E208/04/03,12,2026-07-04T17:18:58+00:00
/mnt/d/Music,iTunes/Album Artwork/Cache/B8910B9F4350E208/04/04,/mnt/d/Music/iTunes/Album Artwork/Cache/B8910B9F4350E208/04/04,/mnt/d/Music/iTunes/Album Artwork/Cache/B8910B9F4350E208/04,04,2026-07-04T17:18:58+00:00
/mnt/d/Music,iTunes/Album Artwork/Cache/B8910B9F4350E208/04/04/04,/mnt/d/Music/iTunes/Album Artwork/Cache/B8910B9F4350E208/04/04/04,/mnt/d/Music/iTunes/Album Artwork/Cache/B8910B9F4350E208/04/04,04,2026-07-04T17:18:58+00:00
/mnt/d/Music,iTunes/Album Artwork/Cache/B8910B9F4350E208/04/04/14,/mnt/d/Music/iTunes/Album Artwork/Cache/B8910B9F4350E208/04/04/14,/mnt/d/Music/iTunes/Album Artwork/Cache/B8910B9F4350E208/04/04,14,2026-07-04T17:18:58+00:00
/mnt/d/Music,iTunes/Album Artwork/Cache/B8910B9F4350E208/04/06,/mnt/d/Music/iTunes/Album Artwork/Cache/B8910B9F4350E208/04/06,/mnt/d/Music/iTunes/Album Artwork/Cache/B8910B9F4350E208/04,06,2026-07-04T17:18:58+00:00
/mnt/d/Music,iTunes/Album Artwork/Cache/B8910B9F4350E208/04/06/15,/mnt/d/Music/iTunes/Album Artwork/Cache/B8910B9F4350E208/04/06/15,/mnt/d/Music/iTunes/Album Artwork/Cache/B8910B9F4350E208/04/06,15,2026-07-04T17:18:58+00:00
/mnt/d/Music,iTunes/Album Artwork/Cache/B8910B9F4350E208/04/07,/mnt/d/Music/iTunes/Album Artwork/Cache/B8910B9F4350E208/04/07,/mnt/d/Music/iTunes/Album Artwork/Cache/B8910B9F4350E208/04,07,2026-07-04T17:18:58+00:00
/mnt/d/Music,iTunes/Album Artwork/Cache/B8910B9F4350E208/04/07/09,/mnt/d/Music/iTunes/Album Artwork/Cache/B8910B9F4350E208/04/07/09,/mnt/d/Music/iTunes/Album Artwork/Cache/B8910B9F4350E208/04/07,09,2026-07-04T17:18:58+00:00
/mnt/d/Music,iTunes/Album Artwork/Cache/B8910B9F4350E208/04/08,/mnt/d/Music/iTunes/Album Artwork/Cache/B8910B9F4350E208/04/08,/mnt/d/Music/iTunes/Album Artwork/Cache/B8910B9F4350E208/04,08,2026-07-04T17:18:58+00:00
/mnt/d/Music,iTunes/Album Artwork/Cache/B8910B9F4350E208/04/08/04,/mnt/d/Music/iTunes/Album Artwork/Cache/B8910B9F4350E208/04/08/04,/mnt/d/Music/iTunes/Album Artwork/Cache/B8910B9F4350E208/04/08,04,2026-07-04T17:18:58+00:00
/mnt/d/Music,iTunes/Album Artwork/Cache/B8910B9F4350E208/04/09,/mnt/d/Music/iTunes/Album Artwork/Cache/B8910B9F4350E208/04/09,/mnt/d/Music/iTunes/Album Artwork/Cache/B8910B9F4350E208/04,09,2026-07-04T17:18:58+00:00
/mnt/d/Music,iTunes/Album Artwork/Cache/B8910B9F4350E208/04/09/03,/mnt/d/Music/iTunes/Album Artwork/Cache/B8910B9F4350E208/04/09/03,/mnt/d/Music/iTunes/Album Artwork/Cache/B8910B9F4350E208/04/09,03,2026-07-04T17:18:58+00:00
/mnt/d/Music,iTunes/Album Artwork/Cache/B8910B9F4350E208/04/09/04,/mnt/d/Music/iTunes/Album Artwork/Cache/B8910B9F4350E208/04/09/04,/mnt/d/Music/iTunes/Album Artwork/Cache/B8910B9F4350E208/04/09,04,2026-07-04T17:18:58+00:00
/mnt/d/Music,iTunes/Album Artwork/Cache/B8910B9F4350E208/04/09/05,/mnt/d/Music/iTunes/Album Artwork/Cache/B8910B9F4350E208/04/09/05,/mnt/d/Music/iTunes/Album Artwork/Cache/B8910B9F4350E208/04/09,05,2026-07-04T17:18:58+00:00
/mnt/d/Music,iTunes/Album Artwork/Cache/B8910B9F4350E208/04/09/06,/mnt/d/Music/iTunes/Album Artwork/Cache/B8910B9F4350E208/04/09/06,/mnt/d/Music/iTunes/Album Artwork/Cache/B8910B9F4350E208/04/09,06,2026-07-04T17:18:58+00:00
/mnt/d/Music,iTunes/Album Artwork/Cache/B8910B9F4350E208/04/10,/mnt/d/Music/iTunes/Album Artwork/Cache/B8910B9F4350E208/04/10,/mnt/d/Music/iTunes/Album Artwork/Cache/B8910B9F4350E208/04,10,2026-07-04T17:18:58+00:00
/mnt/d/Music,iTunes/Album Artwork/Cache/B8910B9F4350E208/04/10/00,/mnt/d/Music/iTunes/Album Artwork/Cache/B8910B9F4350E208/04/10/00,/mnt/d/Music/iTunes/Album Artwork/Cache/B8910B9F4350E208/04/10,00,2026-07-04T17:18:58+00:00
/mnt/d/Music,iTunes/Album Artwork/Cache/B8910B9F4350E208/04/10/14,/mnt/d/Music/iTunes/Album Artwork/Cache/B8910B9F4350E208/04/10/14,/mnt/d/Music/iTunes/Album Artwork/Cache/B8910B9F4350E208/04/10,14,2026-07-04T17:18:58+00:00
/mnt/d/Music,iTunes/Album Artwork/Cache/B8910B9F4350E208/04/11,/mnt/d/Music/iTunes/Album Artwork/Cache/B8910B9F4350E208/04/11,/mnt/d/Music/iTunes/Album Artwork/Cache/B8910B9F4350E208/04,11,2026-07-04T17:18:57+00:00
/mnt/d/Music,iTunes/Album Artwork/Cache/B8910B9F4350E208/04/11/04,/mnt/d/Music/iTunes/Album Artwork/Cache/B8910B9F4350E208/04/11/04,/mnt/d/Music/iTunes/Album Artwork/Cache/B8910B9F4350E208/04/11,04,2026-07-04T17:18:57+00:00
/mnt/d/Music,iTunes/Album Artwork/Cache/B8910B9F4350E208/04/12,/mnt/d/Music/iTunes/Album Artwork/Cache/B8910B9F4350E208/04/12,/mnt/d/Music/iTunes/Album Artwork/Cache/B8910B9F4350E208/04,12,2026-07-04T17:18:57+00:00
/mnt/d/Music,iTunes/Album Artwork/Cache/B8910B9F4350E208/04/12/03,/mnt/d/Music/iTunes/Album Artwork/Cache/B8910B9F4350E208/04/12/03,/mnt/d/Music/iTunes/Album Artwork/Cache/B8910B9F4350E208/04/12,03,2026-07-04T17:18:57+00:00
/mnt/d/Music,iTunes/Album Artwork/Cache/B8910B9F4350E208/04/13,/mnt/d/Music/iTunes/Album Artwork/Cache/B8910B9F4350E208/04/13,/mnt/d/Music/iTunes/Album Artwork/Cache/B8910B9F4350E208/04,13,2026-07-04T17:18:57+00:00
/mnt/d/Music,iTunes/Album Artwork/Cache/B8910B9F4350E208/04/13/04,/mnt/d/Music/iTunes/Album Artwork/Cache/B8910B9F4350E208/04/13/04,/mnt/d/Music/iTunes/Album Artwork/Cache/B8910B9F4350E208/04/13,04,2026-07-04T17:18:57+00:00
/mnt/d/Music,iTunes/Album Artwork/Cache/B8910B9F4350E208/04/13/10,/mnt/d/Music/iTunes/Album Artwork/Cache/B8910B9F4350E208/04/13/10,/mnt/d/Music/iTunes/Album Artwork/Cache/B8910B9F4350E208/04/13,10,2026-07-04T17:18:57+00:00
/mnt/d/Music,iTunes/Album Artwork/Cache/B8910B9F4350E208/04/15,/mnt/d/Music/iTunes/Album Artwork/Cache/B8910B9F4350E208/04/15,/mnt/d/Music/iTunes/Album Artwork/Cache/B8910B9F4350E208/04,15,2026-07-04T17:18:57+00:00
/mnt/d/Music,iTunes/Album Artwork/Cache/B8910B9F4350E208/04/15/03,/mnt/d/Music/iTunes/Album Artwork/Cache/B8910B9F4350E208/04/15/03,/mnt/d/Music/iTunes/Album Artwork/Cache/B8910B9F4350E208/04/15,03,2026-07-04T17:18:57+00:00
/mnt/d/Music,iTunes/Album Artwork/Cache/B8910B9F4350E208/04/15/04,/mnt/d/Music/iTunes/Album Artwork/Cache/B8910B9F4350E208/04/15/04,/mnt/d/Music/iTunes/Album Artwork/Cache/B8910B9F4350E208/04/15,04,2026-07-04T17:18:57+00:00
/mnt/d/Music,iTunes/Album Artwork/Cache/B8910B9F4350E208/04/15/12,/mnt/d/Music/iTunes/Album Artwork/Cache/B8910B9F4350E208/04/15/12,/mnt/d/Music/iTunes/Album Artwork/Cache/B8910B9F4350E208/04/15,12,2026-07-04T17:18:57+00:00
/mnt/d/Music,iTunes/Album Artwork/Cache/B8910B9F4350E208/05,/mnt/d/Music/iTunes/Album Artwork/Cache/B8910B9F4350E208/05,/mnt/d/Music/iTunes/Album Artwork/Cache/B8910B9F4350E208,05,2026-07-04T17:18:57+00:00
/mnt/d/Music,iTunes/Album Artwork/Cache/B8910B9F4350E208/05/01,/mnt/d/Music/iTunes/Album Artwork/Cache/B8910B9F4350E208/05/01,/mnt/d/Music/iTunes/Album Artwork/Cache/B8910B9F4350E208/05,01,2026-07-04T17:18:57+00:00
/mnt/d/Music,iTunes/Album Artwork/Cache/B8910B9F4350E208/05/01/01,/mnt/d/Music/iTunes/Album Artwork/Cache/B8910B9F4350E208/05/01/01,/mnt/d/Music/iTunes/Album Artwork/Cache/B8910B9F4350E208/05/01,01,2026-07-04T17:18:57+00:00
/mnt/d/Music,iTunes/Album Artwork/Cache/B8910B9F4350E208/05/01/02,/mnt/d/Music/iTunes/Album Artwork/Cache/B8910B9F4350E208/05/01/02,/mnt/d/Music/iTunes/Album Artwork/Cache/B8910B9F4350E208/05/01,02,2026-07-04T17:18:57+00:00
/mnt/d/Music,iTunes/Album Artwork/Cache/B8910B9F4350E208/05/01/05,/mnt/d/Music/iTunes/Album Artwork/Cache/B8910B9F4350E208/05/01/05,/mnt/d/Music/iTunes/Album Artwork/Cache/B8910B9F4350E208/05/01,05,2026-07-04T17:18:57+00:00
/mnt/d/Music,iTunes/Album Artwork/Cache/B8910B9F4350E208/05/02,/mnt/d/Music/iTunes/Album Artwork/Cache/B8910B9F4350E208/05/02,/mnt/d/Music/iTunes/Album Artwork/Cache/B8910B9F4350E208/05,02,2026-07-04T17:18:57+00:00
/mnt/d/Music,iTunes/Album Artwork/Cache/B8910B9F4350E208/05/02/02,/mnt/d/Music/iTunes/Album Artwork/Cache/B8910B9F4350E208/05/02/02,/mnt/d/Music/iTunes/Album Artwork/Cache/B8910B9F4350E208/05/02,02,2026-07-04T17:18:57+00:00
/mnt/d/Music,iTunes/Album Artwork/Cache/B8910B9F4350E208/05/03,/mnt/d/Music/iTunes/Album Artwork/Cache/B8910B9F4350E208/05/03,/mnt/d/Music/iTunes/Album Artwork/Cache/B8910B9F4350E208/05,03,2026-07-04T17:18:57+00:00
/mnt/d/Music,iTunes/Album Artwork/Cache/B8910B9F4350E208/05/03/03,/mnt/d/Music/iTunes/Album Artwork/Cache/B8910B9F4350E208/05/03/03,/mnt/d/Music/iTunes/Album Artwork/Cache/B8910B9F4350E208/05/03,03,2026-07-04T17:18:57+00:00
/mnt/d/Music,iTunes/Album Artwork/Cache/B8910B9F4350E208/05/04,/mnt/d/Music/iTunes/Album Artwork/Cache/B8910B9F4350E208/05/04,/mnt/d/Music/iTunes/Album Artwork/Cache/B8910B9F4350E208/05,04,2026-07-04T17:18:57+00:00
/mnt/d/Music,iTunes/Album Artwork/Cache/B8910B9F4350E208/05/04/03,/mnt/d/Music/iTunes/Album Artwork/Cache/B8910B9F4350E208/05/04/03,/mnt/d/Music/iTunes/Album Artwork/Cache/B8910B9F4350E208/05/04,03,2026-07-04T17:18:57+00:00
/mnt/d/Music,iTunes/Album Artwork/Cache/B8910B9F4350E208/05/05,/mnt/d/Music/iTunes/Album Artwork/Cache/B8910B9F4350E208/05/05,/mnt/d/Music/iTunes/Album Artwork/Cache/B8910B9F4350E208/05,05,2026-07-04T17:18:57+00:00
/mnt/d/Music,iTunes/Album Artwork/Cache/B8910B9F4350E208/05/05/04,/mnt/d/Music/iTunes/Album Artwork/Cache/B8910B9F4350E208/05/05/04,/mnt/d/Music/iTunes/Album Artwork/Cache/B8910B9F4350E208/05/05,04,2026-07-04T17:18:57+00:00
/mnt/d/Music,iTunes/Album Artwork/Cache/B8910B9F4350E208/05/05/09,/mnt/d/Music/iTunes/Album Artwork/Cache/B8910B9F4350E208/05/05/09,/mnt/d/Music/iTunes/Album Artwork/Cache/B8910B9F4350E208/05/05,09,2026-07-04T17:18:57+00:00
/mnt/d/Music,iTunes/Album Artwork/Cache/B8910B9F4350E208/05/05/13,/mnt/d/Music/iTunes/Album Artwork/Cache/B8910B9F4350E208/05/05/13,/mnt/d/Music/iTunes/Album Artwork/Cache/B8910B9F4350E208/05/05,13,2026-07-04T17:18:57+00:00
/mnt/d/Music,iTunes/Album Artwork/Cache/B8910B9F4350E208/05/06,/mnt/d/Music/iTunes/Album Artwork/Cache/B8910B9F4350E208/05/06,/mnt/d/Music/iTunes/Album Artwork/Cache/B8910B9F4350E208/05,06,2026-07-04T17:18:57+00:00
/mnt/d/Music,iTunes/Album Artwork/Cache/B8910B9F4350E208/05/06/04,/mnt/d/Music/iTunes/Album Artwork/Cache/B8910B9F4350E208/05/06/04,/mnt/d/Music/iTunes/Album Artwork/Cache/B8910B9F4350E208/05/06,04,2026-07-04T17:18:57+00:00
/mnt/d/Music,iTunes/Album Artwork/Cache/B8910B9F4350E208/05/08,/mnt/d/Music/iTunes/Album Artwork/Cache/B8910B9F4350E208/05/08,/mnt/d/Music/iTunes/Album Artwork/Cache/B8910B9F4350E208/05,08,2026-07-04T17:18:57+00:00
/mnt/d/Music,iTunes/Album Artwork/Cache/B8910B9F4350E208/05/08/03,/mnt/d/Music/iTunes/Album Artwork/Cache/B8910B9F4350E208/05/08/03,/mnt/d/Music/iTunes/Album Artwork/Cache/B8910B9F4350E208/05/08,03,2026-07-04T17:18:57+00:00
/mnt/d/Music,iTunes/Album Artwork/Cache/B8910B9F4350E208/05/08/13,/mnt/d/Music/iTunes/Album Artwork/Cache/B8910B9F4350E208/05/08/13,/mnt/d/Music/iTunes/Album Artwork/Cache/B8910B9F4350E208/05/08,13,2026-07-04T17:18:57+00:00
/mnt/d/Music,iTunes/Album Artwork/Cache/B8910B9F4350E208/05/09,/mnt/d/Music/iTunes/Album Artwork/Cache/B8910B9F4350E208/05/09,/mnt/d/Music/iTunes/Album Artwork/Cache/B8910B9F4350E208/05,09,2026-07-04T17:18:57+00:00
/mnt/d/Music,iTunes/Album Artwork/Cache/B8910B9F4350E208/05/09/00,/mnt/d/Music/iTunes/Album Artwork/Cache/B8910B9F4350E208/05/09/00,/mnt/d/Music/iTunes/Album Artwork/Cache/B8910B9F4350E208/05/09,00,2026-07-04T17:18:57+00:00
/mnt/d/Music,iTunes/Album Artwork/Cache/B8910B9F4350E208/05/09/10,/mnt/d/Music/iTunes/Album Artwork/Cache/B8910B9F4350E208/05/09/10,/mnt/d/Music/iTunes/Album Artwork/Cache/B8910B9F4350E208/05/09,10,2026-07-04T17:18:57+00:00
/mnt/d/Music,iTunes/Album Artwork/Cache/B8910B9F4350E208/05/10,/mnt/d/Music/iTunes/Album Artwork/Cache/B8910B9F4350E208/05/10,/mnt/d/Music/iTunes/Album Artwork/Cache/B8910B9F4350E208/05,10,2026-07-04T17:18:57+00:00
/mnt/d/Music,iTunes/Album Artwork/Cache/B8910B9F4350E208/05/10/04,/mnt/d/Music/iTunes/Album Artwork/Cache/B8910B9F4350E208/05/10/04,/mnt/d/Music/iTunes/Album Artwork/Cache/B8910B9F4350E208/05/10,04,2026-07-04T17:18:57+00:00
/mnt/d/Music,iTunes/Album Artwork/Cache/B8910B9F4350E208/05/11,/mnt/d/Music/iTunes/Album Artwork/Cache/B8910B9F4350E208/05/11,/mnt/d/Music/iTunes/Album Artwork/Cache/B8910B9F4350E208/05,11,2026-07-04T17:18:57+00:00
/mnt/d/Music,iTunes/Album Artwork/Cache/B8910B9F4350E208/05/11/01,/mnt/d/Music/iTunes/Album Artwork/Cache/B8910B9F4350E208/05/11/01,/mnt/d/Music/iTunes/Album Artwork/Cache/B8910B9F4350E208/05/11,01,2026-07-04T17:18:57+00:00
/mnt/d/Music,iTunes/Album Artwork/Cache/B8910B9F4350E208/05/11/03,/mnt/d/Music/iTunes/Album Artwork/Cache/B8910B9F4350E208/05/11/03,/mnt/d/Music/iTunes/Album Artwork/Cache/B8910B9F4350E208/05/11,03,2026-07-04T17:18:57+00:00
/mnt/d/Music,iTunes/Album Artwork/Cache/B8910B9F4350E208/05/12,/mnt/d/Music/iTunes/Album Artwork/Cache/B8910B9F4350E208/05/12,/mnt/d/Music/iTunes/Album Artwork/Cache/B8910B9F4350E208/05,12,2026-07-04T17:18:57+00:00
/mnt/d/Music,iTunes/Album Artwork/Cache/B8910B9F4350E208/05/12/08,/mnt/d/Music/iTunes/Album Artwork/Cache/B8910B9F4350E208/05/12/08,/mnt/d/Music/iTunes/Album Artwork/Cache/B8910B9F4350E208/05/12,08,2026-07-04T17:18:57+00:00
/mnt/d/Music,iTunes/Album Artwork/Cache/B8910B9F4350E208/05/14,/mnt/d/Music/iTunes/Album Artwork/Cache/B8910B9F4350E208/05/14,/mnt/d/Music/iTunes/Album Artwork/Cache/B8910B9F4350E208/05,14,2026-07-04T17:18:57+00:00
/mnt/d/Music,iTunes/Album Artwork/Cache/B8910B9F4350E208/05/14/00,/mnt/d/Music/iTunes/Album Artwork/Cache/B8910B9F4350E208/05/14/00,/mnt/d/Music/iTunes/Album Artwork/Cache/B8910B9F4350E208/05/14,00,2026-07-04T17:18:57+00:00
/mnt/d/Music,iTunes/Album Artwork/Cache/B8910B9F4350E208/05/14/03,/mnt/d/Music/iTunes/Album Artwork/Cache/B8910B9F4350E208/05/14/03,/mnt/d/Music/iTunes/Album Artwork/Cache/B8910B9F4350E208/05/14,03,2026-07-04T17:18:57+00:00
/mnt/d/Music,iTunes/Album Artwork/Cache/B8910B9F4350E208/05/15,/mnt/d/Music/iTunes/Album Artwork/Cache/B8910B9F4350E208/05/15,/mnt/d/Music/iTunes/Album Artwork/Cache/B8910B9F4350E208/05,15,2026-07-04T17:18:57+00:00
/mnt/d/Music,iTunes/Album Artwork/Cache/B8910B9F4350E208/05/15/08,/mnt/d/Music/iTunes/Album Artwork/Cache/B8910B9F4350E208/05/15/08,/mnt/d/Music/iTunes/Album Artwork/Cache/B8910B9F4350E208/05/15,08,2026-07-04T17:18:57+00:00
/mnt/d/Music,iTunes/Album Artwork/Cache/B8910B9F4350E208/05/15/15,/mnt/d/Music/iTunes/Album Artwork/Cache/B8910B9F4350E208/05/15/15,/mnt/d/Music/iTunes/Album Artwork/Cache/B8910B9F4350E208/05/15,15,2026-07-04T17:18:57+00:00
/mnt/d/Music,iTunes/Album Artwork/Cache/B8910B9F4350E208/06,/mnt/d/Music/iTunes/Album Artwork/Cache/B8910B9F4350E208/06,/mnt/d/Music/iTunes/Album Artwork/Cache/B8910B9F4350E208,06,2026-07-04T17:18:57+00:00
/mnt/d/Music,iTunes/Album Artwork/Cache/B8910B9F4350E208/06/00,/mnt/d/Music/iTunes/Album Artwork/Cache/B8910B9F4350E208/06/00,/mnt/d/Music/iTunes/Album Artwork/Cache/B8910B9F4350E208/06,00,2026-07-04T17:18:57+00:00
/mnt/d/Music,iTunes/Album Artwork/Cache/B8910B9F4350E208/06/00/05,/mnt/d/Music/iTunes/Album Artwork/Cache/B8910B9F4350E208/06/00/05,/mnt/d/Music/iTunes/Album Artwork/Cache/B8910B9F4350E208/06/00,05,2026-07-04T17:18:57+00:00
/mnt/d/Music,iTunes/Album Artwork/Cache/B8910B9F4350E208/06/02,/mnt/d/Music/iTunes/Album Artwork/Cache/B8910B9F4350E208/06/02,/mnt/d/Music/iTunes/Album Artwork/Cache/B8910B9F4350E208/06,02,2026-07-04T17:18:57+00:00
/mnt/d/Music,iTunes/Album Artwork/Cache/B8910B9F4350E208/06/02/04,/mnt/d/Music/iTunes/Album Artwork/Cache/B8910B9F4350E208/06/02/04,/mnt/d/Music/iTunes/Album Artwork/Cache/B8910B9F4350E208/06/02,04,2026-07-04T17:18:57+00:00
/mnt/d/Music,iTunes/Album Artwork/Cache/B8910B9F4350E208/06/02/05,/mnt/d/Music/iTunes/Album Artwork/Cache/B8910B9F4350E208/06/02/05,/mnt/d/Music/iTunes/Album Artwork/Cache/B8910B9F4350E208/06/02,05,2026-07-04T17:18:57+00:00
/mnt/d/Music,iTunes/Album Artwork/Cache/B8910B9F4350E208/06/05,/mnt/d/Music/iTunes/Album Artwork/Cache/B8910B9F4350E208/06/05,/mnt/d/Music/iTunes/Album Artwork/Cache/B8910B9F4350E208/06,05,2026-07-04T17:18:57+00:00
/mnt/d/Music,iTunes/Album Artwork/Cache/B8910B9F4350E208/06/05/03,/mnt/d/Music/iTunes/Album Artwork/Cache/B8910B9F4350E208/06/05/03,/mnt/d/Music/iTunes/Album Artwork/Cache/B8910B9F4350E208/06/05,03,2026-07-04T17:18:57+00:00
/mnt/d/Music,iTunes/Album Artwork/Cache/B8910B9F4350E208/06/05/10,/mnt/d/Music/iTunes/Album Artwork/Cache/B8910B9F4350E208/06/05/10,/mnt/d/Music/iTunes/Album Artwork/Cache/B8910B9F4350E208/06/05,10,2026-07-04T17:18:57+00:00
/mnt/d/Music,iTunes/Album Artwork/Cache/B8910B9F4350E208/06/06,/mnt/d/Music/iTunes/Album Artwork/Cache/B8910B9F4350E208/06/06,/mnt/d/Music/iTunes/Album Artwork/Cache/B8910B9F4350E208/06,06,2026-07-04T17:18:57+00:00
/mnt/d/Music,iTunes/Album Artwork/Cache/B8910B9F4350E208/06/06/01,/mnt/d/Music/iTunes/Album Artwork/Cache/B8910B9F4350E208/06/06/01,/mnt/d/Music/iTunes/Album Artwork/Cache/B8910B9F4350E208/06/06,01,2026-07-04T17:18:57+00:00
/mnt/d/Music,iTunes/Album Artwork/Cache/B8910B9F4350E208/06/06/03,/mnt/d/Music/iTunes/Album Artwork/Cache/B8910B9F4350E208/06/06/03,/mnt/d/Music/iTunes/Album Artwork/Cache/B8910B9F4350E208/06/06,03,2026-07-04T17:18:57+00:00
/mnt/d/Music,iTunes/Album Artwork/Cache/B8910B9F4350E208/06/07,/mnt/d/Music/iTunes/Album Artwork/Cache/B8910B9F4350E208/06/07,/mnt/d/Music/iTunes/Album Artwork/Cache/B8910B9F4350E208/06,07,2026-07-04T17:18:57+00:00
/mnt/d/Music,iTunes/Album Artwork/Cache/B8910B9F4350E208/06/07/04,/mnt/d/Music/iTunes/Album Artwork/Cache/B8910B9F4350E208/06/07/04,/mnt/d/Music/iTunes/Album Artwork/Cache/B8910B9F4350E208/06/07,04,2026-07-04T17:18:57+00:00
/mnt/d/Music,iTunes/Album Artwork/Cache/B8910B9F4350E208/06/07/10,/mnt/d/Music/iTunes/Album Artwork/Cache/B8910B9F4350E208/06/07/10,/mnt/d/Music/iTunes/Album Artwork/Cache/B8910B9F4350E208/06/07,10,2026-07-04T17:18:57+00:00
/mnt/d/Music,iTunes/Album Artwork/Cache/B8910B9F4350E208/06/07/12,/mnt/d/Music/iTunes/Album Artwork/Cache/B8910B9F4350E208/06/07/12,/mnt/d/Music/iTunes/Album Artwork/Cache/B8910B9F4350E208/06/07,12,2026-07-04T17:18:57+00:00
/mnt/d/Music,iTunes/Album Artwork/Cache/B8910B9F4350E208/06/07/13,/mnt/d/Music/iTunes/Album Artwork/Cache/B8910B9F4350E208/06/07/13,/mnt/d/Music/iTunes/Album Artwork/Cache/B8910B9F4350E208/06/07,13,2026-07-04T17:18:57+00:00
/mnt/d/Music,iTunes/Album Artwork/Cache/B8910B9F4350E208/06/08,/mnt/d/Music/iTunes/Album Artwork/Cache/B8910B9F4350E208/06/08,/mnt/d/Music/iTunes/Album Artwork/Cache/B8910B9F4350E208/06,08,2026-07-04T17:18:57+00:00
/mnt/d/Music,iTunes/Album Artwork/Cache/B8910B9F4350E208/06/08/04,/mnt/d/Music/iTunes/Album Artwork/Cache/B8910B9F4350E208/06/08/04,/mnt/d/Music/iTunes/Album Artwork/Cache/B8910B9F4350E208/06/08,04,2026-07-04T17:18:57+00:00
/mnt/d/Music,iTunes/Album Artwork/Cache/B8910B9F4350E208/06/08/10,/mnt/d/Music/iTunes/Album Artwork/Cache/B8910B9F4350E208/06/08/10,/mnt/d/Music/iTunes/Album Artwork/Cache/B8910B9F4350E208/06/08,10,2026-07-04T17:18:57+00:00
/mnt/d/Music,iTunes/Album Artwork/Cache/B8910B9F4350E208/06/09,/mnt/d/Music/iTunes/Album Artwork/Cache/B8910B9F4350E208/06/09,/mnt/d/Music/iTunes/Album Artwork/Cache/B8910B9F4350E208/06,09,2026-07-04T17:18:57+00:00
/mnt/d/Music,iTunes/Album Artwork/Cache/B8910B9F4350E208/06/09/01,/mnt/d/Music/iTunes/Album Artwork/Cache/B8910B9F4350E208/06/09/01,/mnt/d/Music/iTunes/Album Artwork/Cache/B8910B9F4350E208/06/09,01,2026-07-04T17:18:57+00:00
/mnt/d/Music,iTunes/Album Artwork/Cache/B8910B9F4350E208/06/09/09,/mnt/d/Music/iTunes/Album Artwork/Cache/B8910B9F4350E208/06/09/09,/mnt/d/Music/iTunes/Album Artwork/Cache/B8910B9F4350E208/06/09,09,2026-07-04T17:18:57+00:00
/mnt/d/Music,iTunes/Album Artwork/Cache/B8910B9F4350E208/06/10,/mnt/d/Music/iTunes/Album Artwork/Cache/B8910B9F4350E208/06/10,/mnt/d/Music/iTunes/Album Artwork/Cache/B8910B9F4350E208/06,10,2026-07-04T17:18:57+00:00
/mnt/d/Music,iTunes/Album Artwork/Cache/B8910B9F4350E208/06/10/03,/mnt/d/Music/iTunes/Album Artwork/Cache/B8910B9F4350E208/06/10/03,/mnt/d/Music/iTunes/Album Artwork/Cache/B8910B9F4350E208/06/10,03,2026-07-04T17:18:57+00:00
/mnt/d/Music,iTunes/Album Artwork/Cache/B8910B9F4350E208/06/12,/mnt/d/Music/iTunes/Album Artwork/Cache/B8910B9F4350E208/06/12,/mnt/d/Music/iTunes/Album Artwork/Cache/B8910B9F4350E208/06,12,2026-07-04T17:18:57+00:00
/mnt/d/Music,iTunes/Album Artwork/Cache/B8910B9F4350E208/06/12/04,/mnt/d/Music/iTunes/Album Artwork/Cache/B8910B9F4350E208/06/12/04,/mnt/d/Music/iTunes/Album Artwork/Cache/B8910B9F4350E208/06/12,04,2026-07-04T17:18:57+00:00
/mnt/d/Music,iTunes/Album Artwork/Cache/B8910B9F4350E208/06/13,/mnt/d/Music/iTunes/Album Artwork/Cache/B8910B9F4350E208/06/13,/mnt/d/Music/iTunes/Album Artwork/Cache/B8910B9F4350E208/06,13,2026-07-04T17:18:57+00:00
/mnt/d/Music,iTunes/Album Artwork/Cache/B8910B9F4350E208/06/13/09,/mnt/d/Music/iTunes/Album Artwork/Cache/B8910B9F4350E208/06/13/09,/mnt/d/Music/iTunes/Album Artwork/Cache/B8910B9F4350E208/06/13,09,2026-07-04T17:18:57+00:00
/mnt/d/Music,iTunes/Album Artwork/Cache/B8910B9F4350E208/06/13/10,/mnt/d/Music/iTunes/Album Artwork/Cache/B8910B9F4350E208/06/13/10,/mnt/d/Music/iTunes/Album Artwork/Cache/B8910B9F4350E208/06/13,10,2026-07-04T17:18:57+00:00
/mnt/d/Music,iTunes/Album Artwork/Cache/B8910B9F4350E208/06/14,/mnt/d/Music/iTunes/Album Artwork/Cache/B8910B9F4350E208/06/14,/mnt/d/Music/iTunes/Album Artwork/Cache/B8910B9F4350E208/06,14,2026-07-04T17:18:57+00:00
/mnt/d/Music,iTunes/Album Artwork/Cache/B8910B9F4350E208/06/14/04,/mnt/d/Music/iTunes/Album Artwork/Cache/B8910B9F4350E208/06/14/04,/mnt/d/Music/iTunes/Album Artwork/Cache/B8910B9F4350E208/06/14,04,2026-07-04T17:18:57+00:00
/mnt/d/Music,iTunes/Album Artwork/Cache/B8910B9F4350E208/06/14/05,/mnt/d/Music/iTunes/Album Artwork/Cache/B8910B9F4350E208/06/14/05,/mnt/d/Music/iTunes/Album Artwork/Cache/B8910B9F4350E208/06/14,05,2026-07-04T17:18:57+00:00
/mnt/d/Music,iTunes/Album Artwork/Cache/B8910B9F4350E208/06/15,/mnt/d/Music/iTunes/Album Artwork/Cache/B8910B9F4350E208/06/15,/mnt/d/Music/iTunes/Album Artwork/Cache/B8910B9F4350E208/06,15,2026-07-04T17:18:56+00:00
/mnt/d/Music,iTunes/Album Artwork/Cache/B8910B9F4350E208/06/15/05,/mnt/d/Music/iTunes/Album Artwork/Cache/B8910B9F4350E208/06/15/05,/mnt/d/Music/iTunes/Album Artwork/Cache/B8910B9F4350E208/06/15,05,2026-07-04T17:18:56+00:00
/mnt/d/Music,iTunes/Album Artwork/Cache/B8910B9F4350E208/07,/mnt/d/Music/iTunes/Album Artwork/Cache/B8910B9F4350E208/07,/mnt/d/Music/iTunes/Album Artwork/Cache/B8910B9F4350E208,07,2026-07-04T17:18:56+00:00
/mnt/d/Music,iTunes/Album Artwork/Cache/B8910B9F4350E208/07/00,/mnt/d/Music/iTunes/Album Artwork/Cache/B8910B9F4350E208/07/00,/mnt/d/Music/iTunes/Album Artwork/Cache/B8910B9F4350E208/07,00,2026-07-04T17:18:56+00:00
/mnt/d/Music,iTunes/Album Artwork/Cache/B8910B9F4350E208/07/00/03,/mnt/d/Music/iTunes/Album Artwork/Cache/B8910B9F4350E208/07/00/03,/mnt/d/Music/iTunes/Album Artwork/Cache/B8910B9F4350E208/07/00,03,2026-07-04T17:18:56+00:00
/mnt/d/Music,iTunes/Album Artwork/Cache/B8910B9F4350E208/07/01,/mnt/d/Music/iTunes/Album Artwork/Cache/B8910B9F4350E208/07/01,/mnt/d/Music/iTunes/Album Artwork/Cache/B8910B9F4350E208/07,01,2026-07-04T17:18:56+00:00
/mnt/d/Music,iTunes/Album Artwork/Cache/B8910B9F4350E208/07/01/04,/mnt/d/Music/iTunes/Album Artwork/Cache/B8910B9F4350E208/07/01/04,/mnt/d/Music/iTunes/Album Artwork/Cache/B8910B9F4350E208/07/01,04,2026-07-04T17:18:56+00:00
/mnt/d/Music,iTunes/Album Artwork/Cache/B8910B9F4350E208/07/03,/mnt/d/Music/iTunes/Album Artwork/Cache/B8910B9F4350E208/07/03,/mnt/d/Music/iTunes/Album Artwork/Cache/B8910B9F4350E208/07,03,2026-07-04T17:18:56+00:00
/mnt/d/Music,iTunes/Album Artwork/Cache/B8910B9F4350E208/07/03/01,/mnt/d/Music/iTunes/Album Artwork/Cache/B8910B9F4350E208/07/03/01,/mnt/d/Music/iTunes/Album Artwork/Cache/B8910B9F4350E208/07/03,01,2026-07-04T17:18:56+00:00
/mnt/d/Music,iTunes/Album Artwork/Cache/B8910B9F4350E208/07/04,/mnt/d/Music/iTunes/Album Artwork/Cache/B8910B9F4350E208/07/04,/mnt/d/Music/iTunes/Album Artwork/Cache/B8910B9F4350E208/07,04,2026-07-04T17:18:56+00:00
/mnt/d/Music,iTunes/Album Artwork/Cache/B8910B9F4350E208/07/04/04,/mnt/d/Music/iTunes/Album Artwork/Cache/B8910B9F4350E208/07/04/04,/mnt/d/Music/iTunes/Album Artwork/Cache/B8910B9F4350E208/07/04,04,2026-07-04T17:18:56+00:00
/mnt/d/Music,iTunes/Album Artwork/Cache/B8910B9F4350E208/07/04/08,/mnt/d/Music/iTunes/Album Artwork/Cache/B8910B9F4350E208/07/04/08,/mnt/d/Music/iTunes/Album Artwork/Cache/B8910B9F4350E208/07/04,08,2026-07-04T17:18:56+00:00
/mnt/d/Music,iTunes/Album Artwork/Cache/B8910B9F4350E208/07/05,/mnt/d/Music/iTunes/Album Artwork/Cache/B8910B9F4350E208/07/05,/mnt/d/Music/iTunes/Album Artwork/Cache/B8910B9F4350E208/07,05,2026-07-04T17:18:56+00:00
/mnt/d/Music,iTunes/Album Artwork/Cache/B8910B9F4350E208/07/05/04,/mnt/d/Music/iTunes/Album Artwork/Cache/B8910B9F4350E208/07/05/04,/mnt/d/Music/iTunes/Album Artwork/Cache/B8910B9F4350E208/07/05,04,2026-07-04T17:18:56+00:00
/mnt/d/Music,iTunes/Album Artwork/Cache/B8910B9F4350E208/07/05/15,/mnt/d/Music/iTunes/Album Artwork/Cache/B8910B9F4350E208/07/05/15,/mnt/d/Music/iTunes/Album Artwork/Cache/B8910B9F4350E208/07/05,15,2026-07-04T17:18:56+00:00
/mnt/d/Music,iTunes/Album Artwork/Cache/B8910B9F4350E208/07/06,/mnt/d/Music/iTunes/Album Artwork/Cache/B8910B9F4350E208/07/06,/mnt/d/Music/iTunes/Album Artwork/Cache/B8910B9F4350E208/07,06,2026-07-04T17:18:56+00:00
/mnt/d/Music,iTunes/Album Artwork/Cache/B8910B9F4350E208/07/06/00,/mnt/d/Music/iTunes/Album Artwork/Cache/B8910B9F4350E208/07/06/00,/mnt/d/Music/iTunes/Album Artwork/Cache/B8910B9F4350E208/07/06,00,2026-07-04T17:18:56+00:00
/mnt/d/Music,iTunes/Album Artwork/Cache/B8910B9F4350E208/07/06/01,/mnt/d/Music/iTunes/Album Artwork/Cache/B8910B9F4350E208/07/06/01,/mnt/d/Music/iTunes/Album Artwork/Cache/B8910B9F4350E208/07/06,01,2026-07-04T17:18:56+00:00
/mnt/d/Music,iTunes/Album Artwork/Cache/B8910B9F4350E208/07/06/03,/mnt/d/Music/iTunes/Album Artwork/Cache/B8910B9F4350E208/07/06/03,/mnt/d/Music/iTunes/Album Artwork/Cache/B8910B9F4350E208/07/06,03,2026-07-04T17:18:56+00:00
/mnt/d/Music,iTunes/Album Artwork/Cache/B8910B9F4350E208/07/07,/mnt/d/Music/iTunes/Album Artwork/Cache/B8910B9F4350E208/07/07,/mnt/d/Music/iTunes/Album Artwork/Cache/B8910B9F4350E208/07,07,2026-07-04T17:18:56+00:00
/mnt/d/Music,iTunes/Album Artwork/Cache/B8910B9F4350E208/07/07/03,/mnt/d/Music/iTunes/Album Artwork/Cache/B8910B9F4350E208/07/07/03,/mnt/d/Music/iTunes/Album Artwork/Cache/B8910B9F4350E208/07/07,03,2026-07-04T17:18:56+00:00
/mnt/d/Music,iTunes/Album Artwork/Cache/B8910B9F4350E208/07/07/12,/mnt/d/Music/iTunes/Album Artwork/Cache/B8910B9F4350E208/07/07/12,/mnt/d/Music/iTunes/Album Artwork/Cache/B8910B9F4350E208/07/07,12,2026-07-04T17:18:56+00:00
/mnt/d/Music,iTunes/Album Artwork/Cache/B8910B9F4350E208/07/09,/mnt/d/Music/iTunes/Album Artwork/Cache/B8910B9F4350E208/07/09,/mnt/d/Music/iTunes/Album Artwork/Cache/B8910B9F4350E208/07,09,2026-07-04T17:18:56+00:00
/mnt/d/Music,iTunes/Album Artwork/Cache/B8910B9F4350E208/07/09/03,/mnt/d/Music/iTunes/Album Artwork/Cache/B8910B9F4350E208/07/09/03,/mnt/d/Music/iTunes/Album Artwork/Cache/B8910B9F4350E208/07/09,03,2026-07-04T17:18:56+00:00
/mnt/d/Music,iTunes/Album Artwork/Cache/B8910B9F4350E208/07/09/04,/mnt/d/Music/iTunes/Album Artwork/Cache/B8910B9F4350E208/07/09/04,/mnt/d/Music/iTunes/Album Artwork/Cache/B8910B9F4350E208/07/09,04,2026-07-04T17:18:56+00:00
/mnt/d/Music,iTunes/Album Artwork/Cache/B8910B9F4350E208/07/10,/mnt/d/Music/iTunes/Album Artwork/Cache/B8910B9F4350E208/07/10,/mnt/d/Music/iTunes/Album Artwork/Cache/B8910B9F4350E208/07,10,2026-07-04T17:18:56+00:00
/mnt/d/Music,iTunes/Album Artwork/Cache/B8910B9F4350E208/07/10/00,/mnt/d/Music/iTunes/Album Artwork/Cache/B8910B9F4350E208/07/10/00,/mnt/d/Music/iTunes/Album Artwork/Cache/B8910B9F4350E208/07/10,00,2026-07-04T17:18:56+00:00
/mnt/d/Music,iTunes/Album Artwork/Cache/B8910B9F4350E208/07/11,/mnt/d/Music/iTunes/Album Artwork/Cache/B8910B9F4350E208/07/11,/mnt/d/Music/iTunes/Album Artwork/Cache/B8910B9F4350E208/07,11,2026-07-04T17:18:56+00:00
/mnt/d/Music,iTunes/Album Artwork/Cache/B8910B9F4350E208/07/11/04,/mnt/d/Music/iTunes/Album Artwork/Cache/B8910B9F4350E208/07/11/04,/mnt/d/Music/iTunes/Album Artwork/Cache/B8910B9F4350E208/07/11,04,2026-07-04T17:18:56+00:00
/mnt/d/Music,iTunes/Album Artwork/Cache/B8910B9F4350E208/07/11/06,/mnt/d/Music/iTunes/Album Artwork/Cache/B8910B9F4350E208/07/11/06,/mnt/d/Music/iTunes/Album Artwork/Cache/B8910B9F4350E208/07/11,06,2026-07-04T17:18:56+00:00
/mnt/d/Music,iTunes/Album Artwork/Cache/B8910B9F4350E208/07/12,/mnt/d/Music/iTunes/Album Artwork/Cache/B8910B9F4350E208/07/12,/mnt/d/Music/iTunes/Album Artwork/Cache/B8910B9F4350E208/07,12,2026-07-04T17:18:56+00:00
/mnt/d/Music,iTunes/Album Artwork/Cache/B8910B9F4350E208/07/12/02,/mnt/d/Music/iTunes/Album Artwork/Cache/B8910B9F4350E208/07/12/02,/mnt/d/Music/iTunes/Album Artwork/Cache/B8910B9F4350E208/07/12,02,2026-07-04T17:18:56+00:00
/mnt/d/Music,iTunes/Album Artwork/Cache/B8910B9F4350E208/07/12/03,/mnt/d/Music/iTunes/Album Artwork/Cache/B8910B9F4350E208/07/12/03,/mnt/d/Music/iTunes/Album Artwork/Cache/B8910B9F4350E208/07/12,03,2026-07-04T17:18:56+00:00
/mnt/d/Music,iTunes/Album Artwork/Cache/B8910B9F4350E208/07/13,/mnt/d/Music/iTunes/Album Artwork/Cache/B8910B9F4350E208/07/13,/mnt/d/Music/iTunes/Album Artwork/Cache/B8910B9F4350E208/07,13,2026-07-04T17:18:56+00:00
/mnt/d/Music,iTunes/Album Artwork/Cache/B8910B9F4350E208/07/13/04,/mnt/d/Music/iTunes/Album Artwork/Cache/B8910B9F4350E208/07/13/04,/mnt/d/Music/iTunes/Album Artwork/Cache/B8910B9F4350E208/07/13,04,2026-07-04T17:18:56+00:00
/mnt/d/Music,iTunes/Album Artwork/Cache/B8910B9F4350E208/07/14,/mnt/d/Music/iTunes/Album Artwork/Cache/B8910B9F4350E208/07/14,/mnt/d/Music/iTunes/Album Artwork/Cache/B8910B9F4350E208/07,14,2026-07-04T17:18:56+00:00
/mnt/d/Music,iTunes/Album Artwork/Cache/B8910B9F4350E208/07/14/01,/mnt/d/Music/iTunes/Album Artwork/Cache/B8910B9F4350E208/07/14/01,/mnt/d/Music/iTunes/Album Artwork/Cache/B8910B9F4350E208/07/14,01,2026-07-04T17:18:56+00:00
/mnt/d/Music,iTunes/Album Artwork/Cache/B8910B9F4350E208/07/15,/mnt/d/Music/iTunes/Album Artwork/Cache/B8910B9F4350E208/07/15,/mnt/d/Music/iTunes/Album Artwork/Cache/B8910B9F4350E208/07,15,2026-07-04T17:18:56+00:00
/mnt/d/Music,iTunes/Album Artwork/Cache/B8910B9F4350E208/07/15/03,/mnt/d/Music/iTunes/Album Artwork/Cache/B8910B9F4350E208/07/15/03,/mnt/d/Music/iTunes/Album Artwork/Cache/B8910B9F4350E208/07/15,03,2026-07-04T17:18:56+00:00
/mnt/d/Music,iTunes/Album Artwork/Cache/B8910B9F4350E208/07/15/04,/mnt/d/Music/iTunes/Album Artwork/Cache/B8910B9F4350E208/07/15/04,/mnt/d/Music/iTunes/Album Artwork/Cache/B8910B9F4350E208/07/15,04,2026-07-04T17:18:56+00:00
/mnt/d/Music,iTunes/Album Artwork/Cache/B8910B9F4350E208/07/15/05,/mnt/d/Music/iTunes/Album Artwork/Cache/B8910B9F4350E208/07/15/05,/mnt/d/Music/iTunes/Album Artwork/Cache/B8910B9F4350E208/07/15,05,2026-07-04T17:18:56+00:00
/mnt/d/Music,iTunes/Album Artwork/Cache/B8910B9F4350E208/07/15/13,/mnt/d/Music/iTunes/Album Artwork/Cache/B8910B9F4350E208/07/15/13,/mnt/d/Music/iTunes/Album Artwork/Cache/B8910B9F4350E208/07/15,13,2026-07-04T17:18:56+00:00
/mnt/d/Music,iTunes/Album Artwork/Cache/B8910B9F4350E208/08,/mnt/d/Music/iTunes/Album Artwork/Cache/B8910B9F4350E208/08,/mnt/d/Music/iTunes/Album Artwork/Cache/B8910B9F4350E208,08,2026-07-04T17:18:56+00:00
/mnt/d/Music,iTunes/Album Artwork/Cache/B8910B9F4350E208/08/00,/mnt/d/Music/iTunes/Album Artwork/Cache/B8910B9F4350E208/08/00,/mnt/d/Music/iTunes/Album Artwork/Cache/B8910B9F4350E208/08,00,2026-07-04T17:18:56+00:00
/mnt/d/Music,iTunes/Album Artwork/Cache/B8910B9F4350E208/08/00/02,/mnt/d/Music/iTunes/Album Artwork/Cache/B8910B9F4350E208/08/00/02,/mnt/d/Music/iTunes/Album Artwork/Cache/B8910B9F4350E208/08/00,02,2026-07-04T17:18:56+00:00
/mnt/d/Music,iTunes/Album Artwork/Cache/B8910B9F4350E208/08/00/04,/mnt/d/Music/iTunes/Album Artwork/Cache/B8910B9F4350E208/08/00/04,/mnt/d/Music/iTunes/Album Artwork/Cache/B8910B9F4350E208/08/00,04,2026-07-04T17:18:56+00:00
/mnt/d/Music,iTunes/Album Artwork/Cache/B8910B9F4350E208/08/00/09,/mnt/d/Music/iTunes/Album Artwork/Cache/B8910B9F4350E208/08/00/09,/mnt/d/Music/iTunes/Album Artwork/Cache/B8910B9F4350E208/08/00,09,2026-07-04T17:18:56+00:00
/mnt/d/Music,iTunes/Album Artwork/Cache/B8910B9F4350E208/08/00/12,/mnt/d/Music/iTunes/Album Artwork/Cache/B8910B9F4350E208/08/00/12,/mnt/d/Music/iTunes/Album Artwork/Cache/B8910B9F4350E208/08/00,12,2026-07-04T17:18:56+00:00
/mnt/d/Music,iTunes/Album Artwork/Cache/B8910B9F4350E208/08/01,/mnt/d/Music/iTunes/Album Artwork/Cache/B8910B9F4350E208/08/01,/mnt/d/Music/iTunes/Album Artwork/Cache/B8910B9F4350E208/08,01,2026-07-04T17:18:56+00:00
/mnt/d/Music,iTunes/Album Artwork/Cache/B8910B9F4350E208/08/01/01,/mnt/d/Music/iTunes/Album Artwork/Cache/B8910B9F4350E208/08/01/01,/mnt/d/Music/iTunes/Album Artwork/Cache/B8910B9F4350E208/08/01,01,2026-07-04T17:18:56+00:00
/mnt/d/Music,iTunes/Album Artwork/Cache/B8910B9F4350E208/08/01/12,/mnt/d/Music/iTunes/Album Artwork/Cache/B8910B9F4350E208/08/01/12,/mnt/d/Music/iTunes/Album Artwork/Cache/B8910B9F4350E208/08/01,12,2026-07-04T17:18:56+00:00
/mnt/d/Music,iTunes/Album Artwork/Cache/B8910B9F4350E208/08/01/15,/mnt/d/Music/iTunes/Album Artwork/Cache/B8910B9F4350E208/08/01/15,/mnt/d/Music/iTunes/Album Artwork/Cache/B8910B9F4350E208/08/01,15,2026-07-04T17:18:56+00:00
/mnt/d/Music,iTunes/Album Artwork/Cache/B8910B9F4350E208/08/02,/mnt/d/Music/iTunes/Album Artwork/Cache/B8910B9F4350E208/08/02,/mnt/d/Music/iTunes/Album Artwork/Cache/B8910B9F4350E208/08,02,2026-07-04T17:18:56+00:00
/mnt/d/Music,iTunes/Album Artwork/Cache/B8910B9F4350E208/08/02/00,/mnt/d/Music/iTunes/Album Artwork/Cache/B8910B9F4350E208/08/02/00,/mnt/d/Music/iTunes/Album Artwork/Cache/B8910B9F4350E208/08/02,00,2026-07-04T17:18:56+00:00
/mnt/d/Music,iTunes/Album Artwork/Cache/B8910B9F4350E208/08/02/01,/mnt/d/Music/iTunes/Album Artwork/Cache/B8910B9F4350E208/08/02/01,/mnt/d/Music/iTunes/Album Artwork/Cache/B8910B9F4350E208/08/02,01,2026-07-04T17:18:56+00:00
/mnt/d/Music,iTunes/Album Artwork/Cache/B8910B9F4350E208/08/02/03,/mnt/d/Music/iTunes/Album Artwork/Cache/B8910B9F4350E208/08/02/03,/mnt/d/Music/iTunes/Album Artwork/Cache/B8910B9F4350E208/08/02,03,2026-07-04T17:18:56+00:00
/mnt/d/Music,iTunes/Album Artwork/Cache/B8910B9F4350E208/08/02/15,/mnt/d/Music/iTunes/Album Artwork/Cache/B8910B9F4350E208/08/02/15,/mnt/d/Music/iTunes/Album Artwork/Cache/B8910B9F4350E208/08/02,15,2026-07-04T17:18:56+00:00
/mnt/d/Music,iTunes/Album Artwork/Cache/B8910B9F4350E208/08/03,/mnt/d/Music/iTunes/Album Artwork/Cache/B8910B9F4350E208/08/03,/mnt/d/Music/iTunes/Album Artwork/Cache/B8910B9F4350E208/08,03,2026-07-04T17:18:56+00:00
/mnt/d/Music,iTunes/Album Artwork/Cache/B8910B9F4350E208/08/03/04,/mnt/d/Music/iTunes/Album Artwork/Cache/B8910B9F4350E208/08/03/04,/mnt/d/Music/iTunes/Album Artwork/Cache/B8910B9F4350E208/08/03,04,2026-07-04T17:18:56+00:00
/mnt/d/Music,iTunes/Album Artwork/Cache/B8910B9F4350E208/08/03/05,/mnt/d/Music/iTunes/Album Artwork/Cache/B8910B9F4350E208/08/03/05,/mnt/d/Music/iTunes/Album Artwork/Cache/B8910B9F4350E208/08/03,05,2026-07-04T17:18:56+00:00
/mnt/d/Music,iTunes/Album Artwork/Cache/B8910B9F4350E208/08/04,/mnt/d/Music/iTunes/Album Artwork/Cache/B8910B9F4350E208/08/04,/mnt/d/Music/iTunes/Album Artwork/Cache/B8910B9F4350E208/08,04,2026-07-04T17:18:56+00:00
/mnt/d/Music,iTunes/Album Artwork/Cache/B8910B9F4350E208/08/04/03,/mnt/d/Music/iTunes/Album Artwork/Cache/B8910B9F4350E208/08/04/03,/mnt/d/Music/iTunes/Album Artwork/Cache/B8910B9F4350E208/08/04,03,2026-07-04T17:18:56+00:00
/mnt/d/Music,iTunes/Album Artwork/Cache/B8910B9F4350E208/08/04/04,/mnt/d/Music/iTunes/Album Artwork/Cache/B8910B9F4350E208/08/04/04,/mnt/d/Music/iTunes/Album Artwork/Cache/B8910B9F4350E208/08/04,04,2026-07-04T17:18:56+00:00
/mnt/d/Music,iTunes/Album Artwork/Cache/B8910B9F4350E208/08/04/06,/mnt/d/Music/iTunes/Album Artwork/Cache/B8910B9F4350E208/08/04/06,/mnt/d/Music/iTunes/Album Artwork/Cache/B8910B9F4350E208/08/04,06,2026-07-04T17:18:56+00:00
/mnt/d/Music,iTunes/Album Artwork/Cache/B8910B9F4350E208/08/05,/mnt/d/Music/iTunes/Album Artwork/Cache/B8910B9F4350E208/08/05,/mnt/d/Music/iTunes/Album Artwork/Cache/B8910B9F4350E208/08,05,2026-07-04T17:18:56+00:00
/mnt/d/Music,iTunes/Album Artwork/Cache/B8910B9F4350E208/08/05/09,/mnt/d/Music/iTunes/Album Artwork/Cache/B8910B9F4350E208/08/05/09,/mnt/d/Music/iTunes/Album Artwork/Cache/B8910B9F4350E208/08/05,09,2026-07-04T17:18:56+00:00
/mnt/d/Music,iTunes/Album Artwork/Cache/B8910B9F4350E208/08/06,/mnt/d/Music/iTunes/Album Artwork/Cache/B8910B9F4350E208/08/06,/mnt/d/Music/iTunes/Album Artwork/Cache/B8910B9F4350E208/08,06,2026-07-04T17:18:56+00:00
/mnt/d/Music,iTunes/Album Artwork/Cache/B8910B9F4350E208/08/06/04,/mnt/d/Music/iTunes/Album Artwork/Cache/B8910B9F4350E208/08/06/04,/mnt/d/Music/iTunes/Album Artwork/Cache/B8910B9F4350E208/08/06,04,2026-07-04T17:18:56+00:00
/mnt/d/Music,iTunes/Album Artwork/Cache/B8910B9F4350E208/08/08,/mnt/d/Music/iTunes/Album Artwork/Cache/B8910B9F4350E208/08/08,/mnt/d/Music/iTunes/Album Artwork/Cache/B8910B9F4350E208/08,08,2026-07-04T17:18:56+00:00
/mnt/d/Music,iTunes/Album Artwork/Cache/B8910B9F4350E208/08/08/03,/mnt/d/Music/iTunes/Album Artwork/Cache/B8910B9F4350E208/08/08/03,/mnt/d/Music/iTunes/Album Artwork/Cache/B8910B9F4350E208/08/08,03,2026-07-04T17:18:56+00:00
/mnt/d/Music,iTunes/Album Artwork/Cache/B8910B9F4350E208/08/08/14,/mnt/d/Music/iTunes/Album Artwork/Cache/B8910B9F4350E208/08/08/14,/mnt/d/Music/iTunes/Album Artwork/Cache/B8910B9F4350E208/08/08,14,2026-07-04T17:18:56+00:00
/mnt/d/Music,iTunes/Album Artwork/Cache/B8910B9F4350E208/08/09,/mnt/d/Music/iTunes/Album Artwork/Cache/B8910B9F4350E208/08/09,/mnt/d/Music/iTunes/Album Artwork/Cache/B8910B9F4350E208/08,09,2026-07-04T17:18:56+00:00
/mnt/d/Music,iTunes/Album Artwork/Cache/B8910B9F4350E208/08/09/00,/mnt/d/Music/iTunes/Album Artwork/Cache/B8910B9F4350E208/08/09/00,/mnt/d/Music/iTunes/Album Artwork/Cache/B8910B9F4350E208/08/09,00,2026-07-04T17:18:56+00:00
/mnt/d/Music,iTunes/Album Artwork/Cache/B8910B9F4350E208/08/09/01,/mnt/d/Music/iTunes/Album Artwork/Cache/B8910B9F4350E208/08/09/01,/mnt/d/Music/iTunes/Album Artwork/Cache/B8910B9F4350E208/08/09,01,2026-07-04T17:18:56+00:00
/mnt/d/Music,iTunes/Album Artwork/Cache/B8910B9F4350E208/08/09/07,/mnt/d/Music/iTunes/Album Artwork/Cache/B8910B9F4350E208/08/09/07,/mnt/d/Music/iTunes/Album Artwork/Cache/B8910B9F4350E208/08/09,07,2026-07-04T17:18:56+00:00
/mnt/d/Music,iTunes/Album Artwork/Cache/B8910B9F4350E208/08/10,/mnt/d/Music/iTunes/Album Artwork/Cache/B8910B9F4350E208/08/10,/mnt/d/Music/iTunes/Album Artwork/Cache/B8910B9F4350E208/08,10,2026-07-04T17:18:56+00:00
/mnt/d/Music,iTunes/Album Artwork/Cache/B8910B9F4350E208/08/10/04,/mnt/d/Music/iTunes/Album Artwork/Cache/B8910B9F4350E208/08/10/04,/mnt/d/Music/iTunes/Album Artwork/Cache/B8910B9F4350E208/08/10,04,2026-07-04T17:18:56+00:00
/mnt/d/Music,iTunes/Album Artwork/Cache/B8910B9F4350E208/08/11,/mnt/d/Music/iTunes/Album Artwork/Cache/B8910B9F4350E208/08/11,/mnt/d/Music/iTunes/Album Artwork/Cache/B8910B9F4350E208/08,11,2026-07-04T17:18:55+00:00
/mnt/d/Music,iTunes/Album Artwork/Cache/B8910B9F4350E208/08/11/03,/mnt/d/Music/iTunes/Album Artwork/Cache/B8910B9F4350E208/08/11/03,/mnt/d/Music/iTunes/Album Artwork/Cache/B8910B9F4350E208/08/11,03,2026-07-04T17:18:55+00:00
/mnt/d/Music,iTunes/Album Artwork/Cache/B8910B9F4350E208/08/12,/mnt/d/Music/iTunes/Album Artwork/Cache/B8910B9F4350E208/08/12,/mnt/d/Music/iTunes/Album Artwork/Cache/B8910B9F4350E208/08,12,2026-07-04T17:18:55+00:00
/mnt/d/Music,iTunes/Album Artwork/Cache/B8910B9F4350E208/08/12/08,/mnt/d/Music/iTunes/Album Artwork/Cache/B8910B9F4350E208/08/12/08,/mnt/d/Music/iTunes/Album Artwork/Cache/B8910B9F4350E208/08/12,08,2026-07-04T17:18:55+00:00
/mnt/d/Music,iTunes/Album Artwork/Cache/B8910B9F4350E208/08/12/11,/mnt/d/Music/iTunes/Album Artwork/Cache/B8910B9F4350E208/08/12/11,/mnt/d/Music/iTunes/Album Artwork/Cache/B8910B9F4350E208/08/12,11,2026-07-04T17:18:55+00:00
/mnt/d/Music,iTunes/Album Artwork/Cache/B8910B9F4350E208/08/13,/mnt/d/Music/iTunes/Album Artwork/Cache/B8910B9F4350E208/08/13,/mnt/d/Music/iTunes/Album Artwork/Cache/B8910B9F4350E208/08,13,2026-07-04T17:18:55+00:00
/mnt/d/Music,iTunes/Album Artwork/Cache/B8910B9F4350E208/08/13/03,/mnt/d/Music/iTunes/Album Artwork/Cache/B8910B9F4350E208/08/13/03,/mnt/d/Music/iTunes/Album Artwork/Cache/B8910B9F4350E208/08/13,03,2026-07-04T17:18:55+00:00
/mnt/d/Music,iTunes/Album Artwork/Cache/B8910B9F4350E208/08/14,/mnt/d/Music/iTunes/Album Artwork/Cache/B8910B9F4350E208/08/14,/mnt/d/Music/iTunes/Album Artwork/Cache/B8910B9F4350E208/08,14,2026-07-04T17:18:55+00:00
/mnt/d/Music,iTunes/Album Artwork/Cache/B8910B9F4350E208/08/14/03,/mnt/d/Music/iTunes/Album Artwork/Cache/B8910B9F4350E208/08/14/03,/mnt/d/Music/iTunes/Album Artwork/Cache/B8910B9F4350E208/08/14,03,2026-07-04T17:18:55+00:00
/mnt/d/Music,iTunes/Album Artwork/Cache/B8910B9F4350E208/08/15,/mnt/d/Music/iTunes/Album Artwork/Cache/B8910B9F4350E208/08/15,/mnt/d/Music/iTunes/Album Artwork/Cache/B8910B9F4350E208/08,15,2026-07-04T17:18:55+00:00
/mnt/d/Music,iTunes/Album Artwork/Cache/B8910B9F4350E208/08/15/00,/mnt/d/Music/iTunes/Album Artwork/Cache/B8910B9F4350E208/08/15/00,/mnt/d/Music/iTunes/Album Artwork/Cache/B8910B9F4350E208/08/15,00,2026-07-04T17:18:55+00:00
/mnt/d/Music,iTunes/Album Artwork/Cache/B8910B9F4350E208/08/15/12,/mnt/d/Music/iTunes/Album Artwork/Cache/B8910B9F4350E208/08/15/12,/mnt/d/Music/iTunes/Album Artwork/Cache/B8910B9F4350E208/08/15,12,2026-07-04T17:18:55+00:00
/mnt/d/Music,iTunes/Album Artwork/Cache/B8910B9F4350E208/09,/mnt/d/Music/iTunes/Album Artwork/Cache/B8910B9F4350E208/09,/mnt/d/Music/iTunes/Album Artwork/Cache/B8910B9F4350E208,09,2026-07-04T17:18:55+00:00
/mnt/d/Music,iTunes/Album Artwork/Cache/B8910B9F4350E208/09/00,/mnt/d/Music/iTunes/Album Artwork/Cache/B8910B9F4350E208/09/00,/mnt/d/Music/iTunes/Album Artwork/Cache/B8910B9F4350E208/09,00,2026-07-04T17:18:55+00:00
/mnt/d/Music,iTunes/Album Artwork/Cache/B8910B9F4350E208/09/00/07,/mnt/d/Music/iTunes/Album Artwork/Cache/B8910B9F4350E208/09/00/07,/mnt/d/Music/iTunes/Album Artwork/Cache/B8910B9F4350E208/09/00,07,2026-07-04T17:18:55+00:00
/mnt/d/Music,iTunes/Album Artwork/Cache/B8910B9F4350E208/09/00/08,/mnt/d/Music/iTunes/Album Artwork/Cache/B8910B9F4350E208/09/00/08,/mnt/d/Music/iTunes/Album Artwork/Cache/B8910B9F4350E208/09/00,08,2026-07-04T17:18:55+00:00
/mnt/d/Music,iTunes/Album Artwork/Cache/B8910B9F4350E208/09/02,/mnt/d/Music/iTunes/Album Artwork/Cache/B8910B9F4350E208/09/02,/mnt/d/Music/iTunes/Album Artwork/Cache/B8910B9F4350E208/09,02,2026-07-04T17:18:55+00:00
/mnt/d/Music,iTunes/Album Artwork/Cache/B8910B9F4350E208/09/02/04,/mnt/d/Music/iTunes/Album Artwork/Cache/B8910B9F4350E208/09/02/04,/mnt/d/Music/iTunes/Album Artwork/Cache/B8910B9F4350E208/09/02,04,2026-07-04T17:18:55+00:00
/mnt/d/Music,iTunes/Album Artwork/Cache/B8910B9F4350E208/09/03,/mnt/d/Music/iTunes/Album Artwork/Cache/B8910B9F4350E208/09/03,/mnt/d/Music/iTunes/Album Artwork/Cache/B8910B9F4350E208/09,03,2026-07-04T17:18:55+00:00
/mnt/d/Music,iTunes/Album Artwork/Cache/B8910B9F4350E208/09/03/10,/mnt/d/Music/iTunes/Album Artwork/Cache/B8910B9F4350E208/09/03/10,/mnt/d/Music/iTunes/Album Artwork/Cache/B8910B9F4350E208/09/03,10,2026-07-04T17:18:55+00:00
/mnt/d/Music,iTunes/Album Artwork/Cache/B8910B9F4350E208/09/05,/mnt/d/Music/iTunes/Album Artwork/Cache/B8910B9F4350E208/09/05,/mnt/d/Music/iTunes/Album Artwork/Cache/B8910B9F4350E208/09,05,2026-07-04T17:18:55+00:00
/mnt/d/Music,iTunes/Album Artwork/Cache/B8910B9F4350E208/09/05/03,/mnt/d/Music/iTunes/Album Artwork/Cache/B8910B9F4350E208/09/05/03,/mnt/d/Music/iTunes/Album Artwork/Cache/B8910B9F4350E208/09/05,03,2026-07-04T17:18:55+00:00
/mnt/d/Music,iTunes/Album Artwork/Cache/B8910B9F4350E208/09/05/04,/mnt/d/Music/iTunes/Album Artwork/Cache/B8910B9F4350E208/09/05/04,/mnt/d/Music/iTunes/Album Artwork/Cache/B8910B9F4350E208/09/05,04,2026-07-04T17:18:55+00:00
/mnt/d/Music,iTunes/Album Artwork/Cache/B8910B9F4350E208/09/07,/mnt/d/Music/iTunes/Album Artwork/Cache/B8910B9F4350E208/09/07,/mnt/d/Music/iTunes/Album Artwork/Cache/B8910B9F4350E208/09,07,2026-07-04T17:18:55+00:00
/mnt/d/Music,iTunes/Album Artwork/Cache/B8910B9F4350E208/09/07/02,/mnt/d/Music/iTunes/Album Artwork/Cache/B8910B9F4350E208/09/07/02,/mnt/d/Music/iTunes/Album Artwork/Cache/B8910B9F4350E208/09/07,02,2009-01-18T16:51:08+00:00
/mnt/d/Music,iTunes/Album Artwork/Cache/B8910B9F4350E208/09/07/04,/mnt/d/Music/iTunes/Album Artwork/Cache/B8910B9F4350E208/09/07/04,/mnt/d/Music/iTunes/Album Artwork/Cache/B8910B9F4350E208/09/07,04,2026-07-04T17:18:55+00:00
/mnt/d/Music,iTunes/Album Artwork/Cache/B8910B9F4350E208/09/08,/mnt/d/Music/iTunes/Album Artwork/Cache/B8910B9F4350E208/09/08,/mnt/d/Music/iTunes/Album Artwork/Cache/B8910B9F4350E208/09,08,2026-07-04T17:18:55+00:00
/mnt/d/Music,iTunes/Album Artwork/Cache/B8910B9F4350E208/09/08/01,/mnt/d/Music/iTunes/Album Artwork/Cache/B8910B9F4350E208/09/08/01,/mnt/d/Music/iTunes/Album Artwork/Cache/B8910B9F4350E208/09/08,01,2026-07-04T17:18:55+00:00
/mnt/d/Music,iTunes/Album Artwork/Cache/B8910B9F4350E208/09/08/04,/mnt/d/Music/iTunes/Album Artwork/Cache/B8910B9F4350E208/09/08/04,/mnt/d/Music/iTunes/Album Artwork/Cache/B8910B9F4350E208/09/08,04,2026-07-04T17:18:55+00:00
/mnt/d/Music,iTunes/Album Artwork/Cache/B8910B9F4350E208/09/09,/mnt/d/Music/iTunes/Album Artwork/Cache/B8910B9F4350E208/09/09,/mnt/d/Music/iTunes/Album Artwork/Cache/B8910B9F4350E208/09,09,2026-07-04T17:18:55+00:00
/mnt/d/Music,iTunes/Album Artwork/Cache/B8910B9F4350E208/09/09/04,/mnt/d/Music/iTunes/Album Artwork/Cache/B8910B9F4350E208/09/09/04,/mnt/d/Music/iTunes/Album Artwork/Cache/B8910B9F4350E208/09/09,04,2026-07-04T17:18:55+00:00
/mnt/d/Music,iTunes/Album Artwork/Cache/B8910B9F4350E208/09/09/10,/mnt/d/Music/iTunes/Album Artwork/Cache/B8910B9F4350E208/09/09/10,/mnt/d/Music/iTunes/Album Artwork/Cache/B8910B9F4350E208/09/09,10,2026-07-04T17:18:55+00:00
/mnt/d/Music,iTunes/Album Artwork/Cache/B8910B9F4350E208/09/09/14,/mnt/d/Music/iTunes/Album Artwork/Cache/B8910B9F4350E208/09/09/14,/mnt/d/Music/iTunes/Album Artwork/Cache/B8910B9F4350E208/09/09,14,2026-07-04T17:18:55+00:00
/mnt/d/Music,iTunes/Album Artwork/Cache/B8910B9F4350E208/09/10,/mnt/d/Music/iTunes/Album Artwork/Cache/B8910B9F4350E208/09/10,/mnt/d/Music/iTunes/Album Artwork/Cache/B8910B9F4350E208/09,10,2026-07-04T17:18:55+00:00
/mnt/d/Music,iTunes/Album Artwork/Cache/B8910B9F4350E208/09/10/03,/mnt/d/Music/iTunes/Album Artwork/Cache/B8910B9F4350E208/09/10/03,/mnt/d/Music/iTunes/Album Artwork/Cache/B8910B9F4350E208/09/10,03,2026-07-04T17:18:55+00:00
/mnt/d/Music,iTunes/Album Artwork/Cache/B8910B9F4350E208/09/11,/mnt/d/Music/iTunes/Album Artwork/Cache/B8910B9F4350E208/09/11,/mnt/d/Music/iTunes/Album Artwork/Cache/B8910B9F4350E208/09,11,2026-07-04T17:18:55+00:00
/mnt/d/Music,iTunes/Album Artwork/Cache/B8910B9F4350E208/09/11/02,/mnt/d/Music/iTunes/Album Artwork/Cache/B8910B9F4350E208/09/11/02,/mnt/d/Music/iTunes/Album Artwork/Cache/B8910B9F4350E208/09/11,02,2026-07-04T17:18:55+00:00
/mnt/d/Music,iTunes/Album Artwork/Cache/B8910B9F4350E208/09/12,/mnt/d/Music/iTunes/Album Artwork/Cache/B8910B9F4350E208/09/12,/mnt/d/Music/iTunes/Album Artwork/Cache/B8910B9F4350E208/09,12,2026-07-04T17:18:55+00:00
/mnt/d/Music,iTunes/Album Artwork/Cache/B8910B9F4350E208/09/12/03,/mnt/d/Music/iTunes/Album Artwork/Cache/B8910B9F4350E208/09/12/03,/mnt/d/Music/iTunes/Album Artwork/Cache/B8910B9F4350E208/09/12,03,2026-07-04T17:18:55+00:00
/mnt/d/Music,iTunes/Album Artwork/Cache/B8910B9F4350E208/09/12/07,/mnt/d/Music/iTunes/Album Artwork/Cache/B8910B9F4350E208/09/12/07,/mnt/d/Music/iTunes/Album Artwork/Cache/B8910B9F4350E208/09/12,07,2026-07-04T17:18:55+00:00
/mnt/d/Music,iTunes/Album Artwork/Cache/B8910B9F4350E208/09/14,/mnt/d/Music/iTunes/Album Artwork/Cache/B8910B9F4350E208/09/14,/mnt/d/Music/iTunes/Album Artwork/Cache/B8910B9F4350E208/09,14,2026-07-04T17:18:55+00:00
/mnt/d/Music,iTunes/Album Artwork/Cache/B8910B9F4350E208/09/14/04,/mnt/d/Music/iTunes/Album Artwork/Cache/B8910B9F4350E208/09/14/04,/mnt/d/Music/iTunes/Album Artwork/Cache/B8910B9F4350E208/09/14,04,2026-07-04T17:18:55+00:00
/mnt/d/Music,iTunes/Album Artwork/Cache/B8910B9F4350E208/10,/mnt/d/Music/iTunes/Album Artwork/Cache/B8910B9F4350E208/10,/mnt/d/Music/iTunes/Album Artwork/Cache/B8910B9F4350E208,10,2026-07-04T17:18:55+00:00
/mnt/d/Music,iTunes/Album Artwork/Cache/B8910B9F4350E208/10/00,/mnt/d/Music/iTunes/Album Artwork/Cache/B8910B9F4350E208/10/00,/mnt/d/Music/iTunes/Album Artwork/Cache/B8910B9F4350E208/10,00,2026-07-04T17:18:55+00:00
/mnt/d/Music,iTunes/Album Artwork/Cache/B8910B9F4350E208/10/00/04,/mnt/d/Music/iTunes/Album Artwork/Cache/B8910B9F4350E208/10/00/04,/mnt/d/Music/iTunes/Album Artwork/Cache/B8910B9F4350E208/10/00,04,2026-07-04T17:18:55+00:00
/mnt/d/Music,iTunes/Album Artwork/Cache/B8910B9F4350E208/10/01,/mnt/d/Music/iTunes/Album Artwork/Cache/B8910B9F4350E208/10/01,/mnt/d/Music/iTunes/Album Artwork/Cache/B8910B9F4350E208/10,01,2026-07-04T17:18:55+00:00
/mnt/d/Music,iTunes/Album Artwork/Cache/B8910B9F4350E208/10/01/05,/mnt/d/Music/iTunes/Album Artwork/Cache/B8910B9F4350E208/10/01/05,/mnt/d/Music/iTunes/Album Artwork/Cache/B8910B9F4350E208/10/01,05,2026-07-04T17:18:55+00:00
/mnt/d/Music,iTunes/Album Artwork/Cache/B8910B9F4350E208/10/02,/mnt/d/Music/iTunes/Album Artwork/Cache/B8910B9F4350E208/10/02,/mnt/d/Music/iTunes/Album Artwork/Cache/B8910B9F4350E208/10,02,2026-07-04T17:18:55+00:00
/mnt/d/Music,iTunes/Album Artwork/Cache/B8910B9F4350E208/10/02/05,/mnt/d/Music/iTunes/Album Artwork/Cache/B8910B9F4350E208/10/02/05,/mnt/d/Music/iTunes/Album Artwork/Cache/B8910B9F4350E208/10/02,05,2026-07-04T17:18:55+00:00
/mnt/d/Music,iTunes/Album Artwork/Cache/B8910B9F4350E208/10/02/15,/mnt/d/Music/iTunes/Album Artwork/Cache/B8910B9F4350E208/10/02/15,/mnt/d/Music/iTunes/Album Artwork/Cache/B8910B9F4350E208/10/02,15,2026-07-04T17:18:55+00:00
/mnt/d/Music,iTunes/Album Artwork/Cache/B8910B9F4350E208/10/03,/mnt/d/Music/iTunes/Album Artwork/Cache/B8910B9F4350E208/10/03,/mnt/d/Music/iTunes/Album Artwork/Cache/B8910B9F4350E208/10,03,2026-07-04T17:18:55+00:00
/mnt/d/Music,iTunes/Album Artwork/Cache/B8910B9F4350E208/10/03/03,/mnt/d/Music/iTunes/Album Artwork/Cache/B8910B9F4350E208/10/03/03,/mnt/d/Music/iTunes/Album Artwork/Cache/B8910B9F4350E208/10/03,03,2026-07-04T17:18:55+00:00
/mnt/d/Music,iTunes/Album Artwork/Cache/B8910B9F4350E208/10/03/06,/mnt/d/Music/iTunes/Album Artwork/Cache/B8910B9F4350E208/10/03/06,/mnt/d/Music/iTunes/Album Artwork/Cache/B8910B9F4350E208/10/03,06,2026-07-04T17:18:55+00:00
/mnt/d/Music,iTunes/Album Artwork/Cache/B8910B9F4350E208/10/03/07,/mnt/d/Music/iTunes/Album Artwork/Cache/B8910B9F4350E208/10/03/07,/mnt/d/Music/iTunes/Album Artwork/Cache/B8910B9F4350E208/10/03,07,2026-07-04T17:18:55+00:00
/mnt/d/Music,iTunes/Album Artwork/Cache/B8910B9F4350E208/10/03/12,/mnt/d/Music/iTunes/Album Artwork/Cache/B8910B9F4350E208/10/03/12,/mnt/d/Music/iTunes/Album Artwork/Cache/B8910B9F4350E208/10/03,12,2026-07-04T17:18:55+00:00
/mnt/d/Music,iTunes/Album Artwork/Cache/B8910B9F4350E208/10/04,/mnt/d/Music/iTunes/Album Artwork/Cache/B8910B9F4350E208/10/04,/mnt/d/Music/iTunes/Album Artwork/Cache/B8910B9F4350E208/10,04,2026-07-04T17:18:55+00:00
/mnt/d/Music,iTunes/Album Artwork/Cache/B8910B9F4350E208/10/04/13,/mnt/d/Music/iTunes/Album Artwork/Cache/B8910B9F4350E208/10/04/13,/mnt/d/Music/iTunes/Album Artwork/Cache/B8910B9F4350E208/10/04,13,2026-07-04T17:18:55+00:00
/mnt/d/Music,iTunes/Album Artwork/Cache/B8910B9F4350E208/10/05,/mnt/d/Music/iTunes/Album Artwork/Cache/B8910B9F4350E208/10/05,/mnt/d/Music/iTunes/Album Artwork/Cache/B8910B9F4350E208/10,05,2026-07-04T17:18:55+00:00
/mnt/d/Music,iTunes/Album Artwork/Cache/B8910B9F4350E208/10/05/11,/mnt/d/Music/iTunes/Album Artwork/Cache/B8910B9F4350E208/10/05/11,/mnt/d/Music/iTunes/Album Artwork/Cache/B8910B9F4350E208/10/05,11,2026-07-04T17:18:55+00:00
/mnt/d/Music,iTunes/Album Artwork/Cache/B8910B9F4350E208/10/06,/mnt/d/Music/iTunes/Album Artwork/Cache/B8910B9F4350E208/10/06,/mnt/d/Music/iTunes/Album Artwork/Cache/B8910B9F4350E208/10,06,2026-07-04T17:18:55+00:00
/mnt/d/Music,iTunes/Album Artwork/Cache/B8910B9F4350E208/10/06/03,/mnt/d/Music/iTunes/Album Artwork/Cache/B8910B9F4350E208/10/06/03,/mnt/d/Music/iTunes/Album Artwork/Cache/B8910B9F4350E208/10/06,03,2026-07-04T17:18:55+00:00
/mnt/d/Music,iTunes/Album Artwork/Cache/B8910B9F4350E208/10/06/11,/mnt/d/Music/iTunes/Album Artwork/Cache/B8910B9F4350E208/10/06/11,/mnt/d/Music/iTunes/Album Artwork/Cache/B8910B9F4350E208/10/06,11,2026-07-04T17:18:55+00:00
/mnt/d/Music,iTunes/Album Artwork/Cache/B8910B9F4350E208/10/07,/mnt/d/Music/iTunes/Album Artwork/Cache/B8910B9F4350E208/10/07,/mnt/d/Music/iTunes/Album Artwork/Cache/B8910B9F4350E208/10,07,2026-07-04T17:18:55+00:00
/mnt/d/Music,iTunes/Album Artwork/Cache/B8910B9F4350E208/10/07/03,/mnt/d/Music/iTunes/Album Artwork/Cache/B8910B9F4350E208/10/07/03,/mnt/d/Music/iTunes/Album Artwork/Cache/B8910B9F4350E208/10/07,03,2026-07-04T17:18:55+00:00
/mnt/d/Music,iTunes/Album Artwork/Cache/B8910B9F4350E208/10/08,/mnt/d/Music/iTunes/Album Artwork/Cache/B8910B9F4350E208/10/08,/mnt/d/Music/iTunes/Album Artwork/Cache/B8910B9F4350E208/10,08,2026-07-04T17:18:55+00:00
/mnt/d/Music,iTunes/Album Artwork/Cache/B8910B9F4350E208/10/08/12,/mnt/d/Music/iTunes/Album Artwork/Cache/B8910B9F4350E208/10/08/12,/mnt/d/Music/iTunes/Album Artwork/Cache/B8910B9F4350E208/10/08,12,2026-07-04T17:18:55+00:00
/mnt/d/Music,iTunes/Album Artwork/Cache/B8910B9F4350E208/10/09,/mnt/d/Music/iTunes/Album Artwork/Cache/B8910B9F4350E208/10/09,/mnt/d/Music/iTunes/Album Artwork/Cache/B8910B9F4350E208/10,09,2026-07-04T17:18:55+00:00
/mnt/d/Music,iTunes/Album Artwork/Cache/B8910B9F4350E208/10/09/04,/mnt/d/Music/iTunes/Album Artwork/Cache/B8910B9F4350E208/10/09/04,/mnt/d/Music/iTunes/Album Artwork/Cache/B8910B9F4350E208/10/09,04,2026-07-04T17:18:55+00:00
/mnt/d/Music,iTunes/Album Artwork/Cache/B8910B9F4350E208/10/09/06,/mnt/d/Music/iTunes/Album Artwork/Cache/B8910B9F4350E208/10/09/06,/mnt/d/Music/iTunes/Album Artwork/Cache/B8910B9F4350E208/10/09,06,2026-07-04T17:18:55+00:00
/mnt/d/Music,iTunes/Album Artwork/Cache/B8910B9F4350E208/10/10,/mnt/d/Music/iTunes/Album Artwork/Cache/B8910B9F4350E208/10/10,/mnt/d/Music/iTunes/Album Artwork/Cache/B8910B9F4350E208/10,10,2026-07-04T17:18:55+00:00
/mnt/d/Music,iTunes/Album Artwork/Cache/B8910B9F4350E208/10/10/10,/mnt/d/Music/iTunes/Album Artwork/Cache/B8910B9F4350E208/10/10/10,/mnt/d/Music/iTunes/Album Artwork/Cache/B8910B9F4350E208/10/10,10,2026-07-04T17:18:55+00:00
/mnt/d/Music,iTunes/Album Artwork/Cache/B8910B9F4350E208/10/11,/mnt/d/Music/iTunes/Album Artwork/Cache/B8910B9F4350E208/10/11,/mnt/d/Music/iTunes/Album Artwork/Cache/B8910B9F4350E208/10,11,2026-07-04T17:18:55+00:00
/mnt/d/Music,iTunes/Album Artwork/Cache/B8910B9F4350E208/10/11/04,/mnt/d/Music/iTunes/Album Artwork/Cache/B8910B9F4350E208/10/11/04,/mnt/d/Music/iTunes/Album Artwork/Cache/B8910B9F4350E208/10/11,04,2026-07-04T17:18:55+00:00
/mnt/d/Music,iTunes/Album Artwork/Cache/B8910B9F4350E208/10/12,/mnt/d/Music/iTunes/Album Artwork/Cache/B8910B9F4350E208/10/12,/mnt/d/Music/iTunes/Album Artwork/Cache/B8910B9F4350E208/10,12,2026-07-04T17:18:55+00:00
/mnt/d/Music,iTunes/Album Artwork/Cache/B8910B9F4350E208/10/12/00,/mnt/d/Music/iTunes/Album Artwork/Cache/B8910B9F4350E208/10/12/00,/mnt/d/Music/iTunes/Album Artwork/Cache/B8910B9F4350E208/10/12,00,2026-07-04T17:18:55+00:00
/mnt/d/Music,iTunes/Album Artwork/Cache/B8910B9F4350E208/10/12/03,/mnt/d/Music/iTunes/Album Artwork/Cache/B8910B9F4350E208/10/12/03,/mnt/d/Music/iTunes/Album Artwork/Cache/B8910B9F4350E208/10/12,03,2026-07-04T17:18:55+00:00
/mnt/d/Music,iTunes/Album Artwork/Cache/B8910B9F4350E208/10/13,/mnt/d/Music/iTunes/Album Artwork/Cache/B8910B9F4350E208/10/13,/mnt/d/Music/iTunes/Album Artwork/Cache/B8910B9F4350E208/10,13,2026-07-04T17:18:55+00:00
/mnt/d/Music,iTunes/Album Artwork/Cache/B8910B9F4350E208/10/13/04,/mnt/d/Music/iTunes/Album Artwork/Cache/B8910B9F4350E208/10/13/04,/mnt/d/Music/iTunes/Album Artwork/Cache/B8910B9F4350E208/10/13,04,2026-07-04T17:18:55+00:00
/mnt/d/Music,iTunes/Album Artwork/Cache/B8910B9F4350E208/10/14,/mnt/d/Music/iTunes/Album Artwork/Cache/B8910B9F4350E208/10/14,/mnt/d/Music/iTunes/Album Artwork/Cache/B8910B9F4350E208/10,14,2026-07-04T17:18:55+00:00
/mnt/d/Music,iTunes/Album Artwork/Cache/B8910B9F4350E208/10/14/00,/mnt/d/Music/iTunes/Album Artwork/Cache/B8910B9F4350E208/10/14/00,/mnt/d/Music/iTunes/Album Artwork/Cache/B8910B9F4350E208/10/14,00,2026-07-04T17:18:55+00:00
/mnt/d/Music,iTunes/Album Artwork/Cache/B8910B9F4350E208/10/15,/mnt/d/Music/iTunes/Album Artwork/Cache/B8910B9F4350E208/10/15,/mnt/d/Music/iTunes/Album Artwork/Cache/B8910B9F4350E208/10,15,2026-07-04T17:18:55+00:00
/mnt/d/Music,iTunes/Album Artwork/Cache/B8910B9F4350E208/10/15/01,/mnt/d/Music/iTunes/Album Artwork/Cache/B8910B9F4350E208/10/15/01,/mnt/d/Music/iTunes/Album Artwork/Cache/B8910B9F4350E208/10/15,01,2026-07-04T17:18:55+00:00
/mnt/d/Music,iTunes/Album Artwork/Cache/B8910B9F4350E208/10/15/04,/mnt/d/Music/iTunes/Album Artwork/Cache/B8910B9F4350E208/10/15/04,/mnt/d/Music/iTunes/Album Artwork/Cache/B8910B9F4350E208/10/15,04,2026-07-04T17:18:55+00:00
/mnt/d/Music,iTunes/Album Artwork/Cache/B8910B9F4350E208/10/15/06,/mnt/d/Music/iTunes/Album Artwork/Cache/B8910B9F4350E208/10/15/06,/mnt/d/Music/iTunes/Album Artwork/Cache/B8910B9F4350E208/10/15,06,2026-07-04T17:18:55+00:00
/mnt/d/Music,iTunes/Album Artwork/Cache/B8910B9F4350E208/10/15/07,/mnt/d/Music/iTunes/Album Artwork/Cache/B8910B9F4350E208/10/15/07,/mnt/d/Music/iTunes/Album Artwork/Cache/B8910B9F4350E208/10/15,07,2026-07-04T17:18:55+00:00
/mnt/d/Music,iTunes/Album Artwork/Cache/B8910B9F4350E208/10/15/13,/mnt/d/Music/iTunes/Album Artwork/Cache/B8910B9F4350E208/10/15/13,/mnt/d/Music/iTunes/Album Artwork/Cache/B8910B9F4350E208/10/15,13,2026-07-04T17:18:55+00:00
/mnt/d/Music,iTunes/Album Artwork/Cache/B8910B9F4350E208/11,/mnt/d/Music/iTunes/Album Artwork/Cache/B8910B9F4350E208/11,/mnt/d/Music/iTunes/Album Artwork/Cache/B8910B9F4350E208,11,2026-07-04T17:18:54+00:00
/mnt/d/Music,iTunes/Album Artwork/Cache/B8910B9F4350E208/11/00,/mnt/d/Music/iTunes/Album Artwork/Cache/B8910B9F4350E208/11/00,/mnt/d/Music/iTunes/Album Artwork/Cache/B8910B9F4350E208/11,00,2026-07-04T17:18:55+00:00
/mnt/d/Music,iTunes/Album Artwork/Cache/B8910B9F4350E208/11/00/04,/mnt/d/Music/iTunes/Album Artwork/Cache/B8910B9F4350E208/11/00/04,/mnt/d/Music/iTunes/Album Artwork/Cache/B8910B9F4350E208/11/00,04,2026-07-04T17:18:55+00:00
/mnt/d/Music,iTunes/Album Artwork/Cache/B8910B9F4350E208/11/00/13,/mnt/d/Music/iTunes/Album Artwork/Cache/B8910B9F4350E208/11/00/13,/mnt/d/Music/iTunes/Album Artwork/Cache/B8910B9F4350E208/11/00,13,2026-07-04T17:18:54+00:00
/mnt/d/Music,iTunes/Album Artwork/Cache/B8910B9F4350E208/11/01,/mnt/d/Music/iTunes/Album Artwork/Cache/B8910B9F4350E208/11/01,/mnt/d/Music/iTunes/Album Artwork/Cache/B8910B9F4350E208/11,01,2026-07-04T17:18:54+00:00
/mnt/d/Music,iTunes/Album Artwork/Cache/B8910B9F4350E208/11/01/11,/mnt/d/Music/iTunes/Album Artwork/Cache/B8910B9F4350E208/11/01/11,/mnt/d/Music/iTunes/Album Artwork/Cache/B8910B9F4350E208/11/01,11,2026-07-04T17:18:54+00:00
/mnt/d/Music,iTunes/Album Artwork/Cache/B8910B9F4350E208/11/01/12,/mnt/d/Music/iTunes/Album Artwork/Cache/B8910B9F4350E208/11/01/12,/mnt/d/Music/iTunes/Album Artwork/Cache/B8910B9F4350E208/11/01,12,2026-07-04T17:18:54+00:00
/mnt/d/Music,iTunes/Album Artwork/Cache/B8910B9F4350E208/11/02,/mnt/d/Music/iTunes/Album Artwork/Cache/B8910B9F4350E208/11/02,/mnt/d/Music/iTunes/Album Artwork/Cache/B8910B9F4350E208/11,02,2026-07-04T17:18:54+00:00
/mnt/d/Music,iTunes/Album Artwork/Cache/B8910B9F4350E208/11/02/00,/mnt/d/Music/iTunes/Album Artwork/Cache/B8910B9F4350E208/11/02/00,/mnt/d/Music/iTunes/Album Artwork/Cache/B8910B9F4350E208/11/02,00,2026-07-04T17:18:54+00:00
/mnt/d/Music,iTunes/Album Artwork/Cache/B8910B9F4350E208/11/04,/mnt/d/Music/iTunes/Album Artwork/Cache/B8910B9F4350E208/11/04,/mnt/d/Music/iTunes/Album Artwork/Cache/B8910B9F4350E208/11,04,2026-07-04T17:18:54+00:00
/mnt/d/Music,iTunes/Album Artwork/Cache/B8910B9F4350E208/11/04/03,/mnt/d/Music/iTunes/Album Artwork/Cache/B8910B9F4350E208/11/04/03,/mnt/d/Music/iTunes/Album Artwork/Cache/B8910B9F4350E208/11/04,03,2026-07-04T17:18:54+00:00
/mnt/d/Music,iTunes/Album Artwork/Cache/B8910B9F4350E208/11/04/09,/mnt/d/Music/iTunes/Album Artwork/Cache/B8910B9F4350E208/11/04/09,/mnt/d/Music/iTunes/Album Artwork/Cache/B8910B9F4350E208/11/04,09,2009-01-18T16:51:00+00:00
/mnt/d/Music,iTunes/Album Artwork/Cache/B8910B9F4350E208/11/06,/mnt/d/Music/iTunes/Album Artwork/Cache/B8910B9F4350E208/11/06,/mnt/d/Music/iTunes/Album Artwork/Cache/B8910B9F4350E208/11,06,2026-07-04T17:18:54+00:00
/mnt/d/Music,iTunes/Album Artwork/Cache/B8910B9F4350E208/11/06/04,/mnt/d/Music/iTunes/Album Artwork/Cache/B8910B9F4350E208/11/06/04,/mnt/d/Music/iTunes/Album Artwork/Cache/B8910B9F4350E208/11/06,04,2026-07-04T17:18:54+00:00
/mnt/d/Music,iTunes/Album Artwork/Cache/B8910B9F4350E208/11/09,/mnt/d/Music/iTunes/Album Artwork/Cache/B8910B9F4350E208/11/09,/mnt/d/Music/iTunes/Album Artwork/Cache/B8910B9F4350E208/11,09,2026-07-04T17:18:54+00:00
/mnt/d/Music,iTunes/Album Artwork/Cache/B8910B9F4350E208/11/09/01,/mnt/d/Music/iTunes/Album Artwork/Cache/B8910B9F4350E208/11/09/01,/mnt/d/Music/iTunes/Album Artwork/Cache/B8910B9F4350E208/11/09,01,2026-07-04T17:18:54+00:00
/mnt/d/Music,iTunes/Album Artwork/Cache/B8910B9F4350E208/11/09/11,/mnt/d/Music/iTunes/Album Artwork/Cache/B8910B9F4350E208/11/09/11,/mnt/d/Music/iTunes/Album Artwork/Cache/B8910B9F4350E208/11/09,11,2026-07-04T17:18:54+00:00
/mnt/d/Music,iTunes/Album Artwork/Cache/B8910B9F4350E208/11/10,/mnt/d/Music/iTunes/Album Artwork/Cache/B8910B9F4350E208/11/10,/mnt/d/Music/iTunes/Album Artwork/Cache/B8910B9F4350E208/11,10,2026-07-04T17:18:54+00:00
/mnt/d/Music,iTunes/Album Artwork/Cache/B8910B9F4350E208/11/10/04,/mnt/d/Music/iTunes/Album Artwork/Cache/B8910B9F4350E208/11/10/04,/mnt/d/Music/iTunes/Album Artwork/Cache/B8910B9F4350E208/11/10,04,2026-07-04T17:18:54+00:00
/mnt/d/Music,iTunes/Album Artwork/Cache/B8910B9F4350E208/11/10/11,/mnt/d/Music/iTunes/Album Artwork/Cache/B8910B9F4350E208/11/10/11,/mnt/d/Music/iTunes/Album Artwork/Cache/B8910B9F4350E208/11/10,11,2026-07-04T17:18:54+00:00
/mnt/d/Music,iTunes/Album Artwork/Cache/B8910B9F4350E208/11/10/12,/mnt/d/Music/iTunes/Album Artwork/Cache/B8910B9F4350E208/11/10/12,/mnt/d/Music/iTunes/Album Artwork/Cache/B8910B9F4350E208/11/10,12,2026-07-04T17:18:54+00:00
/mnt/d/Music,iTunes/Album Artwork/Cache/B8910B9F4350E208/11/10/13,/mnt/d/Music/iTunes/Album Artwork/Cache/B8910B9F4350E208/11/10/13,/mnt/d/Music/iTunes/Album Artwork/Cache/B8910B9F4350E208/11/10,13,2026-07-04T17:18:54+00:00
/mnt/d/Music,iTunes/Album Artwork/Cache/B8910B9F4350E208/11/11,/mnt/d/Music/iTunes/Album Artwork/Cache/B8910B9F4350E208/11/11,/mnt/d/Music/iTunes/Album Artwork/Cache/B8910B9F4350E208/11,11,2026-07-04T17:18:54+00:00
/mnt/d/Music,iTunes/Album Artwork/Cache/B8910B9F4350E208/11/11/03,/mnt/d/Music/iTunes/Album Artwork/Cache/B8910B9F4350E208/11/11/03,/mnt/d/Music/iTunes/Album Artwork/Cache/B8910B9F4350E208/11/11,03,2026-07-04T17:18:54+00:00
/mnt/d/Music,iTunes/Album Artwork/Cache/B8910B9F4350E208/11/12,/mnt/d/Music/iTunes/Album Artwork/Cache/B8910B9F4350E208/11/12,/mnt/d/Music/iTunes/Album Artwork/Cache/B8910B9F4350E208/11,12,2026-07-04T17:18:54+00:00
/mnt/d/Music,iTunes/Album Artwork/Cache/B8910B9F4350E208/11/12/04,/mnt/d/Music/iTunes/Album Artwork/Cache/B8910B9F4350E208/11/12/04,/mnt/d/Music/iTunes/Album Artwork/Cache/B8910B9F4350E208/11/12,04,2026-07-04T17:18:54+00:00
/mnt/d/Music,iTunes/Album Artwork/Cache/B8910B9F4350E208/11/12/15,/mnt/d/Music/iTunes/Album Artwork/Cache/B8910B9F4350E208/11/12/15,/mnt/d/Music/iTunes/Album Artwork/Cache/B8910B9F4350E208/11/12,15,2026-07-04T17:18:54+00:00
/mnt/d/Music,iTunes/Album Artwork/Cache/B8910B9F4350E208/11/13,/mnt/d/Music/iTunes/Album Artwork/Cache/B8910B9F4350E208/11/13,/mnt/d/Music/iTunes/Album Artwork/Cache/B8910B9F4350E208/11,13,2026-07-04T17:18:54+00:00
/mnt/d/Music,iTunes/Album Artwork/Cache/B8910B9F4350E208/11/13/00,/mnt/d/Music/iTunes/Album Artwork/Cache/B8910B9F4350E208/11/13/00,/mnt/d/Music/iTunes/Album Artwork/Cache/B8910B9F4350E208/11/13,00,2026-07-04T17:18:54+00:00
/mnt/d/Music,iTunes/Album Artwork/Cache/B8910B9F4350E208/11/13/08,/mnt/d/Music/iTunes/Album Artwork/Cache/B8910B9F4350E208/11/13/08,/mnt/d/Music/iTunes/Album Artwork/Cache/B8910B9F4350E208/11/13,08,2026-07-04T17:18:54+00:00
/mnt/d/Music,iTunes/Album Artwork/Cache/B8910B9F4350E208/11/14,/mnt/d/Music/iTunes/Album Artwork/Cache/B8910B9F4350E208/11/14,/mnt/d/Music/iTunes/Album Artwork/Cache/B8910B9F4350E208/11,14,2026-07-04T17:18:54+00:00
/mnt/d/Music,iTunes/Album Artwork/Cache/B8910B9F4350E208/11/14/00,/mnt/d/Music/iTunes/Album Artwork/Cache/B8910B9F4350E208/11/14/00,/mnt/d/Music/iTunes/Album Artwork/Cache/B8910B9F4350E208/11/14,00,2026-07-04T17:18:54+00:00
/mnt/d/Music,iTunes/Album Artwork/Cache/B8910B9F4350E208/11/14/03,/mnt/d/Music/iTunes/Album Artwork/Cache/B8910B9F4350E208/11/14/03,/mnt/d/Music/iTunes/Album Artwork/Cache/B8910B9F4350E208/11/14,03,2026-07-04T17:18:54+00:00
/mnt/d/Music,iTunes/Album Artwork/Cache/B8910B9F4350E208/11/14/04,/mnt/d/Music/iTunes/Album Artwork/Cache/B8910B9F4350E208/11/14/04,/mnt/d/Music/iTunes/Album Artwork/Cache/B8910B9F4350E208/11/14,04,2026-07-04T17:18:54+00:00
/mnt/d/Music,iTunes/Album Artwork/Cache/B8910B9F4350E208/12,/mnt/d/Music/iTunes/Album Artwork/Cache/B8910B9F4350E208/12,/mnt/d/Music/iTunes/Album Artwork/Cache/B8910B9F4350E208,12,2026-07-04T17:18:54+00:00
/mnt/d/Music,iTunes/Album Artwork/Cache/B8910B9F4350E208/12/00,/mnt/d/Music/iTunes/Album Artwork/Cache/B8910B9F4350E208/12/00,/mnt/d/Music/iTunes/Album Artwork/Cache/B8910B9F4350E208/12,00,2026-07-04T17:18:54+00:00
/mnt/d/Music,iTunes/Album Artwork/Cache/B8910B9F4350E208/12/00/05,/mnt/d/Music/iTunes/Album Artwork/Cache/B8910B9F4350E208/12/00/05,/mnt/d/Music/iTunes/Album Artwork/Cache/B8910B9F4350E208/12/00,05,2026-07-04T17:18:54+00:00
/mnt/d/Music,iTunes/Album Artwork/Cache/B8910B9F4350E208/12/00/08,/mnt/d/Music/iTunes/Album Artwork/Cache/B8910B9F4350E208/12/00/08,/mnt/d/Music/iTunes/Album Artwork/Cache/B8910B9F4350E208/12/00,08,2026-07-04T17:18:54+00:00
/mnt/d/Music,iTunes/Album Artwork/Cache/B8910B9F4350E208/12/01,/mnt/d/Music/iTunes/Album Artwork/Cache/B8910B9F4350E208/12/01,/mnt/d/Music/iTunes/Album Artwork/Cache/B8910B9F4350E208/12,01,2026-07-04T17:18:54+00:00
/mnt/d/Music,iTunes/Album Artwork/Cache/B8910B9F4350E208/12/01/04,/mnt/d/Music/iTunes/Album Artwork/Cache/B8910B9F4350E208/12/01/04,/mnt/d/Music/iTunes/Album Artwork/Cache/B8910B9F4350E208/12/01,04,2026-07-04T17:18:54+00:00
/mnt/d/Music,iTunes/Album Artwork/Cache/B8910B9F4350E208/12/02,/mnt/d/Music/iTunes/Album Artwork/Cache/B8910B9F4350E208/12/02,/mnt/d/Music/iTunes/Album Artwork/Cache/B8910B9F4350E208/12,02,2026-07-04T17:18:54+00:00
/mnt/d/Music,iTunes/Album Artwork/Cache/B8910B9F4350E208/12/02/04,/mnt/d/Music/iTunes/Album Artwork/Cache/B8910B9F4350E208/12/02/04,/mnt/d/Music/iTunes/Album Artwork/Cache/B8910B9F4350E208/12/02,04,2026-07-04T17:18:54+00:00
/mnt/d/Music,iTunes/Album Artwork/Cache/B8910B9F4350E208/12/03,/mnt/d/Music/iTunes/Album Artwork/Cache/B8910B9F4350E208/12/03,/mnt/d/Music/iTunes/Album Artwork/Cache/B8910B9F4350E208/12,03,2026-07-04T17:18:54+00:00
/mnt/d/Music,iTunes/Album Artwork/Cache/B8910B9F4350E208/12/03/10,/mnt/d/Music/iTunes/Album Artwork/Cache/B8910B9F4350E208/12/03/10,/mnt/d/Music/iTunes/Album Artwork/Cache/B8910B9F4350E208/12/03,10,2026-07-04T17:18:54+00:00
/mnt/d/Music,iTunes/Album Artwork/Cache/B8910B9F4350E208/12/04,/mnt/d/Music/iTunes/Album Artwork/Cache/B8910B9F4350E208/12/04,/mnt/d/Music/iTunes/Album Artwork/Cache/B8910B9F4350E208/12,04,2026-07-04T17:18:54+00:00
/mnt/d/Music,iTunes/Album Artwork/Cache/B8910B9F4350E208/12/04/03,/mnt/d/Music/iTunes/Album Artwork/Cache/B8910B9F4350E208/12/04/03,/mnt/d/Music/iTunes/Album Artwork/Cache/B8910B9F4350E208/12/04,03,2026-07-04T17:18:54+00:00
/mnt/d/Music,iTunes/Album Artwork/Cache/B8910B9F4350E208/12/05,/mnt/d/Music/iTunes/Album Artwork/Cache/B8910B9F4350E208/12/05,/mnt/d/Music/iTunes/Album Artwork/Cache/B8910B9F4350E208/12,05,2026-07-04T17:18:54+00:00
/mnt/d/Music,iTunes/Album Artwork/Cache/B8910B9F4350E208/12/05/03,/mnt/d/Music/iTunes/Album Artwork/Cache/B8910B9F4350E208/12/05/03,/mnt/d/Music/iTunes/Album Artwork/Cache/B8910B9F4350E208/12/05,03,2026-07-04T17:18:54+00:00
/mnt/d/Music,iTunes/Album Artwork/Cache/B8910B9F4350E208/12/05/04,/mnt/d/Music/iTunes/Album Artwork/Cache/B8910B9F4350E208/12/05/04,/mnt/d/Music/iTunes/Album Artwork/Cache/B8910B9F4350E208/12/05,04,2026-07-04T17:18:54+00:00
/mnt/d/Music,iTunes/Album Artwork/Cache/B8910B9F4350E208/12/05/12,/mnt/d/Music/iTunes/Album Artwork/Cache/B8910B9F4350E208/12/05/12,/mnt/d/Music/iTunes/Album Artwork/Cache/B8910B9F4350E208/12/05,12,2026-07-04T17:18:54+00:00
/mnt/d/Music,iTunes/Album Artwork/Cache/B8910B9F4350E208/12/05/14,/mnt/d/Music/iTunes/Album Artwork/Cache/B8910B9F4350E208/12/05/14,/mnt/d/Music/iTunes/Album Artwork/Cache/B8910B9F4350E208/12/05,14,2026-07-04T17:18:54+00:00
/mnt/d/Music,iTunes/Album Artwork/Cache/B8910B9F4350E208/12/06,/mnt/d/Music/iTunes/Album Artwork/Cache/B8910B9F4350E208/12/06,/mnt/d/Music/iTunes/Album Artwork/Cache/B8910B9F4350E208/12,06,2026-07-04T17:18:54+00:00
/mnt/d/Music,iTunes/Album Artwork/Cache/B8910B9F4350E208/12/06/07,/mnt/d/Music/iTunes/Album Artwork/Cache/B8910B9F4350E208/12/06/07,/mnt/d/Music/iTunes/Album Artwork/Cache/B8910B9F4350E208/12/06,07,2026-07-04T17:18:54+00:00
/mnt/d/Music,iTunes/Album Artwork/Cache/B8910B9F4350E208/12/07,/mnt/d/Music/iTunes/Album Artwork/Cache/B8910B9F4350E208/12/07,/mnt/d/Music/iTunes/Album Artwork/Cache/B8910B9F4350E208/12,07,2026-07-04T17:18:54+00:00
/mnt/d/Music,iTunes/Album Artwork/Cache/B8910B9F4350E208/12/07/05,/mnt/d/Music/iTunes/Album Artwork/Cache/B8910B9F4350E208/12/07/05,/mnt/d/Music/iTunes/Album Artwork/Cache/B8910B9F4350E208/12/07,05,2026-07-04T17:18:54+00:00
/mnt/d/Music,iTunes/Album Artwork/Cache/B8910B9F4350E208/12/07/11,/mnt/d/Music/iTunes/Album Artwork/Cache/B8910B9F4350E208/12/07/11,/mnt/d/Music/iTunes/Album Artwork/Cache/B8910B9F4350E208/12/07,11,2026-07-04T17:18:54+00:00
/mnt/d/Music,iTunes/Album Artwork/Cache/B8910B9F4350E208/12/08,/mnt/d/Music/iTunes/Album Artwork/Cache/B8910B9F4350E208/12/08,/mnt/d/Music/iTunes/Album Artwork/Cache/B8910B9F4350E208/12,08,2026-07-04T17:18:54+00:00
/mnt/d/Music,iTunes/Album Artwork/Cache/B8910B9F4350E208/12/08/01,/mnt/d/Music/iTunes/Album Artwork/Cache/B8910B9F4350E208/12/08/01,/mnt/d/Music/iTunes/Album Artwork/Cache/B8910B9F4350E208/12/08,01,2026-07-04T17:18:54+00:00
/mnt/d/Music,iTunes/Album Artwork/Cache/B8910B9F4350E208/12/08/05,/mnt/d/Music/iTunes/Album Artwork/Cache/B8910B9F4350E208/12/08/05,/mnt/d/Music/iTunes/Album Artwork/Cache/B8910B9F4350E208/12/08,05,2026-07-04T17:18:54+00:00
/mnt/d/Music,iTunes/Album Artwork/Cache/B8910B9F4350E208/12/09,/mnt/d/Music/iTunes/Album Artwork/Cache/B8910B9F4350E208/12/09,/mnt/d/Music/iTunes/Album Artwork/Cache/B8910B9F4350E208/12,09,2026-07-04T17:18:54+00:00
/mnt/d/Music,iTunes/Album Artwork/Cache/B8910B9F4350E208/12/09/04,/mnt/d/Music/iTunes/Album Artwork/Cache/B8910B9F4350E208/12/09/04,/mnt/d/Music/iTunes/Album Artwork/Cache/B8910B9F4350E208/12/09,04,2026-07-04T17:18:54+00:00
/mnt/d/Music,iTunes/Album Artwork/Cache/B8910B9F4350E208/12/10,/mnt/d/Music/iTunes/Album Artwork/Cache/B8910B9F4350E208/12/10,/mnt/d/Music/iTunes/Album Artwork/Cache/B8910B9F4350E208/12,10,2026-07-04T17:18:54+00:00
/mnt/d/Music,iTunes/Album Artwork/Cache/B8910B9F4350E208/12/10/01,/mnt/d/Music/iTunes/Album Artwork/Cache/B8910B9F4350E208/12/10/01,/mnt/d/Music/iTunes/Album Artwork/Cache/B8910B9F4350E208/12/10,01,2026-07-04T17:18:54+00:00
/mnt/d/Music,iTunes/Album Artwork/Cache/B8910B9F4350E208/12/10/03,/mnt/d/Music/iTunes/Album Artwork/Cache/B8910B9F4350E208/12/10/03,/mnt/d/Music/iTunes/Album Artwork/Cache/B8910B9F4350E208/12/10,03,2026-07-04T17:18:54+00:00
/mnt/d/Music,iTunes/Album Artwork/Cache/B8910B9F4350E208/12/10/13,/mnt/d/Music/iTunes/Album Artwork/Cache/B8910B9F4350E208/12/10/13,/mnt/d/Music/iTunes/Album Artwork/Cache/B8910B9F4350E208/12/10,13,2026-07-04T17:18:54+00:00
/mnt/d/Music,iTunes/Album Artwork/Cache/B8910B9F4350E208/12/11,/mnt/d/Music/iTunes/Album Artwork/Cache/B8910B9F4350E208/12/11,/mnt/d/Music/iTunes/Album Artwork/Cache/B8910B9F4350E208/12,11,2026-07-04T17:18:54+00:00
/mnt/d/Music,iTunes/Album Artwork/Cache/B8910B9F4350E208/12/11/03,/mnt/d/Music/iTunes/Album Artwork/Cache/B8910B9F4350E208/12/11/03,/mnt/d/Music/iTunes/Album Artwork/Cache/B8910B9F4350E208/12/11,03,2026-07-04T17:18:54+00:00
/mnt/d/Music,iTunes/Album Artwork/Cache/B8910B9F4350E208/12/11/05,/mnt/d/Music/iTunes/Album Artwork/Cache/B8910B9F4350E208/12/11/05,/mnt/d/Music/iTunes/Album Artwork/Cache/B8910B9F4350E208/12/11,05,2026-07-04T17:18:54+00:00
/mnt/d/Music,iTunes/Album Artwork/Cache/B8910B9F4350E208/12/11/12,/mnt/d/Music/iTunes/Album Artwork/Cache/B8910B9F4350E208/12/11/12,/mnt/d/Music/iTunes/Album Artwork/Cache/B8910B9F4350E208/12/11,12,2026-07-04T17:18:54+00:00
/mnt/d/Music,iTunes/Album Artwork/Cache/B8910B9F4350E208/12/13,/mnt/d/Music/iTunes/Album Artwork/Cache/B8910B9F4350E208/12/13,/mnt/d/Music/iTunes/Album Artwork/Cache/B8910B9F4350E208/12,13,2026-07-04T17:18:54+00:00
/mnt/d/Music,iTunes/Album Artwork/Cache/B8910B9F4350E208/12/13/02,/mnt/d/Music/iTunes/Album Artwork/Cache/B8910B9F4350E208/12/13/02,/mnt/d/Music/iTunes/Album Artwork/Cache/B8910B9F4350E208/12/13,02,2026-07-04T17:18:54+00:00
/mnt/d/Music,iTunes/Album Artwork/Cache/B8910B9F4350E208/12/13/03,/mnt/d/Music/iTunes/Album Artwork/Cache/B8910B9F4350E208/12/13/03,/mnt/d/Music/iTunes/Album Artwork/Cache/B8910B9F4350E208/12/13,03,2026-07-04T17:18:54+00:00
/mnt/d/Music,iTunes/Album Artwork/Cache/B8910B9F4350E208/12/14,/mnt/d/Music/iTunes/Album Artwork/Cache/B8910B9F4350E208/12/14,/mnt/d/Music/iTunes/Album Artwork/Cache/B8910B9F4350E208/12,14,2026-07-04T17:18:54+00:00
/mnt/d/Music,iTunes/Album Artwork/Cache/B8910B9F4350E208/12/14/04,/mnt/d/Music/iTunes/Album Artwork/Cache/B8910B9F4350E208/12/14/04,/mnt/d/Music/iTunes/Album Artwork/Cache/B8910B9F4350E208/12/14,04,2026-07-04T17:18:54+00:00
/mnt/d/Music,iTunes/Album Artwork/Cache/B8910B9F4350E208/12/14/05,/mnt/d/Music/iTunes/Album Artwork/Cache/B8910B9F4350E208/12/14/05,/mnt/d/Music/iTunes/Album Artwork/Cache/B8910B9F4350E208/12/14,05,2026-07-04T17:18:54+00:00
/mnt/d/Music,iTunes/Album Artwork/Cache/B8910B9F4350E208/13,/mnt/d/Music/iTunes/Album Artwork/Cache/B8910B9F4350E208/13,/mnt/d/Music/iTunes/Album Artwork/Cache/B8910B9F4350E208,13,2026-07-04T17:18:54+00:00
/mnt/d/Music,iTunes/Album Artwork/Cache/B8910B9F4350E208/13/00,/mnt/d/Music/iTunes/Album Artwork/Cache/B8910B9F4350E208/13/00,/mnt/d/Music/iTunes/Album Artwork/Cache/B8910B9F4350E208/13,00,2026-07-04T17:18:54+00:00
/mnt/d/Music,iTunes/Album Artwork/Cache/B8910B9F4350E208/13/00/02,/mnt/d/Music/iTunes/Album Artwork/Cache/B8910B9F4350E208/13/00/02,/mnt/d/Music/iTunes/Album Artwork/Cache/B8910B9F4350E208/13/00,02,2026-07-04T17:18:54+00:00
/mnt/d/Music,iTunes/Album Artwork/Cache/B8910B9F4350E208/13/00/04,/mnt/d/Music/iTunes/Album Artwork/Cache/B8910B9F4350E208/13/00/04,/mnt/d/Music/iTunes/Album Artwork/Cache/B8910B9F4350E208/13/00,04,2026-07-04T17:18:54+00:00
/mnt/d/Music,iTunes/Album Artwork/Cache/B8910B9F4350E208/13/00/10,/mnt/d/Music/iTunes/Album Artwork/Cache/B8910B9F4350E208/13/00/10,/mnt/d/Music/iTunes/Album Artwork/Cache/B8910B9F4350E208/13/00,10,2026-07-04T17:18:54+00:00
/mnt/d/Music,iTunes/Album Artwork/Cache/B8910B9F4350E208/13/01,/mnt/d/Music/iTunes/Album Artwork/Cache/B8910B9F4350E208/13/01,/mnt/d/Music/iTunes/Album Artwork/Cache/B8910B9F4350E208/13,01,2026-07-04T17:18:54+00:00
/mnt/d/Music,iTunes/Album Artwork/Cache/B8910B9F4350E208/13/01/01,/mnt/d/Music/iTunes/Album Artwork/Cache/B8910B9F4350E208/13/01/01,/mnt/d/Music/iTunes/Album Artwork/Cache/B8910B9F4350E208/13/01,01,2026-07-04T17:18:54+00:00
/mnt/d/Music,iTunes/Album Artwork/Cache/B8910B9F4350E208/13/02,/mnt/d/Music/iTunes/Album Artwork/Cache/B8910B9F4350E208/13/02,/mnt/d/Music/iTunes/Album Artwork/Cache/B8910B9F4350E208/13,02,2026-07-04T17:18:54+00:00
/mnt/d/Music,iTunes/Album Artwork/Cache/B8910B9F4350E208/13/02/05,/mnt/d/Music/iTunes/Album Artwork/Cache/B8910B9F4350E208/13/02/05,/mnt/d/Music/iTunes/Album Artwork/Cache/B8910B9F4350E208/13/02,05,2026-07-04T17:18:54+00:00
/mnt/d/Music,iTunes/Album Artwork/Cache/B8910B9F4350E208/13/03,/mnt/d/Music/iTunes/Album Artwork/Cache/B8910B9F4350E208/13/03,/mnt/d/Music/iTunes/Album Artwork/Cache/B8910B9F4350E208/13,03,2026-07-04T17:18:54+00:00
/mnt/d/Music,iTunes/Album Artwork/Cache/B8910B9F4350E208/13/03/03,/mnt/d/Music/iTunes/Album Artwork/Cache/B8910B9F4350E208/13/03/03,/mnt/d/Music/iTunes/Album Artwork/Cache/B8910B9F4350E208/13/03,03,2026-07-04T17:18:54+00:00
/mnt/d/Music,iTunes/Album Artwork/Cache/B8910B9F4350E208/13/03/04,/mnt/d/Music/iTunes/Album Artwork/Cache/B8910B9F4350E208/13/03/04,/mnt/d/Music/iTunes/Album Artwork/Cache/B8910B9F4350E208/13/03,04,2026-07-04T17:18:54+00:00
/mnt/d/Music,iTunes/Album Artwork/Cache/B8910B9F4350E208/13/06,/mnt/d/Music/iTunes/Album Artwork/Cache/B8910B9F4350E208/13/06,/mnt/d/Music/iTunes/Album Artwork/Cache/B8910B9F4350E208/13,06,2026-07-04T17:18:54+00:00
/mnt/d/Music,iTunes/Album Artwork/Cache/B8910B9F4350E208/13/06/03,/mnt/d/Music/iTunes/Album Artwork/Cache/B8910B9F4350E208/13/06/03,/mnt/d/Music/iTunes/Album Artwork/Cache/B8910B9F4350E208/13/06,03,2026-07-04T17:18:54+00:00
/mnt/d/Music,iTunes/Album Artwork/Cache/B8910B9F4350E208/13/06/04,/mnt/d/Music/iTunes/Album Artwork/Cache/B8910B9F4350E208/13/06/04,/mnt/d/Music/iTunes/Album Artwork/Cache/B8910B9F4350E208/13/06,04,2026-07-04T17:18:53+00:00
/mnt/d/Music,iTunes/Album Artwork/Cache/B8910B9F4350E208/13/07,/mnt/d/Music/iTunes/Album Artwork/Cache/B8910B9F4350E208/13/07,/mnt/d/Music/iTunes/Album Artwork/Cache/B8910B9F4350E208/13,07,2026-07-04T17:18:53+00:00
/mnt/d/Music,iTunes/Album Artwork/Cache/B8910B9F4350E208/13/07/03,/mnt/d/Music/iTunes/Album Artwork/Cache/B8910B9F4350E208/13/07/03,/mnt/d/Music/iTunes/Album Artwork/Cache/B8910B9F4350E208/13/07,03,2026-07-04T17:18:53+00:00
/mnt/d/Music,iTunes/Album Artwork/Cache/B8910B9F4350E208/13/08,/mnt/d/Music/iTunes/Album Artwork/Cache/B8910B9F4350E208/13/08,/mnt/d/Music/iTunes/Album Artwork/Cache/B8910B9F4350E208/13,08,2026-07-04T17:18:53+00:00
/mnt/d/Music,iTunes/Album Artwork/Cache/B8910B9F4350E208/13/08/01,/mnt/d/Music/iTunes/Album Artwork/Cache/B8910B9F4350E208/13/08/01,/mnt/d/Music/iTunes/Album Artwork/Cache/B8910B9F4350E208/13/08,01,2026-07-04T17:18:53+00:00
/mnt/d/Music,iTunes/Album Artwork/Cache/B8910B9F4350E208/13/08/08,/mnt/d/Music/iTunes/Album Artwork/Cache/B8910B9F4350E208/13/08/08,/mnt/d/Music/iTunes/Album Artwork/Cache/B8910B9F4350E208/13/08,08,2009-01-18T16:50:52+00:00
/mnt/d/Music,iTunes/Album Artwork/Cache/B8910B9F4350E208/13/09,/mnt/d/Music/iTunes/Album Artwork/Cache/B8910B9F4350E208/13/09,/mnt/d/Music/iTunes/Album Artwork/Cache/B8910B9F4350E208/13,09,2026-07-04T17:18:53+00:00
/mnt/d/Music,iTunes/Album Artwork/Cache/B8910B9F4350E208/13/09/07,/mnt/d/Music/iTunes/Album Artwork/Cache/B8910B9F4350E208/13/09/07,/mnt/d/Music/iTunes/Album Artwork/Cache/B8910B9F4350E208/13/09,07,2026-07-04T17:18:53+00:00
/mnt/d/Music,iTunes/Album Artwork/Cache/B8910B9F4350E208/13/11,/mnt/d/Music/iTunes/Album Artwork/Cache/B8910B9F4350E208/13/11,/mnt/d/Music/iTunes/Album Artwork/Cache/B8910B9F4350E208/13,11,2026-07-04T17:18:53+00:00
/mnt/d/Music,iTunes/Album Artwork/Cache/B8910B9F4350E208/13/11/08,/mnt/d/Music/iTunes/Album Artwork/Cache/B8910B9F4350E208/13/11/08,/mnt/d/Music/iTunes/Album Artwork/Cache/B8910B9F4350E208/13/11,08,2026-07-04T17:18:53+00:00
/mnt/d/Music,iTunes/Album Artwork/Cache/B8910B9F4350E208/13/12,/mnt/d/Music/iTunes/Album Artwork/Cache/B8910B9F4350E208/13/12,/mnt/d/Music/iTunes/Album Artwork/Cache/B8910B9F4350E208/13,12,2026-07-04T17:18:53+00:00
/mnt/d/Music,iTunes/Album Artwork/Cache/B8910B9F4350E208/13/12/01,/mnt/d/Music/iTunes/Album Artwork/Cache/B8910B9F4350E208/13/12/01,/mnt/d/Music/iTunes/Album Artwork/Cache/B8910B9F4350E208/13/12,01,2026-07-04T17:18:53+00:00
/mnt/d/Music,iTunes/Album Artwork/Cache/B8910B9F4350E208/13/13,/mnt/d/Music/iTunes/Album Artwork/Cache/B8910B9F4350E208/13/13,/mnt/d/Music/iTunes/Album Artwork/Cache/B8910B9F4350E208/13,13,2026-07-04T17:18:53+00:00
/mnt/d/Music,iTunes/Album Artwork/Cache/B8910B9F4350E208/13/13/02,/mnt/d/Music/iTunes/Album Artwork/Cache/B8910B9F4350E208/13/13/02,/mnt/d/Music/iTunes/Album Artwork/Cache/B8910B9F4350E208/13/13,02,2026-07-04T17:18:53+00:00
/mnt/d/Music,iTunes/Album Artwork/Cache/B8910B9F4350E208/13/13/04,/mnt/d/Music/iTunes/Album Artwork/Cache/B8910B9F4350E208/13/13/04,/mnt/d/Music/iTunes/Album Artwork/Cache/B8910B9F4350E208/13/13,04,2026-07-04T17:18:53+00:00
/mnt/d/Music,iTunes/Album Artwork/Cache/B8910B9F4350E208/13/14,/mnt/d/Music/iTunes/Album Artwork/Cache/B8910B9F4350E208/13/14,/mnt/d/Music/iTunes/Album Artwork/Cache/B8910B9F4350E208/13,14,2026-07-04T17:18:53+00:00
/mnt/d/Music,iTunes/Album Artwork/Cache/B8910B9F4350E208/13/14/02,/mnt/d/Music/iTunes/Album Artwork/Cache/B8910B9F4350E208/13/14/02,/mnt/d/Music/iTunes/Album Artwork/Cache/B8910B9F4350E208/13/14,02,2026-07-04T17:18:53+00:00
/mnt/d/Music,iTunes/Album Artwork/Cache/B8910B9F4350E208/13/14/03,/mnt/d/Music/iTunes/Album Artwork/Cache/B8910B9F4350E208/13/14/03,/mnt/d/Music/iTunes/Album Artwork/Cache/B8910B9F4350E208/13/14,03,2026-07-04T17:18:53+00:00
/mnt/d/Music,iTunes/Album Artwork/Cache/B8910B9F4350E208/13/15,/mnt/d/Music/iTunes/Album Artwork/Cache/B8910B9F4350E208/13/15,/mnt/d/Music/iTunes/Album Artwork/Cache/B8910B9F4350E208/13,15,2026-07-04T17:18:53+00:00
/mnt/d/Music,iTunes/Album Artwork/Cache/B8910B9F4350E208/13/15/03,/mnt/d/Music/iTunes/Album Artwork/Cache/B8910B9F4350E208/13/15/03,/mnt/d/Music/iTunes/Album Artwork/Cache/B8910B9F4350E208/13/15,03,2026-07-04T17:18:53+00:00
/mnt/d/Music,iTunes/Album Artwork/Cache/B8910B9F4350E208/13/15/04,/mnt/d/Music/iTunes/Album Artwork/Cache/B8910B9F4350E208/13/15/04,/mnt/d/Music/iTunes/Album Artwork/Cache/B8910B9F4350E208/13/15,04,2026-07-04T17:18:53+00:00
/mnt/d/Music,iTunes/Album Artwork/Cache/B8910B9F4350E208/14,/mnt/d/Music/iTunes/Album Artwork/Cache/B8910B9F4350E208/14,/mnt/d/Music/iTunes/Album Artwork/Cache/B8910B9F4350E208,14,2026-07-04T17:18:53+00:00
/mnt/d/Music,iTunes/Album Artwork/Cache/B8910B9F4350E208/14/00,/mnt/d/Music/iTunes/Album Artwork/Cache/B8910B9F4350E208/14/00,/mnt/d/Music/iTunes/Album Artwork/Cache/B8910B9F4350E208/14,00,2026-07-04T17:18:53+00:00
/mnt/d/Music,iTunes/Album Artwork/Cache/B8910B9F4350E208/14/00/11,/mnt/d/Music/iTunes/Album Artwork/Cache/B8910B9F4350E208/14/00/11,/mnt/d/Music/iTunes/Album Artwork/Cache/B8910B9F4350E208/14/00,11,2026-07-04T17:18:53+00:00
/mnt/d/Music,iTunes/Album Artwork/Cache/B8910B9F4350E208/14/01,/mnt/d/Music/iTunes/Album Artwork/Cache/B8910B9F4350E208/14/01,/mnt/d/Music/iTunes/Album Artwork/Cache/B8910B9F4350E208/14,01,2026-07-04T17:18:53+00:00
/mnt/d/Music,iTunes/Album Artwork/Cache/B8910B9F4350E208/14/01/13,/mnt/d/Music/iTunes/Album Artwork/Cache/B8910B9F4350E208/14/01/13,/mnt/d/Music/iTunes/Album Artwork/Cache/B8910B9F4350E208/14/01,13,2026-07-04T17:18:53+00:00
/mnt/d/Music,iTunes/Album Artwork/Cache/B8910B9F4350E208/14/01/14,/mnt/d/Music/iTunes/Album Artwork/Cache/B8910B9F4350E208/14/01/14,/mnt/d/Music/iTunes/Album Artwork/Cache/B8910B9F4350E208/14/01,14,2026-07-04T17:18:53+00:00
/mnt/d/Music,iTunes/Album Artwork/Cache/B8910B9F4350E208/14/02,/mnt/d/Music/iTunes/Album Artwork/Cache/B8910B9F4350E208/14/02,/mnt/d/Music/iTunes/Album Artwork/Cache/B8910B9F4350E208/14,02,2026-07-04T17:18:53+00:00
/mnt/d/Music,iTunes/Album Artwork/Cache/B8910B9F4350E208/14/02/00,/mnt/d/Music/iTunes/Album Artwork/Cache/B8910B9F4350E208/14/02/00,/mnt/d/Music/iTunes/Album Artwork/Cache/B8910B9F4350E208/14/02,00,2026-07-04T17:18:53+00:00
/mnt/d/Music,iTunes/Album Artwork/Cache/B8910B9F4350E208/14/03,/mnt/d/Music/iTunes/Album Artwork/Cache/B8910B9F4350E208/14/03,/mnt/d/Music/iTunes/Album Artwork/Cache/B8910B9F4350E208/14,03,2026-07-04T17:18:53+00:00
/mnt/d/Music,iTunes/Album Artwork/Cache/B8910B9F4350E208/14/03/02,/mnt/d/Music/iTunes/Album Artwork/Cache/B8910B9F4350E208/14/03/02,/mnt/d/Music/iTunes/Album Artwork/Cache/B8910B9F4350E208/14/03,02,2009-01-18T16:50:52+00:00
/mnt/d/Music,iTunes/Album Artwork/Cache/B8910B9F4350E208/14/03/03,/mnt/d/Music/iTunes/Album Artwork/Cache/B8910B9F4350E208/14/03/03,/mnt/d/Music/iTunes/Album Artwork/Cache/B8910B9F4350E208/14/03,03,2026-07-04T17:18:53+00:00
/mnt/d/Music,iTunes/Album Artwork/Cache/B8910B9F4350E208/14/03/05,/mnt/d/Music/iTunes/Album Artwork/Cache/B8910B9F4350E208/14/03/05,/mnt/d/Music/iTunes/Album Artwork/Cache/B8910B9F4350E208/14/03,05,2026-07-04T17:18:53+00:00
/mnt/d/Music,iTunes/Album Artwork/Cache/B8910B9F4350E208/14/04,/mnt/d/Music/iTunes/Album Artwork/Cache/B8910B9F4350E208/14/04,/mnt/d/Music/iTunes/Album Artwork/Cache/B8910B9F4350E208/14,04,2026-07-04T17:18:53+00:00
/mnt/d/Music,iTunes/Album Artwork/Cache/B8910B9F4350E208/14/04/03,/mnt/d/Music/iTunes/Album Artwork/Cache/B8910B9F4350E208/14/04/03,/mnt/d/Music/iTunes/Album Artwork/Cache/B8910B9F4350E208/14/04,03,2026-07-04T17:18:53+00:00
/mnt/d/Music,iTunes/Album Artwork/Cache/B8910B9F4350E208/14/04/11,/mnt/d/Music/iTunes/Album Artwork/Cache/B8910B9F4350E208/14/04/11,/mnt/d/Music/iTunes/Album Artwork/Cache/B8910B9F4350E208/14/04,11,2026-07-04T17:18:53+00:00
/mnt/d/Music,iTunes/Album Artwork/Cache/B8910B9F4350E208/14/07,/mnt/d/Music/iTunes/Album Artwork/Cache/B8910B9F4350E208/14/07,/mnt/d/Music/iTunes/Album Artwork/Cache/B8910B9F4350E208/14,07,2026-07-04T17:18:53+00:00
/mnt/d/Music,iTunes/Album Artwork/Cache/B8910B9F4350E208/14/07/01,/mnt/d/Music/iTunes/Album Artwork/Cache/B8910B9F4350E208/14/07/01,/mnt/d/Music/iTunes/Album Artwork/Cache/B8910B9F4350E208/14/07,01,2026-07-04T17:18:53+00:00
/mnt/d/Music,iTunes/Album Artwork/Cache/B8910B9F4350E208/14/07/04,/mnt/d/Music/iTunes/Album Artwork/Cache/B8910B9F4350E208/14/07/04,/mnt/d/Music/iTunes/Album Artwork/Cache/B8910B9F4350E208/14/07,04,2026-07-04T17:18:53+00:00
/mnt/d/Music,iTunes/Album Artwork/Cache/B8910B9F4350E208/14/08,/mnt/d/Music/iTunes/Album Artwork/Cache/B8910B9F4350E208/14/08,/mnt/d/Music/iTunes/Album Artwork/Cache/B8910B9F4350E208/14,08,2026-07-04T17:18:53+00:00
/mnt/d/Music,iTunes/Album Artwork/Cache/B8910B9F4350E208/14/08/03,/mnt/d/Music/iTunes/Album Artwork/Cache/B8910B9F4350E208/14/08/03,/mnt/d/Music/iTunes/Album Artwork/Cache/B8910B9F4350E208/14/08,03,2026-07-04T17:18:53+00:00
/mnt/d/Music,iTunes/Album Artwork/Cache/B8910B9F4350E208/14/09,/mnt/d/Music/iTunes/Album Artwork/Cache/B8910B9F4350E208/14/09,/mnt/d/Music/iTunes/Album Artwork/Cache/B8910B9F4350E208/14,09,2026-07-04T17:18:53+00:00
/mnt/d/Music,iTunes/Album Artwork/Cache/B8910B9F4350E208/14/09/08,/mnt/d/Music/iTunes/Album Artwork/Cache/B8910B9F4350E208/14/09/08,/mnt/d/Music/iTunes/Album Artwork/Cache/B8910B9F4350E208/14/09,08,2026-07-04T17:18:53+00:00
/mnt/d/Music,iTunes/Album Artwork/Cache/B8910B9F4350E208/14/10,/mnt/d/Music/iTunes/Album Artwork/Cache/B8910B9F4350E208/14/10,/mnt/d/Music/iTunes/Album Artwork/Cache/B8910B9F4350E208/14,10,2026-07-04T17:18:53+00:00
/mnt/d/Music,iTunes/Album Artwork/Cache/B8910B9F4350E208/14/10/04,/mnt/d/Music/iTunes/Album Artwork/Cache/B8910B9F4350E208/14/10/04,/mnt/d/Music/iTunes/Album Artwork/Cache/B8910B9F4350E208/14/10,04,2026-07-04T17:18:53+00:00
/mnt/d/Music,iTunes/Album Artwork/Cache/B8910B9F4350E208/14/11,/mnt/d/Music/iTunes/Album Artwork/Cache/B8910B9F4350E208/14/11,/mnt/d/Music/iTunes/Album Artwork/Cache/B8910B9F4350E208/14,11,2026-07-04T17:18:53+00:00
/mnt/d/Music,iTunes/Album Artwork/Cache/B8910B9F4350E208/14/11/03,/mnt/d/Music/iTunes/Album Artwork/Cache/B8910B9F4350E208/14/11/03,/mnt/d/Music/iTunes/Album Artwork/Cache/B8910B9F4350E208/14/11,03,2026-07-04T17:18:53+00:00
/mnt/d/Music,iTunes/Album Artwork/Cache/B8910B9F4350E208/14/11/14,/mnt/d/Music/iTunes/Album Artwork/Cache/B8910B9F4350E208/14/11/14,/mnt/d/Music/iTunes/Album Artwork/Cache/B8910B9F4350E208/14/11,14,2026-07-04T17:18:53+00:00
/mnt/d/Music,iTunes/Album Artwork/Cache/B8910B9F4350E208/14/12,/mnt/d/Music/iTunes/Album Artwork/Cache/B8910B9F4350E208/14/12,/mnt/d/Music/iTunes/Album Artwork/Cache/B8910B9F4350E208/14,12,2026-07-04T17:18:53+00:00
/mnt/d/Music,iTunes/Album Artwork/Cache/B8910B9F4350E208/14/12/00,/mnt/d/Music/iTunes/Album Artwork/Cache/B8910B9F4350E208/14/12/00,/mnt/d/Music/iTunes/Album Artwork/Cache/B8910B9F4350E208/14/12,00,2026-07-04T17:18:53+00:00
/mnt/d/Music,iTunes/Album Artwork/Cache/B8910B9F4350E208/14/12/04,/mnt/d/Music/iTunes/Album Artwork/Cache/B8910B9F4350E208/14/12/04,/mnt/d/Music/iTunes/Album Artwork/Cache/B8910B9F4350E208/14/12,04,2026-07-04T17:18:53+00:00
/mnt/d/Music,iTunes/Album Artwork/Cache/B8910B9F4350E208/14/12/07,/mnt/d/Music/iTunes/Album Artwork/Cache/B8910B9F4350E208/14/12/07,/mnt/d/Music/iTunes/Album Artwork/Cache/B8910B9F4350E208/14/12,07,2026-07-04T17:18:53+00:00
/mnt/d/Music,iTunes/Album Artwork/Cache/B8910B9F4350E208/14/12/13,/mnt/d/Music/iTunes/Album Artwork/Cache/B8910B9F4350E208/14/12/13,/mnt/d/Music/iTunes/Album Artwork/Cache/B8910B9F4350E208/14/12,13,2026-07-04T17:18:53+00:00
/mnt/d/Music,iTunes/Album Artwork/Cache/B8910B9F4350E208/14/13,/mnt/d/Music/iTunes/Album Artwork/Cache/B8910B9F4350E208/14/13,/mnt/d/Music/iTunes/Album Artwork/Cache/B8910B9F4350E208/14,13,2026-07-04T17:18:53+00:00
/mnt/d/Music,iTunes/Album Artwork/Cache/B8910B9F4350E208/14/13/03,/mnt/d/Music/iTunes/Album Artwork/Cache/B8910B9F4350E208/14/13/03,/mnt/d/Music/iTunes/Album Artwork/Cache/B8910B9F4350E208/14/13,03,2026-07-04T17:18:53+00:00
/mnt/d/Music,iTunes/Album Artwork/Cache/B8910B9F4350E208/14/14,/mnt/d/Music/iTunes/Album Artwork/Cache/B8910B9F4350E208/14/14,/mnt/d/Music/iTunes/Album Artwork/Cache/B8910B9F4350E208/14,14,2026-07-04T17:18:53+00:00
/mnt/d/Music,iTunes/Album Artwork/Cache/B8910B9F4350E208/14/14/00,/mnt/d/Music/iTunes/Album Artwork/Cache/B8910B9F4350E208/14/14/00,/mnt/d/Music/iTunes/Album Artwork/Cache/B8910B9F4350E208/14/14,00,2026-07-04T17:18:53+00:00
/mnt/d/Music,iTunes/Album Artwork/Cache/B8910B9F4350E208/14/14/03,/mnt/d/Music/iTunes/Album Artwork/Cache/B8910B9F4350E208/14/14/03,/mnt/d/Music/iTunes/Album Artwork/Cache/B8910B9F4350E208/14/14,03,2026-07-04T17:18:53+00:00
/mnt/d/Music,iTunes/Album Artwork/Cache/B8910B9F4350E208/14/15,/mnt/d/Music/iTunes/Album Artwork/Cache/B8910B9F4350E208/14/15,/mnt/d/Music/iTunes/Album Artwork/Cache/B8910B9F4350E208/14,15,2026-07-04T17:18:53+00:00
/mnt/d/Music,iTunes/Album Artwork/Cache/B8910B9F4350E208/14/15/13,/mnt/d/Music/iTunes/Album Artwork/Cache/B8910B9F4350E208/14/15/13,/mnt/d/Music/iTunes/Album Artwork/Cache/B8910B9F4350E208/14/15,13,2026-07-04T17:18:53+00:00
/mnt/d/Music,iTunes/Album Artwork/Cache/B8910B9F4350E208/14/15/14,/mnt/d/Music/iTunes/Album Artwork/Cache/B8910B9F4350E208/14/15/14,/mnt/d/Music/iTunes/Album Artwork/Cache/B8910B9F4350E208/14/15,14,2026-07-04T17:18:53+00:00
/mnt/d/Music,iTunes/Album Artwork/Cache/B8910B9F4350E208/15,/mnt/d/Music/iTunes/Album Artwork/Cache/B8910B9F4350E208/15,/mnt/d/Music/iTunes/Album Artwork/Cache/B8910B9F4350E208,15,2026-07-04T17:18:53+00:00
/mnt/d/Music,iTunes/Album Artwork/Cache/B8910B9F4350E208/15/00,/mnt/d/Music/iTunes/Album Artwork/Cache/B8910B9F4350E208/15/00,/mnt/d/Music/iTunes/Album Artwork/Cache/B8910B9F4350E208/15,00,2026-07-04T17:18:53+00:00
/mnt/d/Music,iTunes/Album Artwork/Cache/B8910B9F4350E208/15/00/02,/mnt/d/Music/iTunes/Album Artwork/Cache/B8910B9F4350E208/15/00/02,/mnt/d/Music/iTunes/Album Artwork/Cache/B8910B9F4350E208/15/00,02,2026-07-04T17:18:53+00:00
/mnt/d/Music,iTunes/Album Artwork/Cache/B8910B9F4350E208/15/00/05,/mnt/d/Music/iTunes/Album Artwork/Cache/B8910B9F4350E208/15/00/05,/mnt/d/Music/iTunes/Album Artwork/Cache/B8910B9F4350E208/15/00,05,2026-07-04T17:18:53+00:00
/mnt/d/Music,iTunes/Album Artwork/Cache/B8910B9F4350E208/15/01,/mnt/d/Music/iTunes/Album Artwork/Cache/B8910B9F4350E208/15/01,/mnt/d/Music/iTunes/Album Artwork/Cache/B8910B9F4350E208/15,01,2026-07-04T17:18:53+00:00
/mnt/d/Music,iTunes/Album Artwork/Cache/B8910B9F4350E208/15/01/04,/mnt/d/Music/iTunes/Album Artwork/Cache/B8910B9F4350E208/15/01/04,/mnt/d/Music/iTunes/Album Artwork/Cache/B8910B9F4350E208/15/01,04,2026-07-04T17:18:53+00:00
/mnt/d/Music,iTunes/Album Artwork/Cache/B8910B9F4350E208/15/01/05,/mnt/d/Music/iTunes/Album Artwork/Cache/B8910B9F4350E208/15/01/05,/mnt/d/Music/iTunes/Album Artwork/Cache/B8910B9F4350E208/15/01,05,2026-07-04T17:18:53+00:00
/mnt/d/Music,iTunes/Album Artwork/Cache/B8910B9F4350E208/15/01/13,/mnt/d/Music/iTunes/Album Artwork/Cache/B8910B9F4350E208/15/01/13,/mnt/d/Music/iTunes/Album Artwork/Cache/B8910B9F4350E208/15/01,13,2026-07-04T17:18:53+00:00
/mnt/d/Music,iTunes/Album Artwork/Cache/B8910B9F4350E208/15/02,/mnt/d/Music/iTunes/Album Artwork/Cache/B8910B9F4350E208/15/02,/mnt/d/Music/iTunes/Album Artwork/Cache/B8910B9F4350E208/15,02,2026-07-04T17:18:53+00:00
/mnt/d/Music,iTunes/Album Artwork/Cache/B8910B9F4350E208/15/02/03,/mnt/d/Music/iTunes/Album Artwork/Cache/B8910B9F4350E208/15/02/03,/mnt/d/Music/iTunes/Album Artwork/Cache/B8910B9F4350E208/15/02,03,2026-07-04T17:18:53+00:00
/mnt/d/Music,iTunes/Album Artwork/Cache/B8910B9F4350E208/15/02/04,/mnt/d/Music/iTunes/Album Artwork/Cache/B8910B9F4350E208/15/02/04,/mnt/d/Music/iTunes/Album Artwork/Cache/B8910B9F4350E208/15/02,04,2026-07-04T17:18:53+00:00
/mnt/d/Music,iTunes/Album Artwork/Cache/B8910B9F4350E208/15/02/15,/mnt/d/Music/iTunes/Album Artwork/Cache/B8910B9F4350E208/15/02/15,/mnt/d/Music/iTunes/Album Artwork/Cache/B8910B9F4350E208/15/02,15,2026-07-04T17:18:53+00:00
/mnt/d/Music,iTunes/Album Artwork/Cache/B8910B9F4350E208/15/03,/mnt/d/Music/iTunes/Album Artwork/Cache/B8910B9F4350E208/15/03,/mnt/d/Music/iTunes/Album Artwork/Cache/B8910B9F4350E208/15,03,2026-07-04T17:18:53+00:00
/mnt/d/Music,iTunes/Album Artwork/Cache/B8910B9F4350E208/15/03/15,/mnt/d/Music/iTunes/Album Artwork/Cache/B8910B9F4350E208/15/03/15,/mnt/d/Music/iTunes/Album Artwork/Cache/B8910B9F4350E208/15/03,15,2026-07-04T17:18:53+00:00
/mnt/d/Music,iTunes/Album Artwork/Cache/B8910B9F4350E208/15/05,/mnt/d/Music/iTunes/Album Artwork/Cache/B8910B9F4350E208/15/05,/mnt/d/Music/iTunes/Album Artwork/Cache/B8910B9F4350E208/15,05,2026-07-04T17:18:53+00:00
/mnt/d/Music,iTunes/Album Artwork/Cache/B8910B9F4350E208/15/05/03,/mnt/d/Music/iTunes/Album Artwork/Cache/B8910B9F4350E208/15/05/03,/mnt/d/Music/iTunes/Album Artwork/Cache/B8910B9F4350E208/15/05,03,2026-07-04T17:18:53+00:00
/mnt/d/Music,iTunes/Album Artwork/Cache/B8910B9F4350E208/15/05/04,/mnt/d/Music/iTunes/Album Artwork/Cache/B8910B9F4350E208/15/05/04,/mnt/d/Music/iTunes/Album Artwork/Cache/B8910B9F4350E208/15/05,04,2026-07-04T17:18:53+00:00
/mnt/d/Music,iTunes/Album Artwork/Cache/B8910B9F4350E208/15/05/15,/mnt/d/Music/iTunes/Album Artwork/Cache/B8910B9F4350E208/15/05/15,/mnt/d/Music/iTunes/Album Artwork/Cache/B8910B9F4350E208/15/05,15,2026-07-04T17:18:53+00:00
/mnt/d/Music,iTunes/Album Artwork/Cache/B8910B9F4350E208/15/06,/mnt/d/Music/iTunes/Album Artwork/Cache/B8910B9F4350E208/15/06,/mnt/d/Music/iTunes/Album Artwork/Cache/B8910B9F4350E208/15,06,2026-07-04T17:18:53+00:00
/mnt/d/Music,iTunes/Album Artwork/Cache/B8910B9F4350E208/15/06/02,/mnt/d/Music/iTunes/Album Artwork/Cache/B8910B9F4350E208/15/06/02,/mnt/d/Music/iTunes/Album Artwork/Cache/B8910B9F4350E208/15/06,02,2009-01-18T16:50:46+00:00
/mnt/d/Music,iTunes/Album Artwork/Cache/B8910B9F4350E208/15/06/05,/mnt/d/Music/iTunes/Album Artwork/Cache/B8910B9F4350E208/15/06/05,/mnt/d/Music/iTunes/Album Artwork/Cache/B8910B9F4350E208/15/06,05,2026-07-04T17:18:53+00:00
/mnt/d/Music,iTunes/Album Artwork/Cache/B8910B9F4350E208/15/07,/mnt/d/Music/iTunes/Album Artwork/Cache/B8910B9F4350E208/15/07,/mnt/d/Music/iTunes/Album Artwork/Cache/B8910B9F4350E208/15,07,2026-07-04T17:18:52+00:00
/mnt/d/Music,iTunes/Album Artwork/Cache/B8910B9F4350E208/15/07/06,/mnt/d/Music/iTunes/Album Artwork/Cache/B8910B9F4350E208/15/07/06,/mnt/d/Music/iTunes/Album Artwork/Cache/B8910B9F4350E208/15/07,06,2026-07-04T17:18:52+00:00
/mnt/d/Music,iTunes/Album Artwork/Cache/B8910B9F4350E208/15/08,/mnt/d/Music/iTunes/Album Artwork/Cache/B8910B9F4350E208/15/08,/mnt/d/Music/iTunes/Album Artwork/Cache/B8910B9F4350E208/15,08,2026-07-04T17:18:52+00:00
/mnt/d/Music,iTunes/Album Artwork/Cache/B8910B9F4350E208/15/08/12,/mnt/d/Music/iTunes/Album Artwork/Cache/B8910B9F4350E208/15/08/12,/mnt/d/Music/iTunes/Album Artwork/Cache/B8910B9F4350E208/15/08,12,2026-07-04T17:18:52+00:00
/mnt/d/Music,iTunes/Album Artwork/Cache/B8910B9F4350E208/15/08/14,/mnt/d/Music/iTunes/Album Artwork/Cache/B8910B9F4350E208/15/08/14,/mnt/d/Music/iTunes/Album Artwork/Cache/B8910B9F4350E208/15/08,14,2026-07-04T17:18:52+00:00
/mnt/d/Music,iTunes/Album Artwork/Cache/B8910B9F4350E208/15/09,/mnt/d/Music/iTunes/Album Artwork/Cache/B8910B9F4350E208/15/09,/mnt/d/Music/iTunes/Album Artwork/Cache/B8910B9F4350E208/15,09,2026-07-04T17:18:52+00:00
/mnt/d/Music,iTunes/Album Artwork/Cache/B8910B9F4350E208/15/09/03,/mnt/d/Music/iTunes/Album Artwork/Cache/B8910B9F4350E208/15/09/03,/mnt/d/Music/iTunes/Album Artwork/Cache/B8910B9F4350E208/15/09,03,2026-07-04T17:18:52+00:00
/mnt/d/Music,iTunes/Album Artwork/Cache/B8910B9F4350E208/15/09/04,/mnt/d/Music/iTunes/Album Artwork/Cache/B8910B9F4350E208/15/09/04,/mnt/d/Music/iTunes/Album Artwork/Cache/B8910B9F4350E208/15/09,04,2026-07-04T17:18:52+00:00
/mnt/d/Music,iTunes/Album Artwork/Cache/B8910B9F4350E208/15/09/12,/mnt/d/Music/iTunes/Album Artwork/Cache/B8910B9F4350E208/15/09/12,/mnt/d/Music/iTunes/Album Artwork/Cache/B8910B9F4350E208/15/09,12,2026-07-04T17:18:52+00:00
/mnt/d/Music,iTunes/Album Artwork/Cache/B8910B9F4350E208/15/10,/mnt/d/Music/iTunes/Album Artwork/Cache/B8910B9F4350E208/15/10,/mnt/d/Music/iTunes/Album Artwork/Cache/B8910B9F4350E208/15,10,2026-07-04T17:18:52+00:00
/mnt/d/Music,iTunes/Album Artwork/Cache/B8910B9F4350E208/15/10/03,/mnt/d/Music/iTunes/Album Artwork/Cache/B8910B9F4350E208/15/10/03,/mnt/d/Music/iTunes/Album Artwork/Cache/B8910B9F4350E208/15/10,03,2026-07-04T17:18:52+00:00
/mnt/d/Music,iTunes/Album Artwork/Cache/B8910B9F4350E208/15/12,/mnt/d/Music/iTunes/Album Artwork/Cache/B8910B9F4350E208/15/12,/mnt/d/Music/iTunes/Album Artwork/Cache/B8910B9F4350E208/15,12,2026-07-04T17:18:52+00:00
/mnt/d/Music,iTunes/Album Artwork/Cache/B8910B9F4350E208/15/12/03,/mnt/d/Music/iTunes/Album Artwork/Cache/B8910B9F4350E208/15/12/03,/mnt/d/Music/iTunes/Album Artwork/Cache/B8910B9F4350E208/15/12,03,2026-07-04T17:18:52+00:00
/mnt/d/Music,iTunes/Album Artwork/Cache/B8910B9F4350E208/15/13,/mnt/d/Music/iTunes/Album Artwork/Cache/B8910B9F4350E208/15/13,/mnt/d/Music/iTunes/Album Artwork/Cache/B8910B9F4350E208/15,13,2026-07-04T17:18:52+00:00
/mnt/d/Music,iTunes/Album Artwork/Cache/B8910B9F4350E208/15/13/03,/mnt/d/Music/iTunes/Album Artwork/Cache/B8910B9F4350E208/15/13/03,/mnt/d/Music/iTunes/Album Artwork/Cache/B8910B9F4350E208/15/13,03,2026-07-04T17:18:52+00:00
/mnt/d/Music,iTunes/Album Artwork/Cache/B8910B9F4350E208/15/13/14,/mnt/d/Music/iTunes/Album Artwork/Cache/B8910B9F4350E208/15/13/14,/mnt/d/Music/iTunes/Album Artwork/Cache/B8910B9F4350E208/15/13,14,2026-07-04T17:18:52+00:00
/mnt/d/Music,iTunes/Album Artwork/Cache/B8910B9F4350E208/15/15,/mnt/d/Music/iTunes/Album Artwork/Cache/B8910B9F4350E208/15/15,/mnt/d/Music/iTunes/Album Artwork/Cache/B8910B9F4350E208/15,15,2026-07-04T17:18:52+00:00
/mnt/d/Music,iTunes/Album Artwork/Cache/B8910B9F4350E208/15/15/02,/mnt/d/Music/iTunes/Album Artwork/Cache/B8910B9F4350E208/15/15/02,/mnt/d/Music/iTunes/Album Artwork/Cache/B8910B9F4350E208/15/15,02,2026-07-04T17:18:52+00:00
/mnt/d/Music,iTunes/Album Artwork/Cache/B8910B9F4350E208/15/15/03,/mnt/d/Music/iTunes/Album Artwork/Cache/B8910B9F4350E208/15/15/03,/mnt/d/Music/iTunes/Album Artwork/Cache/B8910B9F4350E208/15/15,03,2026-07-04T17:18:52+00:00
/mnt/d/Music,iTunes/Album Artwork/Cache/B8910B9F4350E208/15/15/04,/mnt/d/Music/iTunes/Album Artwork/Cache/B8910B9F4350E208/15/15/04,/mnt/d/Music/iTunes/Album Artwork/Cache/B8910B9F4350E208/15/15,04,2009-01-18T16:50:44+00:00
/mnt/d/Music,iTunes/Album Artwork/Download,/mnt/d/Music/iTunes/Album Artwork/Download,/mnt/d/Music/iTunes/Album Artwork,Download,2026-07-04T17:18:51+00:00
/mnt/d/Music,iTunes/Album Artwork/Download/B8910B9F4350E208,/mnt/d/Music/iTunes/Album Artwork/Download/B8910B9F4350E208,/mnt/d/Music/iTunes/Album Artwork/Download,B8910B9F4350E208,2026-07-04T17:18:52+00:00
/mnt/d/Music,iTunes/Album Artwork/Download/B8910B9F4350E208/00,/mnt/d/Music/iTunes/Album Artwork/Download/B8910B9F4350E208/00,/mnt/d/Music/iTunes/Album Artwork/Download/B8910B9F4350E208,00,2026-07-04T17:18:52+00:00
/mnt/d/Music,iTunes/Album Artwork/Download/B8910B9F4350E208/00/01,/mnt/d/Music/iTunes/Album Artwork/Download/B8910B9F4350E208/00/01,/mnt/d/Music/iTunes/Album Artwork/Download/B8910B9F4350E208/00,01,2026-07-04T17:18:52+00:00
/mnt/d/Music,iTunes/Album Artwork/Download/B8910B9F4350E208/00/01/08,/mnt/d/Music/iTunes/Album Artwork/Download/B8910B9F4350E208/00/01/08,/mnt/d/Music/iTunes/Album Artwork/Download/B8910B9F4350E208/00/01,08,2026-07-04T17:18:52+00:00
/mnt/d/Music,iTunes/Album Artwork/Download/B8910B9F4350E208/00/10,/mnt/d/Music/iTunes/Album Artwork/Download/B8910B9F4350E208/00/10,/mnt/d/Music/iTunes/Album Artwork/Download/B8910B9F4350E208/00,10,2026-07-04T17:18:52+00:00
/mnt/d/Music,iTunes/Album Artwork/Download/B8910B9F4350E208/00/10/09,/mnt/d/Music/iTunes/Album Artwork/Download/B8910B9F4350E208/00/10/09,/mnt/d/Music/iTunes/Album Artwork/Download/B8910B9F4350E208/00/10,09,2026-07-04T17:18:52+00:00
/mnt/d/Music,iTunes/Album Artwork/Download/B8910B9F4350E208/00/10/13,/mnt/d/Music/iTunes/Album Artwork/Download/B8910B9F4350E208/00/10/13,/mnt/d/Music/iTunes/Album Artwork/Download/B8910B9F4350E208/00/10,13,2026-07-04T17:18:52+00:00
/mnt/d/Music,iTunes/Album Artwork/Download/B8910B9F4350E208/00/15,/mnt/d/Music/iTunes/Album Artwork/Download/B8910B9F4350E208/00/15,/mnt/d/Music/iTunes/Album Artwork/Download/B8910B9F4350E208/00,15,2026-07-04T17:18:52+00:00
/mnt/d/Music,iTunes/Album Artwork/Download/B8910B9F4350E208/00/15/05,/mnt/d/Music/iTunes/Album Artwork/Download/B8910B9F4350E208/00/15/05,/mnt/d/Music/iTunes/Album Artwork/Download/B8910B9F4350E208/00/15,05,2026-07-04T17:18:52+00:00
/mnt/d/Music,iTunes/Album Artwork/Download/B8910B9F4350E208/01,/mnt/d/Music/iTunes/Album Artwork/Download/B8910B9F4350E208/01,/mnt/d/Music/iTunes/Album Artwork/Download/B8910B9F4350E208,01,2026-07-04T17:18:52+00:00
/mnt/d/Music,iTunes/Album Artwork/Download/B8910B9F4350E208/01/00,/mnt/d/Music/iTunes/Album Artwork/Download/B8910B9F4350E208/01/00,/mnt/d/Music/iTunes/Album Artwork/Download/B8910B9F4350E208/01,00,2026-07-04T17:18:52+00:00
/mnt/d/Music,iTunes/Album Artwork/Download/B8910B9F4350E208/01/00/00,/mnt/d/Music/iTunes/Album Artwork/Download/B8910B9F4350E208/01/00/00,/mnt/d/Music/iTunes/Album Artwork/Download/B8910B9F4350E208/01/00,00,2026-07-04T17:18:52+00:00
/mnt/d/Music,iTunes/Album Artwork/Download/B8910B9F4350E208/01/00/06,/mnt/d/Music/iTunes/Album Artwork/Download/B8910B9F4350E208/01/00/06,/mnt/d/Music/iTunes/Album Artwork/Download/B8910B9F4350E208/01/00,06,2026-07-04T17:18:52+00:00
/mnt/d/Music,iTunes/Album Artwork/Download/B8910B9F4350E208/01/00/08,/mnt/d/Music/iTunes/Album Artwork/Download/B8910B9F4350E208/01/00/08,/mnt/d/Music/iTunes/Album Artwork/Download/B8910B9F4350E208/01/00,08,2026-07-04T17:18:52+00:00
/mnt/d/Music,iTunes/Album Artwork/Download/B8910B9F4350E208/01/03,/mnt/d/Music/iTunes/Album Artwork/Download/B8910B9F4350E208/01/03,/mnt/d/Music/iTunes/Album Artwork/Download/B8910B9F4350E208/01,03,2026-07-04T17:18:52+00:00
/mnt/d/Music,iTunes/Album Artwork/Download/B8910B9F4350E208/01/03/07,/mnt/d/Music/iTunes/Album Artwork/Download/B8910B9F4350E208/01/03/07,/mnt/d/Music/iTunes/Album Artwork/Download/B8910B9F4350E208/01/03,07,2026-07-04T17:18:52+00:00
/mnt/d/Music,iTunes/Album Artwork/Download/B8910B9F4350E208/01/06,/mnt/d/Music/iTunes/Album Artwork/Download/B8910B9F4350E208/01/06,/mnt/d/Music/iTunes/Album Artwork/Download/B8910B9F4350E208/01,06,2026-07-04T17:18:52+00:00
/mnt/d/Music,iTunes/Album Artwork/Download/B8910B9F4350E208/01/06/06,/mnt/d/Music/iTunes/Album Artwork/Download/B8910B9F4350E208/01/06/06,/mnt/d/Music/iTunes/Album Artwork/Download/B8910B9F4350E208/01/06,06,2026-07-04T17:18:52+00:00
/mnt/d/Music,iTunes/Album Artwork/Download/B8910B9F4350E208/01/07,/mnt/d/Music/iTunes/Album Artwork/Download/B8910B9F4350E208/01/07,/mnt/d/Music/iTunes/Album Artwork/Download/B8910B9F4350E208/01,07,2026-07-04T17:18:52+00:00
/mnt/d/Music,iTunes/Album Artwork/Download/B8910B9F4350E208/01/07/14,/mnt/d/Music/iTunes/Album Artwork/Download/B8910B9F4350E208/01/07/14,/mnt/d/Music/iTunes/Album Artwork/Download/B8910B9F4350E208/01/07,14,2026-07-04T17:18:52+00:00
/mnt/d/Music,iTunes/Album Artwork/Download/B8910B9F4350E208/01/08,/mnt/d/Music/iTunes/Album Artwork/Download/B8910B9F4350E208/01/08,/mnt/d/Music/iTunes/Album Artwork/Download/B8910B9F4350E208/01,08,2026-07-04T17:18:52+00:00
/mnt/d/Music,iTunes/Album Artwork/Download/B8910B9F4350E208/01/08/07,/mnt/d/Music/iTunes/Album Artwork/Download/B8910B9F4350E208/01/08/07,/mnt/d/Music/iTunes/Album Artwork/Download/B8910B9F4350E208/01/08,07,2026-07-04T17:18:52+00:00
/mnt/d/Music,iTunes/Album Artwork/Download/B8910B9F4350E208/01/09,/mnt/d/Music/iTunes/Album Artwork/Download/B8910B9F4350E208/01/09,/mnt/d/Music/iTunes/Album Artwork/Download/B8910B9F4350E208/01,09,2026-07-04T17:18:52+00:00
/mnt/d/Music,iTunes/Album Artwork/Download/B8910B9F4350E208/01/09/07,/mnt/d/Music/iTunes/Album Artwork/Download/B8910B9F4350E208/01/09/07,/mnt/d/Music/iTunes/Album Artwork/Download/B8910B9F4350E208/01/09,07,2026-07-04T17:18:52+00:00
/mnt/d/Music,iTunes/Album Artwork/Download/B8910B9F4350E208/01/14,/mnt/d/Music/iTunes/Album Artwork/Download/B8910B9F4350E208/01/14,/mnt/d/Music/iTunes/Album Artwork/Download/B8910B9F4350E208/01,14,2026-07-04T17:18:52+00:00
/mnt/d/Music,iTunes/Album Artwork/Download/B8910B9F4350E208/01/14/04,/mnt/d/Music/iTunes/Album Artwork/Download/B8910B9F4350E208/01/14/04,/mnt/d/Music/iTunes/Album Artwork/Download/B8910B9F4350E208/01/14,04,2026-07-04T17:18:52+00:00
/mnt/d/Music,iTunes/Album Artwork/Download/B8910B9F4350E208/01/15,/mnt/d/Music/iTunes/Album Artwork/Download/B8910B9F4350E208/01/15,/mnt/d/Music/iTunes/Album Artwork/Download/B8910B9F4350E208/01,15,2026-07-04T17:18:52+00:00
/mnt/d/Music,iTunes/Album Artwork/Download/B8910B9F4350E208/01/15/11,/mnt/d/Music/iTunes/Album Artwork/Download/B8910B9F4350E208/01/15/11,/mnt/d/Music/iTunes/Album Artwork/Download/B8910B9F4350E208/01/15,11,2026-07-04T17:18:52+00:00
/mnt/d/Music,iTunes/Album Artwork/Download/B8910B9F4350E208/01/15/12,/mnt/d/Music/iTunes/Album Artwork/Download/B8910B9F4350E208/01/15/12,/mnt/d/Music/iTunes/Album Artwork/Download/B8910B9F4350E208/01/15,12,2026-07-04T17:18:52+00:00
/mnt/d/Music,iTunes/Album Artwork/Download/B8910B9F4350E208/02,/mnt/d/Music/iTunes/Album Artwork/Download/B8910B9F4350E208/02,/mnt/d/Music/iTunes/Album Artwork/Download/B8910B9F4350E208,02,2026-07-04T17:18:52+00:00
/mnt/d/Music,iTunes/Album Artwork/Download/B8910B9F4350E208/02/00,/mnt/d/Music/iTunes/Album Artwork/Download/B8910B9F4350E208/02/00,/mnt/d/Music/iTunes/Album Artwork/Download/B8910B9F4350E208/02,00,2026-07-04T17:18:52+00:00
/mnt/d/Music,iTunes/Album Artwork/Download/B8910B9F4350E208/02/00/09,/mnt/d/Music/iTunes/Album Artwork/Download/B8910B9F4350E208/02/00/09,/mnt/d/Music/iTunes/Album Artwork/Download/B8910B9F4350E208/02/00,09,2026-07-04T17:18:52+00:00
/mnt/d/Music,iTunes/Album Artwork/Download/B8910B9F4350E208/02/01,/mnt/d/Music/iTunes/Album Artwork/Download/B8910B9F4350E208/02/01,/mnt/d/Music/iTunes/Album Artwork/Download/B8910B9F4350E208/02,01,2026-07-04T17:18:52+00:00
/mnt/d/Music,iTunes/Album Artwork/Download/B8910B9F4350E208/02/01/14,/mnt/d/Music/iTunes/Album Artwork/Download/B8910B9F4350E208/02/01/14,/mnt/d/Music/iTunes/Album Artwork/Download/B8910B9F4350E208/02/01,14,2026-07-04T17:18:52+00:00
/mnt/d/Music,iTunes/Album Artwork/Download/B8910B9F4350E208/02/02,/mnt/d/Music/iTunes/Album Artwork/Download/B8910B9F4350E208/02/02,/mnt/d/Music/iTunes/Album Artwork/Download/B8910B9F4350E208/02,02,2026-07-04T17:18:52+00:00
/mnt/d/Music,iTunes/Album Artwork/Download/B8910B9F4350E208/02/02/10,/mnt/d/Music/iTunes/Album Artwork/Download/B8910B9F4350E208/02/02/10,/mnt/d/Music/iTunes/Album Artwork/Download/B8910B9F4350E208/02/02,10,2026-07-04T17:18:52+00:00
/mnt/d/Music,iTunes/Album Artwork/Download/B8910B9F4350E208/02/03,/mnt/d/Music/iTunes/Album Artwork/Download/B8910B9F4350E208/02/03,/mnt/d/Music/iTunes/Album Artwork/Download/B8910B9F4350E208/02,03,2026-07-04T17:18:52+00:00
/mnt/d/Music,iTunes/Album Artwork/Download/B8910B9F4350E208/02/03/11,/mnt/d/Music/iTunes/Album Artwork/Download/B8910B9F4350E208/02/03/11,/mnt/d/Music/iTunes/Album Artwork/Download/B8910B9F4350E208/02/03,11,2026-07-04T17:18:52+00:00
/mnt/d/Music,iTunes/Album Artwork/Download/B8910B9F4350E208/02/05,/mnt/d/Music/iTunes/Album Artwork/Download/B8910B9F4350E208/02/05,/mnt/d/Music/iTunes/Album Artwork/Download/B8910B9F4350E208/02,05,2026-07-04T17:18:52+00:00
/mnt/d/Music,iTunes/Album Artwork/Download/B8910B9F4350E208/02/05/07,/mnt/d/Music/iTunes/Album Artwork/Download/B8910B9F4350E208/02/05/07,/mnt/d/Music/iTunes/Album Artwork/Download/B8910B9F4350E208/02/05,07,2026-07-04T17:18:52+00:00
/mnt/d/Music,iTunes/Album Artwork/Download/B8910B9F4350E208/02/08,/mnt/d/Music/iTunes/Album Artwork/Download/B8910B9F4350E208/02/08,/mnt/d/Music/iTunes/Album Artwork/Download/B8910B9F4350E208/02,08,2026-07-04T17:18:52+00:00
/mnt/d/Music,iTunes/Album Artwork/Download/B8910B9F4350E208/02/08/08,/mnt/d/Music/iTunes/Album Artwork/Download/B8910B9F4350E208/02/08/08,/mnt/d/Music/iTunes/Album Artwork/Download/B8910B9F4350E208/02/08,08,2026-07-04T17:18:52+00:00
/mnt/d/Music,iTunes/Album Artwork/Download/B8910B9F4350E208/02/09,/mnt/d/Music/iTunes/Album Artwork/Download/B8910B9F4350E208/02/09,/mnt/d/Music/iTunes/Album Artwork/Download/B8910B9F4350E208/02,09,2026-07-04T17:18:52+00:00
/mnt/d/Music,iTunes/Album Artwork/Download/B8910B9F4350E208/02/09/14,/mnt/d/Music/iTunes/Album Artwork/Download/B8910B9F4350E208/02/09/14,/mnt/d/Music/iTunes/Album Artwork/Download/B8910B9F4350E208/02/09,14,2026-07-04T17:18:52+00:00
/mnt/d/Music,iTunes/Album Artwork/Download/B8910B9F4350E208/02/12,/mnt/d/Music/iTunes/Album Artwork/Download/B8910B9F4350E208/02/12,/mnt/d/Music/iTunes/Album Artwork/Download/B8910B9F4350E208/02,12,2026-07-04T17:18:52+00:00
/mnt/d/Music,iTunes/Album Artwork/Download/B8910B9F4350E208/02/12/01,/mnt/d/Music/iTunes/Album Artwork/Download/B8910B9F4350E208/02/12/01,/mnt/d/Music/iTunes/Album Artwork/Download/B8910B9F4350E208/02/12,01,2026-07-04T17:18:52+00:00
/mnt/d/Music,iTunes/Album Artwork/Download/B8910B9F4350E208/02/14,/mnt/d/Music/iTunes/Album Artwork/Download/B8910B9F4350E208/02/14,/mnt/d/Music/iTunes/Album Artwork/Download/B8910B9F4350E208/02,14,2026-07-04T17:18:52+00:00
/mnt/d/Music,iTunes/Album Artwork/Download/B8910B9F4350E208/02/14/15,/mnt/d/Music/iTunes/Album Artwork/Download/B8910B9F4350E208/02/14/15,/mnt/d/Music/iTunes/Album Artwork/Download/B8910B9F4350E208/02/14,15,2026-07-04T17:18:52+00:00
/mnt/d/Music,iTunes/Album Artwork/Download/B8910B9F4350E208/03,/mnt/d/Music/iTunes/Album Artwork/Download/B8910B9F4350E208/03,/mnt/d/Music/iTunes/Album Artwork/Download/B8910B9F4350E208,03,2026-07-04T17:18:52+00:00
/mnt/d/Music,iTunes/Album Artwork/Download/B8910B9F4350E208/03/00,/mnt/d/Music/iTunes/Album Artwork/Download/B8910B9F4350E208/03/00,/mnt/d/Music/iTunes/Album Artwork/Download/B8910B9F4350E208/03,00,2026-07-04T17:18:52+00:00
/mnt/d/Music,iTunes/Album Artwork/Download/B8910B9F4350E208/03/00/08,/mnt/d/Music/iTunes/Album Artwork/Download/B8910B9F4350E208/03/00/08,/mnt/d/Music/iTunes/Album Artwork/Download/B8910B9F4350E208/03/00,08,2026-07-04T17:18:52+00:00
/mnt/d/Music,iTunes/Album Artwork/Download/B8910B9F4350E208/03/00/09,/mnt/d/Music/iTunes/Album Artwork/Download/B8910B9F4350E208/03/00/09,/mnt/d/Music/iTunes/Album Artwork/Download/B8910B9F4350E208/03/00,09,2026-07-04T17:18:52+00:00
/mnt/d/Music,iTunes/Album Artwork/Download/B8910B9F4350E208/03/03,/mnt/d/Music/iTunes/Album Artwork/Download/B8910B9F4350E208/03/03,/mnt/d/Music/iTunes/Album Artwork/Download/B8910B9F4350E208/03,03,2026-07-04T17:18:52+00:00
/mnt/d/Music,iTunes/Album Artwork/Download/B8910B9F4350E208/03/03/02,/mnt/d/Music/iTunes/Album Artwork/Download/B8910B9F4350E208/03/03/02,/mnt/d/Music/iTunes/Album Artwork/Download/B8910B9F4350E208/03/03,02,2026-07-04T17:18:52+00:00
/mnt/d/Music,iTunes/Album Artwork/Download/B8910B9F4350E208/03/03/09,/mnt/d/Music/iTunes/Album Artwork/Download/B8910B9F4350E208/03/03/09,/mnt/d/Music/iTunes/Album Artwork/Download/B8910B9F4350E208/03/03,09,2026-07-04T17:18:52+00:00
/mnt/d/Music,iTunes/Album Artwork/Download/B8910B9F4350E208/03/04,/mnt/d/Music/iTunes/Album Artwork/Download/B8910B9F4350E208/03/04,/mnt/d/Music/iTunes/Album Artwork/Download/B8910B9F4350E208/03,04,2026-07-04T17:18:52+00:00
/mnt/d/Music,iTunes/Album Artwork/Download/B8910B9F4350E208/03/04/12,/mnt/d/Music/iTunes/Album Artwork/Download/B8910B9F4350E208/03/04/12,/mnt/d/Music/iTunes/Album Artwork/Download/B8910B9F4350E208/03/04,12,2026-07-04T17:18:52+00:00
/mnt/d/Music,iTunes/Album Artwork/Download/B8910B9F4350E208/03/05,/mnt/d/Music/iTunes/Album Artwork/Download/B8910B9F4350E208/03/05,/mnt/d/Music/iTunes/Album Artwork/Download/B8910B9F4350E208/03,05,2026-07-04T17:18:52+00:00
/mnt/d/Music,iTunes/Album Artwork/Download/B8910B9F4350E208/03/05/07,/mnt/d/Music/iTunes/Album Artwork/Download/B8910B9F4350E208/03/05/07,/mnt/d/Music/iTunes/Album Artwork/Download/B8910B9F4350E208/03/05,07,2026-07-04T17:18:52+00:00
/mnt/d/Music,iTunes/Album Artwork/Download/B8910B9F4350E208/03/08,/mnt/d/Music/iTunes/Album Artwork/Download/B8910B9F4350E208/03/08,/mnt/d/Music/iTunes/Album Artwork/Download/B8910B9F4350E208/03,08,2026-07-04T17:18:52+00:00
/mnt/d/Music,iTunes/Album Artwork/Download/B8910B9F4350E208/03/08/10,/mnt/d/Music/iTunes/Album Artwork/Download/B8910B9F4350E208/03/08/10,/mnt/d/Music/iTunes/Album Artwork/Download/B8910B9F4350E208/03/08,10,2026-07-04T17:18:52+00:00
/mnt/d/Music,iTunes/Album Artwork/Download/B8910B9F4350E208/03/10,/mnt/d/Music/iTunes/Album Artwork/Download/B8910B9F4350E208/03/10,/mnt/d/Music/iTunes/Album Artwork/Download/B8910B9F4350E208/03,10,2026-07-04T17:18:52+00:00
/mnt/d/Music,iTunes/Album Artwork/Download/B8910B9F4350E208/03/10/04,/mnt/d/Music/iTunes/Album Artwork/Download/B8910B9F4350E208/03/10/04,/mnt/d/Music/iTunes/Album Artwork/Download/B8910B9F4350E208/03/10,04,2026-07-04T17:18:52+00:00
/mnt/d/Music,iTunes/Album Artwork/Download/B8910B9F4350E208/03/10/05,/mnt/d/Music/iTunes/Album Artwork/Download/B8910B9F4350E208/03/10/05,/mnt/d/Music/iTunes/Album Artwork/Download/B8910B9F4350E208/03/10,05,2026-07-04T17:18:52+00:00
/mnt/d/Music,iTunes/Album Artwork/Download/B8910B9F4350E208/03/10/12,/mnt/d/Music/iTunes/Album Artwork/Download/B8910B9F4350E208/03/10/12,/mnt/d/Music/iTunes/Album Artwork/Download/B8910B9F4350E208/03/10,12,2026-07-04T17:18:52+00:00
/mnt/d/Music,iTunes/Album Artwork/Download/B8910B9F4350E208/03/12,/mnt/d/Music/iTunes/Album Artwork/Download/B8910B9F4350E208/03/12,/mnt/d/Music/iTunes/Album Artwork/Download/B8910B9F4350E208/03,12,2026-07-04T17:18:52+00:00
/mnt/d/Music,iTunes/Album Artwork/Download/B8910B9F4350E208/03/12/00,/mnt/d/Music/iTunes/Album Artwork/Download/B8910B9F4350E208/03/12/00,/mnt/d/Music/iTunes/Album Artwork/Download/B8910B9F4350E208/03/12,00,2026-07-04T17:18:52+00:00
/mnt/d/Music,iTunes/Album Artwork/Download/B8910B9F4350E208/03/13,/mnt/d/Music/iTunes/Album Artwork/Download/B8910B9F4350E208/03/13,/mnt/d/Music/iTunes/Album Artwork/Download/B8910B9F4350E208/03,13,2026-07-04T17:18:52+00:00
/mnt/d/Music,iTunes/Album Artwork/Download/B8910B9F4350E208/03/13/06,/mnt/d/Music/iTunes/Album Artwork/Download/B8910B9F4350E208/03/13/06,/mnt/d/Music/iTunes/Album Artwork/Download/B8910B9F4350E208/03/13,06,2026-07-04T17:18:52+00:00
/mnt/d/Music,iTunes/Album Artwork/Download/B8910B9F4350E208/03/15,/mnt/d/Music/iTunes/Album Artwork/Download/B8910B9F4350E208/03/15,/mnt/d/Music/iTunes/Album Artwork/Download/B8910B9F4350E208/03,15,2026-07-04T17:18:52+00:00
/mnt/d/Music,iTunes/Album Artwork/Download/B8910B9F4350E208/03/15/06,/mnt/d/Music/iTunes/Album Artwork/Download/B8910B9F4350E208/03/15/06,/mnt/d/Music/iTunes/Album Artwork/Download/B8910B9F4350E208/03/15,06,2026-07-04T17:18:52+00:00
/mnt/d/Music,iTunes/Album Artwork/Download/B8910B9F4350E208/04,/mnt/d/Music/iTunes/Album Artwork/Download/B8910B9F4350E208/04,/mnt/d/Music/iTunes/Album Artwork/Download/B8910B9F4350E208,04,2026-07-04T17:18:52+00:00
/mnt/d/Music,iTunes/Album Artwork/Download/B8910B9F4350E208/04/00,/mnt/d/Music/iTunes/Album Artwork/Download/B8910B9F4350E208/04/00,/mnt/d/Music/iTunes/Album Artwork/Download/B8910B9F4350E208/04,00,2026-07-04T17:18:52+00:00
/mnt/d/Music,iTunes/Album Artwork/Download/B8910B9F4350E208/04/00/09,/mnt/d/Music/iTunes/Album Artwork/Download/B8910B9F4350E208/04/00/09,/mnt/d/Music/iTunes/Album Artwork/Download/B8910B9F4350E208/04/00,09,2026-07-04T17:18:52+00:00
/mnt/d/Music,iTunes/Album Artwork/Download/B8910B9F4350E208/04/02,/mnt/d/Music/iTunes/Album Artwork/Download/B8910B9F4350E208/04/02,/mnt/d/Music/iTunes/Album Artwork/Download/B8910B9F4350E208/04,02,2026-07-04T17:18:52+00:00
/mnt/d/Music,iTunes/Album Artwork/Download/B8910B9F4350E208/04/02/08,/mnt/d/Music/iTunes/Album Artwork/Download/B8910B9F4350E208/04/02/08,/mnt/d/Music/iTunes/Album Artwork/Download/B8910B9F4350E208/04/02,08,2026-07-04T17:18:52+00:00
/mnt/d/Music,iTunes/Album Artwork/Download/B8910B9F4350E208/04/03,/mnt/d/Music/iTunes/Album Artwork/Download/B8910B9F4350E208/04/03,/mnt/d/Music/iTunes/Album Artwork/Download/B8910B9F4350E208/04,03,2026-07-04T17:18:52+00:00
/mnt/d/Music,iTunes/Album Artwork/Download/B8910B9F4350E208/04/03/08,/mnt/d/Music/iTunes/Album Artwork/Download/B8910B9F4350E208/04/03/08,/mnt/d/Music/iTunes/Album Artwork/Download/B8910B9F4350E208/04/03,08,2026-07-04T17:18:52+00:00
/mnt/d/Music,iTunes/Album Artwork/Download/B8910B9F4350E208/04/04,/mnt/d/Music/iTunes/Album Artwork/Download/B8910B9F4350E208/04/04,/mnt/d/Music/iTunes/Album Artwork/Download/B8910B9F4350E208/04,04,2026-07-04T17:18:52+00:00
/mnt/d/Music,iTunes/Album Artwork/Download/B8910B9F4350E208/04/04/04,/mnt/d/Music/iTunes/Album Artwork/Download/B8910B9F4350E208/04/04/04,/mnt/d/Music/iTunes/Album Artwork/Download/B8910B9F4350E208/04/04,04,2026-07-04T17:18:52+00:00
/mnt/d/Music,iTunes/Album Artwork/Download/B8910B9F4350E208/04/04/09,/mnt/d/Music/iTunes/Album Artwork/Download/B8910B9F4350E208/04/04/09,/mnt/d/Music/iTunes/Album Artwork/Download/B8910B9F4350E208/04/04,09,2026-07-04T17:18:52+00:00
/mnt/d/Music,iTunes/Album Artwork/Download/B8910B9F4350E208/04/06,/mnt/d/Music/iTunes/Album Artwork/Download/B8910B9F4350E208/04/06,/mnt/d/Music/iTunes/Album Artwork/Download/B8910B9F4350E208/04,06,2026-07-04T17:18:52+00:00
/mnt/d/Music,iTunes/Album Artwork/Download/B8910B9F4350E208/04/06/02,/mnt/d/Music/iTunes/Album Artwork/Download/B8910B9F4350E208/04/06/02,/mnt/d/Music/iTunes/Album Artwork/Download/B8910B9F4350E208/04/06,02,2026-07-04T17:18:52+00:00
/mnt/d/Music,iTunes/Album Artwork/Download/B8910B9F4350E208/04/10,/mnt/d/Music/iTunes/Album Artwork/Download/B8910B9F4350E208/04/10,/mnt/d/Music/iTunes/Album Artwork/Download/B8910B9F4350E208/04,10,2026-07-04T17:18:52+00:00
/mnt/d/Music,iTunes/Album Artwork/Download/B8910B9F4350E208/04/10/06,/mnt/d/Music/iTunes/Album Artwork/Download/B8910B9F4350E208/04/10/06,/mnt/d/Music/iTunes/Album Artwork/Download/B8910B9F4350E208/04/10,06,2026-07-04T17:18:52+00:00
/mnt/d/Music,iTunes/Album Artwork/Download/B8910B9F4350E208/04/11,/mnt/d/Music/iTunes/Album Artwork/Download/B8910B9F4350E208/04/11,/mnt/d/Music/iTunes/Album Artwork/Download/B8910B9F4350E208/04,11,2026-07-04T17:18:52+00:00
/mnt/d/Music,iTunes/Album Artwork/Download/B8910B9F4350E208/04/11/09,/mnt/d/Music/iTunes/Album Artwork/Download/B8910B9F4350E208/04/11/09,/mnt/d/Music/iTunes/Album Artwork/Download/B8910B9F4350E208/04/11,09,2026-07-04T17:18:52+00:00
/mnt/d/Music,iTunes/Album Artwork/Download/B8910B9F4350E208/04/11/10,/mnt/d/Music/iTunes/Album Artwork/Download/B8910B9F4350E208/04/11/10,/mnt/d/Music/iTunes/Album Artwork/Download/B8910B9F4350E208/04/11,10,2026-07-04T17:18:52+00:00
/mnt/d/Music,iTunes/Album Artwork/Download/B8910B9F4350E208/04/11/12,/mnt/d/Music/iTunes/Album Artwork/Download/B8910B9F4350E208/04/11/12,/mnt/d/Music/iTunes/Album Artwork/Download/B8910B9F4350E208/04/11,12,2026-07-04T17:18:52+00:00
/mnt/d/Music,iTunes/Album Artwork/Download/B8910B9F4350E208/05,/mnt/d/Music/iTunes/Album Artwork/Download/B8910B9F4350E208/05,/mnt/d/Music/iTunes/Album Artwork/Download/B8910B9F4350E208,05,2026-07-04T17:18:52+00:00
/mnt/d/Music,iTunes/Album Artwork/Download/B8910B9F4350E208/05/00,/mnt/d/Music/iTunes/Album Artwork/Download/B8910B9F4350E208/05/00,/mnt/d/Music/iTunes/Album Artwork/Download/B8910B9F4350E208/05,00,2026-07-04T17:18:52+00:00
/mnt/d/Music,iTunes/Album Artwork/Download/B8910B9F4350E208/05/00/12,/mnt/d/Music/iTunes/Album Artwork/Download/B8910B9F4350E208/05/00/12,/mnt/d/Music/iTunes/Album Artwork/Download/B8910B9F4350E208/05/00,12,2026-07-04T17:18:52+00:00
/mnt/d/Music,iTunes/Album Artwork/Download/B8910B9F4350E208/05/03,/mnt/d/Music/iTunes/Album Artwork/Download/B8910B9F4350E208/05/03,/mnt/d/Music/iTunes/Album Artwork/Download/B8910B9F4350E208/05,03,2026-07-04T17:18:52+00:00
/mnt/d/Music,iTunes/Album Artwork/Download/B8910B9F4350E208/05/03/08,/mnt/d/Music/iTunes/Album Artwork/Download/B8910B9F4350E208/05/03/08,/mnt/d/Music/iTunes/Album Artwork/Download/B8910B9F4350E208/05/03,08,2026-07-04T17:18:52+00:00
/mnt/d/Music,iTunes/Album Artwork/Download/B8910B9F4350E208/05/03/15,/mnt/d/Music/iTunes/Album Artwork/Download/B8910B9F4350E208/05/03/15,/mnt/d/Music/iTunes/Album Artwork/Download/B8910B9F4350E208/05/03,15,2026-07-04T17:18:52+00:00
/mnt/d/Music,iTunes/Album Artwork/Download/B8910B9F4350E208/05/06,/mnt/d/Music/iTunes/Album Artwork/Download/B8910B9F4350E208/05/06,/mnt/d/Music/iTunes/Album Artwork/Download/B8910B9F4350E208/05,06,2026-07-04T17:18:51+00:00
/mnt/d/Music,iTunes/Album Artwork/Download/B8910B9F4350E208/05/06/12,/mnt/d/Music/iTunes/Album Artwork/Download/B8910B9F4350E208/05/06/12,/mnt/d/Music/iTunes/Album Artwork/Download/B8910B9F4350E208/05/06,12,2026-07-04T17:18:51+00:00
/mnt/d/Music,iTunes/Album Artwork/Download/B8910B9F4350E208/05/09,/mnt/d/Music/iTunes/Album Artwork/Download/B8910B9F4350E208/05/09,/mnt/d/Music/iTunes/Album Artwork/Download/B8910B9F4350E208/05,09,2026-07-04T17:18:51+00:00
/mnt/d/Music,iTunes/Album Artwork/Download/B8910B9F4350E208/05/09/13,/mnt/d/Music/iTunes/Album Artwork/Download/B8910B9F4350E208/05/09/13,/mnt/d/Music/iTunes/Album Artwork/Download/B8910B9F4350E208/05/09,13,2026-07-04T17:18:51+00:00
/mnt/d/Music,iTunes/Album Artwork/Download/B8910B9F4350E208/05/10,/mnt/d/Music/iTunes/Album Artwork/Download/B8910B9F4350E208/05/10,/mnt/d/Music/iTunes/Album Artwork/Download/B8910B9F4350E208/05,10,2026-07-04T17:18:51+00:00
/mnt/d/Music,iTunes/Album Artwork/Download/B8910B9F4350E208/05/10/10,/mnt/d/Music/iTunes/Album Artwork/Download/B8910B9F4350E208/05/10/10,/mnt/d/Music/iTunes/Album Artwork/Download/B8910B9F4350E208/05/10,10,2026-07-04T17:18:51+00:00
/mnt/d/Music,iTunes/Album Artwork/Download/B8910B9F4350E208/06,/mnt/d/Music/iTunes/Album Artwork/Download/B8910B9F4350E208/06,/mnt/d/Music/iTunes/Album Artwork/Download/B8910B9F4350E208,06,2026-07-04T17:18:51+00:00
/mnt/d/Music,iTunes/Album Artwork/Download/B8910B9F4350E208/06/03,/mnt/d/Music/iTunes/Album Artwork/Download/B8910B9F4350E208/06/03,/mnt/d/Music/iTunes/Album Artwork/Download/B8910B9F4350E208/06,03,2026-07-04T17:18:51+00:00
/mnt/d/Music,iTunes/Album Artwork/Download/B8910B9F4350E208/06/03/08,/mnt/d/Music/iTunes/Album Artwork/Download/B8910B9F4350E208/06/03/08,/mnt/d/Music/iTunes/Album Artwork/Download/B8910B9F4350E208/06/03,08,2026-07-04T17:18:51+00:00
/mnt/d/Music,iTunes/Album Artwork/Download/B8910B9F4350E208/06/05,/mnt/d/Music/iTunes/Album Artwork/Download/B8910B9F4350E208/06/05,/mnt/d/Music/iTunes/Album Artwork/Download/B8910B9F4350E208/06,05,2026-07-04T17:18:51+00:00
/mnt/d/Music,iTunes/Album Artwork/Download/B8910B9F4350E208/06/05/14,/mnt/d/Music/iTunes/Album Artwork/Download/B8910B9F4350E208/06/05/14,/mnt/d/Music/iTunes/Album Artwork/Download/B8910B9F4350E208/06/05,14,2026-07-04T17:18:51+00:00
/mnt/d/Music,iTunes/Album Artwork/Download/B8910B9F4350E208/06/06,/mnt/d/Music/iTunes/Album Artwork/Download/B8910B9F4350E208/06/06,/mnt/d/Music/iTunes/Album Artwork/Download/B8910B9F4350E208/06,06,2026-07-04T17:18:51+00:00
/mnt/d/Music,iTunes/Album Artwork/Download/B8910B9F4350E208/06/06/09,/mnt/d/Music/iTunes/Album Artwork/Download/B8910B9F4350E208/06/06/09,/mnt/d/Music/iTunes/Album Artwork/Download/B8910B9F4350E208/06/06,09,2026-07-04T17:18:51+00:00
/mnt/d/Music,iTunes/Album Artwork/Download/B8910B9F4350E208/06/11,/mnt/d/Music/iTunes/Album Artwork/Download/B8910B9F4350E208/06/11,/mnt/d/Music/iTunes/Album Artwork/Download/B8910B9F4350E208/06,11,2026-07-04T17:18:51+00:00
/mnt/d/Music,iTunes/Album Artwork/Download/B8910B9F4350E208/06/11/03,/mnt/d/Music/iTunes/Album Artwork/Download/B8910B9F4350E208/06/11/03,/mnt/d/Music/iTunes/Album Artwork/Download/B8910B9F4350E208/06/11,03,2026-07-04T17:18:51+00:00
/mnt/d/Music,iTunes/Album Artwork/Download/B8910B9F4350E208/06/14,/mnt/d/Music/iTunes/Album Artwork/Download/B8910B9F4350E208/06/14,/mnt/d/Music/iTunes/Album Artwork/Download/B8910B9F4350E208/06,14,2026-07-04T17:18:51+00:00
/mnt/d/Music,iTunes/Album Artwork/Download/B8910B9F4350E208/06/14/06,/mnt/d/Music/iTunes/Album Artwork/Download/B8910B9F4350E208/06/14/06,/mnt/d/Music/iTunes/Album Artwork/Download/B8910B9F4350E208/06/14,06,2026-07-04T17:18:51+00:00
/mnt/d/Music,iTunes/Album Artwork/Download/B8910B9F4350E208/06/15,/mnt/d/Music/iTunes/Album Artwork/Download/B8910B9F4350E208/06/15,/mnt/d/Music/iTunes/Album Artwork/Download/B8910B9F4350E208/06,15,2026-07-04T17:18:51+00:00
/mnt/d/Music,iTunes/Album Artwork/Download/B8910B9F4350E208/06/15/05,/mnt/d/Music/iTunes/Album Artwork/Download/B8910B9F4350E208/06/15/05,/mnt/d/Music/iTunes/Album Artwork/Download/B8910B9F4350E208/06/15,05,2026-07-04T17:18:51+00:00
/mnt/d/Music,iTunes/Album Artwork/Download/B8910B9F4350E208/07,/mnt/d/Music/iTunes/Album Artwork/Download/B8910B9F4350E208/07,/mnt/d/Music/iTunes/Album Artwork/Download/B8910B9F4350E208,07,2026-07-04T17:18:51+00:00
/mnt/d/Music,iTunes/Album Artwork/Download/B8910B9F4350E208/07/03,/mnt/d/Music/iTunes/Album Artwork/Download/B8910B9F4350E208/07/03,/mnt/d/Music/iTunes/Album Artwork/Download/B8910B9F4350E208/07,03,2026-07-04T17:18:51+00:00
/mnt/d/Music,iTunes/Album Artwork/Download/B8910B9F4350E208/07/03/05,/mnt/d/Music/iTunes/Album Artwork/Download/B8910B9F4350E208/07/03/05,/mnt/d/Music/iTunes/Album Artwork/Download/B8910B9F4350E208/07/03,05,2026-07-04T17:18:51+00:00
/mnt/d/Music,iTunes/Album Artwork/Download/B8910B9F4350E208/07/13,/mnt/d/Music/iTunes/Album Artwork/Download/B8910B9F4350E208/07/13,/mnt/d/Music/iTunes/Album Artwork/Download/B8910B9F4350E208/07,13,2026-07-04T17:18:51+00:00
/mnt/d/Music,iTunes/Album Artwork/Download/B8910B9F4350E208/07/13/15,/mnt/d/Music/iTunes/Album Artwork/Download/B8910B9F4350E208/07/13/15,/mnt/d/Music/iTunes/Album Artwork/Download/B8910B9F4350E208/07/13,15,2026-07-04T17:18:51+00:00
/mnt/d/Music,iTunes/Album Artwork/Download/B8910B9F4350E208/07/15,/mnt/d/Music/iTunes/Album Artwork/Download/B8910B9F4350E208/07/15,/mnt/d/Music/iTunes/Album Artwork/Download/B8910B9F4350E208/07,15,2026-07-04T17:18:51+00:00
/mnt/d/Music,iTunes/Album Artwork/Download/B8910B9F4350E208/07/15/08,/mnt/d/Music/iTunes/Album Artwork/Download/B8910B9F4350E208/07/15/08,/mnt/d/Music/iTunes/Album Artwork/Download/B8910B9F4350E208/07/15,08,2026-07-04T17:18:51+00:00
/mnt/d/Music,iTunes/Album Artwork/Download/B8910B9F4350E208/07/15/14,/mnt/d/Music/iTunes/Album Artwork/Download/B8910B9F4350E208/07/15/14,/mnt/d/Music/iTunes/Album Artwork/Download/B8910B9F4350E208/07/15,14,2009-01-18T16:50:32+00:00
/mnt/d/Music,iTunes/Album Artwork/Download/B8910B9F4350E208/08,/mnt/d/Music/iTunes/Album Artwork/Download/B8910B9F4350E208/08,/mnt/d/Music/iTunes/Album Artwork/Download/B8910B9F4350E208,08,2026-07-04T17:18:51+00:00
/mnt/d/Music,iTunes/Album Artwork/Download/B8910B9F4350E208/08/01,/mnt/d/Music/iTunes/Album Artwork/Download/B8910B9F4350E208/08/01,/mnt/d/Music/iTunes/Album Artwork/Download/B8910B9F4350E208/08,01,2026-07-04T17:18:51+00:00
/mnt/d/Music,iTunes/Album Artwork/Download/B8910B9F4350E208/08/01/11,/mnt/d/Music/iTunes/Album Artwork/Download/B8910B9F4350E208/08/01/11,/mnt/d/Music/iTunes/Album Artwork/Download/B8910B9F4350E208/08/01,11,2026-07-04T17:18:51+00:00
/mnt/d/Music,iTunes/Album Artwork/Download/B8910B9F4350E208/08/06,/mnt/d/Music/iTunes/Album Artwork/Download/B8910B9F4350E208/08/06,/mnt/d/Music/iTunes/Album Artwork/Download/B8910B9F4350E208/08,06,2026-07-04T17:18:51+00:00
/mnt/d/Music,iTunes/Album Artwork/Download/B8910B9F4350E208/08/06/12,/mnt/d/Music/iTunes/Album Artwork/Download/B8910B9F4350E208/08/06/12,/mnt/d/Music/iTunes/Album Artwork/Download/B8910B9F4350E208/08/06,12,2026-07-04T17:18:51+00:00
/mnt/d/Music,iTunes/Album Artwork/Download/B8910B9F4350E208/08/07,/mnt/d/Music/iTunes/Album Artwork/Download/B8910B9F4350E208/08/07,/mnt/d/Music/iTunes/Album Artwork/Download/B8910B9F4350E208/08,07,2026-07-04T17:18:51+00:00
/mnt/d/Music,iTunes/Album Artwork/Download/B8910B9F4350E208/08/07/07,/mnt/d/Music/iTunes/Album Artwork/Download/B8910B9F4350E208/08/07/07,/mnt/d/Music/iTunes/Album Artwork/Download/B8910B9F4350E208/08/07,07,2026-07-04T17:18:51+00:00
/mnt/d/Music,iTunes/Album Artwork/Download/B8910B9F4350E208/08/08,/mnt/d/Music/iTunes/Album Artwork/Download/B8910B9F4350E208/08/08,/mnt/d/Music/iTunes/Album Artwork/Download/B8910B9F4350E208/08,08,2026-07-04T17:18:51+00:00
/mnt/d/Music,iTunes/Album Artwork/Download/B8910B9F4350E208/08/08/01,/mnt/d/Music/iTunes/Album Artwork/Download/B8910B9F4350E208/08/08/01,/mnt/d/Music/iTunes/Album Artwork/Download/B8910B9F4350E208/08/08,01,2026-07-04T17:18:51+00:00
/mnt/d/Music,iTunes/Album Artwork/Download/B8910B9F4350E208/08/09,/mnt/d/Music/iTunes/Album Artwork/Download/B8910B9F4350E208/08/09,/mnt/d/Music/iTunes/Album Artwork/Download/B8910B9F4350E208/08,09,2026-07-04T17:18:51+00:00
/mnt/d/Music,iTunes/Album Artwork/Download/B8910B9F4350E208/08/09/02,/mnt/d/Music/iTunes/Album Artwork/Download/B8910B9F4350E208/08/09/02,/mnt/d/Music/iTunes/Album Artwork/Download/B8910B9F4350E208/08/09,02,2026-07-04T17:18:51+00:00
/mnt/d/Music,iTunes/Album Artwork/Download/B8910B9F4350E208/08/10,/mnt/d/Music/iTunes/Album Artwork/Download/B8910B9F4350E208/08/10,/mnt/d/Music/iTunes/Album Artwork/Download/B8910B9F4350E208/08,10,2026-07-04T17:18:51+00:00
/mnt/d/Music,iTunes/Album Artwork/Download/B8910B9F4350E208/08/10/13,/mnt/d/Music/iTunes/Album Artwork/Download/B8910B9F4350E208/08/10/13,/mnt/d/Music/iTunes/Album Artwork/Download/B8910B9F4350E208/08/10,13,2026-07-04T17:18:51+00:00
/mnt/d/Music,iTunes/Album Artwork/Download/B8910B9F4350E208/08/11,/mnt/d/Music/iTunes/Album Artwork/Download/B8910B9F4350E208/08/11,/mnt/d/Music/iTunes/Album Artwork/Download/B8910B9F4350E208/08,11,2026-07-04T17:18:51+00:00
/mnt/d/Music,iTunes/Album Artwork/Download/B8910B9F4350E208/08/11/02,/mnt/d/Music/iTunes/Album Artwork/Download/B8910B9F4350E208/08/11/02,/mnt/d/Music/iTunes/Album Artwork/Download/B8910B9F4350E208/08/11,02,2026-07-04T17:18:51+00:00
/mnt/d/Music,iTunes/Album Artwork/Download/B8910B9F4350E208/08/11/12,/mnt/d/Music/iTunes/Album Artwork/Download/B8910B9F4350E208/08/11/12,/mnt/d/Music/iTunes/Album Artwork/Download/B8910B9F4350E208/08/11,12,2026-07-04T17:18:51+00:00
/mnt/d/Music,iTunes/Album Artwork/Download/B8910B9F4350E208/08/12,/mnt/d/Music/iTunes/Album Artwork/Download/B8910B9F4350E208/08/12,/mnt/d/Music/iTunes/Album Artwork/Download/B8910B9F4350E208/08,12,2026-07-04T17:18:51+00:00
/mnt/d/Music,iTunes/Album Artwork/Download/B8910B9F4350E208/08/12/08,/mnt/d/Music/iTunes/Album Artwork/Download/B8910B9F4350E208/08/12/08,/mnt/d/Music/iTunes/Album Artwork/Download/B8910B9F4350E208/08/12,08,2026-07-04T17:18:51+00:00
/mnt/d/Music,iTunes/Album Artwork/Download/B8910B9F4350E208/08/15,/mnt/d/Music/iTunes/Album Artwork/Download/B8910B9F4350E208/08/15,/mnt/d/Music/iTunes/Album Artwork/Download/B8910B9F4350E208/08,15,2026-07-04T17:18:51+00:00
/mnt/d/Music,iTunes/Album Artwork/Download/B8910B9F4350E208/08/15/09,/mnt/d/Music/iTunes/Album Artwork/Download/B8910B9F4350E208/08/15/09,/mnt/d/Music/iTunes/Album Artwork/Download/B8910B9F4350E208/08/15,09,2026-07-04T17:18:51+00:00
/mnt/d/Music,iTunes/Album Artwork/Download/B8910B9F4350E208/08/15/10,/mnt/d/Music/iTunes/Album Artwork/Download/B8910B9F4350E208/08/15/10,/mnt/d/Music/iTunes/Album Artwork/Download/B8910B9F4350E208/08/15,10,2026-07-04T17:18:51+00:00
/mnt/d/Music,iTunes/Album Artwork/Download/B8910B9F4350E208/09,/mnt/d/Music/iTunes/Album Artwork/Download/B8910B9F4350E208/09,/mnt/d/Music/iTunes/Album Artwork/Download/B8910B9F4350E208,09,2026-07-04T17:18:51+00:00
/mnt/d/Music,iTunes/Album Artwork/Download/B8910B9F4350E208/09/01,/mnt/d/Music/iTunes/Album Artwork/Download/B8910B9F4350E208/09/01,/mnt/d/Music/iTunes/Album Artwork/Download/B8910B9F4350E208/09,01,2026-07-04T17:18:51+00:00
/mnt/d/Music,iTunes/Album Artwork/Download/B8910B9F4350E208/09/01/08,/mnt/d/Music/iTunes/Album Artwork/Download/B8910B9F4350E208/09/01/08,/mnt/d/Music/iTunes/Album Artwork/Download/B8910B9F4350E208/09/01,08,2026-07-04T17:18:51+00:00
/mnt/d/Music,iTunes/Album Artwork/Download/B8910B9F4350E208/09/01/11,/mnt/d/Music/iTunes/Album Artwork/Download/B8910B9F4350E208/09/01/11,/mnt/d/Music/iTunes/Album Artwork/Download/B8910B9F4350E208/09/01,11,2026-07-04T17:18:51+00:00
/mnt/d/Music,iTunes/Album Artwork/Download/B8910B9F4350E208/09/03,/mnt/d/Music/iTunes/Album Artwork/Download/B8910B9F4350E208/09/03,/mnt/d/Music/iTunes/Album Artwork/Download/B8910B9F4350E208/09,03,2026-07-04T17:18:51+00:00
/mnt/d/Music,iTunes/Album Artwork/Download/B8910B9F4350E208/09/03/01,/mnt/d/Music/iTunes/Album Artwork/Download/B8910B9F4350E208/09/03/01,/mnt/d/Music/iTunes/Album Artwork/Download/B8910B9F4350E208/09/03,01,2026-07-04T17:18:51+00:00
/mnt/d/Music,iTunes/Album Artwork/Download/B8910B9F4350E208/09/09,/mnt/d/Music/iTunes/Album Artwork/Download/B8910B9F4350E208/09/09,/mnt/d/Music/iTunes/Album Artwork/Download/B8910B9F4350E208/09,09,2026-07-04T17:18:51+00:00
/mnt/d/Music,iTunes/Album Artwork/Download/B8910B9F4350E208/09/09/06,/mnt/d/Music/iTunes/Album Artwork/Download/B8910B9F4350E208/09/09/06,/mnt/d/Music/iTunes/Album Artwork/Download/B8910B9F4350E208/09/09,06,2026-07-04T17:18:51+00:00
/mnt/d/Music,iTunes/Album Artwork/Download/B8910B9F4350E208/09/10,/mnt/d/Music/iTunes/Album Artwork/Download/B8910B9F4350E208/09/10,/mnt/d/Music/iTunes/Album Artwork/Download/B8910B9F4350E208/09,10,2026-07-04T17:18:51+00:00
/mnt/d/Music,iTunes/Album Artwork/Download/B8910B9F4350E208/09/10/00,/mnt/d/Music/iTunes/Album Artwork/Download/B8910B9F4350E208/09/10/00,/mnt/d/Music/iTunes/Album Artwork/Download/B8910B9F4350E208/09/10,00,2026-07-04T17:18:51+00:00
/mnt/d/Music,iTunes/Album Artwork/Download/B8910B9F4350E208/10,/mnt/d/Music/iTunes/Album Artwork/Download/B8910B9F4350E208/10,/mnt/d/Music/iTunes/Album Artwork/Download/B8910B9F4350E208,10,2026-07-04T17:18:51+00:00
/mnt/d/Music,iTunes/Album Artwork/Download/B8910B9F4350E208/10/03,/mnt/d/Music/iTunes/Album Artwork/Download/B8910B9F4350E208/10/03,/mnt/d/Music/iTunes/Album Artwork/Download/B8910B9F4350E208/10,03,2026-07-04T17:18:51+00:00
/mnt/d/Music,iTunes/Album Artwork/Download/B8910B9F4350E208/10/03/03,/mnt/d/Music/iTunes/Album Artwork/Download/B8910B9F4350E208/10/03/03,/mnt/d/Music/iTunes/Album Artwork/Download/B8910B9F4350E208/10/03,03,2026-07-04T17:18:51+00:00
/mnt/d/Music,iTunes/Album Artwork/Download/B8910B9F4350E208/10/03/05,/mnt/d/Music/iTunes/Album Artwork/Download/B8910B9F4350E208/10/03/05,/mnt/d/Music/iTunes/Album Artwork/Download/B8910B9F4350E208/10/03,05,2026-07-04T17:18:51+00:00
/mnt/d/Music,iTunes/Album Artwork/Download/B8910B9F4350E208/10/03/13,/mnt/d/Music/iTunes/Album Artwork/Download/B8910B9F4350E208/10/03/13,/mnt/d/Music/iTunes/Album Artwork/Download/B8910B9F4350E208/10/03,13,2026-07-04T17:18:51+00:00
/mnt/d/Music,iTunes/Album Artwork/Download/B8910B9F4350E208/10/04,/mnt/d/Music/iTunes/Album Artwork/Download/B8910B9F4350E208/10/04,/mnt/d/Music/iTunes/Album Artwork/Download/B8910B9F4350E208/10,04,2026-07-04T17:18:51+00:00
/mnt/d/Music,iTunes/Album Artwork/Download/B8910B9F4350E208/10/04/08,/mnt/d/Music/iTunes/Album Artwork/Download/B8910B9F4350E208/10/04/08,/mnt/d/Music/iTunes/Album Artwork/Download/B8910B9F4350E208/10/04,08,2026-07-04T17:18:51+00:00
/mnt/d/Music,iTunes/Album Artwork/Download/B8910B9F4350E208/10/05,/mnt/d/Music/iTunes/Album Artwork/Download/B8910B9F4350E208/10/05,/mnt/d/Music/iTunes/Album Artwork/Download/B8910B9F4350E208/10,05,2026-07-04T17:18:51+00:00
/mnt/d/Music,iTunes/Album Artwork/Download/B8910B9F4350E208/10/05/02,/mnt/d/Music/iTunes/Album Artwork/Download/B8910B9F4350E208/10/05/02,/mnt/d/Music/iTunes/Album Artwork/Download/B8910B9F4350E208/10/05,02,2026-07-04T17:18:51+00:00
/mnt/d/Music,iTunes/Album Artwork/Download/B8910B9F4350E208/10/06,/mnt/d/Music/iTunes/Album Artwork/Download/B8910B9F4350E208/10/06,/mnt/d/Music/iTunes/Album Artwork/Download/B8910B9F4350E208/10,06,2026-07-04T17:18:51+00:00
/mnt/d/Music,iTunes/Album Artwork/Download/B8910B9F4350E208/10/06/10,/mnt/d/Music/iTunes/Album Artwork/Download/B8910B9F4350E208/10/06/10,/mnt/d/Music/iTunes/Album Artwork/Download/B8910B9F4350E208/10/06,10,2026-07-04T17:18:51+00:00
/mnt/d/Music,iTunes/Album Artwork/Download/B8910B9F4350E208/10/11,/mnt/d/Music/iTunes/Album Artwork/Download/B8910B9F4350E208/10/11,/mnt/d/Music/iTunes/Album Artwork/Download/B8910B9F4350E208/10,11,2026-07-04T17:18:51+00:00
/mnt/d/Music,iTunes/Album Artwork/Download/B8910B9F4350E208/10/11/05,/mnt/d/Music/iTunes/Album Artwork/Download/B8910B9F4350E208/10/11/05,/mnt/d/Music/iTunes/Album Artwork/Download/B8910B9F4350E208/10/11,05,2026-07-04T17:18:51+00:00
/mnt/d/Music,iTunes/Album Artwork/Download/B8910B9F4350E208/10/11/12,/mnt/d/Music/iTunes/Album Artwork/Download/B8910B9F4350E208/10/11/12,/mnt/d/Music/iTunes/Album Artwork/Download/B8910B9F4350E208/10/11,12,2026-07-04T17:18:51+00:00
/mnt/d/Music,iTunes/Album Artwork/Download/B8910B9F4350E208/11,/mnt/d/Music/iTunes/Album Artwork/Download/B8910B9F4350E208/11,/mnt/d/Music/iTunes/Album Artwork/Download/B8910B9F4350E208,11,2026-07-04T17:18:51+00:00
/mnt/d/Music,iTunes/Album Artwork/Download/B8910B9F4350E208/11/02,/mnt/d/Music/iTunes/Album Artwork/Download/B8910B9F4350E208/11/02,/mnt/d/Music/iTunes/Album Artwork/Download/B8910B9F4350E208/11,02,2026-07-04T17:18:51+00:00
/mnt/d/Music,iTunes/Album Artwork/Download/B8910B9F4350E208/11/02/03,/mnt/d/Music/iTunes/Album Artwork/Download/B8910B9F4350E208/11/02/03,/mnt/d/Music/iTunes/Album Artwork/Download/B8910B9F4350E208/11/02,03,2026-07-04T17:18:51+00:00
/mnt/d/Music,iTunes/Album Artwork/Download/B8910B9F4350E208/11/03,/mnt/d/Music/iTunes/Album Artwork/Download/B8910B9F4350E208/11/03,/mnt/d/Music/iTunes/Album Artwork/Download/B8910B9F4350E208/11,03,2026-07-04T17:18:51+00:00
/mnt/d/Music,iTunes/Album Artwork/Download/B8910B9F4350E208/11/03/01,/mnt/d/Music/iTunes/Album Artwork/Download/B8910B9F4350E208/11/03/01,/mnt/d/Music/iTunes/Album Artwork/Download/B8910B9F4350E208/11/03,01,2026-07-04T17:18:51+00:00
/mnt/d/Music,iTunes/Album Artwork/Download/B8910B9F4350E208/11/03/14,/mnt/d/Music/iTunes/Album Artwork/Download/B8910B9F4350E208/11/03/14,/mnt/d/Music/iTunes/Album Artwork/Download/B8910B9F4350E208/11/03,14,2026-07-04T17:18:51+00:00
/mnt/d/Music,iTunes/Album Artwork/Download/B8910B9F4350E208/11/10,/mnt/d/Music/iTunes/Album Artwork/Download/B8910B9F4350E208/11/10,/mnt/d/Music/iTunes/Album Artwork/Download/B8910B9F4350E208/11,10,2026-07-04T17:18:51+00:00
/mnt/d/Music,iTunes/Album Artwork/Download/B8910B9F4350E208/11/10/11,/mnt/d/Music/iTunes/Album Artwork/Download/B8910B9F4350E208/11/10/11,/mnt/d/Music/iTunes/Album Artwork/Download/B8910B9F4350E208/11/10,11,2026-07-04T17:18:51+00:00
/mnt/d/Music,iTunes/Album Artwork/Download/B8910B9F4350E208/12,/mnt/d/Music/iTunes/Album Artwork/Download/B8910B9F4350E208/12,/mnt/d/Music/iTunes/Album Artwork/Download/B8910B9F4350E208,12,2026-07-04T17:18:51+00:00
/mnt/d/Music,iTunes/Album Artwork/Download/B8910B9F4350E208/12/00,/mnt/d/Music/iTunes/Album Artwork/Download/B8910B9F4350E208/12/00,/mnt/d/Music/iTunes/Album Artwork/Download/B8910B9F4350E208/12,00,2026-07-04T17:18:51+00:00
/mnt/d/Music,iTunes/Album Artwork/Download/B8910B9F4350E208/12/00/11,/mnt/d/Music/iTunes/Album Artwork/Download/B8910B9F4350E208/12/00/11,/mnt/d/Music/iTunes/Album Artwork/Download/B8910B9F4350E208/12/00,11,2026-07-04T17:18:51+00:00
/mnt/d/Music,iTunes/Album Artwork/Download/B8910B9F4350E208/12/03,/mnt/d/Music/iTunes/Album Artwork/Download/B8910B9F4350E208/12/03,/mnt/d/Music/iTunes/Album Artwork/Download/B8910B9F4350E208/12,03,2026-07-04T17:18:51+00:00
/mnt/d/Music,iTunes/Album Artwork/Download/B8910B9F4350E208/12/03/09,/mnt/d/Music/iTunes/Album Artwork/Download/B8910B9F4350E208/12/03/09,/mnt/d/Music/iTunes/Album Artwork/Download/B8910B9F4350E208/12/03,09,2026-07-04T17:18:51+00:00
/mnt/d/Music,iTunes/Album Artwork/Download/B8910B9F4350E208/12/05,/mnt/d/Music/iTunes/Album Artwork/Download/B8910B9F4350E208/12/05,/mnt/d/Music/iTunes/Album Artwork/Download/B8910B9F4350E208/12,05,2026-07-04T17:18:51+00:00
/mnt/d/Music,iTunes/Album Artwork/Download/B8910B9F4350E208/12/05/11,/mnt/d/Music/iTunes/Album Artwork/Download/B8910B9F4350E208/12/05/11,/mnt/d/Music/iTunes/Album Artwork/Download/B8910B9F4350E208/12/05,11,2026-07-04T17:18:51+00:00
/mnt/d/Music,iTunes/Album Artwork/Download/B8910B9F4350E208/12/06,/mnt/d/Music/iTunes/Album Artwork/Download/B8910B9F4350E208/12/06,/mnt/d/Music/iTunes/Album Artwork/Download/B8910B9F4350E208/12,06,2026-07-04T17:18:51+00:00
/mnt/d/Music,iTunes/Album Artwork/Download/B8910B9F4350E208/12/06/11,/mnt/d/Music/iTunes/Album Artwork/Download/B8910B9F4350E208/12/06/11,/mnt/d/Music/iTunes/Album Artwork/Download/B8910B9F4350E208/12/06,11,2026-07-04T17:18:51+00:00
/mnt/d/Music,iTunes/Album Artwork/Download/B8910B9F4350E208/12/10,/mnt/d/Music/iTunes/Album Artwork/Download/B8910B9F4350E208/12/10,/mnt/d/Music/iTunes/Album Artwork/Download/B8910B9F4350E208/12,10,2026-07-04T17:18:51+00:00
/mnt/d/Music,iTunes/Album Artwork/Download/B8910B9F4350E208/12/10/10,/mnt/d/Music/iTunes/Album Artwork/Download/B8910B9F4350E208/12/10/10,/mnt/d/Music/iTunes/Album Artwork/Download/B8910B9F4350E208/12/10,10,2026-07-04T17:18:51+00:00
/mnt/d/Music,iTunes/Album Artwork/Download/B8910B9F4350E208/12/11,/mnt/d/Music/iTunes/Album Artwork/Download/B8910B9F4350E208/12/11,/mnt/d/Music/iTunes/Album Artwork/Download/B8910B9F4350E208/12,11,2026-07-04T17:18:51+00:00
/mnt/d/Music,iTunes/Album Artwork/Download/B8910B9F4350E208/12/11/01,/mnt/d/Music/iTunes/Album Artwork/Download/B8910B9F4350E208/12/11/01,/mnt/d/Music/iTunes/Album Artwork/Download/B8910B9F4350E208/12/11,01,2026-07-04T17:18:51+00:00
/mnt/d/Music,iTunes/Album Artwork/Download/B8910B9F4350E208/13,/mnt/d/Music/iTunes/Album Artwork/Download/B8910B9F4350E208/13,/mnt/d/Music/iTunes/Album Artwork/Download/B8910B9F4350E208,13,2026-07-04T17:18:51+00:00
/mnt/d/Music,iTunes/Album Artwork/Download/B8910B9F4350E208/13/02,/mnt/d/Music/iTunes/Album Artwork/Download/B8910B9F4350E208/13/02,/mnt/d/Music/iTunes/Album Artwork/Download/B8910B9F4350E208/13,02,2026-07-04T17:18:51+00:00
/mnt/d/Music,iTunes/Album Artwork/Download/B8910B9F4350E208/13/02/02,/mnt/d/Music/iTunes/Album Artwork/Download/B8910B9F4350E208/13/02/02,/mnt/d/Music/iTunes/Album Artwork/Download/B8910B9F4350E208/13/02,02,2026-07-04T17:18:51+00:00
/mnt/d/Music,iTunes/Album Artwork/Download/B8910B9F4350E208/13/04,/mnt/d/Music/iTunes/Album Artwork/Download/B8910B9F4350E208/13/04,/mnt/d/Music/iTunes/Album Artwork/Download/B8910B9F4350E208/13,04,2026-07-04T17:18:51+00:00
/mnt/d/Music,iTunes/Album Artwork/Download/B8910B9F4350E208/13/04/13,/mnt/d/Music/iTunes/Album Artwork/Download/B8910B9F4350E208/13/04/13,/mnt/d/Music/iTunes/Album Artwork/Download/B8910B9F4350E208/13/04,13,2026-07-04T17:18:51+00:00
/mnt/d/Music,iTunes/Album Artwork/Download/B8910B9F4350E208/13/05,/mnt/d/Music/iTunes/Album Artwork/Download/B8910B9F4350E208/13/05,/mnt/d/Music/iTunes/Album Artwork/Download/B8910B9F4350E208/13,05,2026-07-04T17:18:51+00:00
/mnt/d/Music,iTunes/Album Artwork/Download/B8910B9F4350E208/13/05/05,/mnt/d/Music/iTunes/Album Artwork/Download/B8910B9F4350E208/13/05/05,/mnt/d/Music/iTunes/Album Artwork/Download/B8910B9F4350E208/13/05,05,2026-07-04T17:18:51+00:00
/mnt/d/Music,iTunes/Album Artwork/Download/B8910B9F4350E208/13/10,/mnt/d/Music/iTunes/Album Artwork/Download/B8910B9F4350E208/13/10,/mnt/d/Music/iTunes/Album Artwork/Download/B8910B9F4350E208/13,10,2026-07-04T17:18:51+00:00
/mnt/d/Music,iTunes/Album Artwork/Download/B8910B9F4350E208/13/10/11,/mnt/d/Music/iTunes/Album Artwork/Download/B8910B9F4350E208/13/10/11,/mnt/d/Music/iTunes/Album Artwork/Download/B8910B9F4350E208/13/10,11,2026-07-04T17:18:51+00:00
/mnt/d/Music,iTunes/Album Artwork/Download/B8910B9F4350E208/13/13,/mnt/d/Music/iTunes/Album Artwork/Download/B8910B9F4350E208/13/13,/mnt/d/Music/iTunes/Album Artwork/Download/B8910B9F4350E208/13,13,2026-07-04T17:18:51+00:00
/mnt/d/Music,iTunes/Album Artwork/Download/B8910B9F4350E208/13/13/10,/mnt/d/Music/iTunes/Album Artwork/Download/B8910B9F4350E208/13/13/10,/mnt/d/Music/iTunes/Album Artwork/Download/B8910B9F4350E208/13/13,10,2026-07-04T17:18:51+00:00
/mnt/d/Music,iTunes/Album Artwork/Download/B8910B9F4350E208/14,/mnt/d/Music/iTunes/Album Artwork/Download/B8910B9F4350E208/14,/mnt/d/Music/iTunes/Album Artwork/Download/B8910B9F4350E208,14,2026-07-04T17:18:51+00:00
/mnt/d/Music,iTunes/Album Artwork/Download/B8910B9F4350E208/14/02,/mnt/d/Music/iTunes/Album Artwork/Download/B8910B9F4350E208/14/02,/mnt/d/Music/iTunes/Album Artwork/Download/B8910B9F4350E208/14,02,2026-07-04T17:18:51+00:00
/mnt/d/Music,iTunes/Album Artwork/Download/B8910B9F4350E208/14/02/03,/mnt/d/Music/iTunes/Album Artwork/Download/B8910B9F4350E208/14/02/03,/mnt/d/Music/iTunes/Album Artwork/Download/B8910B9F4350E208/14/02,03,2026-07-04T17:18:51+00:00
/mnt/d/Music,iTunes/Album Artwork/Download/B8910B9F4350E208/14/02/13,/mnt/d/Music/iTunes/Album Artwork/Download/B8910B9F4350E208/14/02/13,/mnt/d/Music/iTunes/Album Artwork/Download/B8910B9F4350E208/14/02,13,2026-07-04T17:18:51+00:00
/mnt/d/Music,iTunes/Album Artwork/Download/B8910B9F4350E208/14/03,/mnt/d/Music/iTunes/Album Artwork/Download/B8910B9F4350E208/14/03,/mnt/d/Music/iTunes/Album Artwork/Download/B8910B9F4350E208/14,03,2026-07-04T17:18:51+00:00
/mnt/d/Music,iTunes/Album Artwork/Download/B8910B9F4350E208/14/03/04,/mnt/d/Music/iTunes/Album Artwork/Download/B8910B9F4350E208/14/03/04,/mnt/d/Music/iTunes/Album Artwork/Download/B8910B9F4350E208/14/03,04,2026-07-04T17:18:51+00:00
/mnt/d/Music,iTunes/Album Artwork/Download/B8910B9F4350E208/14/03/06,/mnt/d/Music/iTunes/Album Artwork/Download/B8910B9F4350E208/14/03/06,/mnt/d/Music/iTunes/Album Artwork/Download/B8910B9F4350E208/14/03,06,2026-07-04T17:18:51+00:00
/mnt/d/Music,iTunes/Album Artwork/Download/B8910B9F4350E208/14/07,/mnt/d/Music/iTunes/Album Artwork/Download/B8910B9F4350E208/14/07,/mnt/d/Music/iTunes/Album Artwork/Download/B8910B9F4350E208/14,07,2026-07-04T17:18:51+00:00
/mnt/d/Music,iTunes/Album Artwork/Download/B8910B9F4350E208/14/07/06,/mnt/d/Music/iTunes/Album Artwork/Download/B8910B9F4350E208/14/07/06,/mnt/d/Music/iTunes/Album Artwork/Download/B8910B9F4350E208/14/07,06,2026-07-04T17:18:51+00:00
/mnt/d/Music,iTunes/Album Artwork/Download/B8910B9F4350E208/14/08,/mnt/d/Music/iTunes/Album Artwork/Download/B8910B9F4350E208/14/08,/mnt/d/Music/iTunes/Album Artwork/Download/B8910B9F4350E208/14,08,2026-07-04T17:18:51+00:00
/mnt/d/Music,iTunes/Album Artwork/Download/B8910B9F4350E208/14/08/01,/mnt/d/Music/iTunes/Album Artwork/Download/B8910B9F4350E208/14/08/01,/mnt/d/Music/iTunes/Album Artwork/Download/B8910B9F4350E208/14/08,01,2026-07-04T17:18:51+00:00
/mnt/d/Music,iTunes/Album Artwork/Download/B8910B9F4350E208/14/09,/mnt/d/Music/iTunes/Album Artwork/Download/B8910B9F4350E208/14/09,/mnt/d/Music/iTunes/Album Artwork/Download/B8910B9F4350E208/14,09,2026-07-04T17:18:51+00:00
/mnt/d/Music,iTunes/Album Artwork/Download/B8910B9F4350E208/14/09/02,/mnt/d/Music/iTunes/Album Artwork/Download/B8910B9F4350E208/14/09/02,/mnt/d/Music/iTunes/Album Artwork/Download/B8910B9F4350E208/14/09,02,2026-07-04T17:18:51+00:00
/mnt/d/Music,iTunes/Album Artwork/Download/B8910B9F4350E208/14/10,/mnt/d/Music/iTunes/Album Artwork/Download/B8910B9F4350E208/14/10,/mnt/d/Music/iTunes/Album Artwork/Download/B8910B9F4350E208/14,10,2026-07-04T17:18:51+00:00
/mnt/d/Music,iTunes/Album Artwork/Download/B8910B9F4350E208/14/10/11,/mnt/d/Music/iTunes/Album Artwork/Download/B8910B9F4350E208/14/10/11,/mnt/d/Music/iTunes/Album Artwork/Download/B8910B9F4350E208/14/10,11,2026-07-04T17:18:51+00:00
/mnt/d/Music,iTunes/Album Artwork/Download/B8910B9F4350E208/14/12,/mnt/d/Music/iTunes/Album Artwork/Download/B8910B9F4350E208/14/12,/mnt/d/Music/iTunes/Album Artwork/Download/B8910B9F4350E208/14,12,2026-07-04T17:18:51+00:00
/mnt/d/Music,iTunes/Album Artwork/Download/B8910B9F4350E208/14/12/07,/mnt/d/Music/iTunes/Album Artwork/Download/B8910B9F4350E208/14/12/07,/mnt/d/Music/iTunes/Album Artwork/Download/B8910B9F4350E208/14/12,07,2026-07-04T17:18:51+00:00
/mnt/d/Music,iTunes/Album Artwork/Download/B8910B9F4350E208/14/13,/mnt/d/Music/iTunes/Album Artwork/Download/B8910B9F4350E208/14/13,/mnt/d/Music/iTunes/Album Artwork/Download/B8910B9F4350E208/14,13,2026-07-04T17:18:51+00:00
/mnt/d/Music,iTunes/Album Artwork/Download/B8910B9F4350E208/14/13/12,/mnt/d/Music/iTunes/Album Artwork/Download/B8910B9F4350E208/14/13/12,/mnt/d/Music/iTunes/Album Artwork/Download/B8910B9F4350E208/14/13,12,2026-07-04T17:18:51+00:00
/mnt/d/Music,iTunes/Album Artwork/Download/B8910B9F4350E208/15,/mnt/d/Music/iTunes/Album Artwork/Download/B8910B9F4350E208/15,/mnt/d/Music/iTunes/Album Artwork/Download/B8910B9F4350E208,15,2026-07-04T17:18:51+00:00
/mnt/d/Music,iTunes/Album Artwork/Download/B8910B9F4350E208/15/02,/mnt/d/Music/iTunes/Album Artwork/Download/B8910B9F4350E208/15/02,/mnt/d/Music/iTunes/Album Artwork/Download/B8910B9F4350E208/15,02,2026-07-04T17:18:51+00:00
/mnt/d/Music,iTunes/Album Artwork/Download/B8910B9F4350E208/15/02/07,/mnt/d/Music/iTunes/Album Artwork/Download/B8910B9F4350E208/15/02/07,/mnt/d/Music/iTunes/Album Artwork/Download/B8910B9F4350E208/15/02,07,2026-07-04T17:18:51+00:00
/mnt/d/Music,iTunes/Album Artwork/Download/B8910B9F4350E208/15/02/12,/mnt/d/Music/iTunes/Album Artwork/Download/B8910B9F4350E208/15/02/12,/mnt/d/Music/iTunes/Album Artwork/Download/B8910B9F4350E208/15/02,12,2026-07-04T17:18:51+00:00
/mnt/d/Music,iTunes/Album Artwork/Download/B8910B9F4350E208/15/04,/mnt/d/Music/iTunes/Album Artwork/Download/B8910B9F4350E208/15/04,/mnt/d/Music/iTunes/Album Artwork/Download/B8910B9F4350E208/15,04,2026-07-04T17:18:51+00:00
/mnt/d/Music,iTunes/Album Artwork/Download/B8910B9F4350E208/15/04/07,/mnt/d/Music/iTunes/Album Artwork/Download/B8910B9F4350E208/15/04/07,/mnt/d/Music/iTunes/Album Artwork/Download/B8910B9F4350E208/15/04,07,2026-07-04T17:18:51+00:00
/mnt/d/Music,iTunes/Album Artwork/Download/B8910B9F4350E208/15/06,/mnt/d/Music/iTunes/Album Artwork/Download/B8910B9F4350E208/15/06,/mnt/d/Music/iTunes/Album Artwork/Download/B8910B9F4350E208/15,06,2026-07-04T17:18:51+00:00
/mnt/d/Music,iTunes/Album Artwork/Download/B8910B9F4350E208/15/06/00,/mnt/d/Music/iTunes/Album Artwork/Download/B8910B9F4350E208/15/06/00,/mnt/d/Music/iTunes/Album Artwork/Download/B8910B9F4350E208/15/06,00,2026-07-04T17:18:51+00:00
/mnt/d/Music,iTunes/Album Artwork/Download/B8910B9F4350E208/15/07,/mnt/d/Music/iTunes/Album Artwork/Download/B8910B9F4350E208/15/07,/mnt/d/Music/iTunes/Album Artwork/Download/B8910B9F4350E208/15,07,2026-07-04T17:18:51+00:00
/mnt/d/Music,iTunes/Album Artwork/Download/B8910B9F4350E208/15/07/15,/mnt/d/Music/iTunes/Album Artwork/Download/B8910B9F4350E208/15/07/15,/mnt/d/Music/iTunes/Album Artwork/Download/B8910B9F4350E208/15/07,15,2026-07-04T17:18:51+00:00
/mnt/d/Music,iTunes/Album Artwork/Download/B8910B9F4350E208/15/12,/mnt/d/Music/iTunes/Album Artwork/Download/B8910B9F4350E208/15/12,/mnt/d/Music/iTunes/Album Artwork/Download/B8910B9F4350E208/15,12,2026-07-04T17:18:51+00:00
/mnt/d/Music,iTunes/Album Artwork/Download/B8910B9F4350E208/15/12/14,/mnt/d/Music/iTunes/Album Artwork/Download/B8910B9F4350E208/15/12/14,/mnt/d/Music/iTunes/Album Artwork/Download/B8910B9F4350E208/15/12,14,2026-07-04T17:18:51+00:00
/mnt/d/Music,iTunes/Album Artwork/Local,/mnt/d/Music/iTunes/Album Artwork/Local,/mnt/d/Music/iTunes/Album Artwork,Local,2009-01-18T16:50:22+00:00
/mnt/d/Music,iTunes/Andy Griggs,/mnt/d/Music/iTunes/Andy Griggs,/mnt/d/Music/iTunes,Andy Griggs,2026-07-04T17:19:20+00:00
/mnt/d/Music,iTunes/Andy Griggs/You Won't Ever Be Lonely,/mnt/d/Music/iTunes/Andy Griggs/You Won't Ever Be Lonely,/mnt/d/Music/iTunes/Andy Griggs,You Won't Ever Be Lonely,2026-07-04T17:19:20+00:00
/mnt/d/Music,iTunes/Anita Baker,/mnt/d/Music/iTunes/Anita Baker,/mnt/d/Music/iTunes,Anita Baker,2026-07-04T17:19:20+00:00
/mnt/d/Music,iTunes/Anita Baker/The Best Of Anita Baker,/mnt/d/Music/iTunes/Anita Baker/The Best Of Anita Baker,/mnt/d/Music/iTunes/Anita Baker,The Best Of Anita Baker,2026-07-04T17:19:21+00:00
/mnt/d/Music,iTunes/AnnaGrace,/mnt/d/Music/iTunes/AnnaGrace,/mnt/d/Music/iTunes,AnnaGrace,2026-07-04T17:19:21+00:00
/mnt/d/Music,iTunes/AnnaGrace/Let the Feelings Go,/mnt/d/Music/iTunes/AnnaGrace/Let the Feelings Go,/mnt/d/Music/iTunes/AnnaGrace,Let the Feelings Go,2026-07-04T17:19:21+00:00
/mnt/d/Music,iTunes/Annie Lennox,/mnt/d/Music/iTunes/Annie Lennox,/mnt/d/Music/iTunes,Annie Lennox,2026-07-04T17:19:21+00:00
/mnt/d/Music,iTunes/Annie Lennox/Diva,/mnt/d/Music/iTunes/Annie Lennox/Diva,/mnt/d/Music/iTunes/Annie Lennox,Diva,2026-07-04T17:19:21+00:00
/mnt/d/Music,iTunes/Annie Lennox/Medusa,/mnt/d/Music/iTunes/Annie Lennox/Medusa,/mnt/d/Music/iTunes/Annie Lennox,Medusa,2026-07-04T17:19:21+00:00
/mnt/d/Music,iTunes/Ashlee Simpson,/mnt/d/Music/iTunes/Ashlee Simpson,/mnt/d/Music/iTunes,Ashlee Simpson,2026-07-04T17:19:21+00:00
/mnt/d/Music,iTunes/Ashlee Simpson/Autobiography,/mnt/d/Music/iTunes/Ashlee Simpson/Autobiography,/mnt/d/Music/iTunes/Ashlee Simpson,Autobiography,2026-07-04T17:19:21+00:00
/mnt/d/Music,iTunes/Az Yet,/mnt/d/Music/iTunes/Az Yet,/mnt/d/Music/iTunes,Az Yet,2026-07-04T17:19:22+00:00
/mnt/d/Music,iTunes/Az Yet/Az Yet,/mnt/d/Music/iTunes/Az Yet/Az Yet,/mnt/d/Music/iTunes/Az Yet,Az Yet,2026-07-04T17:19:22+00:00
/mnt/d/Music,iTunes/Beastie Boys,/mnt/d/Music/iTunes/Beastie Boys,/mnt/d/Music/iTunes,Beastie Boys,2026-07-04T17:19:22+00:00
/mnt/d/Music,iTunes/Beastie Boys/Licensed to Ill,/mnt/d/Music/iTunes/Beastie Boys/Licensed to Ill,/mnt/d/Music/iTunes/Beastie Boys,Licensed to Ill,2026-07-04T17:19:22+00:00
/mnt/d/Music,iTunes/Beatles,/mnt/d/Music/iTunes/Beatles,/mnt/d/Music/iTunes,Beatles,2026-07-04T17:19:22+00:00
/mnt/d/Music,iTunes/Beatles/Unknown Album,/mnt/d/Music/iTunes/Beatles/Unknown Album,/mnt/d/Music/iTunes/Beatles,Unknown Album,2026-07-04T17:19:24+00:00
/mnt/d/Music,iTunes/Bee Gees,/mnt/d/Music/iTunes/Bee Gees,/mnt/d/Music/iTunes,Bee Gees,2026-07-04T17:19:24+00:00
/mnt/d/Music,iTunes/Bee Gees/Number Ones,/mnt/d/Music/iTunes/Bee Gees/Number Ones,/mnt/d/Music/iTunes/Bee Gees,Number Ones,2026-07-04T17:19:25+00:00
/mnt/d/Music,iTunes/Beethoven - Zagreb Philharmonic - Richar,/mnt/d/Music/iTunes/Beethoven - Zagreb Philharmonic - Richar,/mnt/d/Music/iTunes,Beethoven - Zagreb Philharmonic - Richar,2026-07-04T17:19:25+00:00
/mnt/d/Music,iTunes/Beethoven - Zagreb Philharmonic - Richar/Beethoven_ Symphonies Nos. 1-9 - Zagreb,/mnt/d/Music/iTunes/Beethoven - Zagreb Philharmonic - Richar/Beethoven_ Symphonies Nos. 1-9 - Zagreb,/mnt/d/Music/iTunes/Beethoven - Zagreb Philharmonic - Richar,Beethoven_ Symphonies Nos. 1-9 - Zagreb,2026-07-04T17:19:25+00:00
/mnt/d/Music,iTunes/Belinda Carlisle,/mnt/d/Music/iTunes/Belinda Carlisle,/mnt/d/Music/iTunes,Belinda Carlisle,2026-07-04T17:19:26+00:00
/mnt/d/Music,iTunes/Belinda Carlisle/Belinda Carlisle_ Her Greatest Hits,/mnt/d/Music/iTunes/Belinda Carlisle/Belinda Carlisle_ Her Greatest Hits,/mnt/d/Music/iTunes/Belinda Carlisle,Belinda Carlisle_ Her Greatest Hits,2026-07-04T17:19:26+00:00
/mnt/d/Music,iTunes/Belinda Carlisle/Greatest Hits,/mnt/d/Music/iTunes/Belinda Carlisle/Greatest Hits,/mnt/d/Music/iTunes/Belinda Carlisle,Greatest Hits,2026-07-04T17:19:25+00:00
/mnt/d/Music,iTunes/Bell Biv DeVoe,/mnt/d/Music/iTunes/Bell Biv DeVoe,/mnt/d/Music/iTunes,Bell Biv DeVoe,2026-07-04T17:19:26+00:00
/mnt/d/Music,iTunes/Bell Biv DeVoe/Bell Biv DeVoe_ Greatest Hits,/mnt/d/Music/iTunes/Bell Biv DeVoe/Bell Biv DeVoe_ Greatest Hits,/mnt/d/Music/iTunes/Bell Biv DeVoe,Bell Biv DeVoe_ Greatest Hits,2026-07-04T17:19:26+00:00
/mnt/d/Music,iTunes/Ben Harper & The Innocent Criminals,/mnt/d/Music/iTunes/Ben Harper & The Innocent Criminals,/mnt/d/Music/iTunes,Ben Harper & The Innocent Criminals,2026-07-04T17:19:26+00:00
/mnt/d/Music,iTunes/Ben Harper & The Innocent Criminals/Burn to Shine,/mnt/d/Music/iTunes/Ben Harper & The Innocent Criminals/Burn to Shine,/mnt/d/Music/iTunes/Ben Harper & The Innocent Criminals,Burn to Shine,2026-07-04T17:19:26+00:00
/mnt/d/Music,iTunes/Benny Benassi Presents The Biz,/mnt/d/Music/iTunes/Benny Benassi Presents The Biz,/mnt/d/Music/iTunes,Benny Benassi Presents The Biz,2026-07-04T17:19:26+00:00
/mnt/d/Music,iTunes/Benny Benassi Presents The Biz/Hypnotica,/mnt/d/Music/iTunes/Benny Benassi Presents The Biz/Hypnotica,/mnt/d/Music/iTunes/Benny Benassi Presents The Biz,Hypnotica,2026-07-04T17:19:26+00:00
/mnt/d/Music,iTunes/Beyoncé,/mnt/d/Music/iTunes/Beyoncé,/mnt/d/Music/iTunes,Beyoncé,2026-07-04T17:19:27+00:00
/mnt/d/Music,iTunes/Beyoncé/B'Day,/mnt/d/Music/iTunes/Beyoncé/B'Day,/mnt/d/Music/iTunes/Beyoncé,B'Day,2026-07-04T17:19:27+00:00
/mnt/d/Music,iTunes/Big Audio Dynamite,/mnt/d/Music/iTunes/Big Audio Dynamite,/mnt/d/Music/iTunes,Big Audio Dynamite,2026-07-04T17:19:27+00:00
/mnt/d/Music,iTunes/Big Audio Dynamite/Big Audio Dynamite_ Super Hits,/mnt/d/Music/iTunes/Big Audio Dynamite/Big Audio Dynamite_ Super Hits,/mnt/d/Music/iTunes/Big Audio Dynamite,Big Audio Dynamite_ Super Hits,2026-07-04T17:19:27+00:00
/mnt/d/Music,iTunes/Big Audio Dynamite/The Globe,/mnt/d/Music/iTunes/Big Audio Dynamite/The Globe,/mnt/d/Music/iTunes/Big Audio Dynamite,The Globe,2026-07-04T17:19:27+00:00
/mnt/d/Music,iTunes/Billie Myers,/mnt/d/Music/iTunes/Billie Myers,/mnt/d/Music/iTunes,Billie Myers,2026-07-04T17:19:27+00:00
/mnt/d/Music,"iTunes/Billie Myers/Growing, Pains","/mnt/d/Music/iTunes/Billie Myers/Growing, Pains",/mnt/d/Music/iTunes/Billie Myers,"Growing, Pains",2026-07-04T17:19:28+00:00
/mnt/d/Music,iTunes/Black Eyed Peas,/mnt/d/Music/iTunes/Black Eyed Peas,/mnt/d/Music/iTunes,Black Eyed Peas,2026-07-04T17:19:29+00:00
/mnt/d/Music,iTunes/Black Eyed Peas/Elephunk,/mnt/d/Music/iTunes/Black Eyed Peas/Elephunk,/mnt/d/Music/iTunes/Black Eyed Peas,Elephunk,2026-07-04T17:19:29+00:00
/mnt/d/Music,iTunes/Black Eyed Peas/The E.N.D. (The Energy Never Dies),/mnt/d/Music/iTunes/Black Eyed Peas/The E.N.D. (The Energy Never Dies),/mnt/d/Music/iTunes/Black Eyed Peas,The E.N.D. (The Energy Never Dies),2026-07-04T17:19:28+00:00
/mnt/d/Music,iTunes/Blake Shelton,/mnt/d/Music/iTunes/Blake Shelton,/mnt/d/Music/iTunes,Blake Shelton,2026-07-04T17:19:29+00:00
/mnt/d/Music,iTunes/Blake Shelton/Blake Shelton,/mnt/d/Music/iTunes/Blake Shelton/Blake Shelton,/mnt/d/Music/iTunes/Blake Shelton,Blake Shelton,2026-07-04T17:19:29+00:00
/mnt/d/Music,iTunes/Blake Shelton/Don't Make Me - Single,/mnt/d/Music/iTunes/Blake Shelton/Don't Make Me - Single,/mnt/d/Music/iTunes/Blake Shelton,Don't Make Me - Single,2026-07-04T17:19:29+00:00
/mnt/d/Music,iTunes/Blake Shelton/Nobody But Me - Single,/mnt/d/Music/iTunes/Blake Shelton/Nobody But Me - Single,/mnt/d/Music/iTunes/Blake Shelton,Nobody But Me - Single,2026-07-04T17:19:29+00:00
/mnt/d/Music,iTunes/Blind Melon,/mnt/d/Music/iTunes/Blind Melon,/mnt/d/Music/iTunes,Blind Melon,2026-07-04T17:19:29+00:00
/mnt/d/Music,iTunes/Blind Melon/Unknown Album,/mnt/d/Music/iTunes/Blind Melon/Unknown Album,/mnt/d/Music/iTunes/Blind Melon,Unknown Album,2026-07-04T17:19:29+00:00
/mnt/d/Music,iTunes/Bob Marley,/mnt/d/Music/iTunes/Bob Marley,/mnt/d/Music/iTunes,Bob Marley,2026-07-04T17:19:30+00:00
/mnt/d/Music,iTunes/Bob Marley/Legend,/mnt/d/Music/iTunes/Bob Marley/Legend,/mnt/d/Music/iTunes/Bob Marley,Legend,2026-07-04T17:19:30+00:00
/mnt/d/Music,iTunes/Bob Marley/Live at the Roxy_ The Complete Concert,/mnt/d/Music/iTunes/Bob Marley/Live at the Roxy_ The Complete Concert,/mnt/d/Music/iTunes/Bob Marley,Live at the Roxy_ The Complete Concert,2026-07-04T17:19:30+00:00
/mnt/d/Music,iTunes/Brad Paisley,/mnt/d/Music/iTunes/Brad Paisley,/mnt/d/Music/iTunes,Brad Paisley,2026-07-04T17:19:30+00:00
/mnt/d/Music,iTunes/Brad Paisley/Mud On the Tires,/mnt/d/Music/iTunes/Brad Paisley/Mud On the Tires,/mnt/d/Music/iTunes/Brad Paisley,Mud On the Tires,2026-07-04T17:19:30+00:00
/mnt/d/Music,iTunes/Brad Paisley/Then (Single Edit) - Single,/mnt/d/Music/iTunes/Brad Paisley/Then (Single Edit) - Single,/mnt/d/Music/iTunes/Brad Paisley,Then (Single Edit) - Single,2026-07-04T17:19:30+00:00
/mnt/d/Music,iTunes/Brad Paisley/Who Needs Pictures,/mnt/d/Music/iTunes/Brad Paisley/Who Needs Pictures,/mnt/d/Music/iTunes/Brad Paisley,Who Needs Pictures,2026-07-04T17:19:30+00:00
/mnt/d/Music,iTunes/Brandi Carlile,/mnt/d/Music/iTunes/Brandi Carlile,/mnt/d/Music/iTunes,Brandi Carlile,2026-07-04T17:19:30+00:00
/mnt/d/Music,iTunes/Brandi Carlile/The Story,/mnt/d/Music/iTunes/Brandi Carlile/The Story,/mnt/d/Music/iTunes/Brandi Carlile,The Story,2026-07-04T17:19:30+00:00
/mnt/d/Music,iTunes/Brian McKnight,/mnt/d/Music/iTunes/Brian McKnight,/mnt/d/Music/iTunes,Brian McKnight,2026-07-04T17:19:30+00:00
/mnt/d/Music,iTunes/Brian McKnight/Brian McKnight,/mnt/d/Music/iTunes/Brian McKnight/Brian McKnight,/mnt/d/Music/iTunes/Brian McKnight,Brian McKnight,2026-07-04T17:19:30+00:00
/mnt/d/Music,iTunes/Britney Spears,/mnt/d/Music/iTunes/Britney Spears,/mnt/d/Music/iTunes,Britney Spears,2026-07-04T19:06:18+00:00
/mnt/d/Music,iTunes/Britney Spears/3 - Single,/mnt/d/Music/iTunes/Britney Spears/3 - Single,/mnt/d/Music/iTunes/Britney Spears,3 - Single,2026-07-04T17:19:33+00:00
/mnt/d/Music,iTunes/Britney Spears/Blackout,/mnt/d/Music/iTunes/Britney Spears/Blackout,/mnt/d/Music/iTunes/Britney Spears,Blackout,2026-07-04T17:19:33+00:00
/mnt/d/Music,iTunes/Britney Spears/Blackout (Bonus Track Version),/mnt/d/Music/iTunes/Britney Spears/Blackout (Bonus Track Version),/mnt/d/Music/iTunes/Britney Spears,Blackout (Bonus Track Version),2026-07-04T17:19:32+00:00
/mnt/d/Music,iTunes/Britney Spears/Circus,/mnt/d/Music/iTunes/Britney Spears/Circus,/mnt/d/Music/iTunes/Britney Spears,Circus,2026-07-04T19:06:18+00:00
/mnt/d/Music,iTunes/Britney Spears/Womanizer - Single,/mnt/d/Music/iTunes/Britney Spears/Womanizer - Single,/mnt/d/Music/iTunes/Britney Spears,Womanizer - Single,2026-07-04T17:18:36+00:00
/mnt/d/Music,iTunes/Brooks & Dunn,/mnt/d/Music/iTunes/Brooks & Dunn,/mnt/d/Music/iTunes,Brooks & Dunn,2026-07-04T17:19:33+00:00
/mnt/d/Music,iTunes/Brooks & Dunn/Hillbilly Deluxe,/mnt/d/Music/iTunes/Brooks & Dunn/Hillbilly Deluxe,/mnt/d/Music/iTunes/Brooks & Dunn,Hillbilly Deluxe,2026-07-04T17:19:33+00:00
/mnt/d/Music,iTunes/Brooks & Dunn/Red Dirt Road,/mnt/d/Music/iTunes/Brooks & Dunn/Red Dirt Road,/mnt/d/Music/iTunes/Brooks & Dunn,Red Dirt Road,2026-07-04T17:19:33+00:00
/mnt/d/Music,iTunes/Brooks & Dunn/Steers And Stripes,/mnt/d/Music/iTunes/Brooks & Dunn/Steers And Stripes,/mnt/d/Music/iTunes/Brooks & Dunn,Steers And Stripes,2026-07-04T17:19:33+00:00
/mnt/d/Music,iTunes/Bubba Sparxxx,/mnt/d/Music/iTunes/Bubba Sparxxx,/mnt/d/Music/iTunes,Bubba Sparxxx,2026-07-04T17:19:33+00:00
/mnt/d/Music,iTunes/Bubba Sparxxx/Deliverance,/mnt/d/Music/iTunes/Bubba Sparxxx/Deliverance,/mnt/d/Music/iTunes/Bubba Sparxxx,Deliverance,2026-07-04T17:19:33+00:00
/mnt/d/Music,iTunes/Buckcherry,/mnt/d/Music/iTunes/Buckcherry,/mnt/d/Music/iTunes,Buckcherry,2026-07-04T17:19:34+00:00
/mnt/d/Music,iTunes/Buckcherry/15,/mnt/d/Music/iTunes/Buckcherry/15,/mnt/d/Music/iTunes/Buckcherry,15,2026-07-04T17:19:34+00:00
/mnt/d/Music,iTunes/Buffalo Springfield,/mnt/d/Music/iTunes/Buffalo Springfield,/mnt/d/Music/iTunes,Buffalo Springfield,2026-07-04T17:19:34+00:00
/mnt/d/Music,iTunes/Buffalo Springfield/Retrospective,/mnt/d/Music/iTunes/Buffalo Springfield/Retrospective,/mnt/d/Music/iTunes/Buffalo Springfield,Retrospective,2026-07-04T17:19:34+00:00
/mnt/d/Music,iTunes/CJ Gee,/mnt/d/Music/iTunes/CJ Gee,/mnt/d/Music/iTunes,CJ Gee,2026-07-04T17:19:35+00:00
/mnt/d/Music,iTunes/CJ Gee/Don't Want No Short Dick Man - Single,/mnt/d/Music/iTunes/CJ Gee/Don't Want No Short Dick Man - Single,/mnt/d/Music/iTunes/CJ Gee,Don't Want No Short Dick Man - Single,2026-07-04T17:19:35+00:00
/mnt/d/Music,iTunes/Carolyn Dawn Johnson,/mnt/d/Music/iTunes/Carolyn Dawn Johnson,/mnt/d/Music/iTunes,Carolyn Dawn Johnson,2026-07-04T17:19:34+00:00
/mnt/d/Music,iTunes/Carolyn Dawn Johnson/Room with a View,/mnt/d/Music/iTunes/Carolyn Dawn Johnson/Room with a View,/mnt/d/Music/iTunes/Carolyn Dawn Johnson,Room with a View,2026-07-04T17:19:34+00:00
/mnt/d/Music,iTunes/Cathy Dennis,/mnt/d/Music/iTunes/Cathy Dennis,/mnt/d/Music/iTunes,Cathy Dennis,2026-07-04T17:19:34+00:00
/mnt/d/Music,iTunes/Cathy Dennis/Move to This,/mnt/d/Music/iTunes/Cathy Dennis/Move to This,/mnt/d/Music/iTunes/Cathy Dennis,Move to This,2026-07-04T17:19:34+00:00
/mnt/d/Music,iTunes/Cheap Trick,/mnt/d/Music/iTunes/Cheap Trick,/mnt/d/Music/iTunes,Cheap Trick,2026-07-04T17:19:34+00:00
/mnt/d/Music,iTunes/Cheap Trick/Music for Hangovers (Music from the DVD),/mnt/d/Music/iTunes/Cheap Trick/Music for Hangovers (Music from the DVD),/mnt/d/Music/iTunes/Cheap Trick,Music for Hangovers (Music from the DVD),2026-07-04T17:19:34+00:00
/mnt/d/Music,iTunes/Chicago,/mnt/d/Music/iTunes/Chicago,/mnt/d/Music/iTunes,Chicago,2026-07-04T17:19:34+00:00
/mnt/d/Music,iTunes/Chicago/The Very Best of Chicago - Only the Begi,/mnt/d/Music/iTunes/Chicago/The Very Best of Chicago - Only the Begi,/mnt/d/Music/iTunes/Chicago,The Very Best of Chicago - Only the Begi,2026-07-04T17:19:34+00:00
/mnt/d/Music,iTunes/Chris Brown,/mnt/d/Music/iTunes/Chris Brown,/mnt/d/Music/iTunes,Chris Brown,2026-07-04T17:19:34+00:00
/mnt/d/Music,iTunes/Chris Brown/Forever - Single,/mnt/d/Music/iTunes/Chris Brown/Forever - Single,/mnt/d/Music/iTunes/Chris Brown,Forever - Single,2026-07-04T17:19:34+00:00
/mnt/d/Music,iTunes/Chris Cagle,/mnt/d/Music/iTunes/Chris Cagle,/mnt/d/Music/iTunes,Chris Cagle,2026-07-04T17:19:35+00:00
/mnt/d/Music,iTunes/Chris Cagle/Miss Me Baby - Single,/mnt/d/Music/iTunes/Chris Cagle/Miss Me Baby - Single,/mnt/d/Music/iTunes/Chris Cagle,Miss Me Baby - Single,2026-07-04T17:19:35+00:00
/mnt/d/Music,iTunes/Chris Cagle/Play It Loud,/mnt/d/Music/iTunes/Chris Cagle/Play It Loud,/mnt/d/Music/iTunes/Chris Cagle,Play It Loud,2026-07-04T17:19:35+00:00
/mnt/d/Music,iTunes/Christina Aguilera,/mnt/d/Music/iTunes/Christina Aguilera,/mnt/d/Music/iTunes,Christina Aguilera,2026-07-04T17:19:35+00:00
/mnt/d/Music,iTunes/Christina Aguilera/Christina Aguilera,/mnt/d/Music/iTunes/Christina Aguilera/Christina Aguilera,/mnt/d/Music/iTunes/Christina Aguilera,Christina Aguilera,2026-07-04T17:19:35+00:00
/mnt/d/Music,iTunes/Christina Aguilera/Keeps Gettin' Better - Single,/mnt/d/Music/iTunes/Christina Aguilera/Keeps Gettin' Better - Single,/mnt/d/Music/iTunes/Christina Aguilera,Keeps Gettin' Better - Single,2026-07-04T17:19:35+00:00
/mnt/d/Music,iTunes/Christopher Cross,/mnt/d/Music/iTunes/Christopher Cross,/mnt/d/Music/iTunes,Christopher Cross,2026-07-04T17:19:35+00:00
/mnt/d/Music,iTunes/Christopher Cross/Christopher Cross,/mnt/d/Music/iTunes/Christopher Cross/Christopher Cross,/mnt/d/Music/iTunes/Christopher Cross,Christopher Cross,2026-07-04T17:19:35+00:00
/mnt/d/Music,iTunes/Christopher Cross/Walking in Avalon,/mnt/d/Music/iTunes/Christopher Cross/Walking in Avalon,/mnt/d/Music/iTunes/Christopher Cross,Walking in Avalon,2026-07-04T17:19:35+00:00
/mnt/d/Music,iTunes/Clay Walker,/mnt/d/Music/iTunes/Clay Walker,/mnt/d/Music/iTunes,Clay Walker,2026-07-04T17:19:36+00:00
/mnt/d/Music,iTunes/Clay Walker/Fall,/mnt/d/Music/iTunes/Clay Walker/Fall,/mnt/d/Music/iTunes/Clay Walker,Fall,2026-07-04T17:19:36+00:00
/mnt/d/Music,iTunes/Colbie Caillat,/mnt/d/Music/iTunes/Colbie Caillat,/mnt/d/Music/iTunes,Colbie Caillat,2026-07-04T17:19:39+00:00
/mnt/d/Music,iTunes/Colbie Caillat & Schiller,/mnt/d/Music/iTunes/Colbie Caillat & Schiller,/mnt/d/Music/iTunes,Colbie Caillat & Schiller,2026-07-04T17:19:43+00:00
/mnt/d/Music,iTunes/Colbie Caillat & Schiller/You (Video Version) - Single,/mnt/d/Music/iTunes/Colbie Caillat & Schiller/You (Video Version) - Single,/mnt/d/Music/iTunes/Colbie Caillat & Schiller,You (Video Version) - Single,2026-07-04T17:19:43+00:00
/mnt/d/Music,iTunes/Colbie Caillat/Breakthrough (Deluxe Version),/mnt/d/Music/iTunes/Colbie Caillat/Breakthrough (Deluxe Version),/mnt/d/Music/iTunes/Colbie Caillat,Breakthrough (Deluxe Version),2026-07-04T17:19:43+00:00
/mnt/d/Music,iTunes/Colbie Caillat/Coco,/mnt/d/Music/iTunes/Colbie Caillat/Coco,/mnt/d/Music/iTunes/Colbie Caillat,Coco,2026-07-04T17:19:38+00:00
/mnt/d/Music,iTunes/Colbie Caillat/Coco_ Summer Sessions,/mnt/d/Music/iTunes/Colbie Caillat/Coco_ Summer Sessions,/mnt/d/Music/iTunes/Colbie Caillat,Coco_ Summer Sessions,2026-07-04T17:19:37+00:00
/mnt/d/Music,iTunes/Colbie Caillat/Dreams Collide - Single,/mnt/d/Music/iTunes/Colbie Caillat/Dreams Collide - Single,/mnt/d/Music/iTunes/Colbie Caillat,Dreams Collide - Single,2026-07-04T17:19:36+00:00
/mnt/d/Music,iTunes/Colbie Caillat/Fallin' for You - Single,/mnt/d/Music/iTunes/Colbie Caillat/Fallin' for You - Single,/mnt/d/Music/iTunes/Colbie Caillat,Fallin' for You - Single,2026-07-04T17:19:36+00:00
/mnt/d/Music,iTunes/Colbie Caillat/Mistletoe - Single,/mnt/d/Music/iTunes/Colbie Caillat/Mistletoe - Single,/mnt/d/Music/iTunes/Colbie Caillat,Mistletoe - Single,2026-07-04T17:19:36+00:00
/mnt/d/Music,iTunes/Colbie Caillat/Somethin' Special (Beijing Olympic Mix),/mnt/d/Music/iTunes/Colbie Caillat/Somethin' Special (Beijing Olympic Mix),/mnt/d/Music/iTunes/Colbie Caillat,Somethin' Special (Beijing Olympic Mix),2026-07-04T17:19:36+00:00
/mnt/d/Music,iTunes/Coldplay,/mnt/d/Music/iTunes/Coldplay,/mnt/d/Music/iTunes,Coldplay,2026-07-04T17:19:44+00:00
/mnt/d/Music,iTunes/Coldplay/A Rush of Blood to the Head,/mnt/d/Music/iTunes/Coldplay/A Rush of Blood to the Head,/mnt/d/Music/iTunes/Coldplay,A Rush of Blood to the Head,2026-07-04T17:19:45+00:00
/mnt/d/Music,iTunes/Coldplay/Parachutes,/mnt/d/Music/iTunes/Coldplay/Parachutes,/mnt/d/Music/iTunes/Coldplay,Parachutes,2026-07-04T17:19:44+00:00
/mnt/d/Music,iTunes/Coldplay/Speed of Sound - Single,/mnt/d/Music/iTunes/Coldplay/Speed of Sound - Single,/mnt/d/Music/iTunes/Coldplay,Speed of Sound - Single,2026-07-04T17:19:44+00:00
/mnt/d/Music,iTunes/Coldplay/Viva la Vida,/mnt/d/Music/iTunes/Coldplay/Viva la Vida,/mnt/d/Music/iTunes/Coldplay,Viva la Vida,2026-07-04T17:19:44+00:00
/mnt/d/Music,iTunes/Coldplay/X & Y,/mnt/d/Music/iTunes/Coldplay/X & Y,/mnt/d/Music/iTunes/Coldplay,X & Y,2026-07-04T17:19:43+00:00
/mnt/d/Music,iTunes/Color Me Badd,/mnt/d/Music/iTunes/Color Me Badd,/mnt/d/Music/iTunes,Color Me Badd,2026-07-04T17:19:45+00:00
/mnt/d/Music,iTunes/Color Me Badd/C.M.B_,/mnt/d/Music/iTunes/Color Me Badd/C.M.B_,/mnt/d/Music/iTunes/Color Me Badd,C.M.B_,2026-07-04T17:19:45+00:00
/mnt/d/Music,"iTunes/Color Me Badd/Young, Gifted and Badd - The Remixes","/mnt/d/Music/iTunes/Color Me Badd/Young, Gifted and Badd - The Remixes",/mnt/d/Music/iTunes/Color Me Badd,"Young, Gifted and Badd - The Remixes",2026-07-04T17:19:45+00:00
/mnt/d/Music,iTunes/Compilations,/mnt/d/Music/iTunes/Compilations,/mnt/d/Music/iTunes,Compilations,2026-07-04T17:20:26+00:00
/mnt/d/Music,iTunes/Compilations/'80s Gold,/mnt/d/Music/iTunes/Compilations/'80s Gold,/mnt/d/Music/iTunes/Compilations,'80s Gold,2026-07-04T17:20:26+00:00
/mnt/d/Music,iTunes/Compilations/(What's The Story) Morning Glory_,/mnt/d/Music/iTunes/Compilations/(What's The Story) Morning Glory_,/mnt/d/Music/iTunes/Compilations,(What's The Story) Morning Glory_,2026-07-04T17:20:26+00:00
/mnt/d/Music,iTunes/Compilations/100% Pure Love,/mnt/d/Music/iTunes/Compilations/100% Pure Love,/mnt/d/Music/iTunes/Compilations,100% Pure Love,2026-07-04T19:06:18+00:00
/mnt/d/Music,iTunes/Compilations/2007 Grammy Nominees,/mnt/d/Music/iTunes/Compilations/2007 Grammy Nominees,/mnt/d/Music/iTunes/Compilations,2007 Grammy Nominees,2026-07-04T17:20:24+00:00
/mnt/d/Music,iTunes/Compilations/20th Century Masters - The Millennium Co,/mnt/d/Music/iTunes/Compilations/20th Century Masters - The Millennium Co,/mnt/d/Music/iTunes/Compilations,20th Century Masters - The Millennium Co,2026-07-04T17:20:23+00:00
/mnt/d/Music,iTunes/Compilations/36 All-Time Greatest Hits [Disc 2],/mnt/d/Music/iTunes/Compilations/36 All-Time Greatest Hits [Disc 2],/mnt/d/Music/iTunes/Compilations,36 All-Time Greatest Hits [Disc 2],2026-07-04T17:20:23+00:00
/mnt/d/Music,iTunes/Compilations/80's Super Hits,/mnt/d/Music/iTunes/Compilations/80's Super Hits,/mnt/d/Music/iTunes/Compilations,80's Super Hits,2026-07-04T17:20:23+00:00
/mnt/d/Music,iTunes/Compilations/Add It Up,/mnt/d/Music/iTunes/Compilations/Add It Up,/mnt/d/Music/iTunes/Compilations,Add It Up,2026-07-04T17:20:23+00:00
/mnt/d/Music,iTunes/Compilations/All The Best [Disc 1],/mnt/d/Music/iTunes/Compilations/All The Best [Disc 1],/mnt/d/Music/iTunes/Compilations,All The Best [Disc 1],2026-07-04T17:20:23+00:00
/mnt/d/Music,iTunes/Compilations/All The Best [Disc 2],/mnt/d/Music/iTunes/Compilations/All The Best [Disc 2],/mnt/d/Music/iTunes/Compilations,All The Best [Disc 2],2026-07-04T17:20:22+00:00
/mnt/d/Music,iTunes/Compilations/Before There Was Crunk (Volume One),/mnt/d/Music/iTunes/Compilations/Before There Was Crunk (Volume One),/mnt/d/Music/iTunes/Compilations,Before There Was Crunk (Volume One),2026-07-04T17:20:22+00:00
/mnt/d/Music,iTunes/Compilations/Best of Berlin 1979-1988,/mnt/d/Music/iTunes/Compilations/Best of Berlin 1979-1988,/mnt/d/Music/iTunes/Compilations,Best of Berlin 1979-1988,2026-07-04T17:20:22+00:00
/mnt/d/Music,iTunes/Compilations/Best of SWV,/mnt/d/Music/iTunes/Compilations/Best of SWV,/mnt/d/Music/iTunes/Compilations,Best of SWV,2026-07-04T17:20:22+00:00
/mnt/d/Music,iTunes/Compilations/Bill Withers_ Super Hits,/mnt/d/Music/iTunes/Compilations/Bill Withers_ Super Hits,/mnt/d/Music/iTunes/Compilations,Bill Withers_ Super Hits,2026-07-04T17:20:22+00:00
/mnt/d/Music,iTunes/Compilations/Billboard_ No. 1 Hits of the '90s,/mnt/d/Music/iTunes/Compilations/Billboard_ No. 1 Hits of the '90s,/mnt/d/Music/iTunes/Compilations,Billboard_ No. 1 Hits of the '90s,2026-07-04T17:20:21+00:00
/mnt/d/Music,iTunes/Compilations/Boomerang (Soundtrack from the Motion Pi,/mnt/d/Music/iTunes/Compilations/Boomerang (Soundtrack from the Motion Pi,/mnt/d/Music/iTunes/Compilations,Boomerang (Soundtrack from the Motion Pi,2026-07-04T17:20:21+00:00
/mnt/d/Music,iTunes/Compilations/Booty Super Party Club Classics,/mnt/d/Music/iTunes/Compilations/Booty Super Party Club Classics,/mnt/d/Music/iTunes/Compilations,Booty Super Party Club Classics,2026-07-04T17:20:21+00:00
/mnt/d/Music,iTunes/Compilations/Breakaway,/mnt/d/Music/iTunes/Compilations/Breakaway,/mnt/d/Music/iTunes/Compilations,Breakaway,2026-07-04T17:20:21+00:00
/mnt/d/Music,iTunes/Compilations/Carly Simon_ Clouds in My Coffee 1965-19,/mnt/d/Music/iTunes/Compilations/Carly Simon_ Clouds in My Coffee 1965-19,/mnt/d/Music/iTunes/Compilations,Carly Simon_ Clouds in My Coffee 1965-19,2026-07-04T17:20:21+00:00
/mnt/d/Music,iTunes/Compilations/Charlie Daniels_ Super Hits,/mnt/d/Music/iTunes/Compilations/Charlie Daniels_ Super Hits,/mnt/d/Music/iTunes/Compilations,Charlie Daniels_ Super Hits,2026-07-04T17:20:21+00:00
/mnt/d/Music,iTunes/Compilations/Club Mix '97 (Disc 1),/mnt/d/Music/iTunes/Compilations/Club Mix '97 (Disc 1),/mnt/d/Music/iTunes/Compilations,Club Mix '97 (Disc 1),2026-07-04T17:20:20+00:00
/mnt/d/Music,iTunes/Compilations/Club Mix '97 (Disc 2),/mnt/d/Music/iTunes/Compilations/Club Mix '97 (Disc 2),/mnt/d/Music/iTunes/Compilations,Club Mix '97 (Disc 2),2026-07-04T17:20:20+00:00
/mnt/d/Music,iTunes/Compilations/Club Mix '98 (Disc 2),/mnt/d/Music/iTunes/Compilations/Club Mix '98 (Disc 2),/mnt/d/Music/iTunes/Compilations,Club Mix '98 (Disc 2),2026-07-04T17:20:20+00:00
/mnt/d/Music,iTunes/Compilations/Club Mix '98 [Disc 1],/mnt/d/Music/iTunes/Compilations/Club Mix '98 [Disc 1],/mnt/d/Music/iTunes/Compilations,Club Mix '98 [Disc 1],2026-07-04T17:20:20+00:00
/mnt/d/Music,"iTunes/Compilations/Creedence Clearwater Revival, Classics_","/mnt/d/Music/iTunes/Compilations/Creedence Clearwater Revival, Classics_",/mnt/d/Music/iTunes/Compilations,"Creedence Clearwater Revival, Classics_",2026-07-04T17:20:20+00:00
/mnt/d/Music,iTunes/Compilations/Crunk'd,/mnt/d/Music/iTunes/Compilations/Crunk'd,/mnt/d/Music/iTunes/Compilations,Crunk'd,2026-07-04T17:20:19+00:00
/mnt/d/Music,iTunes/Compilations/Def Jam Recordings - Let The People Spea,/mnt/d/Music/iTunes/Compilations/Def Jam Recordings - Let The People Spea,/mnt/d/Music/iTunes/Compilations,Def Jam Recordings - Let The People Spea,2026-07-04T17:20:19+00:00
/mnt/d/Music,iTunes/Compilations/Erasure_ Pop! 20 Hits,/mnt/d/Music/iTunes/Compilations/Erasure_ Pop! 20 Hits,/mnt/d/Music/iTunes/Compilations,Erasure_ Pop! 20 Hits,2026-07-04T17:20:19+00:00
/mnt/d/Music,iTunes/Compilations/Fired Up! 2,/mnt/d/Music/iTunes/Compilations/Fired Up! 2,/mnt/d/Music/iTunes/Compilations,Fired Up! 2,2026-07-04T17:20:19+00:00
/mnt/d/Music,iTunes/Compilations/Footloose (15th Anniversary Collectors',/mnt/d/Music/iTunes/Compilations/Footloose (15th Anniversary Collectors',/mnt/d/Music/iTunes/Compilations,Footloose (15th Anniversary Collectors',2026-07-04T17:20:18+00:00
/mnt/d/Music,iTunes/Compilations/From There to Here,/mnt/d/Music/iTunes/Compilations/From There to Here,/mnt/d/Music/iTunes/Compilations,From There to Here,2026-07-04T17:20:18+00:00
/mnt/d/Music,iTunes/Compilations/Galore - The Singles 1987-1997,/mnt/d/Music/iTunes/Compilations/Galore - The Singles 1987-1997,/mnt/d/Music/iTunes/Compilations,Galore - The Singles 1987-1997,2026-07-04T17:20:18+00:00
/mnt/d/Music,iTunes/Compilations/Garbz Presents - Through My Eyes,/mnt/d/Music/iTunes/Compilations/Garbz Presents - Through My Eyes,/mnt/d/Music/iTunes/Compilations,Garbz Presents - Through My Eyes,2026-07-04T17:20:18+00:00
/mnt/d/Music,iTunes/Compilations/Greatest Hits,/mnt/d/Music/iTunes/Compilations/Greatest Hits,/mnt/d/Music/iTunes/Compilations,Greatest Hits,2026-07-04T17:20:18+00:00
/mnt/d/Music,iTunes/Compilations/Greatest Hits 1970-2002 [Disc 2],/mnt/d/Music/iTunes/Compilations/Greatest Hits 1970-2002 [Disc 2],/mnt/d/Music/iTunes/Compilations,Greatest Hits 1970-2002 [Disc 2],2026-07-04T17:20:17+00:00
/mnt/d/Music,iTunes/Compilations/Greatest Hits_ My Prerogative,/mnt/d/Music/iTunes/Compilations/Greatest Hits_ My Prerogative,/mnt/d/Music/iTunes/Compilations,Greatest Hits_ My Prerogative,2026-07-04T17:20:17+00:00
/mnt/d/Music,iTunes/Compilations/Greatest Hits_ Oh Sheila! - Ready for th,/mnt/d/Music/iTunes/Compilations/Greatest Hits_ Oh Sheila! - Ready for th,/mnt/d/Music/iTunes/Compilations,Greatest Hits_ Oh Sheila! - Ready for th,2026-07-04T17:20:16+00:00
/mnt/d/Music,iTunes/Compilations/Gypsy Kings & Queens,/mnt/d/Music/iTunes/Compilations/Gypsy Kings & Queens,/mnt/d/Music/iTunes/Compilations,Gypsy Kings & Queens,2026-07-04T17:20:16+00:00
/mnt/d/Music,iTunes/Compilations/Heart_ Greatest Hits - 1985-1995,/mnt/d/Music/iTunes/Compilations/Heart_ Greatest Hits - 1985-1995,/mnt/d/Music/iTunes/Compilations,Heart_ Greatest Hits - 1985-1995,2026-07-04T17:20:16+00:00
/mnt/d/Music,iTunes/Compilations/Hip Hop,/mnt/d/Music/iTunes/Compilations/Hip Hop,/mnt/d/Music/iTunes/Compilations,Hip Hop,2026-07-04T17:20:16+00:00
/mnt/d/Music,iTunes/Compilations/Hip Hop Gold,/mnt/d/Music/iTunes/Compilations/Hip Hop Gold,/mnt/d/Music/iTunes/Compilations,Hip Hop Gold,2026-07-04T17:20:15+00:00
/mnt/d/Music,iTunes/Compilations/Hot Blooded And Other Hits,/mnt/d/Music/iTunes/Compilations/Hot Blooded And Other Hits,/mnt/d/Music/iTunes/Compilations,Hot Blooded And Other Hits,2026-07-04T17:20:15+00:00
/mnt/d/Music,iTunes/Compilations/In My Lifetime (Disc 2) [Box Set],/mnt/d/Music/iTunes/Compilations/In My Lifetime (Disc 2) [Box Set],/mnt/d/Music/iTunes/Compilations,In My Lifetime (Disc 2) [Box Set],2026-07-04T17:20:15+00:00
/mnt/d/Music,iTunes/Compilations/International - The Best of New Order,/mnt/d/Music/iTunes/Compilations/International - The Best of New Order,/mnt/d/Music/iTunes/Compilations,International - The Best of New Order,2026-07-04T17:20:14+00:00
/mnt/d/Music,iTunes/Compilations/Jo Dee Messina_ Greatest Hits,/mnt/d/Music/iTunes/Compilations/Jo Dee Messina_ Greatest Hits,/mnt/d/Music/iTunes/Compilations,Jo Dee Messina_ Greatest Hits,2026-07-04T17:20:14+00:00
/mnt/d/Music,iTunes/Compilations/Life,/mnt/d/Music/iTunes/Compilations/Life,/mnt/d/Music/iTunes/Compilations,Life,2026-07-04T17:20:14+00:00
/mnt/d/Music,iTunes/Compilations/Love Hip Hop - 12 Slammin' Hip Hop Hits,/mnt/d/Music/iTunes/Compilations/Love Hip Hop - 12 Slammin' Hip Hop Hits,/mnt/d/Music/iTunes/Compilations,Love Hip Hop - 12 Slammin' Hip Hop Hits,2026-07-04T17:20:14+00:00
/mnt/d/Music,iTunes/Compilations/Love Songs,/mnt/d/Music/iTunes/Compilations/Love Songs,/mnt/d/Music/iTunes/Compilations,Love Songs,2026-07-04T17:20:14+00:00
/mnt/d/Music,iTunes/Compilations/Love. Angel. Music. Baby,/mnt/d/Music/iTunes/Compilations/Love. Angel. Music. Baby,/mnt/d/Music/iTunes/Compilations,Love. Angel. Music. Baby,2026-07-04T17:20:13+00:00
/mnt/d/Music,iTunes/Compilations/Me & My Gang,/mnt/d/Music/iTunes/Compilations/Me & My Gang,/mnt/d/Music/iTunes/Compilations,Me & My Gang,2026-07-04T17:20:13+00:00
/mnt/d/Music,iTunes/Compilations/Modern Rock Collection [Disc 1],/mnt/d/Music/iTunes/Compilations/Modern Rock Collection [Disc 1],/mnt/d/Music/iTunes/Compilations,Modern Rock Collection [Disc 1],2026-07-04T17:20:12+00:00
/mnt/d/Music,iTunes/Compilations/Modern Rock_ Cutting Edge 80's,/mnt/d/Music/iTunes/Compilations/Modern Rock_ Cutting Edge 80's,/mnt/d/Music/iTunes/Compilations,Modern Rock_ Cutting Edge 80's,2026-07-04T17:20:11+00:00
/mnt/d/Music,iTunes/Compilations/Modern Rock_ The Cool 80's,/mnt/d/Music/iTunes/Compilations/Modern Rock_ The Cool 80's,/mnt/d/Music/iTunes/Compilations,Modern Rock_ The Cool 80's,2026-07-04T17:20:10+00:00
/mnt/d/Music,iTunes/Compilations/Monsta Jamz,/mnt/d/Music/iTunes/Compilations/Monsta Jamz,/mnt/d/Music/iTunes/Compilations,Monsta Jamz,2026-07-04T17:20:09+00:00
/mnt/d/Music,iTunes/Compilations/Negotiations and Love Songs 1971-1986,/mnt/d/Music/iTunes/Compilations/Negotiations and Love Songs 1971-1986,/mnt/d/Music/iTunes/Compilations,Negotiations and Love Songs 1971-1986,2026-07-04T17:20:07+00:00
/mnt/d/Music,iTunes/Compilations/Now That's What I Call Music! Vol. 18,/mnt/d/Music/iTunes/Compilations/Now That's What I Call Music! Vol. 18,/mnt/d/Music/iTunes/Compilations,Now That's What I Call Music! Vol. 18,2026-07-04T17:20:07+00:00
/mnt/d/Music,iTunes/Compilations/Pebbles_ Greatest Hits,/mnt/d/Music/iTunes/Compilations/Pebbles_ Greatest Hits,/mnt/d/Music/iTunes/Compilations,Pebbles_ Greatest Hits,2026-07-04T17:20:07+00:00
/mnt/d/Music,iTunes/Compilations/Platinum & Gold Collection_ Taylor Dayne,/mnt/d/Music/iTunes/Compilations/Platinum & Gold Collection_ Taylor Dayne,/mnt/d/Music/iTunes/Compilations,Platinum & Gold Collection_ Taylor Dayne,2026-07-04T17:20:06+00:00
/mnt/d/Music,iTunes/Compilations/Poison's Greatest Hits 1986-1996,/mnt/d/Music/iTunes/Compilations/Poison's Greatest Hits 1986-1996,/mnt/d/Music/iTunes/Compilations,Poison's Greatest Hits 1986-1996,2026-07-04T17:20:06+00:00
/mnt/d/Music,iTunes/Compilations/Profilin' the Hits,/mnt/d/Music/iTunes/Compilations/Profilin' the Hits,/mnt/d/Music/iTunes/Compilations,Profilin' the Hits,2026-07-04T17:20:06+00:00
/mnt/d/Music,iTunes/Compilations/Pulse (Disc 1),/mnt/d/Music/iTunes/Compilations/Pulse (Disc 1),/mnt/d/Music/iTunes/Compilations,Pulse (Disc 1),2026-07-04T17:20:06+00:00
/mnt/d/Music,iTunes/Compilations/Pulse (Disc 2),/mnt/d/Music/iTunes/Compilations/Pulse (Disc 2),/mnt/d/Music/iTunes/Compilations,Pulse (Disc 2),2026-07-04T17:20:05+00:00
/mnt/d/Music,iTunes/Compilations/Pure Disco,/mnt/d/Music/iTunes/Compilations/Pure Disco,/mnt/d/Music/iTunes/Compilations,Pure Disco,2026-07-04T17:20:05+00:00
/mnt/d/Music,iTunes/Compilations/Pure Moods,/mnt/d/Music/iTunes/Compilations/Pure Moods,/mnt/d/Music/iTunes/Compilations,Pure Moods,2026-07-04T17:20:04+00:00
/mnt/d/Music,iTunes/Compilations/Retrospective_ The Best of Suzanne Vega,/mnt/d/Music/iTunes/Compilations/Retrospective_ The Best of Suzanne Vega,/mnt/d/Music/iTunes/Compilations,Retrospective_ The Best of Suzanne Vega,2026-07-04T17:20:04+00:00
/mnt/d/Music,iTunes/Compilations/Ricky Martin,/mnt/d/Music/iTunes/Compilations/Ricky Martin,/mnt/d/Music/iTunes/Compilations,Ricky Martin,2026-07-04T17:20:04+00:00
/mnt/d/Music,iTunes/Compilations/Rock Of The 80's Volume 2,/mnt/d/Music/iTunes/Compilations/Rock Of The 80's Volume 2,/mnt/d/Music/iTunes/Compilations,Rock Of The 80's Volume 2,2026-07-04T17:20:03+00:00
/mnt/d/Music,iTunes/Compilations/Serendipity (Music from the Miramax Moti,/mnt/d/Music/iTunes/Compilations/Serendipity (Music from the Miramax Moti,/mnt/d/Music/iTunes/Compilations,Serendipity (Music from the Miramax Moti,2026-07-04T17:20:03+00:00
/mnt/d/Music,iTunes/Compilations/Sevens,/mnt/d/Music/iTunes/Compilations/Sevens,/mnt/d/Music/iTunes/Compilations,Sevens,2026-07-04T17:20:02+00:00
/mnt/d/Music,iTunes/Compilations/So So Def Bass All-Stars Vol. II,/mnt/d/Music/iTunes/Compilations/So So Def Bass All-Stars Vol. II,/mnt/d/Music/iTunes/Compilations,So So Def Bass All-Stars Vol. II,2026-07-04T17:20:01+00:00
/mnt/d/Music,iTunes/Compilations/So So Def Presents_ Definition of a Remi,/mnt/d/Music/iTunes/Compilations/So So Def Presents_ Definition of a Remi,/mnt/d/Music/iTunes/Compilations,So So Def Presents_ Definition of a Remi,2026-07-04T17:20:01+00:00
/mnt/d/Music,iTunes/Compilations/Sound Loaded,/mnt/d/Music/iTunes/Compilations/Sound Loaded,/mnt/d/Music/iTunes/Compilations,Sound Loaded,2026-07-04T17:20:01+00:00
/mnt/d/Music,iTunes/Compilations/Stacey Q's Greatest Hits (the Queen of R,/mnt/d/Music/iTunes/Compilations/Stacey Q's Greatest Hits (the Queen of R,/mnt/d/Music/iTunes/Compilations,Stacey Q's Greatest Hits (the Queen of R,2026-07-04T17:20:01+00:00
/mnt/d/Music,iTunes/Compilations/The Best Of Sade,/mnt/d/Music/iTunes/Compilations/The Best Of Sade,/mnt/d/Music/iTunes/Compilations,The Best Of Sade,2026-07-04T17:19:56+00:00
/mnt/d/Music,iTunes/Compilations/The Best of '80s Pop_ Party Songs,/mnt/d/Music/iTunes/Compilations/The Best of '80s Pop_ Party Songs,/mnt/d/Music/iTunes/Compilations,The Best of '80s Pop_ Party Songs,2026-07-04T17:20:00+00:00
/mnt/d/Music,iTunes/Compilations/The Best of Bonnie Raitt,/mnt/d/Music/iTunes/Compilations/The Best of Bonnie Raitt,/mnt/d/Music/iTunes/Compilations,The Best of Bonnie Raitt,2026-07-04T17:20:00+00:00
/mnt/d/Music,iTunes/Compilations/The Best of INXS,/mnt/d/Music/iTunes/Compilations/The Best of INXS,/mnt/d/Music/iTunes/Compilations,The Best of INXS,2026-07-04T17:20:00+00:00
/mnt/d/Music,iTunes/Compilations/The Best of Mr. Mister,/mnt/d/Music/iTunes/Compilations/The Best of Mr. Mister,/mnt/d/Music/iTunes/Compilations,The Best of Mr. Mister,2026-07-04T17:19:56+00:00
/mnt/d/Music,iTunes/Compilations/The Best of Siouxsie and The Banshees,/mnt/d/Music/iTunes/Compilations/The Best of Siouxsie and The Banshees,/mnt/d/Music/iTunes/Compilations,The Best of Siouxsie and The Banshees,2026-07-04T17:19:54+00:00
/mnt/d/Music,iTunes/Compilations/The Best of The Youngbloods,/mnt/d/Music/iTunes/Compilations/The Best of The Youngbloods,/mnt/d/Music/iTunes/Compilations,The Best of The Youngbloods,2026-07-04T17:19:54+00:00
/mnt/d/Music,iTunes/Compilations/The Best of Yaz,/mnt/d/Music/iTunes/Compilations/The Best of Yaz,/mnt/d/Music/iTunes/Compilations,The Best of Yaz,2026-07-04T17:19:54+00:00
/mnt/d/Music,iTunes/Compilations/The Birth of a Legend,/mnt/d/Music/iTunes/Compilations/The Birth of a Legend,/mnt/d/Music/iTunes/Compilations,The Birth of a Legend,2026-07-04T17:19:54+00:00
/mnt/d/Music,iTunes/Compilations/The Cars_ Complete Greatest Hits,/mnt/d/Music/iTunes/Compilations/The Cars_ Complete Greatest Hits,/mnt/d/Music/iTunes/Compilations,The Cars_ Complete Greatest Hits,2026-07-04T17:19:53+00:00
/mnt/d/Music,iTunes/Compilations/The Casablanca Records Story (Box Set),/mnt/d/Music/iTunes/Compilations/The Casablanca Records Story (Box Set),/mnt/d/Music/iTunes/Compilations,The Casablanca Records Story (Box Set),2026-07-04T17:19:53+00:00
/mnt/d/Music,"iTunes/Compilations/The Complete John Waite, Vol. I - Fallin","/mnt/d/Music/iTunes/Compilations/The Complete John Waite, Vol. I - Fallin",/mnt/d/Music/iTunes/Compilations,"The Complete John Waite, Vol. I - Fallin",2026-07-04T17:19:53+00:00
/mnt/d/Music,iTunes/Compilations/The Cure_ Greatest Hits,/mnt/d/Music/iTunes/Compilations/The Cure_ Greatest Hits,/mnt/d/Music/iTunes/Compilations,The Cure_ Greatest Hits,2026-07-04T17:19:53+00:00
/mnt/d/Music,iTunes/Compilations/The Definitive Collection [Disc 1],/mnt/d/Music/iTunes/Compilations/The Definitive Collection [Disc 1],/mnt/d/Music/iTunes/Compilations,The Definitive Collection [Disc 1],2026-07-04T17:19:53+00:00
/mnt/d/Music,iTunes/Compilations/The Hip Hop Box,/mnt/d/Music/iTunes/Compilations/The Hip Hop Box,/mnt/d/Music/iTunes/Compilations,The Hip Hop Box,2026-07-04T17:19:51+00:00
/mnt/d/Music,iTunes/Compilations/The Hits Remixed,/mnt/d/Music/iTunes/Compilations/The Hits Remixed,/mnt/d/Music/iTunes/Compilations,The Hits Remixed,2026-07-04T17:19:51+00:00
/mnt/d/Music,iTunes/Compilations/The Hits_The B-Sides (Disc 1),/mnt/d/Music/iTunes/Compilations/The Hits_The B-Sides (Disc 1),/mnt/d/Music/iTunes/Compilations,The Hits_The B-Sides (Disc 1),2026-07-04T17:19:50+00:00
/mnt/d/Music,iTunes/Compilations/The Jazz Wedding Album_ First Dances,/mnt/d/Music/iTunes/Compilations/The Jazz Wedding Album_ First Dances,/mnt/d/Music/iTunes/Compilations,The Jazz Wedding Album_ First Dances,2026-07-04T17:19:50+00:00
/mnt/d/Music,iTunes/Compilations/The Mamas & The Papas Greatest Hits,/mnt/d/Music/iTunes/Compilations/The Mamas & The Papas Greatest Hits,/mnt/d/Music/iTunes/Compilations,The Mamas & The Papas Greatest Hits,2026-07-04T17:19:50+00:00
/mnt/d/Music,iTunes/Compilations/The Other Sister,/mnt/d/Music/iTunes/Compilations/The Other Sister,/mnt/d/Music/iTunes/Compilations,The Other Sister,2026-07-04T17:19:49+00:00
/mnt/d/Music,iTunes/Compilations/The Pointer Sisters_ Hits!,/mnt/d/Music/iTunes/Compilations/The Pointer Sisters_ Hits!,/mnt/d/Music/iTunes/Compilations,The Pointer Sisters_ Hits!,2026-07-04T17:19:49+00:00
/mnt/d/Music,iTunes/Compilations/The Very Best Of Brooks & Dunn,/mnt/d/Music/iTunes/Compilations/The Very Best Of Brooks & Dunn,/mnt/d/Music/iTunes/Compilations,The Very Best Of Brooks & Dunn,2026-07-04T17:19:49+00:00
/mnt/d/Music,iTunes/Compilations/The Very Best Of Michael McDonald,/mnt/d/Music/iTunes/Compilations/The Very Best Of Michael McDonald,/mnt/d/Music/iTunes/Compilations,The Very Best Of Michael McDonald,2026-07-04T17:19:49+00:00
/mnt/d/Music,iTunes/Compilations/This Is Ultimate Dance!,/mnt/d/Music/iTunes/Compilations/This Is Ultimate Dance!,/mnt/d/Music/iTunes/Compilations,This Is Ultimate Dance!,2026-07-04T17:19:48+00:00
/mnt/d/Music,iTunes/Compilations/Thompson Twins_ Greatest Hits,/mnt/d/Music/iTunes/Compilations/Thompson Twins_ Greatest Hits,/mnt/d/Music/iTunes/Compilations,Thompson Twins_ Greatest Hits,2026-07-04T17:19:48+00:00
/mnt/d/Music,iTunes/Compilations/Tony! Toni! Toné! Hits,/mnt/d/Music/iTunes/Compilations/Tony! Toni! Toné! Hits,/mnt/d/Music/iTunes/Compilations,Tony! Toni! Toné! Hits,2026-07-04T17:19:47+00:00
/mnt/d/Music,iTunes/Compilations/Toto_ Love Songs,/mnt/d/Music/iTunes/Compilations/Toto_ Love Songs,/mnt/d/Music/iTunes/Compilations,Toto_ Love Songs,2026-07-04T17:19:47+00:00
/mnt/d/Music,iTunes/Compilations/Ultimate Collection_ Shanice,/mnt/d/Music/iTunes/Compilations/Ultimate Collection_ Shanice,/mnt/d/Music/iTunes/Compilations,Ultimate Collection_ Shanice,2026-07-04T17:19:47+00:00
/mnt/d/Music,iTunes/Compilations/VH-1 Behind the Music_ Go-Go's Collectio,/mnt/d/Music/iTunes/Compilations/VH-1 Behind the Music_ Go-Go's Collectio,/mnt/d/Music/iTunes/Compilations,VH-1 Behind the Music_ Go-Go's Collectio,2026-07-04T17:19:47+00:00
/mnt/d/Music,iTunes/Compilations/VH1 Storytellers - Greatest Moments (Dis,/mnt/d/Music/iTunes/Compilations/VH1 Storytellers - Greatest Moments (Dis,/mnt/d/Music/iTunes/Compilations,VH1 Storytellers - Greatest Moments (Dis,2026-07-04T17:19:46+00:00
/mnt/d/Music,iTunes/Compilations/Who's That Girl (Soundtrack from the Mot,/mnt/d/Music/iTunes/Compilations/Who's That Girl (Soundtrack from the Mot,/mnt/d/Music/iTunes/Compilations,Who's That Girl (Soundtrack from the Mot,2026-07-04T17:19:46+00:00
/mnt/d/Music,iTunes/Compilations/Your Man,/mnt/d/Music/iTunes/Compilations/Your Man,/mnt/d/Music/iTunes/Compilations,Your Man,2026-07-04T17:19:46+00:00
/mnt/d/Music,iTunes/Corinne Bailey Rae,/mnt/d/Music/iTunes/Corinne Bailey Rae,/mnt/d/Music/iTunes,Corinne Bailey Rae,2026-07-04T17:20:26+00:00
/mnt/d/Music,iTunes/Corinne Bailey Rae/Corinne Bailey Rae,/mnt/d/Music/iTunes/Corinne Bailey Rae/Corinne Bailey Rae,/mnt/d/Music/iTunes/Corinne Bailey Rae,Corinne Bailey Rae,2026-07-04T17:20:26+00:00
/mnt/d/Music,iTunes/Counting Crows,/mnt/d/Music/iTunes/Counting Crows,/mnt/d/Music/iTunes,Counting Crows,2026-07-04T17:20:27+00:00
/mnt/d/Music,iTunes/Counting Crows/Accidentally In Love - Single,/mnt/d/Music/iTunes/Counting Crows/Accidentally In Love - Single,/mnt/d/Music/iTunes/Counting Crows,Accidentally In Love - Single,2026-07-04T17:20:27+00:00
/mnt/d/Music,iTunes/Counting Crows/August and Everything After,/mnt/d/Music/iTunes/Counting Crows/August and Everything After,/mnt/d/Music/iTunes/Counting Crows,August and Everything After,2026-07-04T17:20:27+00:00
/mnt/d/Music,iTunes/Counting Crows/Films About Ghosts_ The Best of Counting,/mnt/d/Music/iTunes/Counting Crows/Films About Ghosts_ The Best of Counting,/mnt/d/Music/iTunes/Counting Crows,Films About Ghosts_ The Best of Counting,2026-07-04T17:20:26+00:00
/mnt/d/Music,iTunes/Country Love,/mnt/d/Music/iTunes/Country Love,/mnt/d/Music/iTunes,Country Love,2026-07-04T17:17:54+00:00
/mnt/d/Music,iTunes/Country Love/Country Valentine's Day,/mnt/d/Music/iTunes/Country Love/Country Valentine's Day,/mnt/d/Music/iTunes/Country Love,Country Valentine's Day,2026-07-04T17:17:54+00:00
/mnt/d/Music,iTunes/Creed,/mnt/d/Music/iTunes/Creed,/mnt/d/Music/iTunes,Creed,2026-07-04T17:20:27+00:00
/mnt/d/Music,iTunes/Creed/My Own Prison,/mnt/d/Music/iTunes/Creed/My Own Prison,/mnt/d/Music/iTunes/Creed,My Own Prison,2026-07-04T17:20:28+00:00
/mnt/d/Music,iTunes/Crowded House,/mnt/d/Music/iTunes/Crowded House,/mnt/d/Music/iTunes,Crowded House,2026-07-04T17:20:28+00:00
/mnt/d/Music,iTunes/Crowded House/Recurring Dream - The Very Best of Crowd,/mnt/d/Music/iTunes/Crowded House/Recurring Dream - The Very Best of Crowd,/mnt/d/Music/iTunes/Crowded House,Recurring Dream - The Very Best of Crowd,2026-07-04T17:20:28+00:00
/mnt/d/Music,iTunes/Crystal Waters,/mnt/d/Music/iTunes/Crystal Waters,/mnt/d/Music/iTunes,Crystal Waters,2026-07-04T17:20:28+00:00
/mnt/d/Music,iTunes/Crystal Waters/Surprise,/mnt/d/Music/iTunes/Crystal Waters/Surprise,/mnt/d/Music/iTunes/Crystal Waters,Surprise,2026-07-04T17:20:28+00:00
/mnt/d/Music,iTunes/Cutting Crew,/mnt/d/Music/iTunes/Cutting Crew,/mnt/d/Music/iTunes,Cutting Crew,2026-07-04T17:20:28+00:00
/mnt/d/Music,iTunes/Cutting Crew/Broadcast,/mnt/d/Music/iTunes/Cutting Crew/Broadcast,/mnt/d/Music/iTunes/Cutting Crew,Broadcast,2026-07-04T17:20:28+00:00
/mnt/d/Music,iTunes/Cyndi Lauper,/mnt/d/Music/iTunes/Cyndi Lauper,/mnt/d/Music/iTunes,Cyndi Lauper,2026-07-04T17:20:29+00:00
/mnt/d/Music,iTunes/Cyndi Lauper/She's So Unusual,/mnt/d/Music/iTunes/Cyndi Lauper/She's So Unusual,/mnt/d/Music/iTunes/Cyndi Lauper,She's So Unusual,2026-07-04T17:20:29+00:00
/mnt/d/Music,iTunes/Cyndi Lauper/True Colors,/mnt/d/Music/iTunes/Cyndi Lauper/True Colors,/mnt/d/Music/iTunes/Cyndi Lauper,True Colors,2026-07-04T17:20:29+00:00
/mnt/d/Music,iTunes/Daniel Bedingfield,/mnt/d/Music/iTunes/Daniel Bedingfield,/mnt/d/Music/iTunes,Daniel Bedingfield,2026-07-04T17:20:29+00:00
/mnt/d/Music,iTunes/Daniel Bedingfield/Gotta Get Thru This,/mnt/d/Music/iTunes/Daniel Bedingfield/Gotta Get Thru This,/mnt/d/Music/iTunes/Daniel Bedingfield,Gotta Get Thru This,2026-07-04T17:20:29+00:00
/mnt/d/Music,iTunes/Daniel Powter,/mnt/d/Music/iTunes/Daniel Powter,/mnt/d/Music/iTunes,Daniel Powter,2026-07-04T17:20:29+00:00
/mnt/d/Music,iTunes/Daniel Powter/Daniel Powter,/mnt/d/Music/iTunes/Daniel Powter/Daniel Powter,/mnt/d/Music/iTunes/Daniel Powter,Daniel Powter,2026-07-04T17:20:29+00:00
/mnt/d/Music,iTunes/Darryl Worley,/mnt/d/Music/iTunes/Darryl Worley,/mnt/d/Music/iTunes,Darryl Worley,2026-07-04T17:20:30+00:00
/mnt/d/Music,iTunes/Darryl Worley/I Miss My Friend,/mnt/d/Music/iTunes/Darryl Worley/I Miss My Friend,/mnt/d/Music/iTunes/Darryl Worley,I Miss My Friend,2026-07-04T17:20:30+00:00
/mnt/d/Music,iTunes/Darryl Worley/Sounds Like Life,/mnt/d/Music/iTunes/Darryl Worley/Sounds Like Life,/mnt/d/Music/iTunes/Darryl Worley,Sounds Like Life,2026-07-04T17:20:30+00:00
/mnt/d/Music,iTunes/Darude,/mnt/d/Music/iTunes/Darude,/mnt/d/Music/iTunes,Darude,2026-07-04T17:20:30+00:00
/mnt/d/Music,iTunes/Darude/Before the Storm,/mnt/d/Music/iTunes/Darude/Before the Storm,/mnt/d/Music/iTunes/Darude,Before the Storm,2026-07-04T17:20:30+00:00
/mnt/d/Music,iTunes/Daryl Hall & John Oates,/mnt/d/Music/iTunes/Daryl Hall & John Oates,/mnt/d/Music/iTunes,Daryl Hall & John Oates,2026-07-04T17:20:30+00:00
/mnt/d/Music,iTunes/Daryl Hall & John Oates/Abandoned Luncheonette,/mnt/d/Music/iTunes/Daryl Hall & John Oates/Abandoned Luncheonette,/mnt/d/Music/iTunes/Daryl Hall & John Oates,Abandoned Luncheonette,2026-07-04T17:20:30+00:00
/mnt/d/Music,iTunes/Daughtry,/mnt/d/Music/iTunes/Daughtry,/mnt/d/Music/iTunes,Daughtry,2026-07-04T17:20:30+00:00
/mnt/d/Music,iTunes/Daughtry/Daughtry (Bonus Track),/mnt/d/Music/iTunes/Daughtry/Daughtry (Bonus Track),/mnt/d/Music/iTunes/Daughtry,Daughtry (Bonus Track),2026-07-04T17:20:30+00:00
/mnt/d/Music,iTunes/Dave Matthews Band,/mnt/d/Music/iTunes/Dave Matthews Band,/mnt/d/Music/iTunes,Dave Matthews Band,2026-07-04T17:20:31+00:00
/mnt/d/Music,iTunes/Dave Matthews Band/Busted Stuff,/mnt/d/Music/iTunes/Dave Matthews Band/Busted Stuff,/mnt/d/Music/iTunes/Dave Matthews Band,Busted Stuff,2026-07-04T17:20:31+00:00
/mnt/d/Music,iTunes/Dave Matthews Band/Crash,/mnt/d/Music/iTunes/Dave Matthews Band/Crash,/mnt/d/Music/iTunes/Dave Matthews Band,Crash,2026-07-04T17:20:31+00:00
/mnt/d/Music,iTunes/Dave Matthews Band/Under the Table and Dreaming,/mnt/d/Music/iTunes/Dave Matthews Band/Under the Table and Dreaming,/mnt/d/Music/iTunes/Dave Matthews Band,Under the Table and Dreaming,2026-07-04T17:20:31+00:00
/mnt/d/Music,iTunes/Dave Matthews Band/Unknown Album,/mnt/d/Music/iTunes/Dave Matthews Band/Unknown Album,/mnt/d/Music/iTunes/Dave Matthews Band,Unknown Album,2026-07-04T17:20:30+00:00
/mnt/d/Music,iTunes/David Bowie,/mnt/d/Music/iTunes/David Bowie,/mnt/d/Music/iTunes,David Bowie,2026-07-04T17:20:31+00:00
/mnt/d/Music,iTunes/David Bowie & Queen,/mnt/d/Music/iTunes/David Bowie & Queen,/mnt/d/Music/iTunes,David Bowie & Queen,2026-07-04T17:20:31+00:00
/mnt/d/Music,iTunes/David Bowie & Queen/Best of Bowie,/mnt/d/Music/iTunes/David Bowie & Queen/Best of Bowie,/mnt/d/Music/iTunes/David Bowie & Queen,Best of Bowie,2026-07-04T17:20:31+00:00
/mnt/d/Music,iTunes/David Bowie/Best of Bowie,/mnt/d/Music/iTunes/David Bowie/Best of Bowie,/mnt/d/Music/iTunes/David Bowie,Best of Bowie,2026-07-04T17:20:31+00:00
/mnt/d/Music,iTunes/David Cook,/mnt/d/Music/iTunes/David Cook,/mnt/d/Music/iTunes,David Cook,2026-07-04T17:20:32+00:00
/mnt/d/Music,iTunes/David Cook/Always Be My Baby (American Idol Studio,/mnt/d/Music/iTunes/David Cook/Always Be My Baby (American Idol Studio,/mnt/d/Music/iTunes/David Cook,Always Be My Baby (American Idol Studio,2026-07-04T17:20:32+00:00
/mnt/d/Music,iTunes/David Gray,/mnt/d/Music/iTunes/David Gray,/mnt/d/Music/iTunes,David Gray,2026-07-04T17:20:32+00:00
/mnt/d/Music,iTunes/David Gray/White Ladder (Extra Tracks),/mnt/d/Music/iTunes/David Gray/White Ladder (Extra Tracks),/mnt/d/Music/iTunes/David Gray,White Ladder (Extra Tracks),2026-07-04T17:20:32+00:00
/mnt/d/Music,iTunes/Dead or Alive,/mnt/d/Music/iTunes/Dead or Alive,/mnt/d/Music/iTunes,Dead or Alive,2026-07-04T17:20:32+00:00
/mnt/d/Music,iTunes/Dead or Alive/Evolution_ The Hits,/mnt/d/Music/iTunes/Dead or Alive/Evolution_ The Hits,/mnt/d/Music/iTunes/Dead or Alive,Evolution_ The Hits,2026-07-04T17:20:32+00:00
/mnt/d/Music,iTunes/Deana Carter,/mnt/d/Music/iTunes/Deana Carter,/mnt/d/Music/iTunes,Deana Carter,2026-07-04T17:20:32+00:00
/mnt/d/Music,iTunes/Deana Carter/The Deana Carter Collection,/mnt/d/Music/iTunes/Deana Carter/The Deana Carter Collection,/mnt/d/Music/iTunes/Deana Carter,The Deana Carter Collection,2026-07-04T17:20:32+00:00
/mnt/d/Music,iTunes/Death Cab for Cutie,/mnt/d/Music/iTunes/Death Cab for Cutie,/mnt/d/Music/iTunes,Death Cab for Cutie,2026-07-04T17:20:32+00:00
/mnt/d/Music,iTunes/Death Cab for Cutie/Plans,/mnt/d/Music/iTunes/Death Cab for Cutie/Plans,/mnt/d/Music/iTunes/Death Cab for Cutie,Plans,2026-07-04T17:20:33+00:00
/mnt/d/Music,iTunes/Debbie Deb,/mnt/d/Music/iTunes/Debbie Deb,/mnt/d/Music/iTunes,Debbie Deb,2026-07-04T17:20:33+00:00
/mnt/d/Music,iTunes/Debbie Deb/She's Back,/mnt/d/Music/iTunes/Debbie Deb/She's Back,/mnt/d/Music/iTunes/Debbie Deb,She's Back,2026-07-04T17:20:33+00:00
/mnt/d/Music,iTunes/Debbie Gibson,/mnt/d/Music/iTunes/Debbie Gibson,/mnt/d/Music/iTunes,Debbie Gibson,2026-07-04T17:20:33+00:00
/mnt/d/Music,iTunes/Debbie Gibson/Greatest Hits,/mnt/d/Music/iTunes/Debbie Gibson/Greatest Hits,/mnt/d/Music/iTunes/Debbie Gibson,Greatest Hits,2026-07-04T17:20:33+00:00
/mnt/d/Music,iTunes/Deep Blue Something,/mnt/d/Music/iTunes/Deep Blue Something,/mnt/d/Music/iTunes,Deep Blue Something,2026-07-04T17:20:33+00:00
/mnt/d/Music,iTunes/Deep Blue Something/Home,/mnt/d/Music/iTunes/Deep Blue Something/Home,/mnt/d/Music/iTunes/Deep Blue Something,Home,2026-07-04T17:20:33+00:00
/mnt/d/Music,iTunes/Def Leppard,/mnt/d/Music/iTunes/Def Leppard,/mnt/d/Music/iTunes,Def Leppard,2026-07-04T17:20:33+00:00
/mnt/d/Music,iTunes/Def Leppard/Vault_ Def Leppard's Greatest Hits,/mnt/d/Music/iTunes/Def Leppard/Vault_ Def Leppard's Greatest Hits,/mnt/d/Music/iTunes/Def Leppard,Vault_ Def Leppard's Greatest Hits,2026-07-04T17:20:34+00:00
/mnt/d/Music,iTunes/Depeche Mode,/mnt/d/Music/iTunes/Depeche Mode,/mnt/d/Music/iTunes,Depeche Mode,2026-07-04T17:20:34+00:00
/mnt/d/Music,iTunes/Depeche Mode/Remixes 81-04,/mnt/d/Music/iTunes/Depeche Mode/Remixes 81-04,/mnt/d/Music/iTunes/Depeche Mode,Remixes 81-04,2026-07-04T17:20:34+00:00
/mnt/d/Music,iTunes/Depeche Mode/Singles Box 2,/mnt/d/Music/iTunes/Depeche Mode/Singles Box 2,/mnt/d/Music/iTunes/Depeche Mode,Singles Box 2,2026-07-04T17:20:34+00:00
/mnt/d/Music,iTunes/Depeche Mode/Violator,/mnt/d/Music/iTunes/Depeche Mode/Violator,/mnt/d/Music/iTunes/Depeche Mode,Violator,2026-07-04T17:20:34+00:00
/mnt/d/Music,iTunes/Diana Ross,/mnt/d/Music/iTunes/Diana Ross,/mnt/d/Music/iTunes,Diana Ross,2026-07-04T17:20:34+00:00
/mnt/d/Music,iTunes/Diana Ross/I Love You,/mnt/d/Music/iTunes/Diana Ross/I Love You,/mnt/d/Music/iTunes/Diana Ross,I Love You,2026-07-04T17:20:34+00:00
/mnt/d/Music,iTunes/Dierks Bentley,/mnt/d/Music/iTunes/Dierks Bentley,/mnt/d/Music/iTunes,Dierks Bentley,2026-07-04T17:20:35+00:00
/mnt/d/Music,iTunes/Dierks Bentley/Modern Day Drifter,/mnt/d/Music/iTunes/Dierks Bentley/Modern Day Drifter,/mnt/d/Music/iTunes/Dierks Bentley,Modern Day Drifter,2026-07-04T17:20:35+00:00
/mnt/d/Music,iTunes/Digital Underground,/mnt/d/Music/iTunes/Digital Underground,/mnt/d/Music/iTunes,Digital Underground,2026-07-04T17:20:35+00:00
/mnt/d/Music,iTunes/Digital Underground/Rhino Hi-Five_ Digital Underground - EP,/mnt/d/Music/iTunes/Digital Underground/Rhino Hi-Five_ Digital Underground - EP,/mnt/d/Music/iTunes/Digital Underground,Rhino Hi-Five_ Digital Underground - EP,2026-07-04T17:20:35+00:00
/mnt/d/Music,iTunes/Disturbed,/mnt/d/Music/iTunes/Disturbed,/mnt/d/Music/iTunes,Disturbed,2026-07-04T17:20:35+00:00
/mnt/d/Music,iTunes/Disturbed/The Sickness,/mnt/d/Music/iTunes/Disturbed/The Sickness,/mnt/d/Music/iTunes/Disturbed,The Sickness,2026-07-04T17:20:35+00:00
/mnt/d/Music,iTunes/Dixie Chicks,/mnt/d/Music/iTunes/Dixie Chicks,/mnt/d/Music/iTunes,Dixie Chicks,2026-07-04T17:20:35+00:00
/mnt/d/Music,iTunes/Dixie Chicks/Fly,/mnt/d/Music/iTunes/Dixie Chicks/Fly,/mnt/d/Music/iTunes/Dixie Chicks,Fly,2026-07-04T17:20:35+00:00
/mnt/d/Music,iTunes/Dixie Chicks/Top of the World Tour Live,/mnt/d/Music/iTunes/Dixie Chicks/Top of the World Tour Live,/mnt/d/Music/iTunes/Dixie Chicks,Top of the World Tour Live,2026-07-04T17:20:35+00:00
/mnt/d/Music,iTunes/Don McLean,/mnt/d/Music/iTunes/Don McLean,/mnt/d/Music/iTunes,Don McLean,2026-07-04T17:20:35+00:00
/mnt/d/Music,iTunes/Don McLean/Rearview Mirror,/mnt/d/Music/iTunes/Don McLean/Rearview Mirror,/mnt/d/Music/iTunes/Don McLean,Rearview Mirror,2026-07-04T17:20:35+00:00
/mnt/d/Music,iTunes/Donna Lewis,/mnt/d/Music/iTunes/Donna Lewis,/mnt/d/Music/iTunes,Donna Lewis,2026-07-04T17:20:36+00:00
/mnt/d/Music,iTunes/Donna Lewis/Now in a Minute,/mnt/d/Music/iTunes/Donna Lewis/Now in a Minute,/mnt/d/Music/iTunes/Donna Lewis,Now in a Minute,2026-07-04T17:20:36+00:00
/mnt/d/Music,iTunes/Duffy,/mnt/d/Music/iTunes/Duffy,/mnt/d/Music/iTunes,Duffy,2026-07-04T17:20:36+00:00
/mnt/d/Music,iTunes/Duffy/Mercy - Single of the Week,/mnt/d/Music/iTunes/Duffy/Mercy - Single of the Week,/mnt/d/Music/iTunes/Duffy,Mercy - Single of the Week,2026-07-04T17:20:36+00:00
/mnt/d/Music,iTunes/Duice,/mnt/d/Music/iTunes/Duice,/mnt/d/Music/iTunes,Duice,2026-07-04T17:20:36+00:00
/mnt/d/Music,iTunes/Duice/Dazzey Duks - Single,/mnt/d/Music/iTunes/Duice/Dazzey Duks - Single,/mnt/d/Music/iTunes/Duice,Dazzey Duks - Single,2026-07-04T17:20:36+00:00
/mnt/d/Music,"iTunes/Dvorak And Suk, Mozart, Mozart_ Haffner","/mnt/d/Music/iTunes/Dvorak And Suk, Mozart, Mozart_ Haffner",/mnt/d/Music/iTunes,"Dvorak And Suk, Mozart, Mozart_ Haffner",2026-07-04T17:20:36+00:00
/mnt/d/Music,"iTunes/Dvorak And Suk, Mozart, Mozart_ Haffner/Serenades & Divertimenti_ Mozart - Suk -","/mnt/d/Music/iTunes/Dvorak And Suk, Mozart, Mozart_ Haffner/Serenades & Divertimenti_ Mozart - Suk -","/mnt/d/Music/iTunes/Dvorak And Suk, Mozart, Mozart_ Haffner",Serenades & Divertimenti_ Mozart - Suk -,2026-07-04T17:20:36+00:00
/mnt/d/Music,iTunes/EMF,/mnt/d/Music/iTunes/EMF,/mnt/d/Music/iTunes,EMF,2026-07-04T17:20:37+00:00
/mnt/d/Music,iTunes/EMF/Schubert Dip,/mnt/d/Music/iTunes/EMF/Schubert Dip,/mnt/d/Music/iTunes/EMF,Schubert Dip,2026-07-04T17:20:37+00:00
/mnt/d/Music,iTunes/Eagle-Eye Cherry,/mnt/d/Music/iTunes/Eagle-Eye Cherry,/mnt/d/Music/iTunes,Eagle-Eye Cherry,2026-07-04T17:20:36+00:00
/mnt/d/Music,iTunes/Eagle-Eye Cherry/Desireless,/mnt/d/Music/iTunes/Eagle-Eye Cherry/Desireless,/mnt/d/Music/iTunes/Eagle-Eye Cherry,Desireless,2026-07-04T17:20:36+00:00
/mnt/d/Music,iTunes/Echo & The Bunnymen,/mnt/d/Music/iTunes/Echo & The Bunnymen,/mnt/d/Music/iTunes,Echo & The Bunnymen,2026-07-04T17:20:36+00:00
/mnt/d/Music,iTunes/Echo & The Bunnymen/Echo & the Bunnymen,/mnt/d/Music/iTunes/Echo & The Bunnymen/Echo & the Bunnymen,/mnt/d/Music/iTunes/Echo & The Bunnymen,Echo & the Bunnymen,2026-07-04T17:20:36+00:00
/mnt/d/Music,iTunes/Edie Brickell & New Bohemians,/mnt/d/Music/iTunes/Edie Brickell & New Bohemians,/mnt/d/Music/iTunes,Edie Brickell & New Bohemians,2026-07-04T17:20:37+00:00
/mnt/d/Music,iTunes/Edie Brickell & New Bohemians/Shooting Rubberbands at the Stars,/mnt/d/Music/iTunes/Edie Brickell & New Bohemians/Shooting Rubberbands at the Stars,/mnt/d/Music/iTunes/Edie Brickell & New Bohemians,Shooting Rubberbands at the Stars,2026-07-04T17:20:37+00:00
/mnt/d/Music,iTunes/Eiffel 65,/mnt/d/Music/iTunes/Eiffel 65,/mnt/d/Music/iTunes,Eiffel 65,2026-07-04T17:20:37+00:00
/mnt/d/Music,iTunes/Eiffel 65/Europop,/mnt/d/Music/iTunes/Eiffel 65/Europop,/mnt/d/Music/iTunes/Eiffel 65,Europop,2026-07-04T17:20:37+00:00
/mnt/d/Music,iTunes/Elton John,/mnt/d/Music/iTunes/Elton John,/mnt/d/Music/iTunes,Elton John,2026-07-04T17:20:37+00:00
/mnt/d/Music,iTunes/Elton John/Greatest Hits 1970-2002 [Disc 1],/mnt/d/Music/iTunes/Elton John/Greatest Hits 1970-2002 [Disc 1],/mnt/d/Music/iTunes/Elton John,Greatest Hits 1970-2002 [Disc 1],2026-07-04T17:20:37+00:00
/mnt/d/Music,iTunes/Enrique Iglesias,/mnt/d/Music/iTunes/Enrique Iglesias,/mnt/d/Music/iTunes,Enrique Iglesias,2026-07-04T17:20:38+00:00
/mnt/d/Music,iTunes/Enrique Iglesias/Enrique,/mnt/d/Music/iTunes/Enrique Iglesias/Enrique,/mnt/d/Music/iTunes/Enrique Iglesias,Enrique,2026-07-04T17:20:38+00:00
/mnt/d/Music,iTunes/Enrique Iglesias/Escape,/mnt/d/Music/iTunes/Enrique Iglesias/Escape,/mnt/d/Music/iTunes/Enrique Iglesias,Escape,2026-07-04T17:20:38+00:00
/mnt/d/Music,iTunes/Enrique Iglesias/Insomniac,/mnt/d/Music/iTunes/Enrique Iglesias/Insomniac,/mnt/d/Music/iTunes/Enrique Iglesias,Insomniac,2026-07-04T17:20:38+00:00
/mnt/d/Music,iTunes/Enur,/mnt/d/Music/iTunes/Enur,/mnt/d/Music/iTunes,Enur,2026-07-04T17:20:38+00:00
/mnt/d/Music,iTunes/Enur/Calabria 2007,/mnt/d/Music/iTunes/Enur/Calabria 2007,/mnt/d/Music/iTunes/Enur,Calabria 2007,2026-07-04T17:20:38+00:00
/mnt/d/Music,iTunes/Enya,/mnt/d/Music/iTunes/Enya,/mnt/d/Music/iTunes,Enya,2026-07-04T17:20:39+00:00
/mnt/d/Music,iTunes/Enya/Paint The Sky With Stars_ The Best Of En,/mnt/d/Music/iTunes/Enya/Paint The Sky With Stars_ The Best Of En,/mnt/d/Music/iTunes/Enya,Paint The Sky With Stars_ The Best Of En,2026-07-04T17:20:40+00:00
/mnt/d/Music,iTunes/Enya/The Very Best of Enya (Deluxe Video Edit,/mnt/d/Music/iTunes/Enya/The Very Best of Enya (Deluxe Video Edit,/mnt/d/Music/iTunes/Enya,The Very Best of Enya (Deluxe Video Edit,2026-07-04T17:20:38+00:00
/mnt/d/Music,iTunes/Eric Church,/mnt/d/Music/iTunes/Eric Church,/mnt/d/Music/iTunes,Eric Church,2026-07-04T17:20:40+00:00
/mnt/d/Music,iTunes/Eric Church/His Kind of Money (My Kind of Love) - Si,/mnt/d/Music/iTunes/Eric Church/His Kind of Money (My Kind of Love) - Si,/mnt/d/Music/iTunes/Eric Church,His Kind of Money (My Kind of Love) - Si,2026-07-04T17:20:40+00:00
/mnt/d/Music,iTunes/Eric Church/Sinners Like Me,/mnt/d/Music/iTunes/Eric Church/Sinners Like Me,/mnt/d/Music/iTunes/Eric Church,Sinners Like Me,2026-07-04T17:20:40+00:00
/mnt/d/Music,iTunes/Eric Clapton,/mnt/d/Music/iTunes/Eric Clapton,/mnt/d/Music/iTunes,Eric Clapton,2026-07-04T17:20:41+00:00
/mnt/d/Music,iTunes/Eric Clapton/20th Century Masters - The Millennium Co,/mnt/d/Music/iTunes/Eric Clapton/20th Century Masters - The Millennium Co,/mnt/d/Music/iTunes/Eric Clapton,20th Century Masters - The Millennium Co,2026-07-04T17:20:41+00:00
/mnt/d/Music,iTunes/Erin McCarley,/mnt/d/Music/iTunes/Erin McCarley,/mnt/d/Music/iTunes,Erin McCarley,2026-07-04T17:20:41+00:00
/mnt/d/Music,"iTunes/Erin McCarley/Love, Save the Empty","/mnt/d/Music/iTunes/Erin McCarley/Love, Save the Empty",/mnt/d/Music/iTunes/Erin McCarley,"Love, Save the Empty",2026-07-04T17:20:41+00:00
/mnt/d/Music,iTunes/Estelle,/mnt/d/Music/iTunes/Estelle,/mnt/d/Music/iTunes,Estelle,2026-07-04T17:20:41+00:00
/mnt/d/Music,iTunes/Estelle/Shine,/mnt/d/Music/iTunes/Estelle/Shine,/mnt/d/Music/iTunes/Estelle,Shine,2026-07-04T17:20:41+00:00
/mnt/d/Music,iTunes/Eurythmics,/mnt/d/Music/iTunes/Eurythmics,/mnt/d/Music/iTunes,Eurythmics,2026-07-04T17:20:41+00:00
/mnt/d/Music,iTunes/Eurythmics/Ultimate Collection,/mnt/d/Music/iTunes/Eurythmics/Ultimate Collection,/mnt/d/Music/iTunes/Eurythmics,Ultimate Collection,2026-07-04T17:20:41+00:00
/mnt/d/Music,iTunes/Everything But the Girl,/mnt/d/Music/iTunes/Everything But the Girl,/mnt/d/Music/iTunes,Everything But the Girl,2026-07-04T17:20:41+00:00
/mnt/d/Music,iTunes/Everything But the Girl/Adapt or Die - 10 Years of Remixes,/mnt/d/Music/iTunes/Everything But the Girl/Adapt or Die - 10 Years of Remixes,/mnt/d/Music/iTunes/Everything But the Girl,Adapt or Die - 10 Years of Remixes,2026-07-04T17:20:41+00:00
/mnt/d/Music,iTunes/Exposé,/mnt/d/Music/iTunes/Exposé,/mnt/d/Music/iTunes,Exposé,2026-07-04T17:20:42+00:00
/mnt/d/Music,iTunes/Exposé/Greatest Hits,/mnt/d/Music/iTunes/Exposé/Greatest Hits,/mnt/d/Music/iTunes/Exposé,Greatest Hits,2026-07-04T17:20:42+00:00
/mnt/d/Music,iTunes/Faith Hill,/mnt/d/Music/iTunes/Faith Hill,/mnt/d/Music/iTunes,Faith Hill,2026-07-04T17:20:42+00:00
/mnt/d/Music,iTunes/Faith Hill/Faith,/mnt/d/Music/iTunes/Faith Hill/Faith,/mnt/d/Music/iTunes/Faith Hill,Faith,2026-07-04T17:20:42+00:00
/mnt/d/Music,iTunes/Faith Hill/Fireflies,/mnt/d/Music/iTunes/Faith Hill/Fireflies,/mnt/d/Music/iTunes/Faith Hill,Fireflies,2026-07-04T17:20:42+00:00
/mnt/d/Music,iTunes/Falco,/mnt/d/Music/iTunes/Falco,/mnt/d/Music/iTunes,Falco,2026-07-04T17:20:42+00:00
/mnt/d/Music,iTunes/Falco/Falco 3,/mnt/d/Music/iTunes/Falco/Falco 3,/mnt/d/Music/iTunes/Falco,Falco 3,2026-07-04T17:20:42+00:00
/mnt/d/Music,iTunes/Fergie,/mnt/d/Music/iTunes/Fergie,/mnt/d/Music/iTunes,Fergie,2026-07-04T17:20:43+00:00
/mnt/d/Music,iTunes/Fergie/The Dutchess,/mnt/d/Music/iTunes/Fergie/The Dutchess,/mnt/d/Music/iTunes/Fergie,The Dutchess,2026-07-04T17:20:43+00:00
/mnt/d/Music,iTunes/Finger Eleven,/mnt/d/Music/iTunes/Finger Eleven,/mnt/d/Music/iTunes,Finger Eleven,2026-07-04T17:20:43+00:00
/mnt/d/Music,iTunes/Finger Eleven/Finger Eleven,/mnt/d/Music/iTunes/Finger Eleven/Finger Eleven,/mnt/d/Music/iTunes/Finger Eleven,Finger Eleven,2026-07-04T17:20:43+00:00
/mnt/d/Music,iTunes/Finger Eleven/Them vs. You vs. Me,/mnt/d/Music/iTunes/Finger Eleven/Them vs. You vs. Me,/mnt/d/Music/iTunes/Finger Eleven,Them vs. You vs. Me,2026-07-04T17:20:43+00:00
/mnt/d/Music,iTunes/Flo Rida,/mnt/d/Music/iTunes/Flo Rida,/mnt/d/Music/iTunes,Flo Rida,2026-07-04T17:20:43+00:00
/mnt/d/Music,iTunes/Flo Rida/Low (feat. T-Pain) - EP,/mnt/d/Music/iTunes/Flo Rida/Low (feat. T-Pain) - EP,/mnt/d/Music/iTunes/Flo Rida,Low (feat. T-Pain) - EP,2026-07-04T17:20:43+00:00
/mnt/d/Music,iTunes/Foreigner,/mnt/d/Music/iTunes/Foreigner,/mnt/d/Music/iTunes,Foreigner,2026-07-04T17:20:44+00:00
/mnt/d/Music,iTunes/Foreigner/Agent Provocateur,/mnt/d/Music/iTunes/Foreigner/Agent Provocateur,/mnt/d/Music/iTunes/Foreigner,Agent Provocateur,2026-07-04T17:20:44+00:00
/mnt/d/Music,iTunes/Frank Sinatra,/mnt/d/Music/iTunes/Frank Sinatra,/mnt/d/Music/iTunes,Frank Sinatra,2026-07-04T17:20:44+00:00
/mnt/d/Music,iTunes/Frank Sinatra/Greatest Love Songs,/mnt/d/Music/iTunes/Frank Sinatra/Greatest Love Songs,/mnt/d/Music/iTunes/Frank Sinatra,Greatest Love Songs,2026-07-04T17:20:45+00:00
/mnt/d/Music,iTunes/Franz Ferdinand,/mnt/d/Music/iTunes/Franz Ferdinand,/mnt/d/Music/iTunes,Franz Ferdinand,2026-07-04T17:20:45+00:00
/mnt/d/Music,iTunes/Franz Ferdinand/Franz Ferdinand,/mnt/d/Music/iTunes/Franz Ferdinand/Franz Ferdinand,/mnt/d/Music/iTunes/Franz Ferdinand,Franz Ferdinand,2026-07-04T17:20:45+00:00
/mnt/d/Music,iTunes/Freestyle,/mnt/d/Music/iTunes/Freestyle,/mnt/d/Music/iTunes,Freestyle,2026-07-04T17:20:45+00:00
/mnt/d/Music,iTunes/Freestyle/Freestyle_ The Ultimate Edition,/mnt/d/Music/iTunes/Freestyle/Freestyle_ The Ultimate Edition,/mnt/d/Music/iTunes/Freestyle,Freestyle_ The Ultimate Edition,2026-07-04T17:20:45+00:00
/mnt/d/Music,iTunes/Frente!,/mnt/d/Music/iTunes/Frente!,/mnt/d/Music/iTunes,Frente!,2026-07-04T17:20:45+00:00
/mnt/d/Music,iTunes/Frente!/Marvin The Album,/mnt/d/Music/iTunes/Frente!/Marvin The Album,/mnt/d/Music/iTunes/Frente!,Marvin The Album,2026-07-04T17:20:46+00:00
/mnt/d/Music,iTunes/Garbage,/mnt/d/Music/iTunes/Garbage,/mnt/d/Music/iTunes,Garbage,2026-07-04T17:20:46+00:00
/mnt/d/Music,iTunes/Garbage/Absolute Garbage,/mnt/d/Music/iTunes/Garbage/Absolute Garbage,/mnt/d/Music/iTunes/Garbage,Absolute Garbage,2026-07-04T17:20:47+00:00
/mnt/d/Music,iTunes/Garth Brooks,/mnt/d/Music/iTunes/Garth Brooks,/mnt/d/Music/iTunes,Garth Brooks,2026-07-04T17:20:50+00:00
/mnt/d/Music,iTunes/Garth Brooks/The Hits,/mnt/d/Music/iTunes/Garth Brooks/The Hits,/mnt/d/Music/iTunes/Garth Brooks,The Hits,2026-07-04T17:20:50+00:00
/mnt/d/Music,iTunes/Garth Brooks/The Ultimate Hits,/mnt/d/Music/iTunes/Garth Brooks/The Ultimate Hits,/mnt/d/Music/iTunes/Garth Brooks,The Ultimate Hits,2026-07-04T17:20:50+00:00
/mnt/d/Music,iTunes/Gary Allan,/mnt/d/Music/iTunes/Gary Allan,/mnt/d/Music/iTunes,Gary Allan,2026-07-04T17:20:50+00:00
/mnt/d/Music,iTunes/Gary Allan/Alright Guy,/mnt/d/Music/iTunes/Gary Allan/Alright Guy,/mnt/d/Music/iTunes/Gary Allan,Alright Guy,2026-07-04T17:20:50+00:00
/mnt/d/Music,iTunes/Gary Allan/Best I Ever Had,/mnt/d/Music/iTunes/Gary Allan/Best I Ever Had,/mnt/d/Music/iTunes/Gary Allan,Best I Ever Had,2026-07-04T17:20:50+00:00
/mnt/d/Music,iTunes/Gary Allan/See If I Care,/mnt/d/Music/iTunes/Gary Allan/See If I Care,/mnt/d/Music/iTunes/Gary Allan,See If I Care,2026-07-04T17:20:50+00:00
/mnt/d/Music,iTunes/Gary Allan/Tough All Over,/mnt/d/Music/iTunes/Gary Allan/Tough All Over,/mnt/d/Music/iTunes/Gary Allan,Tough All Over,2026-07-04T17:20:50+00:00
/mnt/d/Music,iTunes/Gary Allan/Watching Airplanes - Single,/mnt/d/Music/iTunes/Gary Allan/Watching Airplanes - Single,/mnt/d/Music/iTunes/Gary Allan,Watching Airplanes - Single,2026-07-04T17:20:50+00:00
/mnt/d/Music,iTunes/Gavin DeGraw,/mnt/d/Music/iTunes/Gavin DeGraw,/mnt/d/Music/iTunes,Gavin DeGraw,2026-07-04T17:20:51+00:00
/mnt/d/Music,iTunes/Gavin DeGraw/Chariot,/mnt/d/Music/iTunes/Gavin DeGraw/Chariot,/mnt/d/Music/iTunes/Gavin DeGraw,Chariot,2026-07-04T17:20:51+00:00
/mnt/d/Music,iTunes/George Michael,/mnt/d/Music/iTunes/George Michael,/mnt/d/Music/iTunes,George Michael,2026-07-04T17:20:51+00:00
/mnt/d/Music,iTunes/George Michael/Ladies & Gentlemen_ The Best Of George M,/mnt/d/Music/iTunes/George Michael/Ladies & Gentlemen_ The Best Of George M,/mnt/d/Music/iTunes/George Michael,Ladies & Gentlemen_ The Best Of George M,2026-07-04T17:20:52+00:00
/mnt/d/Music,iTunes/George Strait,/mnt/d/Music/iTunes/George Strait,/mnt/d/Music/iTunes,George Strait,2026-07-04T17:20:52+00:00
/mnt/d/Music,iTunes/George Strait/Somewhere Down In Texas,/mnt/d/Music/iTunes/George Strait/Somewhere Down In Texas,/mnt/d/Music/iTunes/George Strait,Somewhere Down In Texas,2026-07-04T17:20:52+00:00
/mnt/d/Music,iTunes/Gerry Rafferty,/mnt/d/Music/iTunes/Gerry Rafferty,/mnt/d/Music/iTunes,Gerry Rafferty,2026-07-04T17:20:52+00:00
/mnt/d/Music,iTunes/Gerry Rafferty/Right Down the Line - The Best of Gerry,/mnt/d/Music/iTunes/Gerry Rafferty/Right Down the Line - The Best of Gerry,/mnt/d/Music/iTunes/Gerry Rafferty,Right Down the Line - The Best of Gerry,2026-07-04T17:20:52+00:00
/mnt/d/Music,iTunes/Gnarls Barkley,/mnt/d/Music/iTunes/Gnarls Barkley,/mnt/d/Music/iTunes,Gnarls Barkley,2026-07-04T17:20:52+00:00
/mnt/d/Music,iTunes/Gnarls Barkley/St. Elsewhere,/mnt/d/Music/iTunes/Gnarls Barkley/St. Elsewhere,/mnt/d/Music/iTunes/Gnarls Barkley,St. Elsewhere,2026-07-04T17:20:52+00:00
/mnt/d/Music,iTunes/Gorillaz,/mnt/d/Music/iTunes/Gorillaz,/mnt/d/Music/iTunes,Gorillaz,2026-07-04T17:20:52+00:00
/mnt/d/Music,iTunes/Gorillaz/Demon Days,/mnt/d/Music/iTunes/Gorillaz/Demon Days,/mnt/d/Music/iTunes/Gorillaz,Demon Days,2026-07-04T17:20:52+00:00
/mnt/d/Music,iTunes/Green Day,/mnt/d/Music/iTunes/Green Day,/mnt/d/Music/iTunes,Green Day,2026-07-04T17:20:53+00:00
/mnt/d/Music,iTunes/Green Day/Boulevard of Broken Dreams - Single,/mnt/d/Music/iTunes/Green Day/Boulevard of Broken Dreams - Single,/mnt/d/Music/iTunes/Green Day,Boulevard of Broken Dreams - Single,2026-07-04T17:20:53+00:00
/mnt/d/Music,iTunes/Green Day/Dookie,/mnt/d/Music/iTunes/Green Day/Dookie,/mnt/d/Music/iTunes/Green Day,Dookie,2026-07-04T17:20:53+00:00
/mnt/d/Music,iTunes/Groove Armada,/mnt/d/Music/iTunes/Groove Armada,/mnt/d/Music/iTunes,Groove Armada,2026-07-04T17:20:53+00:00
/mnt/d/Music,iTunes/Groove Armada/Best of Groove Armada,/mnt/d/Music/iTunes/Groove Armada/Best of Groove Armada,/mnt/d/Music/iTunes/Groove Armada,Best of Groove Armada,2026-07-04T17:20:53+00:00
/mnt/d/Music,iTunes/Gwen Stefani,/mnt/d/Music/iTunes/Gwen Stefani,/mnt/d/Music/iTunes,Gwen Stefani,2026-07-04T17:20:53+00:00
/mnt/d/Music,iTunes/Gwen Stefani/The Sweet Escape,/mnt/d/Music/iTunes/Gwen Stefani/The Sweet Escape,/mnt/d/Music/iTunes/Gwen Stefani,The Sweet Escape,2026-07-04T17:20:53+00:00
/mnt/d/Music,iTunes/Harry Chapin,/mnt/d/Music/iTunes/Harry Chapin,/mnt/d/Music/iTunes,Harry Chapin,2026-07-04T17:20:53+00:00
/mnt/d/Music,iTunes/Harry Chapin/Harry Chapin - The Bottom Line Encore Co,/mnt/d/Music/iTunes/Harry Chapin/Harry Chapin - The Bottom Line Encore Co,/mnt/d/Music/iTunes/Harry Chapin,Harry Chapin - The Bottom Line Encore Co,2026-07-04T17:20:53+00:00
/mnt/d/Music,iTunes/Heather Headley,/mnt/d/Music/iTunes/Heather Headley,/mnt/d/Music/iTunes,Heather Headley,2026-07-04T17:20:53+00:00
/mnt/d/Music,iTunes/Heather Headley/In My Mind,/mnt/d/Music/iTunes/Heather Headley/In My Mind,/mnt/d/Music/iTunes/Heather Headley,In My Mind,2026-07-04T17:20:53+00:00
/mnt/d/Music,iTunes/Hole,/mnt/d/Music/iTunes/Hole,/mnt/d/Music/iTunes,Hole,2026-07-04T17:20:54+00:00
/mnt/d/Music,iTunes/Hole/Celebrity Skin,/mnt/d/Music/iTunes/Hole/Celebrity Skin,/mnt/d/Music/iTunes/Hole,Celebrity Skin,2026-07-04T17:20:54+00:00
/mnt/d/Music,iTunes/Hole/Live Through This,/mnt/d/Music/iTunes/Hole/Live Through This,/mnt/d/Music/iTunes/Hole,Live Through This,2026-07-04T17:20:54+00:00
/mnt/d/Music,iTunes/Howard Jones,/mnt/d/Music/iTunes/Howard Jones,/mnt/d/Music/iTunes,Howard Jones,2026-07-04T17:20:54+00:00
/mnt/d/Music,iTunes/Howard Jones/Best of Howard Jones,/mnt/d/Music/iTunes/Howard Jones/Best of Howard Jones,/mnt/d/Music/iTunes/Howard Jones,Best of Howard Jones,2026-07-04T17:20:54+00:00
/mnt/d/Music,iTunes/Howard Jones/One to One,/mnt/d/Music/iTunes/Howard Jones/One to One,/mnt/d/Music/iTunes/Howard Jones,One to One,2026-07-04T17:20:54+00:00
/mnt/d/Music,iTunes/Human League,/mnt/d/Music/iTunes/Human League,/mnt/d/Music/iTunes,Human League,2026-07-04T17:20:54+00:00
/mnt/d/Music,iTunes/Human League/The Very Best Of The Human League,/mnt/d/Music/iTunes/Human League/The Very Best Of The Human League,/mnt/d/Music/iTunes/Human League,The Very Best Of The Human League,2026-07-04T17:20:56+00:00
/mnt/d/Music,iTunes/I Nine,/mnt/d/Music/iTunes/I Nine,/mnt/d/Music/iTunes,I Nine,2026-07-04T17:20:56+00:00
/mnt/d/Music,iTunes/I Nine/Seven Days of Lonely - Single,/mnt/d/Music/iTunes/I Nine/Seven Days of Lonely - Single,/mnt/d/Music/iTunes/I Nine,Seven Days of Lonely - Single,2026-07-04T17:20:56+00:00
/mnt/d/Music,iTunes/Indigo Girls,/mnt/d/Music/iTunes/Indigo Girls,/mnt/d/Music/iTunes,Indigo Girls,2026-07-04T17:20:56+00:00
/mnt/d/Music,iTunes/Indigo Girls/Indigo Girls (Expanded Edition),/mnt/d/Music/iTunes/Indigo Girls/Indigo Girls (Expanded Edition),/mnt/d/Music/iTunes/Indigo Girls,Indigo Girls (Expanded Edition),2026-07-04T17:20:56+00:00
/mnt/d/Music,iTunes/Indigo Girls/Rites of Passage (Bonus Track Version),/mnt/d/Music/iTunes/Indigo Girls/Rites of Passage (Bonus Track Version),/mnt/d/Music/iTunes/Indigo Girls,Rites of Passage (Bonus Track Version),2026-07-04T17:20:56+00:00
/mnt/d/Music,iTunes/Ingrid Michaelson,/mnt/d/Music/iTunes/Ingrid Michaelson,/mnt/d/Music/iTunes,Ingrid Michaelson,2026-07-04T17:20:56+00:00
/mnt/d/Music,iTunes/Ingrid Michaelson/Be OK - Single,/mnt/d/Music/iTunes/Ingrid Michaelson/Be OK - Single,/mnt/d/Music/iTunes/Ingrid Michaelson,Be OK - Single,2026-07-04T17:20:56+00:00
/mnt/d/Music,iTunes/Ingrid Michaelson/Girls and Boys,/mnt/d/Music/iTunes/Ingrid Michaelson/Girls and Boys,/mnt/d/Music/iTunes/Ingrid Michaelson,Girls and Boys,2026-07-04T17:20:56+00:00
/mnt/d/Music,iTunes/Ingrid Michaelson/Maybe - Single,/mnt/d/Music/iTunes/Ingrid Michaelson/Maybe - Single,/mnt/d/Music/iTunes/Ingrid Michaelson,Maybe - Single,2026-07-04T17:20:56+00:00
/mnt/d/Music,iTunes/Ini Kamoze,/mnt/d/Music/iTunes/Ini Kamoze,/mnt/d/Music/iTunes,Ini Kamoze,2026-07-04T17:20:57+00:00
/mnt/d/Music,iTunes/Ini Kamoze/Here Comes the Hotstepper,/mnt/d/Music/iTunes/Ini Kamoze/Here Comes the Hotstepper,/mnt/d/Music/iTunes/Ini Kamoze,Here Comes the Hotstepper,2026-07-04T17:20:57+00:00
/mnt/d/Music,iTunes/Israel Kamakawiwo'ole,/mnt/d/Music/iTunes/Israel Kamakawiwo'ole,/mnt/d/Music/iTunes,Israel Kamakawiwo'ole,2026-07-04T17:20:57+00:00
/mnt/d/Music,iTunes/Israel Kamakawiwo'ole/Facing Future,/mnt/d/Music/iTunes/Israel Kamakawiwo'ole/Facing Future,/mnt/d/Music/iTunes/Israel Kamakawiwo'ole,Facing Future,2026-07-04T17:20:57+00:00
/mnt/d/Music,iTunes/JT Money & Poison Clan,/mnt/d/Music/iTunes/JT Money & Poison Clan,/mnt/d/Music/iTunes,JT Money & Poison Clan,2026-07-04T17:21:05+00:00
/mnt/d/Music,iTunes/JT Money & Poison Clan/The Best of JT Money & The Poison Clan (,/mnt/d/Music/iTunes/JT Money & Poison Clan/The Best of JT Money & The Poison Clan (,/mnt/d/Music/iTunes/JT Money & Poison Clan,The Best of JT Money & The Poison Clan (,2026-07-04T17:21:05+00:00
/mnt/d/Music,iTunes/Jack Ingram,/mnt/d/Music/iTunes/Jack Ingram,/mnt/d/Music/iTunes,Jack Ingram,2026-07-04T17:20:57+00:00
/mnt/d/Music,iTunes/Jack Ingram/Barefoot and Crazy - Single,/mnt/d/Music/iTunes/Jack Ingram/Barefoot and Crazy - Single,/mnt/d/Music/iTunes/Jack Ingram,Barefoot and Crazy - Single,2026-07-04T17:20:57+00:00
/mnt/d/Music,iTunes/Jack Ingram/This Is It,/mnt/d/Music/iTunes/Jack Ingram/This Is It,/mnt/d/Music/iTunes/Jack Ingram,This Is It,2026-07-04T17:20:57+00:00
/mnt/d/Music,iTunes/Jack Johnson,/mnt/d/Music/iTunes/Jack Johnson,/mnt/d/Music/iTunes,Jack Johnson,2026-07-04T17:20:58+00:00
/mnt/d/Music,iTunes/Jack Johnson/Brushfire Fairytales,/mnt/d/Music/iTunes/Jack Johnson/Brushfire Fairytales,/mnt/d/Music/iTunes/Jack Johnson,Brushfire Fairytales,2026-07-04T17:20:58+00:00
/mnt/d/Music,iTunes/Jack Johnson/Sing-a-Longs and Lullabies for the Film,/mnt/d/Music/iTunes/Jack Johnson/Sing-a-Longs and Lullabies for the Film,/mnt/d/Music/iTunes/Jack Johnson,Sing-a-Longs and Lullabies for the Film,2026-07-04T17:20:58+00:00
/mnt/d/Music,iTunes/James Blunt,/mnt/d/Music/iTunes/James Blunt,/mnt/d/Music/iTunes,James Blunt,2026-07-04T17:20:58+00:00
/mnt/d/Music,iTunes/James Blunt/Back To Bedlam,/mnt/d/Music/iTunes/James Blunt/Back To Bedlam,/mnt/d/Music/iTunes/James Blunt,Back To Bedlam,2026-07-04T17:20:58+00:00
/mnt/d/Music,iTunes/James Blunt/You're Beautiful - Single,/mnt/d/Music/iTunes/James Blunt/You're Beautiful - Single,/mnt/d/Music/iTunes/James Blunt,You're Beautiful - Single,2026-07-04T17:20:58+00:00
/mnt/d/Music,iTunes/Jamie O'Neal,/mnt/d/Music/iTunes/Jamie O'Neal,/mnt/d/Music/iTunes,Jamie O'Neal,2026-07-04T17:20:58+00:00
/mnt/d/Music,iTunes/Jamie O'Neal/Brave,/mnt/d/Music/iTunes/Jamie O'Neal/Brave,/mnt/d/Music/iTunes/Jamie O'Neal,Brave,2026-07-04T17:20:58+00:00
/mnt/d/Music,iTunes/Jamie O'Neal/Shiver,/mnt/d/Music/iTunes/Jamie O'Neal/Shiver,/mnt/d/Music/iTunes/Jamie O'Neal,Shiver,2026-07-04T17:20:58+00:00
/mnt/d/Music,iTunes/Jamiroquai,/mnt/d/Music/iTunes/Jamiroquai,/mnt/d/Music/iTunes,Jamiroquai,2026-07-04T17:20:59+00:00
/mnt/d/Music,iTunes/Jamiroquai/Travelling Without Moving,/mnt/d/Music/iTunes/Jamiroquai/Travelling Without Moving,/mnt/d/Music/iTunes/Jamiroquai,Travelling Without Moving,2026-07-04T17:20:59+00:00
/mnt/d/Music,iTunes/Jane's Addiction,/mnt/d/Music/iTunes/Jane's Addiction,/mnt/d/Music/iTunes,Jane's Addiction,2026-07-04T17:20:59+00:00
/mnt/d/Music,iTunes/Jane's Addiction/Nothing's Shocking,/mnt/d/Music/iTunes/Jane's Addiction/Nothing's Shocking,/mnt/d/Music/iTunes/Jane's Addiction,Nothing's Shocking,2026-07-04T17:20:59+00:00
/mnt/d/Music,iTunes/Janet Jackson,/mnt/d/Music/iTunes/Janet Jackson,/mnt/d/Music/iTunes,Janet Jackson,2026-07-04T17:21:01+00:00
/mnt/d/Music,iTunes/Janet Jackson/All For You,/mnt/d/Music/iTunes/Janet Jackson/All For You,/mnt/d/Music/iTunes/Janet Jackson,All For You,2026-07-04T17:21:01+00:00
/mnt/d/Music,iTunes/Janet Jackson/Design Of A Decade_ 1986-1996,/mnt/d/Music/iTunes/Janet Jackson/Design Of A Decade_ 1986-1996,/mnt/d/Music/iTunes/Janet Jackson,Design Of A Decade_ 1986-1996,2026-07-04T17:21:01+00:00
/mnt/d/Music,iTunes/Janet Jackson/Janet,/mnt/d/Music/iTunes/Janet Jackson/Janet,/mnt/d/Music/iTunes/Janet Jackson,Janet,2026-07-04T17:21:00+00:00
/mnt/d/Music,iTunes/Jason Aldean,/mnt/d/Music/iTunes/Jason Aldean,/mnt/d/Music/iTunes,Jason Aldean,2026-07-04T17:21:01+00:00
/mnt/d/Music,iTunes/Jason Aldean/Jason Aldean,/mnt/d/Music/iTunes/Jason Aldean/Jason Aldean,/mnt/d/Music/iTunes/Jason Aldean,Jason Aldean,2026-07-04T17:21:01+00:00
/mnt/d/Music,iTunes/Jason Aldean/Relentless,/mnt/d/Music/iTunes/Jason Aldean/Relentless,/mnt/d/Music/iTunes/Jason Aldean,Relentless,2026-07-04T17:21:01+00:00
/mnt/d/Music,iTunes/Jason Michael Carroll,/mnt/d/Music/iTunes/Jason Michael Carroll,/mnt/d/Music/iTunes,Jason Michael Carroll,2026-07-04T17:21:01+00:00
/mnt/d/Music,iTunes/Jason Michael Carroll/Waitin' In the Country,/mnt/d/Music/iTunes/Jason Michael Carroll/Waitin' In the Country,/mnt/d/Music/iTunes/Jason Michael Carroll,Waitin' In the Country,2026-07-04T17:21:01+00:00
/mnt/d/Music,iTunes/Jason Mraz,/mnt/d/Music/iTunes/Jason Mraz,/mnt/d/Music/iTunes,Jason Mraz,2026-07-04T17:21:01+00:00
/mnt/d/Music,iTunes/Jason Mraz/We Sing. We Dance. We Steal Things (Bonu,/mnt/d/Music/iTunes/Jason Mraz/We Sing. We Dance. We Steal Things (Bonu,/mnt/d/Music/iTunes/Jason Mraz,We Sing. We Dance. We Steal Things (Bonu,2026-07-04T17:21:02+00:00
/mnt/d/Music,iTunes/Jessica Andrews,/mnt/d/Music/iTunes/Jessica Andrews,/mnt/d/Music/iTunes,Jessica Andrews,2026-07-04T17:21:02+00:00
/mnt/d/Music,iTunes/Jessica Andrews/Who I Am,/mnt/d/Music/iTunes/Jessica Andrews/Who I Am,/mnt/d/Music/iTunes/Jessica Andrews,Who I Am,2026-07-04T17:21:02+00:00
/mnt/d/Music,iTunes/Jimmy Buffett,/mnt/d/Music/iTunes/Jimmy Buffett,/mnt/d/Music/iTunes,Jimmy Buffett,2026-07-04T17:21:02+00:00
/mnt/d/Music,"iTunes/Jimmy Buffett/Boats, Beaches, Bars & Ballads [Disc 1]","/mnt/d/Music/iTunes/Jimmy Buffett/Boats, Beaches, Bars & Ballads [Disc 1]",/mnt/d/Music/iTunes/Jimmy Buffett,"Boats, Beaches, Bars & Ballads [Disc 1]",2026-07-04T17:21:02+00:00
/mnt/d/Music,"iTunes/Jimmy Buffett/Boats, Beaches, Bars & Ballads [Disc 2]","/mnt/d/Music/iTunes/Jimmy Buffett/Boats, Beaches, Bars & Ballads [Disc 2]",/mnt/d/Music/iTunes/Jimmy Buffett,"Boats, Beaches, Bars & Ballads [Disc 2]",2026-07-04T17:21:02+00:00
/mnt/d/Music,"iTunes/Jimmy Buffett/Boats, Beaches, Bars & Ballads [Disc 4]","/mnt/d/Music/iTunes/Jimmy Buffett/Boats, Beaches, Bars & Ballads [Disc 4]",/mnt/d/Music/iTunes/Jimmy Buffett,"Boats, Beaches, Bars & Ballads [Disc 4]",2026-07-04T17:21:02+00:00
/mnt/d/Music,iTunes/Joan Jett & The Blackhearts,/mnt/d/Music/iTunes/Joan Jett & The Blackhearts,/mnt/d/Music/iTunes,Joan Jett & The Blackhearts,2026-07-04T17:21:02+00:00
/mnt/d/Music,iTunes/Joan Jett & The Blackhearts/I Love Rock 'N Roll (Remastered),/mnt/d/Music/iTunes/Joan Jett & The Blackhearts/I Love Rock 'N Roll (Remastered),/mnt/d/Music/iTunes/Joan Jett & The Blackhearts,I Love Rock 'N Roll (Remastered),2026-07-04T17:21:02+00:00
/mnt/d/Music,iTunes/Joe Nichols,/mnt/d/Music/iTunes/Joe Nichols,/mnt/d/Music/iTunes,Joe Nichols,2026-07-04T17:21:03+00:00
/mnt/d/Music,iTunes/Joe Nichols/The Impossible,/mnt/d/Music/iTunes/Joe Nichols/The Impossible,/mnt/d/Music/iTunes/Joe Nichols,The Impossible,2026-07-04T17:21:03+00:00
/mnt/d/Music,iTunes/John Mayer,/mnt/d/Music/iTunes/John Mayer,/mnt/d/Music/iTunes,John Mayer,2026-07-04T17:21:04+00:00
/mnt/d/Music,iTunes/John Mayer/Any Given Thursday,/mnt/d/Music/iTunes/John Mayer/Any Given Thursday,/mnt/d/Music/iTunes/John Mayer,Any Given Thursday,2026-07-04T17:21:04+00:00
/mnt/d/Music,iTunes/John Mayer/Any Given Thursday [Disc 2] [Live],/mnt/d/Music/iTunes/John Mayer/Any Given Thursday [Disc 2] [Live],/mnt/d/Music/iTunes/John Mayer,Any Given Thursday [Disc 2] [Live],2026-07-04T17:21:04+00:00
/mnt/d/Music,iTunes/John Mayer/Heavier Things,/mnt/d/Music/iTunes/John Mayer/Heavier Things,/mnt/d/Music/iTunes/John Mayer,Heavier Things,2026-07-04T17:21:03+00:00
/mnt/d/Music,iTunes/John Mayer/Say - Single,/mnt/d/Music/iTunes/John Mayer/Say - Single,/mnt/d/Music/iTunes/John Mayer,Say - Single,2026-07-04T17:21:03+00:00
/mnt/d/Music,iTunes/Jon B_,/mnt/d/Music/iTunes/Jon B_,/mnt/d/Music/iTunes,Jon B_,2026-07-04T17:21:04+00:00
/mnt/d/Music,iTunes/Jon B_/Cool Relax,/mnt/d/Music/iTunes/Jon B_/Cool Relax,/mnt/d/Music/iTunes/Jon B_,Cool Relax,2026-07-04T17:21:04+00:00
/mnt/d/Music,iTunes/Jordan Knight,/mnt/d/Music/iTunes/Jordan Knight,/mnt/d/Music/iTunes,Jordan Knight,2026-07-04T17:21:04+00:00
/mnt/d/Music,iTunes/Jordan Knight/Jordan Knight,/mnt/d/Music/iTunes/Jordan Knight/Jordan Knight,/mnt/d/Music/iTunes/Jordan Knight,Jordan Knight,2026-07-04T17:21:05+00:00
/mnt/d/Music,iTunes/Jordin Sparks & Chris Brown,/mnt/d/Music/iTunes/Jordin Sparks & Chris Brown,/mnt/d/Music/iTunes,Jordin Sparks & Chris Brown,2026-07-04T17:21:05+00:00
/mnt/d/Music,iTunes/Jordin Sparks & Chris Brown/Jordin Sparks,/mnt/d/Music/iTunes/Jordin Sparks & Chris Brown/Jordin Sparks,/mnt/d/Music/iTunes/Jordin Sparks & Chris Brown,Jordin Sparks,2026-07-04T17:21:05+00:00
/mnt/d/Music,iTunes/Josh Turner,/mnt/d/Music/iTunes/Josh Turner,/mnt/d/Music/iTunes,Josh Turner,2026-07-04T17:21:05+00:00
/mnt/d/Music,iTunes/Josh Turner/Your Man,/mnt/d/Music/iTunes/Josh Turner/Your Man,/mnt/d/Music/iTunes/Josh Turner,Your Man,2026-07-04T17:21:05+00:00
/mnt/d/Music,iTunes/Josh Turner/Your Man - Single,/mnt/d/Music/iTunes/Josh Turner/Your Man - Single,/mnt/d/Music/iTunes/Josh Turner,Your Man - Single,2026-07-04T17:21:05+00:00
/mnt/d/Music,iTunes/Joss Stone,/mnt/d/Music/iTunes/Joss Stone,/mnt/d/Music/iTunes,Joss Stone,2026-07-04T17:21:05+00:00
/mnt/d/Music,iTunes/Joss Stone/The Soul Sessions,/mnt/d/Music/iTunes/Joss Stone/The Soul Sessions,/mnt/d/Music/iTunes/Joss Stone,The Soul Sessions,2026-07-04T17:21:05+00:00
/mnt/d/Music,iTunes/Joss Stone/You Had Me,/mnt/d/Music/iTunes/Joss Stone/You Had Me,/mnt/d/Music/iTunes/Joss Stone,You Had Me,2026-07-04T17:21:05+00:00
/mnt/d/Music,iTunes/Justin Timberlake,/mnt/d/Music/iTunes/Justin Timberlake,/mnt/d/Music/iTunes,Justin Timberlake,2026-07-04T17:21:05+00:00
/mnt/d/Music,iTunes/Justin Timberlake & Timbaland,/mnt/d/Music/iTunes/Justin Timberlake & Timbaland,/mnt/d/Music/iTunes,Justin Timberlake & Timbaland,2026-07-04T17:21:06+00:00
/mnt/d/Music,iTunes/Justin Timberlake & Timbaland/FutureSex _ LoveSounds,/mnt/d/Music/iTunes/Justin Timberlake & Timbaland/FutureSex _ LoveSounds,/mnt/d/Music/iTunes/Justin Timberlake & Timbaland,FutureSex _ LoveSounds,2026-07-04T17:21:06+00:00
/mnt/d/Music,iTunes/Justin Timberlake Feat. Clipse,/mnt/d/Music/iTunes/Justin Timberlake Feat. Clipse,/mnt/d/Music/iTunes,Justin Timberlake Feat. Clipse,2026-07-04T17:21:06+00:00
/mnt/d/Music,iTunes/Justin Timberlake Feat. Clipse/Justified,/mnt/d/Music/iTunes/Justin Timberlake Feat. Clipse/Justified,/mnt/d/Music/iTunes/Justin Timberlake Feat. Clipse,Justified,2026-07-04T17:21:06+00:00
/mnt/d/Music,iTunes/Justin Timberlake Feat. Pharrell William,/mnt/d/Music/iTunes/Justin Timberlake Feat. Pharrell William,/mnt/d/Music/iTunes,Justin Timberlake Feat. Pharrell William,2026-07-04T17:21:06+00:00
/mnt/d/Music,iTunes/Justin Timberlake Feat. Pharrell William/Justified,/mnt/d/Music/iTunes/Justin Timberlake Feat. Pharrell William/Justified,/mnt/d/Music/iTunes/Justin Timberlake Feat. Pharrell William,Justified,2026-07-04T17:21:07+00:00
/mnt/d/Music,iTunes/Justin Timberlake Feat. T.I. & Timbaland,/mnt/d/Music/iTunes/Justin Timberlake Feat. T.I. & Timbaland,/mnt/d/Music/iTunes,Justin Timberlake Feat. T.I. & Timbaland,2026-07-04T17:21:07+00:00
/mnt/d/Music,iTunes/Justin Timberlake Feat. T.I. & Timbaland/FutureSex _ LoveSounds,/mnt/d/Music/iTunes/Justin Timberlake Feat. T.I. & Timbaland/FutureSex _ LoveSounds,/mnt/d/Music/iTunes/Justin Timberlake Feat. T.I. & Timbaland,FutureSex _ LoveSounds,2026-07-04T17:21:07+00:00
/mnt/d/Music,iTunes/Justin Timberlake Feat. The Benjamin Wri,/mnt/d/Music/iTunes/Justin Timberlake Feat. The Benjamin Wri,/mnt/d/Music/iTunes,Justin Timberlake Feat. The Benjamin Wri,2026-07-04T17:21:07+00:00
/mnt/d/Music,iTunes/Justin Timberlake Feat. The Benjamin Wri/FutureSex _ LoveSounds,/mnt/d/Music/iTunes/Justin Timberlake Feat. The Benjamin Wri/FutureSex _ LoveSounds,/mnt/d/Music/iTunes/Justin Timberlake Feat. The Benjamin Wri,FutureSex _ LoveSounds,2026-07-04T17:21:07+00:00
/mnt/d/Music,iTunes/Justin Timberlake/FutureSex _ LoveSounds,/mnt/d/Music/iTunes/Justin Timberlake/FutureSex _ LoveSounds,/mnt/d/Music/iTunes/Justin Timberlake,FutureSex _ LoveSounds,2026-07-04T17:21:06+00:00
/mnt/d/Music,iTunes/Juvenile,/mnt/d/Music/iTunes/Juvenile,/mnt/d/Music/iTunes,Juvenile,2026-07-04T17:21:07+00:00
/mnt/d/Music,iTunes/Juvenile/400 Degreez,/mnt/d/Music/iTunes/Juvenile/400 Degreez,/mnt/d/Music/iTunes/Juvenile,400 Degreez,2026-07-04T17:21:07+00:00
/mnt/d/Music,iTunes/KT Tunstall,/mnt/d/Music/iTunes/KT Tunstall,/mnt/d/Music/iTunes,KT Tunstall,2026-07-04T17:21:23+00:00
/mnt/d/Music,iTunes/KT Tunstall/Black Horse & The Cherry Tree - Single,/mnt/d/Music/iTunes/KT Tunstall/Black Horse & The Cherry Tree - Single,/mnt/d/Music/iTunes/KT Tunstall,Black Horse & The Cherry Tree - Single,2026-07-04T17:21:23+00:00
/mnt/d/Music,iTunes/KT Tunstall/Eye to the Telescope,/mnt/d/Music/iTunes/KT Tunstall/Eye to the Telescope,/mnt/d/Music/iTunes/KT Tunstall,Eye to the Telescope,2026-07-04T17:21:23+00:00
/mnt/d/Music,iTunes/Kanye West,/mnt/d/Music/iTunes/Kanye West,/mnt/d/Music/iTunes,Kanye West,2026-07-04T17:21:07+00:00
/mnt/d/Music,iTunes/Kanye West/808s & Heartbreak (Bonus Video Version),/mnt/d/Music/iTunes/Kanye West/808s & Heartbreak (Bonus Video Version),/mnt/d/Music/iTunes/Kanye West,808s & Heartbreak (Bonus Video Version),2026-07-04T17:21:07+00:00
/mnt/d/Music,iTunes/Kanye West/Love Lockdown - Single,/mnt/d/Music/iTunes/Kanye West/Love Lockdown - Single,/mnt/d/Music/iTunes/Kanye West,Love Lockdown - Single,2026-07-04T17:21:07+00:00
/mnt/d/Music,iTunes/Keane,/mnt/d/Music/iTunes/Keane,/mnt/d/Music/iTunes,Keane,2026-07-04T17:21:07+00:00
/mnt/d/Music,iTunes/Keane/Hopes and Fears,/mnt/d/Music/iTunes/Keane/Hopes and Fears,/mnt/d/Music/iTunes/Keane,Hopes and Fears,2026-07-04T17:21:07+00:00
/mnt/d/Music,iTunes/Keith Anderson,/mnt/d/Music/iTunes/Keith Anderson,/mnt/d/Music/iTunes,Keith Anderson,2026-07-04T17:21:08+00:00
/mnt/d/Music,iTunes/Keith Anderson/Three Chord Country and American Rock &,/mnt/d/Music/iTunes/Keith Anderson/Three Chord Country and American Rock &,/mnt/d/Music/iTunes/Keith Anderson,Three Chord Country and American Rock &,2026-07-04T17:21:08+00:00
/mnt/d/Music,iTunes/Keith Sweat,/mnt/d/Music/iTunes/Keith Sweat,/mnt/d/Music/iTunes,Keith Sweat,2026-07-04T17:21:08+00:00
/mnt/d/Music,iTunes/Keith Sweat/A Christmas of Love,/mnt/d/Music/iTunes/Keith Sweat/A Christmas of Love,/mnt/d/Music/iTunes/Keith Sweat,A Christmas of Love,2026-07-04T17:21:08+00:00
/mnt/d/Music,iTunes/Keith Urban,/mnt/d/Music/iTunes/Keith Urban,/mnt/d/Music/iTunes,Keith Urban,2026-07-04T17:21:09+00:00
/mnt/d/Music,iTunes/Keith Urban/Be Here,/mnt/d/Music/iTunes/Keith Urban/Be Here,/mnt/d/Music/iTunes/Keith Urban,Be Here,2026-07-04T17:21:09+00:00
/mnt/d/Music,iTunes/Keith Urban/Defying Gravity,/mnt/d/Music/iTunes/Keith Urban/Defying Gravity,/mnt/d/Music/iTunes/Keith Urban,Defying Gravity,2026-07-04T17:21:08+00:00
/mnt/d/Music,iTunes/Keith Urban/Golden Road,/mnt/d/Music/iTunes/Keith Urban/Golden Road,/mnt/d/Music/iTunes/Keith Urban,Golden Road,2026-07-04T17:21:08+00:00
/mnt/d/Music,iTunes/Keith Urban/Keith Urban,/mnt/d/Music/iTunes/Keith Urban/Keith Urban,/mnt/d/Music/iTunes/Keith Urban,Keith Urban,2026-07-04T17:21:08+00:00
/mnt/d/Music,iTunes/Kellie Coffey,/mnt/d/Music/iTunes/Kellie Coffey,/mnt/d/Music/iTunes,Kellie Coffey,2026-07-04T17:21:09+00:00
/mnt/d/Music,iTunes/Kellie Coffey/When You Lie Next to Me,/mnt/d/Music/iTunes/Kellie Coffey/When You Lie Next to Me,/mnt/d/Music/iTunes/Kellie Coffey,When You Lie Next to Me,2026-07-04T17:21:09+00:00
/mnt/d/Music,iTunes/Kelly Clarkson,/mnt/d/Music/iTunes/Kelly Clarkson,/mnt/d/Music/iTunes,Kelly Clarkson,2026-07-04T17:21:09+00:00
/mnt/d/Music,iTunes/Kelly Clarkson/My December (Deluxe Version),/mnt/d/Music/iTunes/Kelly Clarkson/My December (Deluxe Version),/mnt/d/Music/iTunes/Kelly Clarkson,My December (Deluxe Version),2026-07-04T17:21:09+00:00
/mnt/d/Music,iTunes/Kenny Chesney,/mnt/d/Music/iTunes/Kenny Chesney,/mnt/d/Music/iTunes,Kenny Chesney,2026-07-04T17:21:19+00:00
/mnt/d/Music,iTunes/Kenny Chesney/Be As You Are,/mnt/d/Music/iTunes/Kenny Chesney/Be As You Are,/mnt/d/Music/iTunes/Kenny Chesney,Be As You Are,2026-07-04T17:21:21+00:00
/mnt/d/Music,iTunes/Kenny Chesney/Greatest Hits,/mnt/d/Music/iTunes/Kenny Chesney/Greatest Hits,/mnt/d/Music/iTunes/Kenny Chesney,Greatest Hits,2026-07-04T17:21:18+00:00
/mnt/d/Music,iTunes/Kenny Chesney/Just Who I Am_ Poets & Pirates,/mnt/d/Music/iTunes/Kenny Chesney/Just Who I Am_ Poets & Pirates,/mnt/d/Music/iTunes/Kenny Chesney,Just Who I Am_ Poets & Pirates,2026-07-04T17:21:17+00:00
/mnt/d/Music,iTunes/Kenny Chesney/Lucky Old Sun (Deluxe Version),/mnt/d/Music/iTunes/Kenny Chesney/Lucky Old Sun (Deluxe Version),/mnt/d/Music/iTunes/Kenny Chesney,Lucky Old Sun (Deluxe Version),2026-07-04T17:21:15+00:00
/mnt/d/Music,iTunes/Kenny Chesney/Never Wanted Nothing More - Single,/mnt/d/Music/iTunes/Kenny Chesney/Never Wanted Nothing More - Single,/mnt/d/Music/iTunes/Kenny Chesney,Never Wanted Nothing More - Single,2026-07-04T17:21:11+00:00
/mnt/d/Music,iTunes/Kenny Chesney/No Shoes No Shirt No Problems,/mnt/d/Music/iTunes/Kenny Chesney/No Shoes No Shirt No Problems,/mnt/d/Music/iTunes/Kenny Chesney,No Shoes No Shirt No Problems,2026-07-04T17:21:11+00:00
/mnt/d/Music,iTunes/Kenny Chesney/The Road and the Radio,/mnt/d/Music/iTunes/Kenny Chesney/The Road and the Radio,/mnt/d/Music/iTunes/Kenny Chesney,The Road and the Radio,2026-07-04T17:21:11+00:00
/mnt/d/Music,iTunes/Kenny Chesney/When The Sun Goes Down,/mnt/d/Music/iTunes/Kenny Chesney/When The Sun Goes Down,/mnt/d/Music/iTunes/Kenny Chesney,When The Sun Goes Down,2026-07-04T17:21:11+00:00
/mnt/d/Music,iTunes/Kenny Rogers,/mnt/d/Music/iTunes/Kenny Rogers,/mnt/d/Music/iTunes,Kenny Rogers,2026-07-04T17:21:21+00:00
/mnt/d/Music,iTunes/Kenny Rogers/Water & Bridges,/mnt/d/Music/iTunes/Kenny Rogers/Water & Bridges,/mnt/d/Music/iTunes/Kenny Rogers,Water & Bridges,2026-07-04T17:21:21+00:00
/mnt/d/Music,iTunes/Kilo,/mnt/d/Music/iTunes/Kilo,/mnt/d/Music/iTunes,Kilo,2026-07-04T17:21:22+00:00
/mnt/d/Music,iTunes/Kilo Ali,/mnt/d/Music/iTunes/Kilo Ali,/mnt/d/Music/iTunes,Kilo Ali,2026-07-04T17:21:22+00:00
/mnt/d/Music,iTunes/Kilo Ali/Organized Bass,/mnt/d/Music/iTunes/Kilo Ali/Organized Bass,/mnt/d/Music/iTunes/Kilo Ali,Organized Bass,2026-07-04T17:21:22+00:00
/mnt/d/Music,iTunes/Kilo/Get This Party Started,/mnt/d/Music/iTunes/Kilo/Get This Party Started,/mnt/d/Music/iTunes/Kilo,Get This Party Started,2026-07-04T17:21:22+00:00
/mnt/d/Music,iTunes/Kilo/The Best & the Bass,/mnt/d/Music/iTunes/Kilo/The Best & the Bass,/mnt/d/Music/iTunes/Kilo,The Best & the Bass,2026-07-04T17:21:22+00:00
/mnt/d/Music,iTunes/Kings of Leon,/mnt/d/Music/iTunes/Kings of Leon,/mnt/d/Music/iTunes,Kings of Leon,2026-07-04T17:21:22+00:00
/mnt/d/Music,iTunes/Kings of Leon/Only By the Night (Deluxe Version),/mnt/d/Music/iTunes/Kings of Leon/Only By the Night (Deluxe Version),/mnt/d/Music/iTunes/Kings of Leon,Only By the Night (Deluxe Version),2026-07-04T17:21:22+00:00
/mnt/d/Music,iTunes/Kylie Minogue,/mnt/d/Music/iTunes/Kylie Minogue,/mnt/d/Music/iTunes,Kylie Minogue,2026-07-04T17:21:23+00:00
/mnt/d/Music,iTunes/Kylie Minogue/Fever,/mnt/d/Music/iTunes/Kylie Minogue/Fever,/mnt/d/Music/iTunes/Kylie Minogue,Fever,2026-07-04T17:21:23+00:00
/mnt/d/Music,iTunes/LL Cool J,/mnt/d/Music/iTunes/LL Cool J,/mnt/d/Music/iTunes,LL Cool J,2026-07-04T17:21:30+00:00
/mnt/d/Music,iTunes/LL Cool J/All World,/mnt/d/Music/iTunes/LL Cool J/All World,/mnt/d/Music/iTunes/LL Cool J,All World,2026-07-04T17:21:30+00:00
/mnt/d/Music,iTunes/LL Cool J/Todd Smith,/mnt/d/Music/iTunes/LL Cool J/Todd Smith,/mnt/d/Music/iTunes/LL Cool J,Todd Smith,2026-07-04T17:21:30+00:00
/mnt/d/Music,iTunes/Lady Antebellum,/mnt/d/Music/iTunes/Lady Antebellum,/mnt/d/Music/iTunes,Lady Antebellum,2026-07-04T17:21:23+00:00
/mnt/d/Music,iTunes/Lady Antebellum/Love Don't Live Here - Single of the Wee,/mnt/d/Music/iTunes/Lady Antebellum/Love Don't Live Here - Single of the Wee,/mnt/d/Music/iTunes/Lady Antebellum,Love Don't Live Here - Single of the Wee,2026-07-04T17:21:23+00:00
/mnt/d/Music,iTunes/Lady GaGa,/mnt/d/Music/iTunes/Lady GaGa,/mnt/d/Music/iTunes,Lady GaGa,2026-07-04T17:21:26+00:00
/mnt/d/Music,iTunes/Lady GaGa/Bad Romance - Single,/mnt/d/Music/iTunes/Lady GaGa/Bad Romance - Single,/mnt/d/Music/iTunes/Lady GaGa,Bad Romance - Single,2026-07-04T17:21:26+00:00
/mnt/d/Music,iTunes/Lady GaGa/The Fame,/mnt/d/Music/iTunes/Lady GaGa/The Fame,/mnt/d/Music/iTunes/Lady GaGa,The Fame,2026-07-04T17:21:26+00:00
/mnt/d/Music,iTunes/Lanae' Hale,/mnt/d/Music/iTunes/Lanae' Hale,/mnt/d/Music/iTunes,Lanae' Hale,2026-07-04T17:21:27+00:00
/mnt/d/Music,iTunes/Lanae' Hale/Spring Again - Discovery Download,/mnt/d/Music/iTunes/Lanae' Hale/Spring Again - Discovery Download,/mnt/d/Music/iTunes/Lanae' Hale,Spring Again - Discovery Download,2026-07-04T17:21:27+00:00
/mnt/d/Music,iTunes/Landon Pigg,/mnt/d/Music/iTunes/Landon Pigg,/mnt/d/Music/iTunes,Landon Pigg,2026-07-04T17:21:27+00:00
/mnt/d/Music,iTunes/Landon Pigg/Falling In Love At a Coffee Shop - Singl,/mnt/d/Music/iTunes/Landon Pigg/Falling In Love At a Coffee Shop - Singl,/mnt/d/Music/iTunes/Landon Pigg,Falling In Love At a Coffee Shop - Singl,2026-07-04T17:21:27+00:00
/mnt/d/Music,iTunes/LeAnn Rimes,/mnt/d/Music/iTunes/LeAnn Rimes,/mnt/d/Music/iTunes,LeAnn Rimes,2026-07-04T17:21:27+00:00
/mnt/d/Music,iTunes/LeAnn Rimes/But I Do Love You - Remixes - EP,/mnt/d/Music/iTunes/LeAnn Rimes/But I Do Love You - Remixes - EP,/mnt/d/Music/iTunes/LeAnn Rimes,But I Do Love You - Remixes - EP,2026-07-04T17:21:27+00:00
/mnt/d/Music,iTunes/LeAnn Rimes/I Need You,/mnt/d/Music/iTunes/LeAnn Rimes/I Need You,/mnt/d/Music/iTunes/LeAnn Rimes,I Need You,2026-07-04T17:21:27+00:00
/mnt/d/Music,iTunes/LeAnn Rimes/LeAnn Rimes_ Greatest Hits,/mnt/d/Music/iTunes/LeAnn Rimes/LeAnn Rimes_ Greatest Hits,/mnt/d/Music/iTunes/LeAnn Rimes,LeAnn Rimes_ Greatest Hits,2026-07-04T17:21:27+00:00
/mnt/d/Music,iTunes/LeAnn Rimes/This Woman,/mnt/d/Music/iTunes/LeAnn Rimes/This Woman,/mnt/d/Music/iTunes/LeAnn Rimes,This Woman,2026-07-04T17:21:27+00:00
/mnt/d/Music,iTunes/Leona Lewis,/mnt/d/Music/iTunes/Leona Lewis,/mnt/d/Music/iTunes,Leona Lewis,2026-07-04T17:21:27+00:00
/mnt/d/Music,iTunes/Leona Lewis/Bleeding Love - Single,/mnt/d/Music/iTunes/Leona Lewis/Bleeding Love - Single,/mnt/d/Music/iTunes/Leona Lewis,Bleeding Love - Single,2026-07-04T17:21:27+00:00
/mnt/d/Music,iTunes/Lifehouse,/mnt/d/Music/iTunes/Lifehouse,/mnt/d/Music/iTunes,Lifehouse,2026-07-04T17:21:28+00:00
/mnt/d/Music,iTunes/Lifehouse/You and Me,/mnt/d/Music/iTunes/Lifehouse/You and Me,/mnt/d/Music/iTunes/Lifehouse,You and Me,2026-07-04T17:21:28+00:00
/mnt/d/Music,iTunes/Lil Jon & The Eastside Boyz,/mnt/d/Music/iTunes/Lil Jon & The Eastside Boyz,/mnt/d/Music/iTunes,Lil Jon & The Eastside Boyz,2026-07-04T17:21:28+00:00
/mnt/d/Music,iTunes/Lil Jon & The Eastside Boyz/Kings of Crunk,/mnt/d/Music/iTunes/Lil Jon & The Eastside Boyz/Kings of Crunk,/mnt/d/Music/iTunes/Lil Jon & The Eastside Boyz,Kings of Crunk,2026-07-04T17:21:28+00:00
/mnt/d/Music,iTunes/Lily Allen,/mnt/d/Music/iTunes/Lily Allen,/mnt/d/Music/iTunes,Lily Allen,2026-07-04T17:21:28+00:00
/mnt/d/Music,"iTunes/Lily Allen/It's Not Me, It's You","/mnt/d/Music/iTunes/Lily Allen/It's Not Me, It's You",/mnt/d/Music/iTunes/Lily Allen,"It's Not Me, It's You",2026-07-04T17:21:28+00:00
/mnt/d/Music,iTunes/Lily Allen/Smile - EP,/mnt/d/Music/iTunes/Lily Allen/Smile - EP,/mnt/d/Music/iTunes/Lily Allen,Smile - EP,2026-07-04T17:21:28+00:00
/mnt/d/Music,iTunes/Lisa Lisa & Cult Jam,/mnt/d/Music/iTunes/Lisa Lisa & Cult Jam,/mnt/d/Music/iTunes,Lisa Lisa & Cult Jam,2026-07-04T17:21:29+00:00
/mnt/d/Music,iTunes/Lisa Lisa & Cult Jam/Lisa Lisa & Cult Jam With Full Force,/mnt/d/Music/iTunes/Lisa Lisa & Cult Jam/Lisa Lisa & Cult Jam With Full Force,/mnt/d/Music/iTunes/Lisa Lisa & Cult Jam,Lisa Lisa & Cult Jam With Full Force,2026-07-04T17:21:29+00:00
/mnt/d/Music,iTunes/Lisa Lisa & Cult Jam/Lisa Lisa & Cult Jam_ Super Hits,/mnt/d/Music/iTunes/Lisa Lisa & Cult Jam/Lisa Lisa & Cult Jam_ Super Hits,/mnt/d/Music/iTunes/Lisa Lisa & Cult Jam,Lisa Lisa & Cult Jam_ Super Hits,2026-07-04T17:21:29+00:00
/mnt/d/Music,iTunes/Lisa Loeb,/mnt/d/Music/iTunes/Lisa Loeb,/mnt/d/Music/iTunes,Lisa Loeb,2026-07-04T17:21:29+00:00
/mnt/d/Music,iTunes/Lisa Loeb & Nine Stories,/mnt/d/Music/iTunes/Lisa Loeb & Nine Stories,/mnt/d/Music/iTunes,Lisa Loeb & Nine Stories,2026-07-04T17:21:29+00:00
/mnt/d/Music,iTunes/Lisa Loeb & Nine Stories/Tails,/mnt/d/Music/iTunes/Lisa Loeb & Nine Stories/Tails,/mnt/d/Music/iTunes/Lisa Loeb & Nine Stories,Tails,2026-07-04T17:21:29+00:00
/mnt/d/Music,iTunes/Lisa Loeb/Firecracker,/mnt/d/Music/iTunes/Lisa Loeb/Firecracker,/mnt/d/Music/iTunes/Lisa Loeb,Firecracker,2026-07-04T17:21:29+00:00
/mnt/d/Music,iTunes/Liz Phair,/mnt/d/Music/iTunes/Liz Phair,/mnt/d/Music/iTunes,Liz Phair,2026-07-04T17:21:30+00:00
/mnt/d/Music,iTunes/Liz Phair/Liz Phair,/mnt/d/Music/iTunes/Liz Phair/Liz Phair,/mnt/d/Music/iTunes/Liz Phair,Liz Phair,2026-07-04T17:21:30+00:00
/mnt/d/Music,iTunes/London Symphony Orchestra & Sir Colin Da,/mnt/d/Music/iTunes/London Symphony Orchestra & Sir Colin Da,/mnt/d/Music/iTunes,London Symphony Orchestra & Sir Colin Da,2026-07-04T17:21:30+00:00
/mnt/d/Music,iTunes/London Symphony Orchestra & Sir Colin Da/Handel_ Messiah,/mnt/d/Music/iTunes/London Symphony Orchestra & Sir Colin Da/Handel_ Messiah,/mnt/d/Music/iTunes/London Symphony Orchestra & Sir Colin Da,Handel_ Messiah,2026-07-04T17:21:30+00:00
/mnt/d/Music,iTunes/Londonbeat,/mnt/d/Music/iTunes/Londonbeat,/mnt/d/Music/iTunes,Londonbeat,2026-07-04T17:21:30+00:00
/mnt/d/Music,iTunes/Londonbeat/In the Blood,/mnt/d/Music/iTunes/Londonbeat/In the Blood,/mnt/d/Music/iTunes/Londonbeat,In the Blood,2026-07-04T17:21:30+00:00
/mnt/d/Music,iTunes/Louis Armstrong,/mnt/d/Music/iTunes/Louis Armstrong,/mnt/d/Music/iTunes,Louis Armstrong,2026-07-04T17:21:30+00:00
/mnt/d/Music,iTunes/Louis Armstrong/The Best of Louis Armstrong,/mnt/d/Music/iTunes/Louis Armstrong/The Best of Louis Armstrong,/mnt/d/Music/iTunes/Louis Armstrong,The Best of Louis Armstrong,2026-07-04T17:21:30+00:00
/mnt/d/Music,iTunes/Love and Rockets,/mnt/d/Music/iTunes/Love and Rockets,/mnt/d/Music/iTunes,Love and Rockets,2026-07-04T17:21:31+00:00
/mnt/d/Music,iTunes/Love and Rockets/Love and Rockets,/mnt/d/Music/iTunes/Love and Rockets/Love and Rockets,/mnt/d/Music/iTunes/Love and Rockets,Love and Rockets,2026-07-04T17:21:31+00:00
/mnt/d/Music,iTunes/Ludacris,/mnt/d/Music/iTunes/Ludacris,/mnt/d/Music/iTunes,Ludacris,2026-07-04T17:21:31+00:00
/mnt/d/Music,iTunes/Ludacris/The Red Light District,/mnt/d/Music/iTunes/Ludacris/The Red Light District,/mnt/d/Music/iTunes/Ludacris,The Red Light District,2026-07-04T17:21:31+00:00
/mnt/d/Music,iTunes/Lumidee,/mnt/d/Music/iTunes/Lumidee,/mnt/d/Music/iTunes,Lumidee,2026-07-04T17:21:31+00:00
/mnt/d/Music,iTunes/Lumidee/Unexpected,/mnt/d/Music/iTunes/Lumidee/Unexpected,/mnt/d/Music/iTunes/Lumidee,Unexpected,2026-07-04T17:21:31+00:00
/mnt/d/Music,iTunes/Luscious Jackson,/mnt/d/Music/iTunes/Luscious Jackson,/mnt/d/Music/iTunes,Luscious Jackson,2026-07-04T17:21:31+00:00
/mnt/d/Music,iTunes/Luscious Jackson/Fever In Fever Out,/mnt/d/Music/iTunes/Luscious Jackson/Fever In Fever Out,/mnt/d/Music/iTunes/Luscious Jackson,Fever In Fever Out,2026-07-04T17:21:31+00:00
/mnt/d/Music,iTunes/MC Shy-D,/mnt/d/Music/iTunes/MC Shy-D,/mnt/d/Music/iTunes,MC Shy-D,2026-07-04T17:21:39+00:00
/mnt/d/Music,iTunes/MC Shy-D/Greatest Hits_ MC Shy-D,/mnt/d/Music/iTunes/MC Shy-D/Greatest Hits_ MC Shy-D,/mnt/d/Music/iTunes/MC Shy-D,Greatest Hits_ MC Shy-D,2026-07-04T17:21:39+00:00
/mnt/d/Music,iTunes/MIKA,/mnt/d/Music/iTunes/MIKA,/mnt/d/Music/iTunes,MIKA,2026-07-04T17:21:46+00:00
/mnt/d/Music,iTunes/MIKA/Life In Cartoon Motion,/mnt/d/Music/iTunes/MIKA/Life In Cartoon Motion,/mnt/d/Music/iTunes/MIKA,Life In Cartoon Motion,2026-07-04T17:21:46+00:00
/mnt/d/Music,iTunes/Madison Avenue,/mnt/d/Music/iTunes/Madison Avenue,/mnt/d/Music/iTunes,Madison Avenue,2026-07-04T17:21:31+00:00
/mnt/d/Music,iTunes/Madison Avenue/The Polyester Embassy,/mnt/d/Music/iTunes/Madison Avenue/The Polyester Embassy,/mnt/d/Music/iTunes/Madison Avenue,The Polyester Embassy,2026-07-04T17:21:31+00:00
/mnt/d/Music,iTunes/Madita,/mnt/d/Music/iTunes/Madita,/mnt/d/Music/iTunes,Madita,2026-07-04T17:21:31+00:00
/mnt/d/Music,iTunes/Madita/Too,/mnt/d/Music/iTunes/Madita/Too,/mnt/d/Music/iTunes/Madita,Too,2026-07-04T17:21:31+00:00
/mnt/d/Music,iTunes/Madonna,/mnt/d/Music/iTunes/Madonna,/mnt/d/Music/iTunes,Madonna,2026-07-04T17:21:35+00:00
/mnt/d/Music,iTunes/Madonna/Bedtime Stories,/mnt/d/Music/iTunes/Madonna/Bedtime Stories,/mnt/d/Music/iTunes/Madonna,Bedtime Stories,2026-07-04T17:21:37+00:00
/mnt/d/Music,iTunes/Madonna/Celebration (Deluxe Version),/mnt/d/Music/iTunes/Madonna/Celebration (Deluxe Version),/mnt/d/Music/iTunes/Madonna,Celebration (Deluxe Version),2026-07-04T17:21:35+00:00
/mnt/d/Music,iTunes/Madonna/Celebration (Deluxe Video Edition),/mnt/d/Music/iTunes/Madonna/Celebration (Deluxe Video Edition),/mnt/d/Music/iTunes/Madonna,Celebration (Deluxe Video Edition),2026-07-04T17:21:34+00:00
/mnt/d/Music,iTunes/Madonna/Erotica,/mnt/d/Music/iTunes/Madonna/Erotica,/mnt/d/Music/iTunes/Madonna,Erotica,2026-07-04T17:21:34+00:00
/mnt/d/Music,iTunes/Madonna/Like a Virgin,/mnt/d/Music/iTunes/Madonna/Like a Virgin,/mnt/d/Music/iTunes/Madonna,Like a Virgin,2026-07-04T17:21:34+00:00
/mnt/d/Music,iTunes/Madonna/Madonna,/mnt/d/Music/iTunes/Madonna/Madonna,/mnt/d/Music/iTunes/Madonna,Madonna,2026-07-04T17:21:34+00:00
/mnt/d/Music,iTunes/Madonna/Music,/mnt/d/Music/iTunes/Madonna/Music,/mnt/d/Music/iTunes/Madonna,Music,2026-07-04T17:21:33+00:00
/mnt/d/Music,iTunes/Madonna/Ray of Light,/mnt/d/Music/iTunes/Madonna/Ray of Light,/mnt/d/Music/iTunes/Madonna,Ray of Light,2026-07-04T17:21:33+00:00
/mnt/d/Music,iTunes/Madonna/The Immaculate Collection,/mnt/d/Music/iTunes/Madonna/The Immaculate Collection,/mnt/d/Music/iTunes/Madonna,The Immaculate Collection,2026-07-04T17:21:33+00:00
/mnt/d/Music,iTunes/Madonna/True Blue,/mnt/d/Music/iTunes/Madonna/True Blue,/mnt/d/Music/iTunes/Madonna,True Blue,2026-07-04T17:21:31+00:00
/mnt/d/Music,iTunes/Mannheim Steamroller,/mnt/d/Music/iTunes/Mannheim Steamroller,/mnt/d/Music/iTunes,Mannheim Steamroller,2026-07-04T17:21:38+00:00
/mnt/d/Music,iTunes/Mannheim Steamroller/It Came Upon the Midnight Clear - Discov,/mnt/d/Music/iTunes/Mannheim Steamroller/It Came Upon the Midnight Clear - Discov,/mnt/d/Music/iTunes/Mannheim Steamroller,It Came Upon the Midnight Clear - Discov,2026-07-04T17:21:38+00:00
/mnt/d/Music,iTunes/Mariah Carey,/mnt/d/Music/iTunes/Mariah Carey,/mnt/d/Music/iTunes,Mariah Carey,2026-07-04T17:21:38+00:00
/mnt/d/Music,iTunes/Mariah Carey/Touch My Body - Single,/mnt/d/Music/iTunes/Mariah Carey/Touch My Body - Single,/mnt/d/Music/iTunes/Mariah Carey,Touch My Body - Single,2026-07-04T17:21:38+00:00
/mnt/d/Music,iTunes/Mariah Carey/We Belong Together - Single,/mnt/d/Music/iTunes/Mariah Carey/We Belong Together - Single,/mnt/d/Music/iTunes/Mariah Carey,We Belong Together - Single,2026-07-04T17:21:38+00:00
/mnt/d/Music,iTunes/Maroon 5,/mnt/d/Music/iTunes/Maroon 5,/mnt/d/Music/iTunes,Maroon 5,2026-07-04T17:21:38+00:00
/mnt/d/Music,iTunes/Maroon 5/It Won't Be Soon Before Long,/mnt/d/Music/iTunes/Maroon 5/It Won't Be Soon Before Long,/mnt/d/Music/iTunes/Maroon 5,It Won't Be Soon Before Long,2026-07-04T17:21:38+00:00
/mnt/d/Music,iTunes/Maroon 5/Songs About Jane,/mnt/d/Music/iTunes/Maroon 5/Songs About Jane,/mnt/d/Music/iTunes/Maroon 5,Songs About Jane,2026-07-04T17:21:38+00:00
/mnt/d/Music,iTunes/Martika,/mnt/d/Music/iTunes/Martika,/mnt/d/Music/iTunes,Martika,2026-07-04T17:21:39+00:00
/mnt/d/Music,iTunes/Martika/Martika,/mnt/d/Music/iTunes/Martika/Martika,/mnt/d/Music/iTunes/Martika,Martika,2026-07-04T17:21:39+00:00
/mnt/d/Music,iTunes/Martina McBride,/mnt/d/Music/iTunes/Martina McBride,/mnt/d/Music/iTunes,Martina McBride,2026-07-04T17:21:39+00:00
/mnt/d/Music,iTunes/Martina McBride/Greatest Hits,/mnt/d/Music/iTunes/Martina McBride/Greatest Hits,/mnt/d/Music/iTunes/Martina McBride,Greatest Hits,2026-07-04T17:21:39+00:00
/mnt/d/Music,iTunes/Mat Kearney,/mnt/d/Music/iTunes/Mat Kearney,/mnt/d/Music/iTunes,Mat Kearney,2026-07-04T17:21:39+00:00
/mnt/d/Music,iTunes/Mat Kearney/Nothing Left to Lose,/mnt/d/Music/iTunes/Mat Kearney/Nothing Left to Lose,/mnt/d/Music/iTunes/Mat Kearney,Nothing Left to Lose,2026-07-04T17:21:39+00:00
/mnt/d/Music,iTunes/Matisyahu,/mnt/d/Music/iTunes/Matisyahu,/mnt/d/Music/iTunes,Matisyahu,2026-07-04T17:21:39+00:00
/mnt/d/Music,iTunes/Matisyahu/Youth,/mnt/d/Music/iTunes/Matisyahu/Youth,/mnt/d/Music/iTunes/Matisyahu,Youth,2026-07-04T17:21:39+00:00
/mnt/d/Music,iTunes/Matt Nathanson,/mnt/d/Music/iTunes/Matt Nathanson,/mnt/d/Music/iTunes,Matt Nathanson,2026-07-04T17:21:39+00:00
/mnt/d/Music,iTunes/Matt Nathanson/Some Mad Hope,/mnt/d/Music/iTunes/Matt Nathanson/Some Mad Hope,/mnt/d/Music/iTunes/Matt Nathanson,Some Mad Hope,2026-07-04T17:21:39+00:00
/mnt/d/Music,iTunes/Mazzy Star,/mnt/d/Music/iTunes/Mazzy Star,/mnt/d/Music/iTunes,Mazzy Star,2026-07-04T17:21:39+00:00
/mnt/d/Music,iTunes/Mazzy Star/So Tonight That I Might See,/mnt/d/Music/iTunes/Mazzy Star/So Tonight That I Might See,/mnt/d/Music/iTunes/Mazzy Star,So Tonight That I Might See,2026-07-04T17:21:39+00:00
/mnt/d/Music,iTunes/Michael Buble,/mnt/d/Music/iTunes/Michael Buble,/mnt/d/Music/iTunes,Michael Buble,2026-07-04T17:21:40+00:00
/mnt/d/Music,iTunes/Michael Buble/Call Me Irresponsible,/mnt/d/Music/iTunes/Michael Buble/Call Me Irresponsible,/mnt/d/Music/iTunes/Michael Buble,Call Me Irresponsible,2026-07-04T17:21:41+00:00
/mnt/d/Music,iTunes/Michael Bublé,/mnt/d/Music/iTunes/Michael Bublé,/mnt/d/Music/iTunes,Michael Bublé,2026-07-04T17:21:44+00:00
/mnt/d/Music,iTunes/Michael Bublé Feat. Chris Botti,/mnt/d/Music/iTunes/Michael Bublé Feat. Chris Botti,/mnt/d/Music/iTunes,Michael Bublé Feat. Chris Botti,2026-07-04T17:21:44+00:00
/mnt/d/Music,iTunes/Michael Bublé Feat. Chris Botti/It's Time,/mnt/d/Music/iTunes/Michael Bublé Feat. Chris Botti/It's Time,/mnt/d/Music/iTunes/Michael Bublé Feat. Chris Botti,It's Time,2026-07-04T17:21:44+00:00
/mnt/d/Music,iTunes/Michael Bublé Feat. Nelly Furtado,/mnt/d/Music/iTunes/Michael Bublé Feat. Nelly Furtado,/mnt/d/Music/iTunes,Michael Bublé Feat. Nelly Furtado,2026-07-04T17:21:44+00:00
/mnt/d/Music,iTunes/Michael Bublé Feat. Nelly Furtado/It's Time,/mnt/d/Music/iTunes/Michael Bublé Feat. Nelly Furtado/It's Time,/mnt/d/Music/iTunes/Michael Bublé Feat. Nelly Furtado,It's Time,2026-07-04T17:21:44+00:00
/mnt/d/Music,iTunes/Michael Bublé/Call Me Irresponsible,/mnt/d/Music/iTunes/Michael Bublé/Call Me Irresponsible,/mnt/d/Music/iTunes/Michael Bublé,Call Me Irresponsible,2026-07-04T17:21:44+00:00
/mnt/d/Music,iTunes/Michael Bublé/Crazy Love,/mnt/d/Music/iTunes/Michael Bublé/Crazy Love,/mnt/d/Music/iTunes/Michael Bublé,Crazy Love,2026-07-04T17:21:44+00:00
/mnt/d/Music,iTunes/Michael Bublé/It's Time,/mnt/d/Music/iTunes/Michael Bublé/It's Time,/mnt/d/Music/iTunes/Michael Bublé,It's Time,2026-07-04T17:21:43+00:00
/mnt/d/Music,iTunes/Michael Bublé/Let It Snow! - EP,/mnt/d/Music/iTunes/Michael Bublé/Let It Snow! - EP,/mnt/d/Music/iTunes/Michael Bublé,Let It Snow! - EP,2026-07-04T17:21:42+00:00
/mnt/d/Music,iTunes/Michael Bublé/Michael Bublé,/mnt/d/Music/iTunes/Michael Bublé/Michael Bublé,/mnt/d/Music/iTunes/Michael Bublé,Michael Bublé,2026-07-04T17:21:42+00:00
/mnt/d/Music,iTunes/Michael Bublé/Moondance (Sessions@AOL) - Single,/mnt/d/Music/iTunes/Michael Bublé/Moondance (Sessions@AOL) - Single,/mnt/d/Music/iTunes/Michael Bublé,Moondance (Sessions@AOL) - Single,2026-07-04T17:21:41+00:00
/mnt/d/Music,iTunes/Michael Jackson,/mnt/d/Music/iTunes/Michael Jackson,/mnt/d/Music/iTunes,Michael Jackson,2026-07-04T17:21:45+00:00
/mnt/d/Music,iTunes/Michael Jackson/Essential Michael Jackson,/mnt/d/Music/iTunes/Michael Jackson/Essential Michael Jackson,/mnt/d/Music/iTunes/Michael Jackson,Essential Michael Jackson,2026-07-04T17:21:46+00:00
/mnt/d/Music,"iTunes/Michael Jackson/History_ Past, Present and Future, Book","/mnt/d/Music/iTunes/Michael Jackson/History_ Past, Present and Future, Book",/mnt/d/Music/iTunes/Michael Jackson,"History_ Past, Present and Future, Book",2026-07-04T17:21:45+00:00
/mnt/d/Music,"iTunes/Michael Jackson/Michael Jackson Greatest Hits_ HIStory,","/mnt/d/Music/iTunes/Michael Jackson/Michael Jackson Greatest Hits_ HIStory,",/mnt/d/Music/iTunes/Michael Jackson,"Michael Jackson Greatest Hits_ HIStory,",2026-07-04T17:21:45+00:00
/mnt/d/Music,iTunes/Michael Jackson/Number Ones,/mnt/d/Music/iTunes/Michael Jackson/Number Ones,/mnt/d/Music/iTunes/Michael Jackson,Number Ones,2026-07-04T17:21:44+00:00
/mnt/d/Music,iTunes/Michael W. Smith,/mnt/d/Music/iTunes/Michael W. Smith,/mnt/d/Music/iTunes,Michael W. Smith,2026-07-04T17:21:46+00:00
/mnt/d/Music,iTunes/Michael W. Smith/Change Your World,/mnt/d/Music/iTunes/Michael W. Smith/Change Your World,/mnt/d/Music/iTunes/Michael W. Smith,Change Your World,2026-07-04T17:21:46+00:00
/mnt/d/Music,iTunes/Miley Cyrus,/mnt/d/Music/iTunes/Miley Cyrus,/mnt/d/Music/iTunes,Miley Cyrus,2026-07-04T17:21:46+00:00
/mnt/d/Music,iTunes/Miley Cyrus/Hannah Montana 2 - Meet Miley Cyrus,/mnt/d/Music/iTunes/Miley Cyrus/Hannah Montana 2 - Meet Miley Cyrus,/mnt/d/Music/iTunes/Miley Cyrus,Hannah Montana 2 - Meet Miley Cyrus,2026-07-04T17:21:46+00:00
/mnt/d/Music,iTunes/Milli Vanilli,/mnt/d/Music/iTunes/Milli Vanilli,/mnt/d/Music/iTunes,Milli Vanilli,2026-07-04T17:21:46+00:00
/mnt/d/Music,iTunes/Milli Vanilli/Girl You Know It's True,/mnt/d/Music/iTunes/Milli Vanilli/Girl You Know It's True,/mnt/d/Music/iTunes/Milli Vanilli,Girl You Know It's True,2026-07-04T17:21:46+00:00
/mnt/d/Music,iTunes/Miranda Lambert,/mnt/d/Music/iTunes/Miranda Lambert,/mnt/d/Music/iTunes,Miranda Lambert,2026-07-04T17:21:47+00:00
/mnt/d/Music,iTunes/Miranda Lambert/Kerosene,/mnt/d/Music/iTunes/Miranda Lambert/Kerosene,/mnt/d/Music/iTunes/Miranda Lambert,Kerosene,2026-07-04T17:21:47+00:00
/mnt/d/Music,iTunes/Modern English,/mnt/d/Music/iTunes/Modern English,/mnt/d/Music/iTunes,Modern English,2026-07-04T17:21:47+00:00
/mnt/d/Music,iTunes/Modern English/After the Snow,/mnt/d/Music/iTunes/Modern English/After the Snow,/mnt/d/Music/iTunes/Modern English,After the Snow,2026-07-04T17:21:47+00:00
/mnt/d/Music,iTunes/Montell Jordan,/mnt/d/Music/iTunes/Montell Jordan,/mnt/d/Music/iTunes,Montell Jordan,2026-07-04T17:21:47+00:00
/mnt/d/Music,iTunes/Montell Jordan/This Is How We Do It,/mnt/d/Music/iTunes/Montell Jordan/This Is How We Do It,/mnt/d/Music/iTunes/Montell Jordan,This Is How We Do It,2026-07-04T17:21:47+00:00
/mnt/d/Music,iTunes/Naked Eyes,/mnt/d/Music/iTunes/Naked Eyes,/mnt/d/Music/iTunes,Naked Eyes,2026-07-04T17:21:47+00:00
/mnt/d/Music,iTunes/Naked Eyes/Fumbling With the Covers,/mnt/d/Music/iTunes/Naked Eyes/Fumbling With the Covers,/mnt/d/Music/iTunes/Naked Eyes,Fumbling With the Covers,2026-07-04T17:21:47+00:00
/mnt/d/Music,iTunes/Nas,/mnt/d/Music/iTunes/Nas,/mnt/d/Music/iTunes,Nas,2026-07-04T17:21:47+00:00
/mnt/d/Music,iTunes/Nas/It Was Written,/mnt/d/Music/iTunes/Nas/It Was Written,/mnt/d/Music/iTunes/Nas,It Was Written,2026-07-04T17:21:47+00:00
/mnt/d/Music,iTunes/Natalie Cole,/mnt/d/Music/iTunes/Natalie Cole,/mnt/d/Music/iTunes,Natalie Cole,2026-07-04T17:21:48+00:00
/mnt/d/Music,"iTunes/Natalie Cole/Greatest Hits, Vol. 1","/mnt/d/Music/iTunes/Natalie Cole/Greatest Hits, Vol. 1",/mnt/d/Music/iTunes/Natalie Cole,"Greatest Hits, Vol. 1",2026-07-04T17:21:48+00:00
/mnt/d/Music,iTunes/Natasha Bedingfield,/mnt/d/Music/iTunes/Natasha Bedingfield,/mnt/d/Music/iTunes,Natasha Bedingfield,2026-07-04T17:21:48+00:00
/mnt/d/Music,iTunes/Natasha Bedingfield/Pocketful of Sunshine,/mnt/d/Music/iTunes/Natasha Bedingfield/Pocketful of Sunshine,/mnt/d/Music/iTunes/Natasha Bedingfield,Pocketful of Sunshine,2026-07-04T17:21:48+00:00
/mnt/d/Music,iTunes/Natasha Bedingfield/Unwritten,/mnt/d/Music/iTunes/Natasha Bedingfield/Unwritten,/mnt/d/Music/iTunes/Natasha Bedingfield,Unwritten,2026-07-04T17:21:48+00:00
/mnt/d/Music,iTunes/Neil Diamond,/mnt/d/Music/iTunes/Neil Diamond,/mnt/d/Music/iTunes,Neil Diamond,2026-07-04T17:21:48+00:00
/mnt/d/Music,iTunes/Neil Diamond/In My Lifetime [Disc 1],/mnt/d/Music/iTunes/Neil Diamond/In My Lifetime [Disc 1],/mnt/d/Music/iTunes/Neil Diamond,In My Lifetime [Disc 1],2026-07-04T17:21:49+00:00
/mnt/d/Music,iTunes/Neil Diamond/In My Lifetime [Disc 3],/mnt/d/Music/iTunes/Neil Diamond/In My Lifetime [Disc 3],/mnt/d/Music/iTunes/Neil Diamond,In My Lifetime [Disc 3],2026-07-04T17:21:48+00:00
/mnt/d/Music,iTunes/Nelly Furtado,/mnt/d/Music/iTunes/Nelly Furtado,/mnt/d/Music/iTunes,Nelly Furtado,2026-07-04T17:21:49+00:00
/mnt/d/Music,iTunes/Nelly Furtado/Folklore,/mnt/d/Music/iTunes/Nelly Furtado/Folklore,/mnt/d/Music/iTunes/Nelly Furtado,Folklore,2026-07-04T17:21:49+00:00
/mnt/d/Music,iTunes/Nelly Furtado/Loose (iTunes Version),/mnt/d/Music/iTunes/Nelly Furtado/Loose (iTunes Version),/mnt/d/Music/iTunes/Nelly Furtado,Loose (iTunes Version),2026-07-04T17:21:49+00:00
/mnt/d/Music,iTunes/Neneh Cherry,/mnt/d/Music/iTunes/Neneh Cherry,/mnt/d/Music/iTunes,Neneh Cherry,2026-07-04T17:21:49+00:00
/mnt/d/Music,iTunes/Neneh Cherry/Raw Like Sushi,/mnt/d/Music/iTunes/Neneh Cherry/Raw Like Sushi,/mnt/d/Music/iTunes/Neneh Cherry,Raw Like Sushi,2026-07-04T17:21:49+00:00
/mnt/d/Music,iTunes/New Kids On the Block & Ne-Yo,/mnt/d/Music/iTunes/New Kids On the Block & Ne-Yo,/mnt/d/Music/iTunes,New Kids On the Block & Ne-Yo,2026-07-04T17:21:52+00:00
/mnt/d/Music,iTunes/New Kids On the Block & Ne-Yo/Single (New Kids On the Block & Ne-Yo) -,/mnt/d/Music/iTunes/New Kids On the Block & Ne-Yo/Single (New Kids On the Block & Ne-Yo) -,/mnt/d/Music/iTunes/New Kids On the Block & Ne-Yo,Single (New Kids On the Block & Ne-Yo) -,2026-07-04T17:21:52+00:00
/mnt/d/Music,iTunes/New Kids on the Block,/mnt/d/Music/iTunes/New Kids on the Block,/mnt/d/Music/iTunes,New Kids on the Block,2026-07-04T17:21:52+00:00
/mnt/d/Music,iTunes/New Kids on the Block/Hangin' Tough,/mnt/d/Music/iTunes/New Kids on the Block/Hangin' Tough,/mnt/d/Music/iTunes/New Kids on the Block,Hangin' Tough,2026-07-04T17:21:52+00:00
/mnt/d/Music,iTunes/New Kids on the Block/New Kids On the Block_ Greatest Hits,/mnt/d/Music/iTunes/New Kids on the Block/New Kids On the Block_ Greatest Hits,/mnt/d/Music/iTunes/New Kids on the Block,New Kids On the Block_ Greatest Hits,2026-07-04T17:21:51+00:00
/mnt/d/Music,iTunes/New Kids on the Block/New Kids on the Block,/mnt/d/Music/iTunes/New Kids on the Block/New Kids on the Block,/mnt/d/Music/iTunes/New Kids on the Block,New Kids on the Block,2026-07-04T17:21:52+00:00
/mnt/d/Music,iTunes/New Kids on the Block/Step by Step,/mnt/d/Music/iTunes/New Kids on the Block/Step by Step,/mnt/d/Music/iTunes/New Kids on the Block,Step by Step,2026-07-04T17:21:51+00:00
/mnt/d/Music,iTunes/New Kids on the Block/Summertime - Single,/mnt/d/Music/iTunes/New Kids on the Block/Summertime - Single,/mnt/d/Music/iTunes/New Kids on the Block,Summertime - Single,2026-07-04T17:21:51+00:00
/mnt/d/Music,iTunes/New Kids on the Block/The Block (Deluxe Edition),/mnt/d/Music/iTunes/New Kids on the Block/The Block (Deluxe Edition),/mnt/d/Music/iTunes/New Kids on the Block,The Block (Deluxe Edition),2026-07-04T19:06:23+00:00
/mnt/d/Music,iTunes/New Order,/mnt/d/Music/iTunes/New Order,/mnt/d/Music/iTunes,New Order,2026-07-04T17:21:53+00:00
/mnt/d/Music,iTunes/New Order/Bizarre Love Triangle,/mnt/d/Music/iTunes/New Order/Bizarre Love Triangle,/mnt/d/Music/iTunes/New Order,Bizarre Love Triangle,2026-07-04T17:21:53+00:00
/mnt/d/Music,iTunes/Nine Inch Nails,/mnt/d/Music/iTunes/Nine Inch Nails,/mnt/d/Music/iTunes,Nine Inch Nails,2026-07-04T17:21:53+00:00
/mnt/d/Music,iTunes/Nine Inch Nails/Live_ And All That Could Have Been,/mnt/d/Music/iTunes/Nine Inch Nails/Live_ And All That Could Have Been,/mnt/d/Music/iTunes/Nine Inch Nails,Live_ And All That Could Have Been,2026-07-04T17:21:53+00:00
/mnt/d/Music,iTunes/Nine Inch Nails/The Downward Spiral,/mnt/d/Music/iTunes/Nine Inch Nails/The Downward Spiral,/mnt/d/Music/iTunes/Nine Inch Nails,The Downward Spiral,2026-07-04T17:21:53+00:00
/mnt/d/Music,iTunes/No Doubt,/mnt/d/Music/iTunes/No Doubt,/mnt/d/Music/iTunes,No Doubt,2026-07-04T17:21:53+00:00
/mnt/d/Music,iTunes/No Doubt/Return Of Saturn,/mnt/d/Music/iTunes/No Doubt/Return Of Saturn,/mnt/d/Music/iTunes/No Doubt,Return Of Saturn,2026-07-04T17:21:53+00:00
/mnt/d/Music,iTunes/No Doubt/Tragic Kingdom,/mnt/d/Music/iTunes/No Doubt/Tragic Kingdom,/mnt/d/Music/iTunes/No Doubt,Tragic Kingdom,2026-07-04T17:21:53+00:00
/mnt/d/Music,iTunes/Norah Jones,/mnt/d/Music/iTunes/Norah Jones,/mnt/d/Music/iTunes,Norah Jones,2026-07-04T17:21:56+00:00
/mnt/d/Music,iTunes/Norah Jones/Come Away With Me,/mnt/d/Music/iTunes/Norah Jones/Come Away With Me,/mnt/d/Music/iTunes/Norah Jones,Come Away With Me,2026-07-04T17:21:57+00:00
/mnt/d/Music,iTunes/Norah Jones/Feels Like Home,/mnt/d/Music/iTunes/Norah Jones/Feels Like Home,/mnt/d/Music/iTunes/Norah Jones,Feels Like Home,2026-07-04T17:21:56+00:00
/mnt/d/Music,iTunes/Norah Jones/Not Too Late,/mnt/d/Music/iTunes/Norah Jones/Not Too Late,/mnt/d/Music/iTunes/Norah Jones,Not Too Late,2026-07-04T17:21:55+00:00
/mnt/d/Music,iTunes/O.A.R_,/mnt/d/Music/iTunes/O.A.R_,/mnt/d/Music/iTunes,O.A.R_,2026-07-04T17:21:57+00:00
/mnt/d/Music,iTunes/O.A.R_/All Sides,/mnt/d/Music/iTunes/O.A.R_/All Sides,/mnt/d/Music/iTunes/O.A.R_,All Sides,2026-07-04T17:21:57+00:00
/mnt/d/Music,iTunes/OMC,/mnt/d/Music/iTunes/OMC,/mnt/d/Music/iTunes,OMC,2026-07-04T17:21:57+00:00
/mnt/d/Music,iTunes/OMC/How Bizzare,/mnt/d/Music/iTunes/OMC/How Bizzare,/mnt/d/Music/iTunes/OMC,How Bizzare,2026-07-04T17:21:57+00:00
/mnt/d/Music,iTunes/Offer Nissim,/mnt/d/Music/iTunes/Offer Nissim,/mnt/d/Music/iTunes,Offer Nissim,2026-07-04T17:21:57+00:00
/mnt/d/Music,iTunes/Offer Nissim/Be My Boyfriend,/mnt/d/Music/iTunes/Offer Nissim/Be My Boyfriend,/mnt/d/Music/iTunes/Offer Nissim,Be My Boyfriend,2026-07-04T17:21:57+00:00
/mnt/d/Music,iTunes/OneRepublic,/mnt/d/Music/iTunes/OneRepublic,/mnt/d/Music/iTunes,OneRepublic,2026-07-04T17:21:58+00:00
/mnt/d/Music,iTunes/OneRepublic/Dreaming Out Loud (Bonus Track Version),/mnt/d/Music/iTunes/OneRepublic/Dreaming Out Loud (Bonus Track Version),/mnt/d/Music/iTunes/OneRepublic,Dreaming Out Loud (Bonus Track Version),2026-07-04T17:21:58+00:00
/mnt/d/Music,"iTunes/Orchestra of the Kirov Opera, St. Peters","/mnt/d/Music/iTunes/Orchestra of the Kirov Opera, St. Peters",/mnt/d/Music/iTunes,"Orchestra of the Kirov Opera, St. Peters",2026-07-04T17:21:58+00:00
/mnt/d/Music,"iTunes/Orchestra of the Kirov Opera, St. Peters/Tchaikovsky_ The Nutcracker","/mnt/d/Music/iTunes/Orchestra of the Kirov Opera, St. Peters/Tchaikovsky_ The Nutcracker","/mnt/d/Music/iTunes/Orchestra of the Kirov Opera, St. Peters",Tchaikovsky_ The Nutcracker,2026-07-04T17:21:58+00:00
/mnt/d/Music,iTunes/Our Lady Peace,/mnt/d/Music/iTunes/Our Lady Peace,/mnt/d/Music/iTunes,Our Lady Peace,2026-07-04T17:21:58+00:00
/mnt/d/Music,iTunes/Our Lady Peace/Somewhere Out There - Single,/mnt/d/Music/iTunes/Our Lady Peace/Somewhere Out There - Single,/mnt/d/Music/iTunes/Our Lady Peace,Somewhere Out There - Single,2026-07-04T17:21:58+00:00
/mnt/d/Music,iTunes/OutKast,/mnt/d/Music/iTunes/OutKast,/mnt/d/Music/iTunes,OutKast,2026-07-04T17:21:59+00:00
/mnt/d/Music,iTunes/OutKast/ATLiens,/mnt/d/Music/iTunes/OutKast/ATLiens,/mnt/d/Music/iTunes/OutKast,ATLiens,2026-07-04T17:21:59+00:00
/mnt/d/Music,iTunes/OutKast/Big Boi and Dre Present...OutKast,/mnt/d/Music/iTunes/OutKast/Big Boi and Dre Present...OutKast,/mnt/d/Music/iTunes/OutKast,Big Boi and Dre Present...OutKast,2026-07-04T17:21:58+00:00
/mnt/d/Music,iTunes/OutKast/Speakerboxxx_The Love Below,/mnt/d/Music/iTunes/OutKast/Speakerboxxx_The Love Below,/mnt/d/Music/iTunes/OutKast,Speakerboxxx_The Love Below,2026-07-04T17:21:58+00:00
/mnt/d/Music,iTunes/OutKast/Stankonia,/mnt/d/Music/iTunes/OutKast/Stankonia,/mnt/d/Music/iTunes/OutKast,Stankonia,2026-07-04T17:21:58+00:00
/mnt/d/Music,iTunes/Parachute,/mnt/d/Music/iTunes/Parachute,/mnt/d/Music/iTunes,Parachute,2026-07-04T17:21:59+00:00
/mnt/d/Music,iTunes/Parachute/Losing Sleep (Bonus Track Version),/mnt/d/Music/iTunes/Parachute/Losing Sleep (Bonus Track Version),/mnt/d/Music/iTunes/Parachute,Losing Sleep (Bonus Track Version),2026-07-04T17:21:59+00:00
/mnt/d/Music,iTunes/Pat Benatar,/mnt/d/Music/iTunes/Pat Benatar,/mnt/d/Music/iTunes,Pat Benatar,2026-07-04T17:21:59+00:00
/mnt/d/Music,iTunes/Pat Benatar/Ultimate Collection (Remastered),/mnt/d/Music/iTunes/Pat Benatar/Ultimate Collection (Remastered),/mnt/d/Music/iTunes/Pat Benatar,Ultimate Collection (Remastered),2026-07-04T17:21:59+00:00
/mnt/d/Music,iTunes/Paul Simon,/mnt/d/Music/iTunes/Paul Simon,/mnt/d/Music/iTunes,Paul Simon,2026-07-04T17:21:59+00:00
/mnt/d/Music,iTunes/Paul Simon/Graceland (Remastered),/mnt/d/Music/iTunes/Paul Simon/Graceland (Remastered),/mnt/d/Music/iTunes/Paul Simon,Graceland (Remastered),2026-07-04T17:21:59+00:00
/mnt/d/Music,iTunes/Paul Young,/mnt/d/Music/iTunes/Paul Young,/mnt/d/Music/iTunes,Paul Young,2026-07-04T17:21:59+00:00
/mnt/d/Music,iTunes/Paul Young/Super Hits,/mnt/d/Music/iTunes/Paul Young/Super Hits,/mnt/d/Music/iTunes/Paul Young,Super Hits,2026-07-04T17:21:59+00:00
/mnt/d/Music,iTunes/Paula Abdul,/mnt/d/Music/iTunes/Paula Abdul,/mnt/d/Music/iTunes,Paula Abdul,2026-07-04T17:22:00+00:00
/mnt/d/Music,iTunes/Paula Abdul & Randy Jackson,/mnt/d/Music/iTunes/Paula Abdul & Randy Jackson,/mnt/d/Music/iTunes,Paula Abdul & Randy Jackson,2026-07-04T17:22:01+00:00
/mnt/d/Music,iTunes/Paula Abdul & Randy Jackson/Dance Like There's No Tomorrow - Single,/mnt/d/Music/iTunes/Paula Abdul & Randy Jackson/Dance Like There's No Tomorrow - Single,/mnt/d/Music/iTunes/Paula Abdul & Randy Jackson,Dance Like There's No Tomorrow - Single,2026-07-04T17:22:01+00:00
/mnt/d/Music,iTunes/Paula Abdul/Paula Abdul_ Greatest Hits,/mnt/d/Music/iTunes/Paula Abdul/Paula Abdul_ Greatest Hits,/mnt/d/Music/iTunes/Paula Abdul,Paula Abdul_ Greatest Hits,2026-07-04T17:22:01+00:00
/mnt/d/Music,iTunes/Pet Shop Boys,/mnt/d/Music/iTunes/Pet Shop Boys,/mnt/d/Music/iTunes,Pet Shop Boys,2026-07-04T17:22:01+00:00
/mnt/d/Music,iTunes/Pet Shop Boys/Actually - Further Listening 1987-1988,/mnt/d/Music/iTunes/Pet Shop Boys/Actually - Further Listening 1987-1988,/mnt/d/Music/iTunes/Pet Shop Boys,Actually - Further Listening 1987-1988,2026-07-04T17:22:01+00:00
/mnt/d/Music,iTunes/Pet Shop Boys/Please - Further Listening 1984-1986,/mnt/d/Music/iTunes/Pet Shop Boys/Please - Further Listening 1984-1986,/mnt/d/Music/iTunes/Pet Shop Boys,Please - Further Listening 1984-1986,2026-07-04T17:22:01+00:00
/mnt/d/Music,iTunes/Peter Cetera,/mnt/d/Music/iTunes/Peter Cetera,/mnt/d/Music/iTunes,Peter Cetera,2026-07-04T17:22:01+00:00
/mnt/d/Music,iTunes/Peter Cetera/You're The Inspiration (Remix),/mnt/d/Music/iTunes/Peter Cetera/You're The Inspiration (Remix),/mnt/d/Music/iTunes/Peter Cetera,You're The Inspiration (Remix),2026-07-04T17:22:01+00:00
/mnt/d/Music,"iTunes/Petey Pablo, Twista & Jermaine Dupri","/mnt/d/Music/iTunes/Petey Pablo, Twista & Jermaine Dupri",/mnt/d/Music/iTunes,"Petey Pablo, Twista & Jermaine Dupri",2026-07-04T17:22:01+00:00
/mnt/d/Music,"iTunes/Petey Pablo, Twista & Jermaine Dupri/Freek-A-Leek Remix - Single","/mnt/d/Music/iTunes/Petey Pablo, Twista & Jermaine Dupri/Freek-A-Leek Remix - Single","/mnt/d/Music/iTunes/Petey Pablo, Twista & Jermaine Dupri",Freek-A-Leek Remix - Single,2026-07-04T17:22:01+00:00
/mnt/d/Music,iTunes/Phil Collins,/mnt/d/Music/iTunes/Phil Collins,/mnt/d/Music/iTunes,Phil Collins,2026-07-04T17:22:01+00:00
/mnt/d/Music,iTunes/Phil Collins/Serious Hits ... Live!,/mnt/d/Music/iTunes/Phil Collins/Serious Hits ... Live!,/mnt/d/Music/iTunes/Phil Collins,Serious Hits ... Live!,2026-07-04T17:22:02+00:00
/mnt/d/Music,iTunes/Pitbull,/mnt/d/Music/iTunes/Pitbull,/mnt/d/Music/iTunes,Pitbull,2026-07-04T17:22:03+00:00
/mnt/d/Music,iTunes/Pitbull/I Know You Want Me (Calle Ocho) - EP,/mnt/d/Music/iTunes/Pitbull/I Know You Want Me (Calle Ocho) - EP,/mnt/d/Music/iTunes/Pitbull,I Know You Want Me (Calle Ocho) - EP,2026-07-04T17:22:03+00:00
/mnt/d/Music,iTunes/Previous iTunes Libraries,/mnt/d/Music/iTunes/Previous iTunes Libraries,/mnt/d/Music/iTunes,Previous iTunes Libraries,2026-07-04T17:16:07+00:00
/mnt/d/Music,iTunes/Primitive Radio Gods,/mnt/d/Music/iTunes/Primitive Radio Gods,/mnt/d/Music/iTunes,Primitive Radio Gods,2026-07-04T17:22:03+00:00
/mnt/d/Music,iTunes/Primitive Radio Gods/Rocket,/mnt/d/Music/iTunes/Primitive Radio Gods/Rocket,/mnt/d/Music/iTunes/Primitive Radio Gods,Rocket,2026-07-04T17:22:03+00:00
/mnt/d/Music,iTunes/Prince,/mnt/d/Music/iTunes/Prince,/mnt/d/Music/iTunes,Prince,2026-07-04T17:22:03+00:00
/mnt/d/Music,iTunes/Prince/The Hits_The B-Sides (Disc 2),/mnt/d/Music/iTunes/Prince/The Hits_The B-Sides (Disc 2),/mnt/d/Music/iTunes/Prince,The Hits_The B-Sides (Disc 2),2026-07-04T17:22:04+00:00
/mnt/d/Music,iTunes/Puddle Of Mudd,/mnt/d/Music/iTunes/Puddle Of Mudd,/mnt/d/Music/iTunes,Puddle Of Mudd,2026-07-04T17:22:04+00:00
/mnt/d/Music,iTunes/Puddle Of Mudd/Come Clean,/mnt/d/Music/iTunes/Puddle Of Mudd/Come Clean,/mnt/d/Music/iTunes/Puddle Of Mudd,Come Clean,2026-07-04T17:22:04+00:00
/mnt/d/Music,iTunes/REO Speedwagon,/mnt/d/Music/iTunes/REO Speedwagon,/mnt/d/Music/iTunes,REO Speedwagon,2026-07-04T17:22:08+00:00
/mnt/d/Music,iTunes/REO Speedwagon/The Essential REO Speedwagon,/mnt/d/Music/iTunes/REO Speedwagon/The Essential REO Speedwagon,/mnt/d/Music/iTunes/REO Speedwagon,The Essential REO Speedwagon,2026-07-04T17:22:08+00:00
/mnt/d/Music,iTunes/Raheem,/mnt/d/Music/iTunes/Raheem,/mnt/d/Music/iTunes,Raheem,2026-07-04T17:22:04+00:00
/mnt/d/Music,iTunes/Raheem/Can't Get No Tighter,/mnt/d/Music/iTunes/Raheem/Can't Get No Tighter,/mnt/d/Music/iTunes/Raheem,Can't Get No Tighter,2026-07-04T17:22:04+00:00
/mnt/d/Music,iTunes/Rascal Flatts,/mnt/d/Music/iTunes/Rascal Flatts,/mnt/d/Music/iTunes,Rascal Flatts,2026-07-04T17:22:06+00:00
/mnt/d/Music,iTunes/Rascal Flatts/Feels Like Today,/mnt/d/Music/iTunes/Rascal Flatts/Feels Like Today,/mnt/d/Music/iTunes/Rascal Flatts,Feels Like Today,2026-07-04T19:06:24+00:00
/mnt/d/Music,iTunes/Rascal Flatts/Melt,/mnt/d/Music/iTunes/Rascal Flatts/Melt,/mnt/d/Music/iTunes/Rascal Flatts,Melt,2026-07-04T17:22:06+00:00
/mnt/d/Music,iTunes/Rascal Flatts/Rascal Flatts,/mnt/d/Music/iTunes/Rascal Flatts/Rascal Flatts,/mnt/d/Music/iTunes/Rascal Flatts,Rascal Flatts,2026-07-04T17:22:05+00:00
/mnt/d/Music,iTunes/Ray Charles,/mnt/d/Music/iTunes/Ray Charles,/mnt/d/Music/iTunes,Ray Charles,2026-07-04T17:22:07+00:00
/mnt/d/Music,iTunes/Ray Charles/Ray Charles,/mnt/d/Music/iTunes/Ray Charles/Ray Charles,/mnt/d/Music/iTunes/Ray Charles,Ray Charles,2026-07-04T17:22:07+00:00
/mnt/d/Music,iTunes/Ray LaMontagne,/mnt/d/Music/iTunes/Ray LaMontagne,/mnt/d/Music/iTunes,Ray LaMontagne,2026-07-04T17:22:07+00:00
/mnt/d/Music,iTunes/Ray LaMontagne/Gossip In the Grain,/mnt/d/Music/iTunes/Ray LaMontagne/Gossip In the Grain,/mnt/d/Music/iTunes/Ray LaMontagne,Gossip In the Grain,2026-07-04T17:22:07+00:00
/mnt/d/Music,iTunes/Ray LaMontagne/Trouble,/mnt/d/Music/iTunes/Ray LaMontagne/Trouble,/mnt/d/Music/iTunes/Ray LaMontagne,Trouble,2026-07-04T17:22:07+00:00
/mnt/d/Music,iTunes/Real Life,/mnt/d/Music/iTunes/Real Life,/mnt/d/Music/iTunes,Real Life,2026-07-04T17:22:08+00:00
/mnt/d/Music,iTunes/Real Life/Send Me an Angel (Remixes),/mnt/d/Music/iTunes/Real Life/Send Me an Angel (Remixes),/mnt/d/Music/iTunes/Real Life,Send Me an Angel (Remixes),2026-07-04T17:22:08+00:00
/mnt/d/Music,iTunes/Real McCoy,/mnt/d/Music/iTunes/Real McCoy,/mnt/d/Music/iTunes,Real McCoy,2026-07-04T17:22:08+00:00
/mnt/d/Music,iTunes/Real McCoy/Another Night,/mnt/d/Music/iTunes/Real McCoy/Another Night,/mnt/d/Music/iTunes/Real McCoy,Another Night,2026-07-04T17:22:08+00:00
/mnt/d/Music,iTunes/Regina Spektor,/mnt/d/Music/iTunes/Regina Spektor,/mnt/d/Music/iTunes,Regina Spektor,2026-07-04T17:22:08+00:00
/mnt/d/Music,iTunes/Regina Spektor/Begin to Hope (Bonus Track Version),/mnt/d/Music/iTunes/Regina Spektor/Begin to Hope (Bonus Track Version),/mnt/d/Music/iTunes/Regina Spektor,Begin to Hope (Bonus Track Version),2026-07-04T17:22:08+00:00
/mnt/d/Music,iTunes/Ricky Martin,/mnt/d/Music/iTunes/Ricky Martin,/mnt/d/Music/iTunes,Ricky Martin,2026-07-04T17:22:09+00:00
/mnt/d/Music,iTunes/Ricky Martin/A Medio Vivir,/mnt/d/Music/iTunes/Ricky Martin/A Medio Vivir,/mnt/d/Music/iTunes/Ricky Martin,A Medio Vivir,2026-07-04T17:22:09+00:00
/mnt/d/Music,iTunes/Ricky Martin/I Don't Care,/mnt/d/Music/iTunes/Ricky Martin/I Don't Care,/mnt/d/Music/iTunes/Ricky Martin,I Don't Care,2026-07-04T17:22:09+00:00
/mnt/d/Music,iTunes/Ricky Martin/Vuelve,/mnt/d/Music/iTunes/Ricky Martin/Vuelve,/mnt/d/Music/iTunes/Ricky Martin,Vuelve,2026-07-04T17:22:09+00:00
/mnt/d/Music,iTunes/Rihanna,/mnt/d/Music/iTunes/Rihanna,/mnt/d/Music/iTunes,Rihanna,2026-07-04T17:22:10+00:00
/mnt/d/Music,iTunes/Rihanna/Good Girl Gone Bad,/mnt/d/Music/iTunes/Rihanna/Good Girl Gone Bad,/mnt/d/Music/iTunes/Rihanna,Good Girl Gone Bad,2026-07-04T17:22:10+00:00
/mnt/d/Music,iTunes/Rihanna/Pon de Replay - EP,/mnt/d/Music/iTunes/Rihanna/Pon de Replay - EP,/mnt/d/Music/iTunes/Rihanna,Pon de Replay - EP,2026-07-04T17:22:10+00:00
/mnt/d/Music,iTunes/Rob Thomas,/mnt/d/Music/iTunes/Rob Thomas,/mnt/d/Music/iTunes,Rob Thomas,2026-07-04T17:22:10+00:00
/mnt/d/Music,iTunes/Rob Thomas/Something to Be,/mnt/d/Music/iTunes/Rob Thomas/Something to Be,/mnt/d/Music/iTunes/Rob Thomas,Something to Be,2026-07-04T17:22:10+00:00
/mnt/d/Music,iTunes/Roberta Flack,/mnt/d/Music/iTunes/Roberta Flack,/mnt/d/Music/iTunes,Roberta Flack,2026-07-04T17:22:10+00:00
/mnt/d/Music,iTunes/Roberta Flack/First Take,/mnt/d/Music/iTunes/Roberta Flack/First Take,/mnt/d/Music/iTunes/Roberta Flack,First Take,2026-07-04T17:22:10+00:00
/mnt/d/Music,iTunes/Robin Thicke,/mnt/d/Music/iTunes/Robin Thicke,/mnt/d/Music/iTunes,Robin Thicke,2026-07-04T17:22:10+00:00
/mnt/d/Music,iTunes/Robin Thicke/The Evolution of Robin Thicke (Deluxe Ed,/mnt/d/Music/iTunes/Robin Thicke/The Evolution of Robin Thicke (Deluxe Ed,/mnt/d/Music/iTunes/Robin Thicke,The Evolution of Robin Thicke (Deluxe Ed,2026-07-04T17:22:10+00:00
/mnt/d/Music,iTunes/Robyn,/mnt/d/Music/iTunes/Robyn,/mnt/d/Music/iTunes,Robyn,2026-07-04T17:22:11+00:00
/mnt/d/Music,iTunes/Robyn/Robyn Is Here,/mnt/d/Music/iTunes/Robyn/Robyn Is Here,/mnt/d/Music/iTunes/Robyn,Robyn Is Here,2026-07-04T17:22:11+00:00
/mnt/d/Music,iTunes/Rod Stewart,/mnt/d/Music/iTunes/Rod Stewart,/mnt/d/Music/iTunes,Rod Stewart,2026-07-04T17:22:11+00:00
/mnt/d/Music,iTunes/Rod Stewart/The Very Best Of Rod Stewart,/mnt/d/Music/iTunes/Rod Stewart/The Very Best Of Rod Stewart,/mnt/d/Music/iTunes/Rod Stewart,The Very Best Of Rod Stewart,2026-07-04T17:22:12+00:00
/mnt/d/Music,iTunes/Roxette,/mnt/d/Music/iTunes/Roxette,/mnt/d/Music/iTunes,Roxette,2026-07-04T17:22:12+00:00
/mnt/d/Music,"iTunes/Roxette/Don't Bore Us, Get To The Chorus","/mnt/d/Music/iTunes/Roxette/Don't Bore Us, Get To The Chorus",/mnt/d/Music/iTunes/Roxette,"Don't Bore Us, Get To The Chorus",2026-07-04T17:22:12+00:00
/mnt/d/Music,iTunes/SHeDAISY,/mnt/d/Music/iTunes/SHeDAISY,/mnt/d/Music/iTunes,SHeDAISY,2026-07-04T17:22:18+00:00
/mnt/d/Music,iTunes/SHeDAISY/The Whole SHeBANG - All Mixed Up,/mnt/d/Music/iTunes/SHeDAISY/The Whole SHeBANG - All Mixed Up,/mnt/d/Music/iTunes/SHeDAISY,The Whole SHeBANG - All Mixed Up,2026-07-04T17:22:18+00:00
/mnt/d/Music,iTunes/Sade,/mnt/d/Music/iTunes/Sade,/mnt/d/Music/iTunes,Sade,2026-07-04T17:22:12+00:00
/mnt/d/Music,iTunes/Sade/Lovers Rock,/mnt/d/Music/iTunes/Sade/Lovers Rock,/mnt/d/Music/iTunes/Sade,Lovers Rock,2026-07-04T17:22:12+00:00
/mnt/d/Music,iTunes/Sara Bareilles,/mnt/d/Music/iTunes/Sara Bareilles,/mnt/d/Music/iTunes,Sara Bareilles,2026-07-04T17:22:13+00:00
/mnt/d/Music,iTunes/Sara Bareilles/Little Voice,/mnt/d/Music/iTunes/Sara Bareilles/Little Voice,/mnt/d/Music/iTunes/Sara Bareilles,Little Voice,2026-07-04T17:22:13+00:00
/mnt/d/Music,iTunes/Sarah McLachlan,/mnt/d/Music/iTunes/Sarah McLachlan,/mnt/d/Music/iTunes,Sarah McLachlan,2026-07-04T17:22:13+00:00
/mnt/d/Music,iTunes/Sarah McLachlan/Mirrorball,/mnt/d/Music/iTunes/Sarah McLachlan/Mirrorball,/mnt/d/Music/iTunes/Sarah McLachlan,Mirrorball,2026-07-04T17:22:14+00:00
/mnt/d/Music,iTunes/Savage Garden,/mnt/d/Music/iTunes/Savage Garden,/mnt/d/Music/iTunes,Savage Garden,2026-07-04T17:22:15+00:00
/mnt/d/Music,iTunes/Savage Garden/Affirmation,/mnt/d/Music/iTunes/Savage Garden/Affirmation,/mnt/d/Music/iTunes/Savage Garden,Affirmation,2026-07-04T17:22:15+00:00
/mnt/d/Music,iTunes/Savage Garden/Savage Garden,/mnt/d/Music/iTunes/Savage Garden/Savage Garden,/mnt/d/Music/iTunes/Savage Garden,Savage Garden,2026-07-04T17:22:15+00:00
/mnt/d/Music,iTunes/Seal,/mnt/d/Music/iTunes/Seal,/mnt/d/Music/iTunes,Seal,2026-07-04T17:22:15+00:00
/mnt/d/Music,iTunes/Seal/Amazing [Thin White Duke Main] - Single,/mnt/d/Music/iTunes/Seal/Amazing [Thin White Duke Main] - Single,/mnt/d/Music/iTunes/Seal,Amazing [Thin White Duke Main] - Single,2026-07-04T17:22:15+00:00
/mnt/d/Music,iTunes/Seal/Seal Best Remixes 1991-2005,/mnt/d/Music/iTunes/Seal/Seal Best Remixes 1991-2005,/mnt/d/Music/iTunes/Seal,Seal Best Remixes 1991-2005,2026-07-04T17:22:15+00:00
/mnt/d/Music,iTunes/Sean Kingston,/mnt/d/Music/iTunes/Sean Kingston,/mnt/d/Music/iTunes,Sean Kingston,2026-07-04T17:22:16+00:00
/mnt/d/Music,iTunes/Sean Kingston/Sean Kingston,/mnt/d/Music/iTunes/Sean Kingston/Sean Kingston,/mnt/d/Music/iTunes/Sean Kingston,Sean Kingston,2026-07-04T17:22:16+00:00
/mnt/d/Music,iTunes/Sean Paul,/mnt/d/Music/iTunes/Sean Paul,/mnt/d/Music/iTunes,Sean Paul,2026-07-04T17:22:16+00:00
/mnt/d/Music,iTunes/Sean Paul/Dutty Rock,/mnt/d/Music/iTunes/Sean Paul/Dutty Rock,/mnt/d/Music/iTunes/Sean Paul,Dutty Rock,2026-07-04T17:22:16+00:00
/mnt/d/Music,iTunes/Sean Paul/The Trinity,/mnt/d/Music/iTunes/Sean Paul/The Trinity,/mnt/d/Music/iTunes/Sean Paul,The Trinity,2026-07-04T17:22:16+00:00
/mnt/d/Music,iTunes/Sean Paul/We Be Burnin',/mnt/d/Music/iTunes/Sean Paul/We Be Burnin',/mnt/d/Music/iTunes/Sean Paul,We Be Burnin',2026-07-04T17:22:16+00:00
/mnt/d/Music,iTunes/Shania Twain,/mnt/d/Music/iTunes/Shania Twain,/mnt/d/Music/iTunes,Shania Twain,2026-07-04T17:22:18+00:00
/mnt/d/Music,iTunes/Shania Twain Feat. Billy Currington,/mnt/d/Music/iTunes/Shania Twain Feat. Billy Currington,/mnt/d/Music/iTunes,Shania Twain Feat. Billy Currington,2026-07-04T17:22:18+00:00
/mnt/d/Music,iTunes/Shania Twain Feat. Billy Currington/Greatest Hits,/mnt/d/Music/iTunes/Shania Twain Feat. Billy Currington/Greatest Hits,/mnt/d/Music/iTunes/Shania Twain Feat. Billy Currington,Greatest Hits,2026-07-04T17:22:18+00:00
/mnt/d/Music,iTunes/Shania Twain/Come On Over,/mnt/d/Music/iTunes/Shania Twain/Come On Over,/mnt/d/Music/iTunes/Shania Twain,Come On Over,2026-07-04T17:22:18+00:00
/mnt/d/Music,iTunes/Shania Twain/Greatest Hits,/mnt/d/Music/iTunes/Shania Twain/Greatest Hits,/mnt/d/Music/iTunes/Shania Twain,Greatest Hits,2026-07-04T17:22:18+00:00
/mnt/d/Music,iTunes/Sheryl Crow,/mnt/d/Music/iTunes/Sheryl Crow,/mnt/d/Music/iTunes,Sheryl Crow,2026-07-04T17:22:20+00:00
/mnt/d/Music,iTunes/Sheryl Crow/C'mon C'mon,/mnt/d/Music/iTunes/Sheryl Crow/C'mon C'mon,/mnt/d/Music/iTunes/Sheryl Crow,C'mon C'mon,2026-07-04T17:22:20+00:00
/mnt/d/Music,iTunes/Sheryl Crow/Sheryl Crow,/mnt/d/Music/iTunes/Sheryl Crow/Sheryl Crow,/mnt/d/Music/iTunes/Sheryl Crow,Sheryl Crow,2026-07-04T17:22:19+00:00
/mnt/d/Music,iTunes/Sheryl Crow/Tuesday Night Music Club,/mnt/d/Music/iTunes/Sheryl Crow/Tuesday Night Music Club,/mnt/d/Music/iTunes/Sheryl Crow,Tuesday Night Music Club,2026-07-04T17:22:19+00:00
/mnt/d/Music,iTunes/Simple Minds,/mnt/d/Music/iTunes/Simple Minds,/mnt/d/Music/iTunes,Simple Minds,2026-07-04T17:22:20+00:00
/mnt/d/Music,iTunes/Simple Minds/Once Upon a Time,/mnt/d/Music/iTunes/Simple Minds/Once Upon a Time,/mnt/d/Music/iTunes/Simple Minds,Once Upon a Time,2026-07-04T17:22:20+00:00
/mnt/d/Music,iTunes/Sixpence None The Richer,/mnt/d/Music/iTunes/Sixpence None The Richer,/mnt/d/Music/iTunes,Sixpence None The Richer,2026-07-04T17:22:20+00:00
/mnt/d/Music,iTunes/Sixpence None The Richer/Sixpence None the Richer,/mnt/d/Music/iTunes/Sixpence None The Richer/Sixpence None the Richer,/mnt/d/Music/iTunes/Sixpence None The Richer,Sixpence None the Richer,2026-07-04T17:22:20+00:00
/mnt/d/Music,iTunes/Smashing Pumpkins,/mnt/d/Music/iTunes/Smashing Pumpkins,/mnt/d/Music/iTunes,Smashing Pumpkins,2026-07-04T17:22:20+00:00
/mnt/d/Music,iTunes/Smashing Pumpkins/Mellon Collie and the Infinite Sadness,/mnt/d/Music/iTunes/Smashing Pumpkins/Mellon Collie and the Infinite Sadness,/mnt/d/Music/iTunes/Smashing Pumpkins,Mellon Collie and the Infinite Sadness,2026-07-04T17:22:21+00:00
/mnt/d/Music,iTunes/Smashing Pumpkins/Siamese Dream,/mnt/d/Music/iTunes/Smashing Pumpkins/Siamese Dream,/mnt/d/Music/iTunes/Smashing Pumpkins,Siamese Dream,2026-07-04T17:22:20+00:00
/mnt/d/Music,iTunes/Smashing Pumpkins/Smashing Pumpkins_ Greatest Hits,/mnt/d/Music/iTunes/Smashing Pumpkins/Smashing Pumpkins_ Greatest Hits,/mnt/d/Music/iTunes/Smashing Pumpkins,Smashing Pumpkins_ Greatest Hits,2026-07-04T17:22:20+00:00
/mnt/d/Music,iTunes/Snow Patrol,/mnt/d/Music/iTunes/Snow Patrol,/mnt/d/Music/iTunes,Snow Patrol,2026-07-04T17:22:21+00:00
/mnt/d/Music,iTunes/Snow Patrol/Eyes Open,/mnt/d/Music/iTunes/Snow Patrol/Eyes Open,/mnt/d/Music/iTunes/Snow Patrol,Eyes Open,2026-07-04T17:22:21+00:00
/mnt/d/Music,iTunes/Sophie B. Hawkins,/mnt/d/Music/iTunes/Sophie B. Hawkins,/mnt/d/Music/iTunes,Sophie B. Hawkins,2026-07-04T17:22:21+00:00
/mnt/d/Music,iTunes/Sophie B. Hawkins/The Best of Sophie B. Hawkins,/mnt/d/Music/iTunes/Sophie B. Hawkins/The Best of Sophie B. Hawkins,/mnt/d/Music/iTunes/Sophie B. Hawkins,The Best of Sophie B. Hawkins,2026-07-04T17:22:21+00:00
/mnt/d/Music,iTunes/Spice Girls,/mnt/d/Music/iTunes/Spice Girls,/mnt/d/Music/iTunes,Spice Girls,2026-07-04T17:22:21+00:00
/mnt/d/Music,iTunes/Spice Girls/Spice,/mnt/d/Music/iTunes/Spice Girls/Spice,/mnt/d/Music/iTunes/Spice Girls,Spice,2026-07-04T17:22:22+00:00
/mnt/d/Music,iTunes/Staind,/mnt/d/Music/iTunes/Staind,/mnt/d/Music/iTunes,Staind,2026-07-04T17:22:22+00:00
/mnt/d/Music,iTunes/Staind/Break The Cycle,/mnt/d/Music/iTunes/Staind/Break The Cycle,/mnt/d/Music/iTunes/Staind,Break The Cycle,2026-07-04T17:22:22+00:00
/mnt/d/Music,iTunes/Stereo MC's,/mnt/d/Music/iTunes/Stereo MC's,/mnt/d/Music/iTunes,Stereo MC's,2026-07-04T17:22:22+00:00
/mnt/d/Music,iTunes/Stereo MC's/Connected,/mnt/d/Music/iTunes/Stereo MC's/Connected,/mnt/d/Music/iTunes/Stereo MC's,Connected,2026-07-04T17:22:22+00:00
/mnt/d/Music,iTunes/Stevie B,/mnt/d/Music/iTunes/Stevie B,/mnt/d/Music/iTunes,Stevie B,2026-07-04T17:22:22+00:00
/mnt/d/Music,"iTunes/Stevie B/Hits Anthology, Vol. 1","/mnt/d/Music/iTunes/Stevie B/Hits Anthology, Vol. 1",/mnt/d/Music/iTunes/Stevie B,"Hits Anthology, Vol. 1",2026-07-04T17:22:23+00:00
/mnt/d/Music,iTunes/Stevie Wonder,/mnt/d/Music/iTunes/Stevie Wonder,/mnt/d/Music/iTunes,Stevie Wonder,2026-07-04T17:22:24+00:00
/mnt/d/Music,iTunes/Stevie Wonder/Original Musiquarium I,/mnt/d/Music/iTunes/Stevie Wonder/Original Musiquarium I,/mnt/d/Music/iTunes/Stevie Wonder,Original Musiquarium I,2026-07-04T17:22:24+00:00
/mnt/d/Music,iTunes/Stone Sour,/mnt/d/Music/iTunes/Stone Sour,/mnt/d/Music/iTunes,Stone Sour,2026-07-04T17:22:24+00:00
/mnt/d/Music,iTunes/Stone Sour/Come What(Ever) May,/mnt/d/Music/iTunes/Stone Sour/Come What(Ever) May,/mnt/d/Music/iTunes/Stone Sour,Come What(Ever) May,2026-07-04T17:22:24+00:00
/mnt/d/Music,iTunes/Sublime,/mnt/d/Music/iTunes/Sublime,/mnt/d/Music/iTunes,Sublime,2026-07-04T17:22:24+00:00
/mnt/d/Music,iTunes/Sublime/Sublime,/mnt/d/Music/iTunes/Sublime/Sublime,/mnt/d/Music/iTunes/Sublime,Sublime,2026-07-04T17:22:24+00:00
/mnt/d/Music,iTunes/Sugarland,/mnt/d/Music/iTunes/Sugarland,/mnt/d/Music/iTunes,Sugarland,2026-07-04T17:22:25+00:00
/mnt/d/Music,iTunes/Sugarland/Enjoy the Ride,/mnt/d/Music/iTunes/Sugarland/Enjoy the Ride,/mnt/d/Music/iTunes/Sugarland,Enjoy the Ride,2026-07-04T17:22:25+00:00
/mnt/d/Music,iTunes/Sugarland/Life In a Northern Town - Single,/mnt/d/Music/iTunes/Sugarland/Life In a Northern Town - Single,/mnt/d/Music/iTunes/Sugarland,Life In a Northern Town - Single,2026-07-04T17:22:24+00:00
/mnt/d/Music,iTunes/Sugarland/Love On the Inside (Deluxe Fan Edition),/mnt/d/Music/iTunes/Sugarland/Love On the Inside (Deluxe Fan Edition),/mnt/d/Music/iTunes/Sugarland,Love On the Inside (Deluxe Fan Edition),2026-07-04T17:22:24+00:00
/mnt/d/Music,iTunes/Sugarland/Twice the Speed of Life,/mnt/d/Music/iTunes/Sugarland/Twice the Speed of Life,/mnt/d/Music/iTunes/Sugarland,Twice the Speed of Life,2026-07-04T17:22:24+00:00
/mnt/d/Music,iTunes/Swing Out Sister,/mnt/d/Music/iTunes/Swing Out Sister,/mnt/d/Music/iTunes,Swing Out Sister,2026-07-04T17:22:25+00:00
/mnt/d/Music,iTunes/Swing Out Sister/It's Better to Travel,/mnt/d/Music/iTunes/Swing Out Sister/It's Better to Travel,/mnt/d/Music/iTunes/Swing Out Sister,It's Better to Travel,2026-07-04T17:22:25+00:00
/mnt/d/Music,iTunes/T-Pain,/mnt/d/Music/iTunes/T-Pain,/mnt/d/Music/iTunes,T-Pain,2026-07-04T17:22:38+00:00
/mnt/d/Music,iTunes/T-Pain/Epiphany (Deluxe Version),/mnt/d/Music/iTunes/T-Pain/Epiphany (Deluxe Version),/mnt/d/Music/iTunes/T-Pain,Epiphany (Deluxe Version),2026-07-04T17:22:38+00:00
/mnt/d/Music,iTunes/T.I_,/mnt/d/Music/iTunes/T.I_,/mnt/d/Music/iTunes,T.I_,2026-07-04T17:22:25+00:00
/mnt/d/Music,iTunes/T.I_/Paper Trail (Deluxe Version),/mnt/d/Music/iTunes/T.I_/Paper Trail (Deluxe Version),/mnt/d/Music/iTunes/T.I_,Paper Trail (Deluxe Version),2026-07-04T17:22:25+00:00
/mnt/d/Music,iTunes/TACO,/mnt/d/Music/iTunes/TACO,/mnt/d/Music/iTunes,TACO,2026-07-04T17:22:26+00:00
/mnt/d/Music,iTunes/TACO/Puttin' On the Ritz - EP,/mnt/d/Music/iTunes/TACO/Puttin' On the Ritz - EP,/mnt/d/Music/iTunes/TACO,Puttin' On the Ritz - EP,2026-07-04T17:22:26+00:00
/mnt/d/Music,iTunes/Taylor Swift,/mnt/d/Music/iTunes/Taylor Swift,/mnt/d/Music/iTunes,Taylor Swift,2026-07-04T17:22:26+00:00
/mnt/d/Music,iTunes/Taylor Swift/Fearless,/mnt/d/Music/iTunes/Taylor Swift/Fearless,/mnt/d/Music/iTunes/Taylor Swift,Fearless,2026-07-04T17:22:27+00:00
/mnt/d/Music,iTunes/Taylor Swift/Love Story - Single,/mnt/d/Music/iTunes/Taylor Swift/Love Story - Single,/mnt/d/Music/iTunes/Taylor Swift,Love Story - Single,2026-07-04T17:22:26+00:00
/mnt/d/Music,iTunes/Taylor Swift/Taylor Swift,/mnt/d/Music/iTunes/Taylor Swift/Taylor Swift,/mnt/d/Music/iTunes/Taylor Swift,Taylor Swift,2026-07-04T17:22:26+00:00
/mnt/d/Music,iTunes/Tchaikovsky,/mnt/d/Music/iTunes/Tchaikovsky,/mnt/d/Music/iTunes,Tchaikovsky,2026-07-04T17:22:27+00:00
/mnt/d/Music,iTunes/Tchaikovsky/Nutcracker,/mnt/d/Music/iTunes/Tchaikovsky/Nutcracker,/mnt/d/Music/iTunes/Tchaikovsky,Nutcracker,2026-07-04T17:22:28+00:00
/mnt/d/Music,iTunes/Tears For Fears,/mnt/d/Music/iTunes/Tears For Fears,/mnt/d/Music/iTunes,Tears For Fears,2026-07-04T17:22:28+00:00
/mnt/d/Music,iTunes/Tears For Fears/Tears Roll Down (Greatest Hits 82-92),/mnt/d/Music/iTunes/Tears For Fears/Tears Roll Down (Greatest Hits 82-92),/mnt/d/Music/iTunes/Tears For Fears,Tears Roll Down (Greatest Hits 82-92),2026-07-04T17:22:29+00:00
/mnt/d/Music,iTunes/Terence Trent D'Arby,/mnt/d/Music/iTunes/Terence Trent D'Arby,/mnt/d/Music/iTunes,Terence Trent D'Arby,2026-07-04T17:22:29+00:00
/mnt/d/Music,iTunes/Terence Trent D'Arby/Introducing the Hardline According to Te,/mnt/d/Music/iTunes/Terence Trent D'Arby/Introducing the Hardline According to Te,/mnt/d/Music/iTunes/Terence Trent D'Arby,Introducing the Hardline According to Te,2026-07-04T17:22:29+00:00
/mnt/d/Music,iTunes/Terri Clark,/mnt/d/Music/iTunes/Terri Clark,/mnt/d/Music/iTunes,Terri Clark,2026-07-04T17:22:29+00:00
/mnt/d/Music,iTunes/Terri Clark/Greatest Hits 1994-2004,/mnt/d/Music/iTunes/Terri Clark/Greatest Hits 1994-2004,/mnt/d/Music/iTunes/Terri Clark,Greatest Hits 1994-2004,2026-07-04T17:22:29+00:00
/mnt/d/Music,iTunes/Tesca Allstars,/mnt/d/Music/iTunes/Tesca Allstars,/mnt/d/Music/iTunes,Tesca Allstars,2026-07-04T17:22:29+00:00
/mnt/d/Music,iTunes/Tesca Allstars/Country Jewels Pt. 2,/mnt/d/Music/iTunes/Tesca Allstars/Country Jewels Pt. 2,/mnt/d/Music/iTunes/Tesca Allstars,Country Jewels Pt. 2,2026-07-04T17:22:29+00:00
/mnt/d/Music,iTunes/The Bangles,/mnt/d/Music/iTunes/The Bangles,/mnt/d/Music/iTunes,The Bangles,2026-07-04T17:22:29+00:00
/mnt/d/Music,iTunes/The Bangles/Greatest Hits,/mnt/d/Music/iTunes/The Bangles/Greatest Hits,/mnt/d/Music/iTunes/The Bangles,Greatest Hits,2026-07-04T17:22:30+00:00
/mnt/d/Music,iTunes/The Black Crowes,/mnt/d/Music/iTunes/The Black Crowes,/mnt/d/Music/iTunes,The Black Crowes,2026-07-04T17:22:30+00:00
/mnt/d/Music,iTunes/The Black Crowes/The Black Crowes_ Greatest Hits 1990-199,/mnt/d/Music/iTunes/The Black Crowes/The Black Crowes_ Greatest Hits 1990-199,/mnt/d/Music/iTunes/The Black Crowes,The Black Crowes_ Greatest Hits 1990-199,2026-07-04T17:22:30+00:00
/mnt/d/Music,iTunes/The Black Crowes/iTunes Originals - The Black Crowes,/mnt/d/Music/iTunes/The Black Crowes/iTunes Originals - The Black Crowes,/mnt/d/Music/iTunes/The Black Crowes,iTunes Originals - The Black Crowes,2026-07-04T17:22:30+00:00
/mnt/d/Music,iTunes/The Cardigans,/mnt/d/Music/iTunes/The Cardigans,/mnt/d/Music/iTunes,The Cardigans,2026-07-04T17:22:30+00:00
/mnt/d/Music,iTunes/The Cardigans/First Band on the Moon,/mnt/d/Music/iTunes/The Cardigans/First Band on the Moon,/mnt/d/Music/iTunes/The Cardigans,First Band on the Moon,2026-07-04T17:22:30+00:00
/mnt/d/Music,iTunes/The Clash,/mnt/d/Music/iTunes/The Clash,/mnt/d/Music/iTunes,The Clash,2026-07-04T17:22:30+00:00
/mnt/d/Music,iTunes/The Clash/The Essential Clash,/mnt/d/Music/iTunes/The Clash/The Essential Clash,/mnt/d/Music/iTunes/The Clash,The Essential Clash,2026-07-04T17:22:30+00:00
/mnt/d/Music,iTunes/The Corrs,/mnt/d/Music/iTunes/The Corrs,/mnt/d/Music/iTunes,The Corrs,2026-07-04T17:22:30+00:00
/mnt/d/Music,iTunes/The Corrs/Breathless - Single,/mnt/d/Music/iTunes/The Corrs/Breathless - Single,/mnt/d/Music/iTunes/The Corrs,Breathless - Single,2026-07-04T17:22:30+00:00
/mnt/d/Music,iTunes/The Cover Girls,/mnt/d/Music/iTunes/The Cover Girls,/mnt/d/Music/iTunes,The Cover Girls,2026-07-04T17:22:30+00:00
/mnt/d/Music,iTunes/The Cover Girls/Wishing On a Star,/mnt/d/Music/iTunes/The Cover Girls/Wishing On a Star,/mnt/d/Music/iTunes/The Cover Girls,Wishing On a Star,2026-07-04T17:22:30+00:00
/mnt/d/Music,iTunes/The Cranberries,/mnt/d/Music/iTunes/The Cranberries,/mnt/d/Music/iTunes,The Cranberries,2026-07-04T17:22:31+00:00
/mnt/d/Music,iTunes/The Cranberries/20th Century Masters - The Millennium Co,/mnt/d/Music/iTunes/The Cranberries/20th Century Masters - The Millennium Co,/mnt/d/Music/iTunes/The Cranberries,20th Century Masters - The Millennium Co,2026-07-04T17:22:31+00:00
/mnt/d/Music,iTunes/The Cure,/mnt/d/Music/iTunes/The Cure,/mnt/d/Music/iTunes,The Cure,2026-07-04T17:22:31+00:00
/mnt/d/Music,iTunes/The Cure/The Head On the Door,/mnt/d/Music/iTunes/The Cure/The Head On the Door,/mnt/d/Music/iTunes/The Cure,The Head On the Door,2026-07-04T17:22:31+00:00
/mnt/d/Music,iTunes/The Doors,/mnt/d/Music/iTunes/The Doors,/mnt/d/Music/iTunes,The Doors,2026-07-04T17:22:31+00:00
/mnt/d/Music,iTunes/The Doors/The Very Best of the Doors (Bonus Track,/mnt/d/Music/iTunes/The Doors/The Very Best of the Doors (Bonus Track,/mnt/d/Music/iTunes/The Doors,The Very Best of the Doors (Bonus Track,2026-07-04T17:22:32+00:00
/mnt/d/Music,iTunes/The Egyptian Lover,/mnt/d/Music/iTunes/The Egyptian Lover,/mnt/d/Music/iTunes,The Egyptian Lover,2026-07-04T17:22:32+00:00
/mnt/d/Music,iTunes/The Egyptian Lover/King of Ecstasy (His Greatest Hits Album,/mnt/d/Music/iTunes/The Egyptian Lover/King of Ecstasy (His Greatest Hits Album,/mnt/d/Music/iTunes/The Egyptian Lover,King of Ecstasy (His Greatest Hits Album,2026-07-04T17:22:32+00:00
/mnt/d/Music,iTunes/The Go-Go's,/mnt/d/Music/iTunes/The Go-Go's,/mnt/d/Music/iTunes,The Go-Go's,2026-07-04T17:22:32+00:00
/mnt/d/Music,iTunes/The Go-Go's/Beauty and the Beat,/mnt/d/Music/iTunes/The Go-Go's/Beauty and the Beat,/mnt/d/Music/iTunes/The Go-Go's,Beauty and the Beat,2026-07-04T17:22:32+00:00
/mnt/d/Music,iTunes/The Go-Go's/Vacation,/mnt/d/Music/iTunes/The Go-Go's/Vacation,/mnt/d/Music/iTunes/The Go-Go's,Vacation,2026-07-04T17:22:32+00:00
/mnt/d/Music,iTunes/The KLF,/mnt/d/Music/iTunes/The KLF,/mnt/d/Music/iTunes,The KLF,2026-07-04T17:22:32+00:00
/mnt/d/Music,iTunes/The KLF/The White Room,/mnt/d/Music/iTunes/The KLF/The White Room,/mnt/d/Music/iTunes/The KLF,The White Room,2026-07-04T17:22:32+00:00
/mnt/d/Music,iTunes/The Killers,/mnt/d/Music/iTunes/The Killers,/mnt/d/Music/iTunes,The Killers,2026-07-04T17:22:32+00:00
/mnt/d/Music,iTunes/The Killers/Hot Fuss,/mnt/d/Music/iTunes/The Killers/Hot Fuss,/mnt/d/Music/iTunes/The Killers,Hot Fuss,2026-07-04T17:22:32+00:00
/mnt/d/Music,iTunes/The Last Town Chorus,/mnt/d/Music/iTunes/The Last Town Chorus,/mnt/d/Music/iTunes,The Last Town Chorus,2026-07-04T17:22:32+00:00
/mnt/d/Music,iTunes/The Last Town Chorus/Wire Waltz,/mnt/d/Music/iTunes/The Last Town Chorus/Wire Waltz,/mnt/d/Music/iTunes/The Last Town Chorus,Wire Waltz,2026-07-04T17:22:32+00:00
/mnt/d/Music,iTunes/The Pretenders,/mnt/d/Music/iTunes/The Pretenders,/mnt/d/Music/iTunes,The Pretenders,2026-07-04T17:22:33+00:00
/mnt/d/Music,iTunes/The Pretenders/Last of the Independents,/mnt/d/Music/iTunes/The Pretenders/Last of the Independents,/mnt/d/Music/iTunes/The Pretenders,Last of the Independents,2026-07-04T17:22:33+00:00
/mnt/d/Music,iTunes/The Pretenders/Pretenders,/mnt/d/Music/iTunes/The Pretenders/Pretenders,/mnt/d/Music/iTunes/The Pretenders,Pretenders,2026-07-04T17:22:33+00:00
/mnt/d/Music,iTunes/The Pretenders/The Singles,/mnt/d/Music/iTunes/The Pretenders/The Singles,/mnt/d/Music/iTunes/The Pretenders,The Singles,2026-07-04T17:22:33+00:00
/mnt/d/Music,iTunes/The Proclaimers,/mnt/d/Music/iTunes/The Proclaimers,/mnt/d/Music/iTunes,The Proclaimers,2026-07-04T17:22:33+00:00
/mnt/d/Music,iTunes/The Proclaimers/Sunshine On Leith,/mnt/d/Music/iTunes/The Proclaimers/Sunshine On Leith,/mnt/d/Music/iTunes/The Proclaimers,Sunshine On Leith,2026-07-04T17:22:33+00:00
/mnt/d/Music,iTunes/The Pussycat Dolls,/mnt/d/Music/iTunes/The Pussycat Dolls,/mnt/d/Music/iTunes,The Pussycat Dolls,2026-07-04T17:22:33+00:00
/mnt/d/Music,iTunes/The Pussycat Dolls/Don't Cha,/mnt/d/Music/iTunes/The Pussycat Dolls/Don't Cha,/mnt/d/Music/iTunes/The Pussycat Dolls,Don't Cha,2026-07-04T17:22:33+00:00
/mnt/d/Music,iTunes/The Sundays,/mnt/d/Music/iTunes/The Sundays,/mnt/d/Music/iTunes,The Sundays,2026-07-04T17:22:33+00:00
/mnt/d/Music,iTunes/The Sundays/Blind,/mnt/d/Music/iTunes/The Sundays/Blind,/mnt/d/Music/iTunes/The Sundays,Blind,2026-07-04T17:22:33+00:00
/mnt/d/Music,iTunes/The Ting Tings,/mnt/d/Music/iTunes/The Ting Tings,/mnt/d/Music/iTunes,The Ting Tings,2026-07-04T17:22:34+00:00
/mnt/d/Music,iTunes/The Ting Tings/Great DJ - EP,/mnt/d/Music/iTunes/The Ting Tings/Great DJ - EP,/mnt/d/Music/iTunes/The Ting Tings,Great DJ - EP,2026-07-04T17:22:34+00:00
/mnt/d/Music,iTunes/The White Stripes,/mnt/d/Music/iTunes/The White Stripes,/mnt/d/Music/iTunes,The White Stripes,2026-07-04T17:22:34+00:00
/mnt/d/Music,iTunes/The White Stripes/Blackpool Deluxe (Live),/mnt/d/Music/iTunes/The White Stripes/Blackpool Deluxe (Live),/mnt/d/Music/iTunes/The White Stripes,Blackpool Deluxe (Live),2026-07-04T17:22:34+00:00
/mnt/d/Music,iTunes/The White Stripes/White Blood Cells,/mnt/d/Music/iTunes/The White Stripes/White Blood Cells,/mnt/d/Music/iTunes/The White Stripes,White Blood Cells,2026-07-04T17:22:34+00:00
/mnt/d/Music,iTunes/The Zombies,/mnt/d/Music/iTunes/The Zombies,/mnt/d/Music/iTunes,The Zombies,2026-07-04T17:22:34+00:00
/mnt/d/Music,iTunes/The Zombies/I Love You,/mnt/d/Music/iTunes/The Zombies/I Love You,/mnt/d/Music/iTunes/The Zombies,I Love You,2026-07-04T17:22:34+00:00
/mnt/d/Music,iTunes/The Zombies/Odessey and Oracle,/mnt/d/Music/iTunes/The Zombies/Odessey and Oracle,/mnt/d/Music/iTunes/The Zombies,Odessey and Oracle,2026-07-04T17:22:34+00:00
/mnt/d/Music,iTunes/They Might Be Giants,/mnt/d/Music/iTunes/They Might Be Giants,/mnt/d/Music/iTunes,They Might Be Giants,2026-07-04T17:22:34+00:00
/mnt/d/Music,iTunes/They Might Be Giants/Rhino Hi-Five_ They Might Be Giants - EP,/mnt/d/Music/iTunes/They Might Be Giants/Rhino Hi-Five_ They Might Be Giants - EP,/mnt/d/Music/iTunes/They Might Be Giants,Rhino Hi-Five_ They Might Be Giants - EP,2026-07-04T17:22:34+00:00
/mnt/d/Music,iTunes/Three Days Grace,/mnt/d/Music/iTunes/Three Days Grace,/mnt/d/Music/iTunes,Three Days Grace,2026-07-04T17:22:34+00:00
/mnt/d/Music,iTunes/Three Days Grace/One-X,/mnt/d/Music/iTunes/Three Days Grace/One-X,/mnt/d/Music/iTunes/Three Days Grace,One-X,2026-07-04T17:22:34+00:00
/mnt/d/Music,iTunes/Tiffany,/mnt/d/Music/iTunes/Tiffany,/mnt/d/Music/iTunes,Tiffany,2026-07-04T17:22:35+00:00
/mnt/d/Music,iTunes/Tiffany/Tiffany,/mnt/d/Music/iTunes/Tiffany/Tiffany,/mnt/d/Music/iTunes/Tiffany,Tiffany,2026-07-04T17:22:35+00:00
/mnt/d/Music,iTunes/Tim McGraw,/mnt/d/Music/iTunes/Tim McGraw,/mnt/d/Music/iTunes,Tim McGraw,2026-07-04T17:22:36+00:00
/mnt/d/Music,iTunes/Tim McGraw/A Place In The Sun,/mnt/d/Music/iTunes/Tim McGraw/A Place In The Sun,/mnt/d/Music/iTunes/Tim McGraw,A Place In The Sun,2026-07-04T17:22:36+00:00
/mnt/d/Music,iTunes/Tim McGraw/And The Dancehall Doctors,/mnt/d/Music/iTunes/Tim McGraw/And The Dancehall Doctors,/mnt/d/Music/iTunes/Tim McGraw,And The Dancehall Doctors,2026-07-04T17:22:36+00:00
/mnt/d/Music,iTunes/Tim McGraw/Everywhere,/mnt/d/Music/iTunes/Tim McGraw/Everywhere,/mnt/d/Music/iTunes/Tim McGraw,Everywhere,2026-07-04T17:22:36+00:00
/mnt/d/Music,"iTunes/Tim McGraw/Greatest Hits, Vol. 2","/mnt/d/Music/iTunes/Tim McGraw/Greatest Hits, Vol. 2",/mnt/d/Music/iTunes/Tim McGraw,"Greatest Hits, Vol. 2",2026-07-04T17:22:35+00:00
/mnt/d/Music,iTunes/Tim McGraw/Let It Go,/mnt/d/Music/iTunes/Tim McGraw/Let It Go,/mnt/d/Music/iTunes/Tim McGraw,Let It Go,2026-07-04T17:22:35+00:00
/mnt/d/Music,iTunes/Tim McGraw/Set This Circus Down,/mnt/d/Music/iTunes/Tim McGraw/Set This Circus Down,/mnt/d/Music/iTunes/Tim McGraw,Set This Circus Down,2026-07-04T17:22:35+00:00
/mnt/d/Music,iTunes/Timbaland,/mnt/d/Music/iTunes/Timbaland,/mnt/d/Music/iTunes,Timbaland,2026-07-04T17:22:37+00:00
/mnt/d/Music,iTunes/Timbaland/Morning After Dark (feat. Nelly Furtado,/mnt/d/Music/iTunes/Timbaland/Morning After Dark (feat. Nelly Furtado,/mnt/d/Music/iTunes/Timbaland,Morning After Dark (feat. Nelly Furtado,2026-07-04T17:22:37+00:00
/mnt/d/Music,iTunes/Timbaland/Shock Value,/mnt/d/Music/iTunes/Timbaland/Shock Value,/mnt/d/Music/iTunes/Timbaland,Shock Value,2026-07-04T17:22:37+00:00
/mnt/d/Music,iTunes/Timmy T,/mnt/d/Music/iTunes/Timmy T,/mnt/d/Music/iTunes,Timmy T,2026-07-04T17:22:37+00:00
/mnt/d/Music,iTunes/Timmy T/Time After Time,/mnt/d/Music/iTunes/Timmy T/Time After Time,/mnt/d/Music/iTunes/Timmy T,Time After Time,2026-07-04T17:22:37+00:00
/mnt/d/Music,iTunes/Toby Keith,/mnt/d/Music/iTunes/Toby Keith,/mnt/d/Music/iTunes,Toby Keith,2026-07-04T17:22:37+00:00
/mnt/d/Music,iTunes/Toby Keith/How Do You Like Me Now_!,/mnt/d/Music/iTunes/Toby Keith/How Do You Like Me Now_!,/mnt/d/Music/iTunes/Toby Keith,How Do You Like Me Now_!,2026-07-04T17:22:37+00:00
/mnt/d/Music,iTunes/Toby Keith/Toby Keith Greatest Hits 2,/mnt/d/Music/iTunes/Toby Keith/Toby Keith Greatest Hits 2,/mnt/d/Music/iTunes/Toby Keith,Toby Keith Greatest Hits 2,2026-07-04T17:22:37+00:00
/mnt/d/Music,iTunes/Tom Jones,/mnt/d/Music/iTunes/Tom Jones,/mnt/d/Music/iTunes,Tom Jones,2026-07-04T17:22:37+00:00
/mnt/d/Music,iTunes/Tom Jones/Reloaded,/mnt/d/Music/iTunes/Tom Jones/Reloaded,/mnt/d/Music/iTunes/Tom Jones,Reloaded,2026-07-04T17:22:38+00:00
/mnt/d/Music,iTunes/Trace Adkins,/mnt/d/Music/iTunes/Trace Adkins,/mnt/d/Music/iTunes,Trace Adkins,2026-07-04T17:19:00+00:00
/mnt/d/Music,iTunes/Trace Adkins/Comin' On Strong,/mnt/d/Music/iTunes/Trace Adkins/Comin' On Strong,/mnt/d/Music/iTunes/Trace Adkins,Comin' On Strong,2026-07-04T17:19:00+00:00
/mnt/d/Music,iTunes/Travis Tritt,/mnt/d/Music/iTunes/Travis Tritt,/mnt/d/Music/iTunes,Travis Tritt,2026-07-04T17:19:00+00:00
/mnt/d/Music,iTunes/Travis Tritt/Greatest Hits From The Begining,/mnt/d/Music/iTunes/Travis Tritt/Greatest Hits From The Begining,/mnt/d/Music/iTunes/Travis Tritt,Greatest Hits From The Begining,2026-07-04T17:19:00+00:00
/mnt/d/Music,iTunes/Trent Tomlinson,/mnt/d/Music/iTunes/Trent Tomlinson,/mnt/d/Music/iTunes,Trent Tomlinson,2026-07-04T17:19:00+00:00
/mnt/d/Music,iTunes/Trent Tomlinson/Country Is My Rock,/mnt/d/Music/iTunes/Trent Tomlinson/Country Is My Rock,/mnt/d/Music/iTunes/Trent Tomlinson,Country Is My Rock,2026-07-04T17:19:00+00:00
/mnt/d/Music,iTunes/Trisha Yearwood,/mnt/d/Music/iTunes/Trisha Yearwood,/mnt/d/Music/iTunes,Trisha Yearwood,2026-07-04T17:19:01+00:00
/mnt/d/Music,iTunes/Trisha Yearwood/Thinkin' About You,/mnt/d/Music/iTunes/Trisha Yearwood/Thinkin' About You,/mnt/d/Music/iTunes/Trisha Yearwood,Thinkin' About You,2026-07-04T17:19:01+00:00
/mnt/d/Music,iTunes/Tristan Prettyman,/mnt/d/Music/iTunes/Tristan Prettyman,/mnt/d/Music/iTunes,Tristan Prettyman,2026-07-04T17:19:01+00:00
/mnt/d/Music,iTunes/Tristan Prettyman/Madly - Single,/mnt/d/Music/iTunes/Tristan Prettyman/Madly - Single,/mnt/d/Music/iTunes/Tristan Prettyman,Madly - Single,2026-07-04T17:19:01+00:00
/mnt/d/Music,iTunes/U2,/mnt/d/Music/iTunes/U2,/mnt/d/Music/iTunes,U2,2026-07-04T17:19:02+00:00
/mnt/d/Music,iTunes/U2/Joshua Tree,/mnt/d/Music/iTunes/U2/Joshua Tree,/mnt/d/Music/iTunes/U2,Joshua Tree,2026-07-04T17:19:03+00:00
/mnt/d/Music,iTunes/U2/Unknown Album,/mnt/d/Music/iTunes/U2/Unknown Album,/mnt/d/Music/iTunes/U2,Unknown Album,2026-07-04T17:19:02+00:00
/mnt/d/Music,iTunes/Uncle Kracker,/mnt/d/Music/iTunes/Uncle Kracker,/mnt/d/Music/iTunes,Uncle Kracker,2026-07-04T17:19:03+00:00
/mnt/d/Music,iTunes/Uncle Kracker/No Stranger to Shame,/mnt/d/Music/iTunes/Uncle Kracker/No Stranger to Shame,/mnt/d/Music/iTunes/Uncle Kracker,No Stranger to Shame,2026-07-04T17:19:03+00:00
/mnt/d/Music,iTunes/Unknown Artist,/mnt/d/Music/iTunes/Unknown Artist,/mnt/d/Music/iTunes,Unknown Artist,2026-07-04T17:19:03+00:00
/mnt/d/Music,iTunes/Unknown Artist/Unknown Album,/mnt/d/Music/iTunes/Unknown Artist/Unknown Album,/mnt/d/Music/iTunes/Unknown Artist,Unknown Album,2026-07-04T17:19:06+00:00
/mnt/d/Music,iTunes/Usher,/mnt/d/Music/iTunes/Usher,/mnt/d/Music/iTunes,Usher,2026-07-04T17:19:06+00:00
/mnt/d/Music,iTunes/Usher/Confessions,/mnt/d/Music/iTunes/Usher/Confessions,/mnt/d/Music/iTunes/Usher,Confessions,2026-07-04T17:19:06+00:00
/mnt/d/Music,iTunes/Usher/Love In This Club (feat. Young Jeezy) -,/mnt/d/Music/iTunes/Usher/Love In This Club (feat. Young Jeezy) -,/mnt/d/Music/iTunes/Usher,Love In This Club (feat. Young Jeezy) -,2026-07-04T17:19:06+00:00
/mnt/d/Music,iTunes/Usher/My Way,/mnt/d/Music/iTunes/Usher/My Way,/mnt/d/Music/iTunes/Usher,My Way,2026-07-04T17:19:06+00:00
/mnt/d/Music,iTunes/Wham!,/mnt/d/Music/iTunes/Wham!,/mnt/d/Music/iTunes,Wham!,2026-07-04T17:19:07+00:00
/mnt/d/Music,iTunes/Wham!/Make It Big,/mnt/d/Music/iTunes/Wham!/Make It Big,/mnt/d/Music/iTunes/Wham!,Make It Big,2026-07-04T17:19:07+00:00
/mnt/d/Music,iTunes/Wham!/Music from the Edge of Heaven,/mnt/d/Music/iTunes/Wham!/Music from the Edge of Heaven,/mnt/d/Music/iTunes/Wham!,Music from the Edge of Heaven,2026-07-04T17:19:07+00:00
/mnt/d/Music,iTunes/Wilson Phillips,/mnt/d/Music/iTunes/Wilson Phillips,/mnt/d/Music/iTunes,Wilson Phillips,2026-07-04T17:19:07+00:00
/mnt/d/Music,iTunes/Wilson Phillips/Wilson Phillips_ Greatest Hits,/mnt/d/Music/iTunes/Wilson Phillips/Wilson Phillips_ Greatest Hits,/mnt/d/Music/iTunes/Wilson Phillips,Wilson Phillips_ Greatest Hits,2026-07-04T17:19:07+00:00
/mnt/d/Music,iTunes/World Class Wreckin Cru,/mnt/d/Music/iTunes/World Class Wreckin Cru,/mnt/d/Music/iTunes,World Class Wreckin Cru,2026-07-04T17:19:08+00:00
/mnt/d/Music,iTunes/World Class Wreckin Cru/Gold,/mnt/d/Music/iTunes/World Class Wreckin Cru/Gold,/mnt/d/Music/iTunes/World Class Wreckin Cru,Gold,2026-07-04T17:19:08+00:00
/mnt/d/Music,iTunes/Yael Naïm,/mnt/d/Music/iTunes/Yael Naïm,/mnt/d/Music/iTunes,Yael Naïm,2026-07-04T17:19:08+00:00
/mnt/d/Music,iTunes/Yael Naïm/Yael Naïm,/mnt/d/Music/iTunes/Yael Naïm/Yael Naïm,/mnt/d/Music/iTunes/Yael Naïm,Yael Naïm,2026-07-04T17:19:08+00:00
/mnt/d/Music,iTunes/Yeah Yeah Yeahs,/mnt/d/Music/iTunes/Yeah Yeah Yeahs,/mnt/d/Music/iTunes,Yeah Yeah Yeahs,2026-07-04T17:19:08+00:00
/mnt/d/Music,iTunes/Yeah Yeah Yeahs/Fever to Tell,/mnt/d/Music/iTunes/Yeah Yeah Yeahs/Fever to Tell,/mnt/d/Music/iTunes/Yeah Yeah Yeahs,Fever to Tell,2026-07-04T17:19:08+00:00
/mnt/d/Music,iTunes/Ying Yang Twins,/mnt/d/Music/iTunes/Ying Yang Twins,/mnt/d/Music/iTunes,Ying Yang Twins,2026-07-04T17:19:08+00:00
/mnt/d/Music,iTunes/Ying Yang Twins/My Brother & Me,/mnt/d/Music/iTunes/Ying Yang Twins/My Brother & Me,/mnt/d/Music/iTunes/Ying Yang Twins,My Brother & Me,2026-07-04T17:19:08+00:00
/mnt/d/Music,iTunes/Ying Yang Twins/U.S.A,/mnt/d/Music/iTunes/Ying Yang Twins/U.S.A,/mnt/d/Music/iTunes/Ying Yang Twins,U.S.A,2026-07-04T17:19:08+00:00
/mnt/d/Music,iTunes/iPod Games,/mnt/d/Music/iTunes/iPod Games,/mnt/d/Music/iTunes,iPod Games,2026-07-04T17:18:51+00:00
/mnt/d/Music,iTunes/iPod Games/Klondike,/mnt/d/Music/iTunes/iPod Games/Klondike,/mnt/d/Music/iTunes/iPod Games,Klondike,2009-01-18T16:50:22+00:00
/mnt/d/Music,iTunes/iPod Games/iQuiz,/mnt/d/Music/iTunes/iPod Games/iQuiz,/mnt/d/Music/iTunes/iPod Games,iQuiz,2009-01-18T16:50:22+00:00
/mnt/d/Music,just music,/mnt/d/Music/just music,/mnt/d/Music,just music,2026-07-04T18:00:24+00:00
/mnt/d/Music,just music/01 All That Remains,/mnt/d/Music/just music/01 All That Remains,/mnt/d/Music/just music,01 All That Remains,2026-07-04T17:23:02+00:00
/mnt/d/Music,just music/01 All That Remains/01 Behind Silence and Solitude,/mnt/d/Music/just music/01 All That Remains/01 Behind Silence and Solitude,/mnt/d/Music/just music/01 All That Remains,01 Behind Silence and Solitude,2026-07-04T17:23:01+00:00
/mnt/d/Music,just music/01 All That Remains/02 The Fall of Ideals,/mnt/d/Music/just music/01 All That Remains/02 The Fall of Ideals,/mnt/d/Music/just music/01 All That Remains,02 The Fall of Ideals,2026-07-04T17:23:01+00:00
/mnt/d/Music,just music/01 All That Remains/03 This Darkened Heart,/mnt/d/Music/just music/01 All That Remains/03 This Darkened Heart,/mnt/d/Music/just music/01 All That Remains,03 This Darkened Heart,2026-07-04T17:23:03+00:00
/mnt/d/Music,just music/01 _..And Justice For All,/mnt/d/Music/just music/01 _..And Justice For All,/mnt/d/Music/just music,01 _..And Justice For All,2026-07-04T17:23:04+00:00
/mnt/d/Music,just music/02 Avenged Sevenfold,/mnt/d/Music/just music/02 Avenged Sevenfold,/mnt/d/Music/just music,02 Avenged Sevenfold,2026-07-04T17:23:07+00:00
/mnt/d/Music,just music/02 Avenged Sevenfold/01 Avenged Sevenfold,/mnt/d/Music/just music/02 Avenged Sevenfold/01 Avenged Sevenfold,/mnt/d/Music/just music/02 Avenged Sevenfold,01 Avenged Sevenfold,2026-07-04T17:23:06+00:00
/mnt/d/Music,just music/02 Avenged Sevenfold/02 City of Evil,/mnt/d/Music/just music/02 Avenged Sevenfold/02 City of Evil,/mnt/d/Music/just music/02 Avenged Sevenfold,02 City of Evil,2026-07-04T17:23:09+00:00
/mnt/d/Music,just music/03 Devildriver,/mnt/d/Music/just music/03 Devildriver,/mnt/d/Music/just music,03 Devildriver,2026-07-04T17:23:09+00:00
/mnt/d/Music,just music/03 Devildriver/01 Devildriver,/mnt/d/Music/just music/03 Devildriver/01 Devildriver,/mnt/d/Music/just music/03 Devildriver,01 Devildriver,2026-07-04T17:23:10+00:00
/mnt/d/Music,just music/04 High On Fire,/mnt/d/Music/just music/04 High On Fire,/mnt/d/Music/just music,04 High On Fire,2026-07-04T17:23:10+00:00
/mnt/d/Music,just music/04 High On Fire/01 Death Is This Communion,/mnt/d/Music/just music/04 High On Fire/01 Death Is This Communion,/mnt/d/Music/just music/04 High On Fire,01 Death Is This Communion,2026-07-04T17:23:11+00:00
/mnt/d/Music,just music/05 lambogodmp3,/mnt/d/Music/just music/05 lambogodmp3,/mnt/d/Music/just music,05 lambogodmp3,2026-07-04T17:23:11+00:00
/mnt/d/Music,just music/05 lambogodmp3/01 lambogodmp3,/mnt/d/Music/just music/05 lambogodmp3/01 lambogodmp3,/mnt/d/Music/just music/05 lambogodmp3,01 lambogodmp3,2026-07-04T17:23:13+00:00
/mnt/d/Music,just music/06 Metallica,/mnt/d/Music/just music/06 Metallica,/mnt/d/Music/just music,06 Metallica,2009-11-27T14:16:36+00:00
/mnt/d/Music,just music/07 Mudvayne,/mnt/d/Music/just music/07 Mudvayne,/mnt/d/Music/just music,07 Mudvayne,2026-07-04T17:23:13+00:00
/mnt/d/Music,just music/07 Mudvayne/01 L.D. 50,/mnt/d/Music/just music/07 Mudvayne/01 L.D. 50,/mnt/d/Music/just music/07 Mudvayne,01 L.D. 50,2026-07-04T17:23:15+00:00
/mnt/d/Music,just music/08 Nirvana,/mnt/d/Music/just music/08 Nirvana,/mnt/d/Music/just music,08 Nirvana,2026-07-04T17:23:15+00:00
/mnt/d/Music,just music/08 Nirvana/01 MTV Unplugged In New York,/mnt/d/Music/just music/08 Nirvana/01 MTV Unplugged In New York,/mnt/d/Music/just music/08 Nirvana,01 MTV Unplugged In New York,2026-07-04T17:23:16+00:00
/mnt/d/Music,just music/09 Trivium,/mnt/d/Music/just music/09 Trivium,/mnt/d/Music/just music,09 Trivium,2026-07-04T17:23:16+00:00
/mnt/d/Music,just music/09 Trivium/01 The Crusade,/mnt/d/Music/just music/09 Trivium/01 The Crusade,/mnt/d/Music/just music/09 Trivium,01 The Crusade,2026-07-04T17:23:17+00:00
/mnt/d/Music,just music/Catch Thirty-Three,/mnt/d/Music/just music/Catch Thirty-Three,/mnt/d/Music/just music,Catch Thirty-Three,2026-07-04T17:23:19+00:00
/mnt/d/Music,just music/hellyeah,/mnt/d/Music/just music/hellyeah,/mnt/d/Music/just music,hellyeah,2026-07-04T17:23:20+00:00
/mnt/d/Music,just music/inflames,/mnt/d/Music/just music/inflames,/mnt/d/Music/just music,inflames,2026-07-04T17:23:29+00:00
/mnt/d/Music,just music/inflames/clayman,/mnt/d/Music/just music/inflames/clayman,/mnt/d/Music/just music/inflames,clayman,2026-07-04T17:23:21+00:00
/mnt/d/Music,just music/inflames/jesters race,/mnt/d/Music/just music/inflames/jesters race,/mnt/d/Music/just music/inflames,jesters race,2026-07-04T17:23:23+00:00
/mnt/d/Music,just music/inflames/lunar strain,/mnt/d/Music/just music/inflames/lunar strain,/mnt/d/Music/just music/inflames,lunar strain,2026-07-04T17:23:25+00:00
/mnt/d/Music,just music/inflames/reroute to remain,/mnt/d/Music/just music/inflames/reroute to remain,/mnt/d/Music/just music/inflames,reroute to remain,2026-07-04T17:23:27+00:00
/mnt/d/Music,just music/inflames/sound track to your escape,/mnt/d/Music/just music/inflames/sound track to your escape,/mnt/d/Music/just music/inflames,sound track to your escape,2026-07-04T17:23:29+00:00
/mnt/d/Music,just music/inflames/tokyo show down,/mnt/d/Music/just music/inflames/tokyo show down,/mnt/d/Music/just music/inflames,tokyo show down,2026-07-04T17:23:31+00:00
/mnt/d/Music,just music/kimera,/mnt/d/Music/just music/kimera,/mnt/d/Music/just music,kimera,2026-07-04T17:23:33+00:00
/mnt/d/Music,just music/lamb of god,/mnt/d/Music/just music/lamb of god,/mnt/d/Music/just music,lamb of god,2026-07-04T17:23:34+00:00
/mnt/d/Music,just music/lambogodashes,/mnt/d/Music/just music/lambogodashes,/mnt/d/Music/just music,lambogodashes,2026-07-04T17:23:35+00:00
/mnt/d/Music,just music/mastadon,/mnt/d/Music/just music/mastadon,/mnt/d/Music/just music,mastadon,2026-07-04T17:23:36+00:00
/mnt/d/Music,just music/music,/mnt/d/Music/just music/music,/mnt/d/Music/just music,music,2026-07-04T17:26:21+00:00
/mnt/d/Music,just music/music/1995 - Orchid,/mnt/d/Music/just music/music/1995 - Orchid,/mnt/d/Music/just music/music,1995 - Orchid,2026-07-04T17:23:37+00:00
/mnt/d/Music,just music/music/1996 - Morningrise,/mnt/d/Music/just music/music/1996 - Morningrise,/mnt/d/Music/just music/music,1996 - Morningrise,2026-07-04T17:23:37+00:00
/mnt/d/Music,"just music/music/1998 - My Arms, Your Hearse","/mnt/d/Music/just music/music/1998 - My Arms, Your Hearse",/mnt/d/Music/just music/music,"1998 - My Arms, Your Hearse",2026-07-04T17:23:37+00:00
/mnt/d/Music,just music/music/1999 - Still Life,/mnt/d/Music/just music/music/1999 - Still Life,/mnt/d/Music/just music/music,1999 - Still Life,2026-07-04T17:23:37+00:00
/mnt/d/Music,just music/music/2001 - Blackwater Park,/mnt/d/Music/just music/music/2001 - Blackwater Park,/mnt/d/Music/just music/music,2001 - Blackwater Park,2026-07-04T17:23:37+00:00
/mnt/d/Music,just music/music/2001 - Blackwater Park/Bonus Disc,/mnt/d/Music/just music/music/2001 - Blackwater Park/Bonus Disc,/mnt/d/Music/just music/music/2001 - Blackwater Park,Bonus Disc,2026-07-04T17:23:37+00:00
/mnt/d/Music,just music/music/2002 - Deliverance,/mnt/d/Music/just music/music/2002 - Deliverance,/mnt/d/Music/just music/music,2002 - Deliverance,2026-07-04T17:23:37+00:00
/mnt/d/Music,just music/music/2003 - Damnation,/mnt/d/Music/just music/music/2003 - Damnation,/mnt/d/Music/just music/music,2003 - Damnation,2026-07-04T17:23:37+00:00
/mnt/d/Music,just music/music/2004 - Lamentations,/mnt/d/Music/just music/music/2004 - Lamentations,/mnt/d/Music/just music/music,2004 - Lamentations,2026-07-04T17:23:37+00:00
/mnt/d/Music,just music/music/2005 - Ghost Reveries,/mnt/d/Music/just music/music/2005 - Ghost Reveries,/mnt/d/Music/just music/music,2005 - Ghost Reveries,2026-07-04T17:23:37+00:00
/mnt/d/Music,just music/music/2007 - The Roundhouse Tapes,/mnt/d/Music/just music/music/2007 - The Roundhouse Tapes,/mnt/d/Music/just music/music,2007 - The Roundhouse Tapes,2026-07-04T17:23:37+00:00
/mnt/d/Music,just music/music/2008 - Watershed,/mnt/d/Music/just music/music/2008 - Watershed,/mnt/d/Music/just music/music,2008 - Watershed,2026-07-04T17:23:37+00:00
/mnt/d/Music,just music/music/A Perfect Circle,/mnt/d/Music/just music/music/A Perfect Circle,/mnt/d/Music/just music/music,A Perfect Circle,2026-07-04T17:23:38+00:00
/mnt/d/Music,just music/music/A Perfect Circle/Mer de Noms,/mnt/d/Music/just music/music/A Perfect Circle/Mer de Noms,/mnt/d/Music/just music/music/A Perfect Circle,Mer de Noms,2026-07-04T17:23:38+00:00
/mnt/d/Music,just music/music/A Perfect Circle/Thirteenth Step,/mnt/d/Music/just music/music/A Perfect Circle/Thirteenth Step,/mnt/d/Music/just music/music/A Perfect Circle,Thirteenth Step,2026-07-04T17:23:40+00:00
/mnt/d/Music,just music/music/Acroma,/mnt/d/Music/just music/music/Acroma,/mnt/d/Music/just music/music,Acroma,2026-07-04T17:23:40+00:00
/mnt/d/Music,just music/music/Acroma/Orbitals,/mnt/d/Music/just music/music/Acroma/Orbitals,/mnt/d/Music/just music/music/Acroma,Orbitals,2026-07-04T17:23:42+00:00
/mnt/d/Music,just music/music/All That Remains,/mnt/d/Music/just music/music/All That Remains,/mnt/d/Music/just music/music,All That Remains,2026-07-04T17:23:42+00:00
/mnt/d/Music,just music/music/All That Remains/This Darkened Heart,/mnt/d/Music/just music/music/All That Remains/This Darkened Heart,/mnt/d/Music/just music/music/All That Remains,This Darkened Heart,2026-07-04T17:23:44+00:00
/mnt/d/Music,just music/music/American Head Charge,/mnt/d/Music/just music/music/American Head Charge,/mnt/d/Music/just music/music,American Head Charge,2026-07-04T17:23:44+00:00
/mnt/d/Music,just music/music/American Head Charge/The War Of Art,/mnt/d/Music/just music/music/American Head Charge/The War Of Art,/mnt/d/Music/just music/music/American Head Charge,The War Of Art,2026-07-04T17:23:46+00:00
/mnt/d/Music,just music/music/Arch Enemy,/mnt/d/Music/just music/music/Arch Enemy,/mnt/d/Music/just music/music,Arch Enemy,2026-07-04T17:23:47+00:00
/mnt/d/Music,just music/music/Arch Enemy/Doomsday Machine,/mnt/d/Music/just music/music/Arch Enemy/Doomsday Machine,/mnt/d/Music/just music/music/Arch Enemy,Doomsday Machine,2026-07-04T17:23:48+00:00
/mnt/d/Music,just music/music/Avenged Sevenfold,/mnt/d/Music/just music/music/Avenged Sevenfold,/mnt/d/Music/just music/music,Avenged Sevenfold,2026-07-04T17:23:48+00:00
/mnt/d/Music,just music/music/Avenged Sevenfold/City Of Evil,/mnt/d/Music/just music/music/Avenged Sevenfold/City Of Evil,/mnt/d/Music/just music/music/Avenged Sevenfold,City Of Evil,2026-07-04T17:23:51+00:00
/mnt/d/Music,just music/music/Broken Valley,/mnt/d/Music/just music/music/Broken Valley,/mnt/d/Music/just music/music,Broken Valley,2026-07-04T17:23:52+00:00
/mnt/d/Music,just music/music/Children Of Bodom,/mnt/d/Music/just music/music/Children Of Bodom,/mnt/d/Music/just music/music,Children Of Bodom,2026-07-04T17:23:52+00:00
/mnt/d/Music,just music/music/Children Of Bodom/Are You Dead Yet- [Bonus Track],/mnt/d/Music/just music/music/Children Of Bodom/Are You Dead Yet- [Bonus Track],/mnt/d/Music/just music/music/Children Of Bodom,Are You Dead Yet- [Bonus Track],2026-07-04T17:23:54+00:00
/mnt/d/Music,just music/music/Chimaira,/mnt/d/Music/just music/music/Chimaira,/mnt/d/Music/just music/music,Chimaira,2026-07-04T17:23:56+00:00
/mnt/d/Music,just music/music/Chimaira/Chimaira,/mnt/d/Music/just music/music/Chimaira/Chimaira,/mnt/d/Music/just music/music/Chimaira,Chimaira,2026-07-04T17:23:56+00:00
/mnt/d/Music,just music/music/Chimaira/The Impossibility Of Reason,/mnt/d/Music/just music/music/Chimaira/The Impossibility Of Reason,/mnt/d/Music/just music/music/Chimaira,The Impossibility Of Reason,2026-07-04T17:23:58+00:00
/mnt/d/Music,just music/music/Dethklok,/mnt/d/Music/just music/music/Dethklok,/mnt/d/Music/just music/music,Dethklok,2026-07-04T17:23:58+00:00
/mnt/d/Music,just music/music/Dethklok/The Dethalbum,/mnt/d/Music/just music/music/Dethklok/The Dethalbum,/mnt/d/Music/just music/music/Dethklok,The Dethalbum,2026-07-04T17:24:00+00:00
/mnt/d/Music,just music/music/Disturbed,/mnt/d/Music/just music/music/Disturbed,/mnt/d/Music/just music/music,Disturbed,2026-07-04T17:24:00+00:00
/mnt/d/Music,just music/music/Disturbed/Ten Thousand Fists,/mnt/d/Music/just music/music/Disturbed/Ten Thousand Fists,/mnt/d/Music/just music/music/Disturbed,Ten Thousand Fists,2026-07-04T17:24:02+00:00
/mnt/d/Music,just music/music/Dope,/mnt/d/Music/just music/music/Dope,/mnt/d/Music/just music/music,Dope,2026-07-04T17:24:02+00:00
/mnt/d/Music,just music/music/Dope/Life,/mnt/d/Music/just music/music/Dope/Life,/mnt/d/Music/just music/music/Dope,Life,2026-07-04T17:24:04+00:00
/mnt/d/Music,just music/music/Downthesun,/mnt/d/Music/just music/music/Downthesun,/mnt/d/Music/just music/music,Downthesun,2026-07-04T17:24:04+00:00
/mnt/d/Music,just music/music/Downthesun/Downthesun,/mnt/d/Music/just music/music/Downthesun/Downthesun,/mnt/d/Music/just music/music/Downthesun,Downthesun,2026-07-04T17:24:06+00:00
/mnt/d/Music,just music/music/Dream Theater,/mnt/d/Music/just music/music/Dream Theater,/mnt/d/Music/just music/music,Dream Theater,2026-07-04T17:24:12+00:00
/mnt/d/Music,just music/music/Dream Theater/Octavarium,/mnt/d/Music/just music/music/Dream Theater/Octavarium,/mnt/d/Music/just music/music/Dream Theater,Octavarium,2026-07-04T17:24:08+00:00
/mnt/d/Music,just music/music/Dream Theater/Systematic Chaos,/mnt/d/Music/just music/music/Dream Theater/Systematic Chaos,/mnt/d/Music/just music/music/Dream Theater,Systematic Chaos,2026-07-04T17:24:11+00:00
/mnt/d/Music,just music/music/Dream Theater/Train Of Thought,/mnt/d/Music/just music/music/Dream Theater/Train Of Thought,/mnt/d/Music/just music/music/Dream Theater,Train Of Thought,2026-07-04T17:24:14+00:00
/mnt/d/Music,just music/music/Flaw,/mnt/d/Music/just music/music/Flaw,/mnt/d/Music/just music/music,Flaw,2026-07-04T17:24:15+00:00
/mnt/d/Music,just music/music/Flaw/Endangered Species,/mnt/d/Music/just music/music/Flaw/Endangered Species,/mnt/d/Music/just music/music/Flaw,Endangered Species,2026-07-04T17:24:15+00:00
/mnt/d/Music,just music/music/Flaw/Through The Eyes,/mnt/d/Music/just music/music/Flaw/Through The Eyes,/mnt/d/Music/just music/music/Flaw,Through The Eyes,2026-07-04T17:24:17+00:00
/mnt/d/Music,just music/music/Gwar,/mnt/d/Music/just music/music/Gwar,/mnt/d/Music/just music/music,Gwar,2026-07-04T17:24:17+00:00
/mnt/d/Music,just music/music/Gwar/Violence Has Arrived,/mnt/d/Music/just music/music/Gwar/Violence Has Arrived,/mnt/d/Music/just music/music/Gwar,Violence Has Arrived,2026-07-04T17:24:19+00:00
/mnt/d/Music,just music/music/HELLYEAH,/mnt/d/Music/just music/music/HELLYEAH,/mnt/d/Music/just music/music,HELLYEAH,2026-07-04T17:24:19+00:00
/mnt/d/Music,just music/music/HELLYEAH/HELLYEAH,/mnt/d/Music/just music/music/HELLYEAH/HELLYEAH,/mnt/d/Music/just music/music/HELLYEAH,HELLYEAH,2026-07-04T17:24:21+00:00
/mnt/d/Music,just music/music/In Flames,/mnt/d/Music/just music/music/In Flames,/mnt/d/Music/just music/music,In Flames,2026-07-04T17:24:30+00:00
/mnt/d/Music,just music/music/In Flames/COME CLARITY,/mnt/d/Music/just music/music/In Flames/COME CLARITY,/mnt/d/Music/just music/music/In Flames,COME CLARITY,2026-07-04T17:24:26+00:00
/mnt/d/Music,just music/music/In Flames/Clayman,/mnt/d/Music/just music/music/In Flames/Clayman,/mnt/d/Music/just music/music/In Flames,Clayman,2026-07-04T17:24:22+00:00
/mnt/d/Music,just music/music/In Flames/Colony,/mnt/d/Music/just music/music/In Flames/Colony,/mnt/d/Music/just music/music/In Flames,Colony,2026-07-04T17:24:24+00:00
/mnt/d/Music,just music/music/In Flames/Reroute To Remain,/mnt/d/Music/just music/music/In Flames/Reroute To Remain,/mnt/d/Music/just music/music/In Flames,Reroute To Remain,2026-07-04T17:24:28+00:00
/mnt/d/Music,just music/music/In Flames/The Jester Race-Black-Ash Inheritance [Bonus Tracks],/mnt/d/Music/just music/music/In Flames/The Jester Race-Black-Ash Inheritance [Bonus Tracks],/mnt/d/Music/just music/music/In Flames,The Jester Race-Black-Ash Inheritance [Bonus Tracks],2026-07-04T17:24:30+00:00
/mnt/d/Music,just music/music/In Flames/Whoracle,/mnt/d/Music/just music/music/In Flames/Whoracle,/mnt/d/Music/just music/music/In Flames,Whoracle,2026-07-04T17:24:32+00:00
/mnt/d/Music,just music/music/Jimi Hendrix,/mnt/d/Music/just music/music/Jimi Hendrix,/mnt/d/Music/just music/music,Jimi Hendrix,2026-07-04T17:24:32+00:00
/mnt/d/Music,just music/music/Jimi Hendrix/Are You Experienced-,/mnt/d/Music/just music/music/Jimi Hendrix/Are You Experienced-,/mnt/d/Music/just music/music/Jimi Hendrix,Are You Experienced-,2026-07-04T17:24:34+00:00
/mnt/d/Music,just music/music/Lamb of God,/mnt/d/Music/just music/music/Lamb of God,/mnt/d/Music/just music/music,Lamb of God,2026-07-04T17:24:43+00:00
/mnt/d/Music,just music/music/Lamb of God/Ashes Of The Wake,/mnt/d/Music/just music/music/Lamb of God/Ashes Of The Wake,/mnt/d/Music/just music/music/Lamb of God,Ashes Of The Wake,2026-07-04T17:24:43+00:00
/mnt/d/Music,just music/music/Lamb of God/Sacrament,/mnt/d/Music/just music/music/Lamb of God/Sacrament,/mnt/d/Music/just music/music/Lamb of God,Sacrament,2026-07-04T17:24:45+00:00
/mnt/d/Music,just music/music/Mastodon,/mnt/d/Music/just music/music/Mastodon,/mnt/d/Music/just music/music,Mastodon,2026-07-04T17:24:49+00:00
/mnt/d/Music,just music/music/Mastodon/Blood Mountain,/mnt/d/Music/just music/music/Mastodon/Blood Mountain,/mnt/d/Music/just music/music/Mastodon,Blood Mountain,2026-07-04T17:24:47+00:00
/mnt/d/Music,just music/music/Mastodon/Leviathan,/mnt/d/Music/just music/music/Mastodon/Leviathan,/mnt/d/Music/just music/music/Mastodon,Leviathan,2026-07-04T17:24:49+00:00
/mnt/d/Music,just music/music/Mastodon/Remission,/mnt/d/Music/just music/music/Mastodon/Remission,/mnt/d/Music/just music/music/Mastodon,Remission,2026-07-04T17:24:51+00:00
/mnt/d/Music,just music/music/Metallica,/mnt/d/Music/just music/music/Metallica,/mnt/d/Music/just music/music,Metallica,2026-07-04T17:24:51+00:00
/mnt/d/Music,just music/music/Metallica/...And Justice For All,/mnt/d/Music/just music/music/Metallica/...And Justice For All,/mnt/d/Music/just music/music/Metallica,...And Justice For All,2026-07-04T17:24:53+00:00
/mnt/d/Music,just music/music/Methods Of Mayhem,/mnt/d/Music/just music/music/Methods Of Mayhem,/mnt/d/Music/just music/music,Methods Of Mayhem,2026-07-04T17:24:54+00:00
/mnt/d/Music,just music/music/Methods Of Mayhem/Methods Of Mayhem,/mnt/d/Music/just music/music/Methods Of Mayhem/Methods Of Mayhem,/mnt/d/Music/just music/music/Methods Of Mayhem,Methods Of Mayhem,2026-07-04T17:24:55+00:00
/mnt/d/Music,just music/music/Monster Magnet,/mnt/d/Music/just music/music/Monster Magnet,/mnt/d/Music/just music/music,Monster Magnet,2026-07-04T17:24:57+00:00
/mnt/d/Music,just music/music/Monster Magnet/God Says No,/mnt/d/Music/just music/music/Monster Magnet/God Says No,/mnt/d/Music/just music/music/Monster Magnet,God Says No,2026-07-04T17:24:57+00:00
/mnt/d/Music,just music/music/Monster Magnet/Powertrip,/mnt/d/Music/just music/music/Monster Magnet/Powertrip,/mnt/d/Music/just music/music/Monster Magnet,Powertrip,2026-07-04T17:24:57+00:00
/mnt/d/Music,just music/music/Mudvayne,/mnt/d/Music/just music/music/Mudvayne,/mnt/d/Music/just music/music,Mudvayne,2026-07-04T17:24:58+00:00
/mnt/d/Music,just music/music/Mudvayne/L.D. 50,/mnt/d/Music/just music/music/Mudvayne/L.D. 50,/mnt/d/Music/just music/music/Mudvayne,L.D. 50,2026-07-04T17:25:00+00:00
/mnt/d/Music,just music/music/Nirvana,/mnt/d/Music/just music/music/Nirvana,/mnt/d/Music/just music/music,Nirvana,2026-07-04T17:25:00+00:00
/mnt/d/Music,just music/music/Nirvana/Nirvana,/mnt/d/Music/just music/music/Nirvana/Nirvana,/mnt/d/Music/just music/music/Nirvana,Nirvana,2026-07-04T17:25:02+00:00
/mnt/d/Music,just music/music/Nothingface,/mnt/d/Music/just music/music/Nothingface,/mnt/d/Music/just music/music,Nothingface,2026-07-04T17:25:05+00:00
/mnt/d/Music,just music/music/Nothingface/An Audio Guide To Everyday Atrocity,/mnt/d/Music/just music/music/Nothingface/An Audio Guide To Everyday Atrocity,/mnt/d/Music/just music/music/Nothingface,An Audio Guide To Everyday Atrocity,2026-07-04T17:25:03+00:00
/mnt/d/Music,just music/music/Nothingface/Skeletons,/mnt/d/Music/just music/music/Nothingface/Skeletons,/mnt/d/Music/just music/music/Nothingface,Skeletons,2026-07-04T17:25:05+00:00
/mnt/d/Music,just music/music/Nothingface/Violence,/mnt/d/Music/just music/music/Nothingface/Violence,/mnt/d/Music/just music/music/Nothingface,Violence,2026-07-04T17:25:07+00:00
/mnt/d/Music,just music/music/Opeth,/mnt/d/Music/just music/music/Opeth,/mnt/d/Music/just music/music,Opeth,2026-07-04T17:25:24+00:00
/mnt/d/Music,just music/music/Opeth/Blackwater Park,/mnt/d/Music/just music/music/Opeth/Blackwater Park,/mnt/d/Music/just music/music/Opeth,Blackwater Park,2026-07-04T17:25:09+00:00
/mnt/d/Music,just music/music/Opeth/Damnation,/mnt/d/Music/just music/music/Opeth/Damnation,/mnt/d/Music/just music/music/Opeth,Damnation,2026-07-04T17:25:11+00:00
/mnt/d/Music,just music/music/Opeth/Deliverance,/mnt/d/Music/just music/music/Opeth/Deliverance,/mnt/d/Music/just music/music/Opeth,Deliverance,2026-07-04T17:25:13+00:00
/mnt/d/Music,just music/music/Opeth/Ghost Reveries,/mnt/d/Music/just music/music/Opeth/Ghost Reveries,/mnt/d/Music/just music/music/Opeth,Ghost Reveries,2026-07-04T17:25:16+00:00
/mnt/d/Music,just music/music/Opeth/Morningrise,/mnt/d/Music/just music/music/Opeth/Morningrise,/mnt/d/Music/just music/music/Opeth,Morningrise,2026-07-04T17:25:18+00:00
/mnt/d/Music,"just music/music/Opeth/My Arms, Your Hearse [Bonus Tracks]","/mnt/d/Music/just music/music/Opeth/My Arms, Your Hearse [Bonus Tracks]",/mnt/d/Music/just music/music/Opeth,"My Arms, Your Hearse [Bonus Tracks]",2026-07-04T17:25:21+00:00
/mnt/d/Music,just music/music/Opeth/Orchid [Bonus Tracks],/mnt/d/Music/just music/music/Opeth/Orchid [Bonus Tracks],/mnt/d/Music/just music/music/Opeth,Orchid [Bonus Tracks],2026-07-04T17:25:23+00:00
/mnt/d/Music,just music/music/Opeth/Still Life,/mnt/d/Music/just music/music/Opeth/Still Life,/mnt/d/Music/just music/music/Opeth,Still Life,2026-07-04T17:25:26+00:00
/mnt/d/Music,just music/music/Porcupine Tree,/mnt/d/Music/just music/music/Porcupine Tree,/mnt/d/Music/just music/music,Porcupine Tree,2026-07-04T17:25:26+00:00
/mnt/d/Music,just music/music/Porcupine Tree/'Deadwing' Album,/mnt/d/Music/just music/music/Porcupine Tree/'Deadwing' Album,/mnt/d/Music/just music/music/Porcupine Tree,'Deadwing' Album,2026-07-04T17:25:28+00:00
/mnt/d/Music,just music/music/Progress,/mnt/d/Music/just music/music/Progress,/mnt/d/Music/just music/music,Progress,2026-07-04T17:25:36+00:00
/mnt/d/Music,just music/music/Rage Against The Machine,/mnt/d/Music/just music/music/Rage Against The Machine,/mnt/d/Music/just music/music,Rage Against The Machine,2026-07-04T17:25:38+00:00
/mnt/d/Music,just music/music/Rage Against The Machine/Rage Against The Machine,/mnt/d/Music/just music/music/Rage Against The Machine/Rage Against The Machine,/mnt/d/Music/just music/music/Rage Against The Machine,Rage Against The Machine,2026-07-04T17:25:38+00:00
/mnt/d/Music,just music/music/Rage Against The Machine/The Battle Of Los Angeles,/mnt/d/Music/just music/music/Rage Against The Machine/The Battle Of Los Angeles,/mnt/d/Music/just music/music/Rage Against The Machine,The Battle Of Los Angeles,2026-07-04T17:25:40+00:00
/mnt/d/Music,just music/music/Rammstein,/mnt/d/Music/just music/music/Rammstein,/mnt/d/Music/just music/music,Rammstein,2026-07-04T17:25:40+00:00
/mnt/d/Music,just music/music/Rammstein/Mutter,/mnt/d/Music/just music/music/Rammstein/Mutter,/mnt/d/Music/just music/music/Rammstein,Mutter,2026-07-04T17:25:41+00:00
/mnt/d/Music,just music/music/Rob Zombie,/mnt/d/Music/just music/music/Rob Zombie,/mnt/d/Music/just music/music,Rob Zombie,2026-07-04T17:25:41+00:00
/mnt/d/Music,just music/music/Rob Zombie/Hellbilly Deluxe,/mnt/d/Music/just music/music/Rob Zombie/Hellbilly Deluxe,/mnt/d/Music/just music/music/Rob Zombie,Hellbilly Deluxe,2026-07-04T17:25:43+00:00
/mnt/d/Music,just music/music/Shadows Fall,/mnt/d/Music/just music/music/Shadows Fall,/mnt/d/Music/just music/music,Shadows Fall,2026-07-04T17:25:45+00:00
/mnt/d/Music,just music/music/Shadows Fall/The War Within,/mnt/d/Music/just music/music/Shadows Fall/The War Within,/mnt/d/Music/just music/music/Shadows Fall,The War Within,2026-07-04T17:25:44+00:00
/mnt/d/Music,just music/music/Shadows Fall/Threads Of Life,/mnt/d/Music/just music/music/Shadows Fall/Threads Of Life,/mnt/d/Music/just music/music/Shadows Fall,Threads Of Life,2026-07-04T17:25:46+00:00
/mnt/d/Music,just music/music/Slipknot,/mnt/d/Music/just music/music/Slipknot,/mnt/d/Music/just music/music,Slipknot,2026-07-04T17:25:47+00:00
/mnt/d/Music,just music/music/Slipknot/Iowa,/mnt/d/Music/just music/music/Slipknot/Iowa,/mnt/d/Music/just music/music/Slipknot,Iowa,2026-07-04T17:25:48+00:00
/mnt/d/Music,just music/music/Stone Temple Pilots,/mnt/d/Music/just music/music/Stone Temple Pilots,/mnt/d/Music/just music/music,Stone Temple Pilots,2026-07-04T17:25:49+00:00
/mnt/d/Music,just music/music/Stone Temple Pilots/Core,/mnt/d/Music/just music/music/Stone Temple Pilots/Core,/mnt/d/Music/just music/music/Stone Temple Pilots,Core,2026-07-04T17:25:49+00:00
/mnt/d/Music,just music/music/Stone Temple Pilots/Thank You,/mnt/d/Music/just music/music/Stone Temple Pilots/Thank You,/mnt/d/Music/just music/music/Stone Temple Pilots,Thank You,2026-07-04T17:25:51+00:00
/mnt/d/Music,just music/music/Strapping Young Lad,/mnt/d/Music/just music/music/Strapping Young Lad,/mnt/d/Music/just music/music,Strapping Young Lad,2026-07-04T17:25:51+00:00
/mnt/d/Music,just music/music/Strapping Young Lad/Syl,/mnt/d/Music/just music/music/Strapping Young Lad/Syl,/mnt/d/Music/just music/music/Strapping Young Lad,Syl,2026-07-04T17:25:52+00:00
/mnt/d/Music,just music/music/System Of A Down,/mnt/d/Music/just music/music/System Of A Down,/mnt/d/Music/just music/music,System Of A Down,2026-07-04T17:25:56+00:00
/mnt/d/Music,just music/music/System Of A Down/Hypnotize,/mnt/d/Music/just music/music/System Of A Down/Hypnotize,/mnt/d/Music/just music/music/System Of A Down,Hypnotize,2026-07-04T17:25:54+00:00
/mnt/d/Music,just music/music/System Of A Down/Mezmerize,/mnt/d/Music/just music/music/System Of A Down/Mezmerize,/mnt/d/Music/just music/music/System Of A Down,Mezmerize,2026-07-04T17:25:55+00:00
/mnt/d/Music,just music/music/System Of A Down/Steal This Album!,/mnt/d/Music/just music/music/System Of A Down/Steal This Album!,/mnt/d/Music/just music/music/System Of A Down,Steal This Album!,2026-07-04T17:25:59+00:00
/mnt/d/Music,just music/music/The Haunted,/mnt/d/Music/just music/music/The Haunted,/mnt/d/Music/just music/music,The Haunted,2026-07-04T17:25:59+00:00
/mnt/d/Music,just music/music/The Haunted/The Dead Eye limited edition,/mnt/d/Music/just music/music/The Haunted/The Dead Eye limited edition,/mnt/d/Music/just music/music/The Haunted,The Dead Eye limited edition,2026-07-04T17:26:01+00:00
/mnt/d/Music,just music/music/The Mars Volta,/mnt/d/Music/just music/music/The Mars Volta,/mnt/d/Music/just music/music,The Mars Volta,2026-07-04T17:26:01+00:00
/mnt/d/Music,just music/music/The Mars Volta/Frances The Mute,/mnt/d/Music/just music/music/The Mars Volta/Frances The Mute,/mnt/d/Music/just music/music/The Mars Volta,Frances The Mute,2026-07-04T17:26:04+00:00
/mnt/d/Music,just music/music/The String Tribute To Tool,/mnt/d/Music/just music/music/The String Tribute To Tool,/mnt/d/Music/just music/music,The String Tribute To Tool,2026-07-04T17:26:04+00:00
/mnt/d/Music,just music/music/The String Tribute To Tool/Third Eye Open,/mnt/d/Music/just music/music/The String Tribute To Tool/Third Eye Open,/mnt/d/Music/just music/music/The String Tribute To Tool,Third Eye Open,2026-07-04T17:26:06+00:00
/mnt/d/Music,just music/music/Tool,/mnt/d/Music/just music/music/Tool,/mnt/d/Music/just music/music,Tool,2026-07-04T17:26:12+00:00
/mnt/d/Music,just music/music/Tool/Lateralus,/mnt/d/Music/just music/music/Tool/Lateralus,/mnt/d/Music/just music/music/Tool,Lateralus,2026-07-04T17:26:08+00:00
/mnt/d/Music,just music/music/Tool/Opiate,/mnt/d/Music/just music/music/Tool/Opiate,/mnt/d/Music/just music/music/Tool,Opiate,2026-07-04T17:26:09+00:00
/mnt/d/Music,just music/music/Tool/Undertow,/mnt/d/Music/just music/music/Tool/Undertow,/mnt/d/Music/just music/music/Tool,Undertow,2026-07-04T17:26:12+00:00
/mnt/d/Music,just music/music/Tool/Ænima,/mnt/d/Music/just music/music/Tool/Ænima,/mnt/d/Music/just music/music/Tool,Ænima,2026-07-04T17:26:15+00:00
/mnt/d/Music,just music/music/Trivium,/mnt/d/Music/just music/music/Trivium,/mnt/d/Music/just music/music,Trivium,2026-07-04T17:26:19+00:00
/mnt/d/Music,just music/music/Trivium/Acsendency,/mnt/d/Music/just music/music/Trivium/Acsendency,/mnt/d/Music/just music/music/Trivium,Acsendency,2026-07-04T17:26:21+00:00
/mnt/d/Music,just music/music/Unearth,/mnt/d/Music/just music/music/Unearth,/mnt/d/Music/just music/music,Unearth,2026-07-04T17:26:21+00:00
/mnt/d/Music,just music/music/Unearth/The Oncoming Storm,/mnt/d/Music/just music/music/Unearth/The Oncoming Storm,/mnt/d/Music/just music/music/Unearth,The Oncoming Storm,2026-07-04T17:26:21+00:00
/mnt/d/Music,just music/music/katatonia,/mnt/d/Music/just music/music/katatonia,/mnt/d/Music/just music/music,katatonia,2026-07-04T17:24:37+00:00
/mnt/d/Music,just music/music/katatonia/katatonia,/mnt/d/Music/just music/music/katatonia/katatonia,/mnt/d/Music/just music/music/katatonia,katatonia,2026-07-04T17:24:37+00:00
/mnt/d/Music,just music/music/katatonia/unlableed,/mnt/d/Music/just music/music/katatonia/unlableed,/mnt/d/Music/just music/music/katatonia,unlableed,2026-07-04T17:24:39+00:00
/mnt/d/Music,just music/music/kodo,/mnt/d/Music/just music/music/kodo,/mnt/d/Music/just music/music,kodo,2026-07-04T17:24:39+00:00
/mnt/d/Music,just music/music/kodo/best of kodo,/mnt/d/Music/just music/music/kodo/best of kodo,/mnt/d/Music/just music/music/kodo,best of kodo,2026-07-04T17:24:41+00:00
/mnt/d/Music,just music/music/primus,/mnt/d/Music/just music/music/primus,/mnt/d/Music/just music/music,primus,2026-07-04T17:25:33+00:00
/mnt/d/Music,just music/music/primus/Antipop,/mnt/d/Music/just music/music/primus/Antipop,/mnt/d/Music/just music/music/primus,Antipop,2026-07-04T17:25:30+00:00
/mnt/d/Music,just music/music/primus/Frizzle Fry [Bonus Track],/mnt/d/Music/just music/music/primus/Frizzle Fry [Bonus Track],/mnt/d/Music/just music/music/primus,Frizzle Fry [Bonus Track],2026-07-04T17:25:32+00:00
/mnt/d/Music,just music/music/primus/Sailing The Seas Of Cheese,/mnt/d/Music/just music/music/primus/Sailing The Seas Of Cheese,/mnt/d/Music/just music/music/primus,Sailing The Seas Of Cheese,2026-07-04T17:25:34+00:00
/mnt/d/Music,just music/music/toolio,/mnt/d/Music/just music/music/toolio,/mnt/d/Music/just music/music,toolio,2026-07-04T17:26:16+00:00
/mnt/d/Music,just music/music/toolio/Untitled - 04-16-06 (1),/mnt/d/Music/just music/music/toolio/Untitled - 04-16-06 (1),/mnt/d/Music/just music/music/toolio,Untitled - 04-16-06 (1),2026-07-04T17:26:19+00:00
/mnt/d/Music,just music/samples,/mnt/d/Music/just music/samples,/mnt/d/Music/just music,samples,2026-07-04T18:00:24+00:00
/mnt/d/Music,music,/mnt/d/Music/music,/mnt/d/Music,music,2026-07-04T18:02:50+00:00
/mnt/d/Music,music/1995 - Orchid,/mnt/d/Music/music/1995 - Orchid,/mnt/d/Music/music,1995 - Orchid,2026-07-04T17:30:22+00:00
/mnt/d/Music,music/1996 - Morningrise,/mnt/d/Music/music/1996 - Morningrise,/mnt/d/Music/music,1996 - Morningrise,2026-07-04T17:30:22+00:00
/mnt/d/Music,"music/1998 - My Arms, Your Hearse","/mnt/d/Music/music/1998 - My Arms, Your Hearse",/mnt/d/Music/music,"1998 - My Arms, Your Hearse",2026-07-04T17:30:22+00:00
/mnt/d/Music,music/1999 - Still Life,/mnt/d/Music/music/1999 - Still Life,/mnt/d/Music/music,1999 - Still Life,2026-07-04T17:30:22+00:00
/mnt/d/Music,music/2001 - Blackwater Park,/mnt/d/Music/music/2001 - Blackwater Park,/mnt/d/Music/music,2001 - Blackwater Park,2026-07-04T17:30:22+00:00
/mnt/d/Music,music/2001 - Blackwater Park/Bonus Disc,/mnt/d/Music/music/2001 - Blackwater Park/Bonus Disc,/mnt/d/Music/music/2001 - Blackwater Park,Bonus Disc,2026-07-04T17:30:22+00:00
/mnt/d/Music,music/2002 - Deliverance,/mnt/d/Music/music/2002 - Deliverance,/mnt/d/Music/music,2002 - Deliverance,2026-07-04T17:30:22+00:00
/mnt/d/Music,music/2003 - Damnation,/mnt/d/Music/music/2003 - Damnation,/mnt/d/Music/music,2003 - Damnation,2026-07-04T17:30:22+00:00
/mnt/d/Music,music/2004 - Lamentations,/mnt/d/Music/music/2004 - Lamentations,/mnt/d/Music/music,2004 - Lamentations,2026-07-04T17:30:22+00:00
/mnt/d/Music,music/2005 - Ghost Reveries,/mnt/d/Music/music/2005 - Ghost Reveries,/mnt/d/Music/music,2005 - Ghost Reveries,2026-07-04T17:30:22+00:00
/mnt/d/Music,music/2007 - The Roundhouse Tapes,/mnt/d/Music/music/2007 - The Roundhouse Tapes,/mnt/d/Music/music,2007 - The Roundhouse Tapes,2026-07-04T17:30:22+00:00
/mnt/d/Music,music/2008 - Watershed,/mnt/d/Music/music/2008 - Watershed,/mnt/d/Music/music,2008 - Watershed,2026-07-04T17:30:22+00:00
/mnt/d/Music,music/3 Doors Down,/mnt/d/Music/music/3 Doors Down,/mnt/d/Music/music,3 Doors Down,2026-07-04T17:38:31+00:00
/mnt/d/Music,music/3 Doors Down/Seventeen Days,/mnt/d/Music/music/3 Doors Down/Seventeen Days,/mnt/d/Music/music/3 Doors Down,Seventeen Days,2026-07-04T17:38:32+00:00
/mnt/d/Music,music/30 Seconds To Mars,/mnt/d/Music/music/30 Seconds To Mars,/mnt/d/Music/music,30 Seconds To Mars,2026-07-04T17:34:59+00:00
/mnt/d/Music,music/30 Seconds To Mars/A Beautiful Lie,/mnt/d/Music/music/30 Seconds To Mars/A Beautiful Lie,/mnt/d/Music/music/30 Seconds To Mars,A Beautiful Lie,2026-07-04T17:35:00+00:00
/mnt/d/Music,music/311,/mnt/d/Music/music/311,/mnt/d/Music/music,311,2026-07-04T17:35:00+00:00
/mnt/d/Music,music/311/311,/mnt/d/Music/music/311/311,/mnt/d/Music/music/311,311,2026-07-04T17:35:01+00:00
/mnt/d/Music,music/38 Special,/mnt/d/Music/music/38 Special,/mnt/d/Music/music,38 Special,2026-07-04T17:35:01+00:00
/mnt/d/Music,music/38 Special/Monsters Of Rock (Disc 2),/mnt/d/Music/music/38 Special/Monsters Of Rock (Disc 2),/mnt/d/Music/music/38 Special,Monsters Of Rock (Disc 2),2026-07-04T17:35:01+00:00
/mnt/d/Music,music/70's,/mnt/d/Music/music/70's,/mnt/d/Music/music,70's,2026-07-04T17:35:02+00:00
/mnt/d/Music,music/70's/Average White Band,/mnt/d/Music/music/70's/Average White Band,/mnt/d/Music/music/70's,Average White Band,2026-07-04T17:35:01+00:00
/mnt/d/Music,music/70's/Average White Band/Swingers,/mnt/d/Music/music/70's/Average White Band/Swingers,/mnt/d/Music/music/70's/Average White Band,Swingers,2026-07-04T17:35:01+00:00
/mnt/d/Music,music/70's/Bee Gees,/mnt/d/Music/music/70's/Bee Gees,/mnt/d/Music/music/70's,Bee Gees,2026-07-04T17:35:01+00:00
/mnt/d/Music,music/70's/Bee Gees/No album info,/mnt/d/Music/music/70's/Bee Gees/No album info,/mnt/d/Music/music/70's/Bee Gees,No album info,2026-07-04T17:35:01+00:00
/mnt/d/Music,music/70's/Bee Gees/Saturday Night Fever,/mnt/d/Music/music/70's/Bee Gees/Saturday Night Fever,/mnt/d/Music/music/70's/Bee Gees,Saturday Night Fever,2026-07-04T17:35:01+00:00
/mnt/d/Music,music/70's/Jackson Five,/mnt/d/Music/music/70's/Jackson Five,/mnt/d/Music/music/70's,Jackson Five,2026-07-04T17:35:01+00:00
/mnt/d/Music,music/70's/Jackson Five/No album info,/mnt/d/Music/music/70's/Jackson Five/No album info,/mnt/d/Music/music/70's/Jackson Five,No album info,2026-07-04T17:35:01+00:00
/mnt/d/Music,music/70's/KC and the Sunshine Band,/mnt/d/Music/music/70's/KC and the Sunshine Band,/mnt/d/Music/music/70's,KC and the Sunshine Band,2026-07-04T17:35:01+00:00
/mnt/d/Music,music/70's/KC and the Sunshine Band/Dance Remixes,/mnt/d/Music/music/70's/KC and the Sunshine Band/Dance Remixes,/mnt/d/Music/music/70's/KC and the Sunshine Band,Dance Remixes,2026-07-04T17:35:01+00:00
/mnt/d/Music,music/70's/Kool and The Gang,/mnt/d/Music/music/70's/Kool and The Gang,/mnt/d/Music/music/70's,Kool and The Gang,2026-07-04T17:35:01+00:00
/mnt/d/Music,music/70's/Kool and The Gang/No album info,/mnt/d/Music/music/70's/Kool and The Gang/No album info,/mnt/d/Music/music/70's/Kool and The Gang,No album info,2026-07-04T17:35:01+00:00
/mnt/d/Music,music/70's/O'Jays,/mnt/d/Music/music/70's/O'Jays,/mnt/d/Music/music/70's,O'Jays,2026-07-04T17:35:02+00:00
/mnt/d/Music,music/70's/O'Jays/No album info,/mnt/d/Music/music/70's/O'Jays/No album info,/mnt/d/Music/music/70's/O'Jays,No album info,2026-07-04T17:35:02+00:00
/mnt/d/Music,music/70's/Village People,/mnt/d/Music/music/70's/Village People,/mnt/d/Music/music/70's,Village People,2026-07-04T17:35:02+00:00
/mnt/d/Music,music/70's/Village People/Wayne's World 2,/mnt/d/Music/music/70's/Village People/Wayne's World 2,/mnt/d/Music/music/70's/Village People,Wayne's World 2,2026-07-04T17:35:02+00:00
/mnt/d/Music,music/80's,/mnt/d/Music/music/80's,/mnt/d/Music/music,80's,2026-07-04T17:35:10+00:00
/mnt/d/Music,music/80's/Aerosmith,/mnt/d/Music/music/80's/Aerosmith,/mnt/d/Music/music/80's,Aerosmith,2026-07-04T17:35:02+00:00
/mnt/d/Music,music/80's/Aerosmith/80's Mix,/mnt/d/Music/music/80's/Aerosmith/80's Mix,/mnt/d/Music/music/80's/Aerosmith,80's Mix,2026-07-04T17:35:02+00:00
/mnt/d/Music,music/80's/Ah-Ha,/mnt/d/Music/music/80's/Ah-Ha,/mnt/d/Music/music/80's,Ah-Ha,2026-07-04T17:35:02+00:00
/mnt/d/Music,music/80's/Ah-Ha/80's Mix,/mnt/d/Music/music/80's/Ah-Ha/80's Mix,/mnt/d/Music/music/80's/Ah-Ha,80's Mix,2026-07-04T17:35:02+00:00
/mnt/d/Music,music/80's/Asia,/mnt/d/Music/music/80's/Asia,/mnt/d/Music/music/80's,Asia,2026-07-04T17:35:03+00:00
/mnt/d/Music,music/80's/Asia/80's Mix,/mnt/d/Music/music/80's/Asia/80's Mix,/mnt/d/Music/music/80's/Asia,80's Mix,2026-07-04T17:35:03+00:00
/mnt/d/Music,music/80's/Billy Idol,/mnt/d/Music/music/80's/Billy Idol,/mnt/d/Music/music/80's,Billy Idol,2026-07-04T17:35:03+00:00
/mnt/d/Music,music/80's/Billy Idol/No album info,/mnt/d/Music/music/80's/Billy Idol/No album info,/mnt/d/Music/music/80's/Billy Idol,No album info,2026-07-04T17:35:03+00:00
/mnt/d/Music,music/80's/Billy Joel,/mnt/d/Music/music/80's/Billy Joel,/mnt/d/Music/music/80's,Billy Joel,2026-07-04T17:35:03+00:00
/mnt/d/Music,music/80's/Billy Joel/Glass Houses,/mnt/d/Music/music/80's/Billy Joel/Glass Houses,/mnt/d/Music/music/80's/Billy Joel,Glass Houses,2026-07-04T17:35:03+00:00
/mnt/d/Music,music/80's/Billy Joel/The Stranger,/mnt/d/Music/music/80's/Billy Joel/The Stranger,/mnt/d/Music/music/80's/Billy Joel,The Stranger,2026-07-04T17:35:03+00:00
/mnt/d/Music,music/80's/Bobby Brown,/mnt/d/Music/music/80's/Bobby Brown,/mnt/d/Music/music/80's,Bobby Brown,2026-07-04T17:35:03+00:00
/mnt/d/Music,music/80's/Bobby Brown/80's Mix,/mnt/d/Music/music/80's/Bobby Brown/80's Mix,/mnt/d/Music/music/80's/Bobby Brown,80's Mix,2026-07-04T17:35:03+00:00
/mnt/d/Music,music/80's/Bon Jovi,/mnt/d/Music/music/80's/Bon Jovi,/mnt/d/Music/music/80's,Bon Jovi,2026-07-04T17:35:03+00:00
/mnt/d/Music,music/80's/Bon Jovi/80's Mix,/mnt/d/Music/music/80's/Bon Jovi/80's Mix,/mnt/d/Music/music/80's/Bon Jovi,80's Mix,2026-07-04T17:35:04+00:00
/mnt/d/Music,music/80's/Culture Club,/mnt/d/Music/music/80's/Culture Club,/mnt/d/Music/music/80's,Culture Club,2026-07-04T17:35:04+00:00
/mnt/d/Music,music/80's/Culture Club/80's Mix,/mnt/d/Music/music/80's/Culture Club/80's Mix,/mnt/d/Music/music/80's/Culture Club,80's Mix,2026-07-04T17:35:04+00:00
/mnt/d/Music,music/80's/Damn Yankees,/mnt/d/Music/music/80's/Damn Yankees,/mnt/d/Music/music/80's,Damn Yankees,2026-07-04T17:35:04+00:00
/mnt/d/Music,music/80's/Damn Yankees/80's Mix,/mnt/d/Music/music/80's/Damn Yankees/80's Mix,/mnt/d/Music/music/80's/Damn Yankees,80's Mix,2026-07-04T17:35:04+00:00
/mnt/d/Music,music/80's/Dirty Dancing Soundtrack,/mnt/d/Music/music/80's/Dirty Dancing Soundtrack,/mnt/d/Music/music/80's,Dirty Dancing Soundtrack,2026-07-04T17:35:04+00:00
/mnt/d/Music,music/80's/Dirty Dancing Soundtrack/80's Mix,/mnt/d/Music/music/80's/Dirty Dancing Soundtrack/80's Mix,/mnt/d/Music/music/80's/Dirty Dancing Soundtrack,80's Mix,2026-07-04T17:35:04+00:00
/mnt/d/Music,music/80's/Don Henley,/mnt/d/Music/music/80's/Don Henley,/mnt/d/Music/music/80's,Don Henley,2026-07-04T17:35:04+00:00
/mnt/d/Music,music/80's/Don Henley/Actual Miles Henley's Greatest Hits,/mnt/d/Music/music/80's/Don Henley/Actual Miles Henley's Greatest Hits,/mnt/d/Music/music/80's/Don Henley,Actual Miles Henley's Greatest Hits,2026-07-04T17:35:04+00:00
/mnt/d/Music,music/80's/Fine Young Cannibals,/mnt/d/Music/music/80's/Fine Young Cannibals,/mnt/d/Music/music/80's,Fine Young Cannibals,2026-07-04T17:35:04+00:00
/mnt/d/Music,music/80's/Fine Young Cannibals/I Want My 80's Box,/mnt/d/Music/music/80's/Fine Young Cannibals/I Want My 80's Box,/mnt/d/Music/music/80's/Fine Young Cannibals,I Want My 80's Box,2026-07-04T17:35:04+00:00
/mnt/d/Music,music/80's/Flashdance,/mnt/d/Music/music/80's/Flashdance,/mnt/d/Music/music/80's,Flashdance,2026-07-04T17:35:05+00:00
/mnt/d/Music,music/80's/Flashdance/No album info,/mnt/d/Music/music/80's/Flashdance/No album info,/mnt/d/Music/music/80's/Flashdance,No album info,2026-07-04T17:35:05+00:00
/mnt/d/Music,music/80's/Four Non Blondes,/mnt/d/Music/music/80's/Four Non Blondes,/mnt/d/Music/music/80's,Four Non Blondes,2026-07-04T17:35:05+00:00
/mnt/d/Music,music/80's/Four Non Blondes/No album info,/mnt/d/Music/music/80's/Four Non Blondes/No album info,/mnt/d/Music/music/80's/Four Non Blondes,No album info,2026-07-04T17:35:05+00:00
/mnt/d/Music,music/80's/George Michael,/mnt/d/Music/music/80's/George Michael,/mnt/d/Music/music/80's,George Michael,2026-07-04T17:35:05+00:00
/mnt/d/Music,music/80's/George Michael/80's Mix,/mnt/d/Music/music/80's/George Michael/80's Mix,/mnt/d/Music/music/80's/George Michael,80's Mix,2026-07-04T17:35:05+00:00
/mnt/d/Music,music/80's/Guns N Roses,/mnt/d/Music/music/80's/Guns N Roses,/mnt/d/Music/music/80's,Guns N Roses,2026-07-04T17:35:05+00:00
/mnt/d/Music,music/80's/Guns N Roses/80's Mix,/mnt/d/Music/music/80's/Guns N Roses/80's Mix,/mnt/d/Music/music/80's/Guns N Roses,80's Mix,2026-07-04T17:35:05+00:00
/mnt/d/Music,music/80's/Kenny Loggins,/mnt/d/Music/music/80's/Kenny Loggins,/mnt/d/Music/music/80's,Kenny Loggins,2026-07-04T17:35:06+00:00
/mnt/d/Music,music/80's/Kenny Loggins/80's Mix,/mnt/d/Music/music/80's/Kenny Loggins/80's Mix,/mnt/d/Music/music/80's/Kenny Loggins,80's Mix,2026-07-04T17:35:06+00:00
/mnt/d/Music,music/80's/MC Hammer,/mnt/d/Music/music/80's/MC Hammer,/mnt/d/Music/music/80's,MC Hammer,2026-07-04T17:35:06+00:00
/mnt/d/Music,music/80's/MC Hammer/80's Mix,/mnt/d/Music/music/80's/MC Hammer/80's Mix,/mnt/d/Music/music/80's/MC Hammer,80's Mix,2026-07-04T17:35:06+00:00
/mnt/d/Music,music/80's/Men at Work,/mnt/d/Music/music/80's/Men at Work,/mnt/d/Music/music/80's,Men at Work,2026-07-04T17:35:06+00:00
/mnt/d/Music,music/80's/Men at Work/80's #1 Pop Hits,/mnt/d/Music/music/80's/Men at Work/80's #1 Pop Hits,/mnt/d/Music/music/80's/Men at Work,80's #1 Pop Hits,2026-07-04T17:35:06+00:00
/mnt/d/Music,music/80's/Men at Work/80's Mix,/mnt/d/Music/music/80's/Men at Work/80's Mix,/mnt/d/Music/music/80's/Men at Work,80's Mix,2026-07-04T17:35:06+00:00
/mnt/d/Music,music/80's/Michael Jackson,/mnt/d/Music/music/80's/Michael Jackson,/mnt/d/Music/music/80's,Michael Jackson,2026-07-04T17:35:06+00:00
/mnt/d/Music,music/80's/Michael Jackson/No album info,/mnt/d/Music/music/80's/Michael Jackson/No album info,/mnt/d/Music/music/80's/Michael Jackson,No album info,2026-07-04T17:35:06+00:00
/mnt/d/Music,music/80's/Midnight Oil,/mnt/d/Music/music/80's/Midnight Oil,/mnt/d/Music/music/80's,Midnight Oil,2026-07-04T17:35:06+00:00
/mnt/d/Music,music/80's/Midnight Oil/Scream in Blue Live,/mnt/d/Music/music/80's/Midnight Oil/Scream in Blue Live,/mnt/d/Music/music/80's/Midnight Oil,Scream in Blue Live,2026-07-04T17:35:06+00:00
/mnt/d/Music,music/80's/Modern English,/mnt/d/Music/music/80's/Modern English,/mnt/d/Music/music/80's,Modern English,2026-07-04T17:35:06+00:00
/mnt/d/Music,music/80's/Modern English/80's Mix,/mnt/d/Music/music/80's/Modern English/80's Mix,/mnt/d/Music/music/80's/Modern English,80's Mix,2026-07-04T17:35:06+00:00
/mnt/d/Music,music/80's/Mr. Mister,/mnt/d/Music/music/80's/Mr. Mister,/mnt/d/Music/music/80's,Mr. Mister,2026-07-04T17:35:07+00:00
/mnt/d/Music,music/80's/Mr. Mister/Welcome to the Real World,/mnt/d/Music/music/80's/Mr. Mister/Welcome to the Real World,/mnt/d/Music/music/80's/Mr. Mister,Welcome to the Real World,2026-07-04T17:35:07+00:00
/mnt/d/Music,music/80's/Naked Eye,/mnt/d/Music/music/80's/Naked Eye,/mnt/d/Music/music/80's,Naked Eye,2026-07-04T17:35:07+00:00
/mnt/d/Music,music/80's/Naked Eye/80's Mix,/mnt/d/Music/music/80's/Naked Eye/80's Mix,/mnt/d/Music/music/80's/Naked Eye,80's Mix,2026-07-04T17:35:07+00:00
/mnt/d/Music,music/80's/Nena,/mnt/d/Music/music/80's/Nena,/mnt/d/Music/music/80's,Nena,2026-07-04T17:35:07+00:00
/mnt/d/Music,music/80's/Nena/No album info,/mnt/d/Music/music/80's/Nena/No album info,/mnt/d/Music/music/80's/Nena,No album info,2026-07-04T17:35:07+00:00
/mnt/d/Music,music/80's/Prince,/mnt/d/Music/music/80's/Prince,/mnt/d/Music/music/80's,Prince,2026-07-04T17:35:07+00:00
/mnt/d/Music,music/80's/Prince/80's Mix,/mnt/d/Music/music/80's/Prince/80's Mix,/mnt/d/Music/music/80's/Prince,80's Mix,2026-07-04T17:35:07+00:00
/mnt/d/Music,music/80's/REO Speedwagon,/mnt/d/Music/music/80's/REO Speedwagon,/mnt/d/Music/music/80's,REO Speedwagon,2026-07-04T17:35:08+00:00
/mnt/d/Music,"music/80's/REO Speedwagon/70's & 80's, Vol. 32","/mnt/d/Music/music/80's/REO Speedwagon/70's & 80's, Vol. 32",/mnt/d/Music/music/80's/REO Speedwagon,"70's & 80's, Vol. 32",2026-07-04T17:35:08+00:00
/mnt/d/Music,music/80's/REO Speedwagon/No album info,/mnt/d/Music/music/80's/REO Speedwagon/No album info,/mnt/d/Music/music/80's/REO Speedwagon,No album info,2026-07-04T17:35:08+00:00
/mnt/d/Music,music/80's/Richard Marx,/mnt/d/Music/music/80's/Richard Marx,/mnt/d/Music/music/80's,Richard Marx,2026-07-04T17:35:08+00:00
/mnt/d/Music,music/80's/Richard Marx/80's Mix,/mnt/d/Music/music/80's/Richard Marx/80's Mix,/mnt/d/Music/music/80's/Richard Marx,80's Mix,2026-07-04T17:35:08+00:00
/mnt/d/Music,music/80's/Right Said Fred,/mnt/d/Music/music/80's/Right Said Fred,/mnt/d/Music/music/80's,Right Said Fred,2026-07-04T17:35:08+00:00
/mnt/d/Music,music/80's/Right Said Fred/80's Mix,/mnt/d/Music/music/80's/Right Said Fred/80's Mix,/mnt/d/Music/music/80's/Right Said Fred,80's Mix,2026-07-04T17:35:08+00:00
/mnt/d/Music,music/80's/Robert Palmer,/mnt/d/Music/music/80's/Robert Palmer,/mnt/d/Music/music/80's,Robert Palmer,2026-07-04T17:35:08+00:00
/mnt/d/Music,music/80's/Robert Palmer/No album info,/mnt/d/Music/music/80's/Robert Palmer/No album info,/mnt/d/Music/music/80's/Robert Palmer,No album info,2026-07-04T17:35:08+00:00
/mnt/d/Music,music/80's/Rockwell,/mnt/d/Music/music/80's/Rockwell,/mnt/d/Music/music/80's,Rockwell,2026-07-04T17:35:08+00:00
/mnt/d/Music,music/80's/Rockwell/80's Mix,/mnt/d/Music/music/80's/Rockwell/80's Mix,/mnt/d/Music/music/80's/Rockwell,80's Mix,2026-07-04T17:35:08+00:00
/mnt/d/Music,music/80's/Salt N Pepper,/mnt/d/Music/music/80's/Salt N Pepper,/mnt/d/Music/music/80's,Salt N Pepper,2026-07-04T17:35:08+00:00
/mnt/d/Music,music/80's/Salt N Pepper/80's Mix,/mnt/d/Music/music/80's/Salt N Pepper/80's Mix,/mnt/d/Music/music/80's/Salt N Pepper,80's Mix,2026-07-04T17:35:08+00:00
/mnt/d/Music,music/80's/Shannon,/mnt/d/Music/music/80's/Shannon,/mnt/d/Music/music/80's,Shannon,2026-07-04T17:35:08+00:00
/mnt/d/Music,music/80's/Shannon/80's Mix,/mnt/d/Music/music/80's/Shannon/80's Mix,/mnt/d/Music/music/80's/Shannon,80's Mix,2026-07-04T17:35:08+00:00
/mnt/d/Music,music/80's/Soft Cell,/mnt/d/Music/music/80's/Soft Cell,/mnt/d/Music/music/80's,Soft Cell,2026-07-04T17:35:09+00:00
/mnt/d/Music,music/80's/Soft Cell/Pure 80's,/mnt/d/Music/music/80's/Soft Cell/Pure 80's,/mnt/d/Music/music/80's/Soft Cell,Pure 80's,2026-07-04T17:35:09+00:00
/mnt/d/Music,music/80's/Sting & the Police,/mnt/d/Music/music/80's/Sting & the Police,/mnt/d/Music/music/80's,Sting & the Police,2026-07-04T17:35:09+00:00
/mnt/d/Music,music/80's/Sting & the Police/The Very Best of Sting & the Police [1997],/mnt/d/Music/music/80's/Sting & the Police/The Very Best of Sting & the Police [1997],/mnt/d/Music/music/80's/Sting & the Police,The Very Best of Sting & the Police [1997],2026-07-04T17:35:09+00:00
/mnt/d/Music,music/80's/Taco,/mnt/d/Music/music/80's/Taco,/mnt/d/Music/music/80's,Taco,2026-07-04T17:35:09+00:00
/mnt/d/Music,music/80's/Taco/After Eight,/mnt/d/Music/music/80's/Taco/After Eight,/mnt/d/Music/music/80's/Taco,After Eight,2026-07-04T17:35:09+00:00
/mnt/d/Music,music/80's/Talking Heads,/mnt/d/Music/music/80's/Talking Heads,/mnt/d/Music/music/80's,Talking Heads,2026-07-04T17:35:09+00:00
/mnt/d/Music,music/80's/Talking Heads/Little Creatures,/mnt/d/Music/music/80's/Talking Heads/Little Creatures,/mnt/d/Music/music/80's/Talking Heads,Little Creatures,2026-07-04T17:35:09+00:00
/mnt/d/Music,music/80's/Tears For Fears,/mnt/d/Music/music/80's/Tears For Fears,/mnt/d/Music/music/80's,Tears For Fears,2026-07-04T17:35:09+00:00
/mnt/d/Music,music/80's/Tears For Fears/No album info,/mnt/d/Music/music/80's/Tears For Fears/No album info,/mnt/d/Music/music/80's/Tears For Fears,No album info,2026-07-04T17:35:09+00:00
/mnt/d/Music,music/80's/The B-52's,/mnt/d/Music/music/80's/The B-52's,/mnt/d/Music/music/80's,The B-52's,2026-07-04T17:35:09+00:00
/mnt/d/Music,music/80's/The B-52's/80's Mix,/mnt/d/Music/music/80's/The B-52's/80's Mix,/mnt/d/Music/music/80's/The B-52's,80's Mix,2026-07-04T17:35:09+00:00
/mnt/d/Music,music/80's/The Beach Boys,/mnt/d/Music/music/80's/The Beach Boys,/mnt/d/Music/music/80's,The Beach Boys,2026-07-04T17:35:09+00:00
/mnt/d/Music,music/80's/The Beach Boys/No album info,/mnt/d/Music/music/80's/The Beach Boys/No album info,/mnt/d/Music/music/80's/The Beach Boys,No album info,2026-07-04T17:35:09+00:00
/mnt/d/Music,music/80's/The Cutting Crew,/mnt/d/Music/music/80's/The Cutting Crew,/mnt/d/Music/music/80's,The Cutting Crew,2026-07-04T17:35:09+00:00
/mnt/d/Music,music/80's/The Cutting Crew/80's Mix,/mnt/d/Music/music/80's/The Cutting Crew/80's Mix,/mnt/d/Music/music/80's/The Cutting Crew,80's Mix,2026-07-04T17:35:09+00:00
/mnt/d/Music,music/80's/The Divinyls,/mnt/d/Music/music/80's/The Divinyls,/mnt/d/Music/music/80's,The Divinyls,2026-07-04T17:35:09+00:00
/mnt/d/Music,music/80's/The Divinyls/The Women of Rock,/mnt/d/Music/music/80's/The Divinyls/The Women of Rock,/mnt/d/Music/music/80's/The Divinyls,The Women of Rock,2026-07-04T17:35:09+00:00
/mnt/d/Music,music/80's/The Gap Band,/mnt/d/Music/music/80's/The Gap Band,/mnt/d/Music/music/80's,The Gap Band,2026-07-04T17:35:09+00:00
/mnt/d/Music,music/80's/The Gap Band/80's Mix,/mnt/d/Music/music/80's/The Gap Band/80's Mix,/mnt/d/Music/music/80's/The Gap Band,80's Mix,2026-07-04T17:35:09+00:00
/mnt/d/Music,music/80's/The Outfield,/mnt/d/Music/music/80's/The Outfield,/mnt/d/Music/music/80's,The Outfield,2026-07-04T17:35:10+00:00
/mnt/d/Music,music/80's/The Outfield/80's Mix,/mnt/d/Music/music/80's/The Outfield/80's Mix,/mnt/d/Music/music/80's/The Outfield,80's Mix,2026-07-04T17:35:10+00:00
/mnt/d/Music,music/80's/The Scorpions,/mnt/d/Music/music/80's/The Scorpions,/mnt/d/Music/music/80's,The Scorpions,2026-07-04T17:35:10+00:00
/mnt/d/Music,music/80's/The Scorpions/80's Mix,/mnt/d/Music/music/80's/The Scorpions/80's Mix,/mnt/d/Music/music/80's/The Scorpions,80's Mix,2026-07-04T17:35:10+00:00
/mnt/d/Music,music/80's/The Temptations,/mnt/d/Music/music/80's/The Temptations,/mnt/d/Music/music/80's,The Temptations,2026-07-04T17:35:10+00:00
/mnt/d/Music,music/80's/The Temptations/80's Mix,/mnt/d/Music/music/80's/The Temptations/80's Mix,/mnt/d/Music/music/80's/The Temptations,80's Mix,2026-07-04T17:35:10+00:00
/mnt/d/Music,music/80's/Tommy Tutone,/mnt/d/Music/music/80's/Tommy Tutone,/mnt/d/Music/music/80's,Tommy Tutone,2026-07-04T17:35:10+00:00
/mnt/d/Music,music/80's/Tommy Tutone/Living in the '80s,/mnt/d/Music/music/80's/Tommy Tutone/Living in the '80s,/mnt/d/Music/music/80's/Tommy Tutone,Living in the '80s,2026-07-04T17:35:10+00:00
/mnt/d/Music,music/80's/UB40,/mnt/d/Music/music/80's/UB40,/mnt/d/Music/music/80's,UB40,2026-07-04T17:35:10+00:00
/mnt/d/Music,"music/80's/UB40/Party Time, Vol. 5","/mnt/d/Music/music/80's/UB40/Party Time, Vol. 5",/mnt/d/Music/music/80's/UB40,"Party Time, Vol. 5",2026-07-04T17:35:10+00:00
/mnt/d/Music,"music/80's/UB40/The Best of UB40, Vol. 2","/mnt/d/Music/music/80's/UB40/The Best of UB40, Vol. 2",/mnt/d/Music/music/80's/UB40,"The Best of UB40, Vol. 2",2026-07-04T17:35:10+00:00
/mnt/d/Music,music/80's/Vanilla Ice,/mnt/d/Music/music/80's/Vanilla Ice,/mnt/d/Music/music/80's,Vanilla Ice,2026-07-04T17:35:10+00:00
/mnt/d/Music,music/80's/Vanilla Ice/80's Mix,/mnt/d/Music/music/80's/Vanilla Ice/80's Mix,/mnt/d/Music/music/80's/Vanilla Ice,80's Mix,2026-07-04T17:35:10+00:00
/mnt/d/Music,music/80's/Yes,/mnt/d/Music/music/80's/Yes,/mnt/d/Music/music/80's,Yes,2026-07-04T17:35:10+00:00
/mnt/d/Music,music/80's/Yes/Monsters Of Rock (Disc 1),/mnt/d/Music/music/80's/Yes/Monsters Of Rock (Disc 1),/mnt/d/Music/music/80's/Yes,Monsters Of Rock (Disc 1),2026-07-04T17:35:10+00:00
/mnt/d/Music,music/A Perfect Circle,/mnt/d/Music/music/A Perfect Circle,/mnt/d/Music/music,A Perfect Circle,2026-07-04T17:31:28+00:00
/mnt/d/Music,music/A Perfect Circle/Mer de Noms,/mnt/d/Music/music/A Perfect Circle/Mer de Noms,/mnt/d/Music/music/A Perfect Circle,Mer de Noms,2026-07-04T17:31:28+00:00
/mnt/d/Music,music/A Perfect Circle/Thirteenth Step,/mnt/d/Music/music/A Perfect Circle/Thirteenth Step,/mnt/d/Music/music/A Perfect Circle,Thirteenth Step,2026-07-04T17:31:26+00:00
/mnt/d/Music,music/A Perfect Circle/eMOTIVe,/mnt/d/Music/music/A Perfect Circle/eMOTIVe,/mnt/d/Music/music/A Perfect Circle,eMOTIVe,2026-07-04T17:31:29+00:00
/mnt/d/Music,music/AC_DC,/mnt/d/Music/music/AC_DC,/mnt/d/Music/music,AC_DC,2026-07-04T17:35:11+00:00
/mnt/d/Music,music/AC_DC/Back In Black,/mnt/d/Music/music/AC_DC/Back In Black,/mnt/d/Music/music/AC_DC,Back In Black,2026-07-04T17:35:12+00:00
/mnt/d/Music,music/AC_DC/No album info,/mnt/d/Music/music/AC_DC/No album info,/mnt/d/Music/music/AC_DC,No album info,2026-07-04T17:35:11+00:00
/mnt/d/Music,music/AC_DC/Who Made Who,/mnt/d/Music/music/AC_DC/Who Made Who,/mnt/d/Music/music/AC_DC,Who Made Who,2026-07-04T17:35:11+00:00
/mnt/d/Music,music/Acroma,/mnt/d/Music/music/Acroma,/mnt/d/Music/music,Acroma,2026-07-04T17:31:29+00:00
/mnt/d/Music,music/Acroma/Orbitals,/mnt/d/Music/music/Acroma/Orbitals,/mnt/d/Music/music/Acroma,Orbitals,2026-07-04T17:31:32+00:00
/mnt/d/Music,music/Aerosmith,/mnt/d/Music/music/Aerosmith,/mnt/d/Music/music,Aerosmith,2026-07-04T17:35:13+00:00
/mnt/d/Music,music/Aerosmith/Greatest Hits,/mnt/d/Music/music/Aerosmith/Greatest Hits,/mnt/d/Music/music/Aerosmith,Greatest Hits,2026-07-04T17:35:13+00:00
/mnt/d/Music,music/Aerosmith/No album info,/mnt/d/Music/music/Aerosmith/No album info,/mnt/d/Music/music/Aerosmith,No album info,2026-07-04T17:35:14+00:00
/mnt/d/Music,music/Aerosmith/album,/mnt/d/Music/music/Aerosmith/album,/mnt/d/Music/music/Aerosmith,album,2026-07-04T17:35:12+00:00
/mnt/d/Music,music/Alice Cooper,/mnt/d/Music/music/Alice Cooper,/mnt/d/Music/music,Alice Cooper,2026-07-04T17:35:14+00:00
/mnt/d/Music,music/Alice Cooper/No album info,/mnt/d/Music/music/Alice Cooper/No album info,/mnt/d/Music/music/Alice Cooper,No album info,2026-07-04T17:35:14+00:00
/mnt/d/Music,music/Alice in Chains,/mnt/d/Music/music/Alice in Chains,/mnt/d/Music/music,Alice in Chains,2026-07-04T17:35:15+00:00
/mnt/d/Music,music/Alice in Chains/Alice in Chains,/mnt/d/Music/music/Alice in Chains/Alice in Chains,/mnt/d/Music/music/Alice in Chains,Alice in Chains,2026-07-04T17:35:15+00:00
/mnt/d/Music,music/Alice in Chains/Nothing Safe_ Best of the Box,/mnt/d/Music/music/Alice in Chains/Nothing Safe_ Best of the Box,/mnt/d/Music/music/Alice in Chains,Nothing Safe_ Best of the Box,2026-07-04T17:35:15+00:00
/mnt/d/Music,music/Alien Ant Farm,/mnt/d/Music/music/Alien Ant Farm,/mnt/d/Music/music,Alien Ant Farm,2026-07-04T17:35:16+00:00
/mnt/d/Music,music/Alien Ant Farm/ANThology,/mnt/d/Music/music/Alien Ant Farm/ANThology,/mnt/d/Music/music/Alien Ant Farm,ANThology,2026-07-04T17:35:17+00:00
/mnt/d/Music,music/Alien Ant Farm/No album info,/mnt/d/Music/music/Alien Ant Farm/No album info,/mnt/d/Music/music/Alien Ant Farm,No album info,2026-07-04T17:35:15+00:00
/mnt/d/Music,music/All That Remains,/mnt/d/Music/music/All That Remains,/mnt/d/Music/music,All That Remains,2026-07-04T17:31:32+00:00
/mnt/d/Music,music/All That Remains/This Darkened Heart,/mnt/d/Music/music/All That Remains/This Darkened Heart,/mnt/d/Music/music/All That Remains,This Darkened Heart,2026-07-04T17:31:34+00:00
/mnt/d/Music,music/Allman Brothers Band,/mnt/d/Music/music/Allman Brothers Band,/mnt/d/Music/music,Allman Brothers Band,2026-07-04T17:35:17+00:00
/mnt/d/Music,music/Allman Brothers Band/No album info,/mnt/d/Music/music/Allman Brothers Band/No album info,/mnt/d/Music/music/Allman Brothers Band,No album info,2026-07-04T17:35:17+00:00
/mnt/d/Music,music/Alternative,/mnt/d/Music/music/Alternative,/mnt/d/Music/music,Alternative,2026-07-04T17:35:38+00:00
/mnt/d/Music,music/Alternative & Punk,/mnt/d/Music/music/Alternative & Punk,/mnt/d/Music/music,Alternative & Punk,2026-07-04T17:36:12+00:00
/mnt/d/Music,music/Alternative & Punk/3 Doors Down,/mnt/d/Music/music/Alternative & Punk/3 Doors Down,/mnt/d/Music/music/Alternative & Punk,3 Doors Down,2026-07-04T17:35:40+00:00
/mnt/d/Music,music/Alternative & Punk/3 Doors Down/Away From the Sun,/mnt/d/Music/music/Alternative & Punk/3 Doors Down/Away From the Sun,/mnt/d/Music/music/Alternative & Punk/3 Doors Down,Away From the Sun,2026-07-04T17:35:39+00:00
/mnt/d/Music,music/Alternative & Punk/3 Doors Down/Seventeen Days,/mnt/d/Music/music/Alternative & Punk/3 Doors Down/Seventeen Days,/mnt/d/Music/music/Alternative & Punk/3 Doors Down,Seventeen Days,2026-07-04T17:35:40+00:00
/mnt/d/Music,music/Alternative & Punk/3 Doors Down/The Better Life,/mnt/d/Music/music/Alternative & Punk/3 Doors Down/The Better Life,/mnt/d/Music/music/Alternative & Punk/3 Doors Down,The Better Life,2026-07-04T17:35:41+00:00
/mnt/d/Music,music/Alternative & Punk/311,/mnt/d/Music/music/Alternative & Punk/311,/mnt/d/Music/music/Alternative & Punk,311,2026-07-04T17:35:41+00:00
/mnt/d/Music,music/Alternative & Punk/311/Live,/mnt/d/Music/music/Alternative & Punk/311/Live,/mnt/d/Music/music/Alternative & Punk/311,Live,2026-07-04T17:35:41+00:00
/mnt/d/Music,music/Alternative & Punk/AFI,/mnt/d/Music/music/Alternative & Punk/AFI,/mnt/d/Music/music/Alternative & Punk,AFI,2026-07-04T17:35:42+00:00
/mnt/d/Music,music/Alternative & Punk/AFI/All Hallows EP,/mnt/d/Music/music/Alternative & Punk/AFI/All Hallows EP,/mnt/d/Music/music/Alternative & Punk/AFI,All Hallows EP,2026-07-04T17:35:41+00:00
/mnt/d/Music,music/Alternative & Punk/AFI/Black Sails In The Sunset,/mnt/d/Music/music/Alternative & Punk/AFI/Black Sails In The Sunset,/mnt/d/Music/music/Alternative & Punk/AFI,Black Sails In The Sunset,2026-07-04T17:35:43+00:00
/mnt/d/Music,music/Alternative & Punk/Angels & Airwaves,/mnt/d/Music/music/Alternative & Punk/Angels & Airwaves,/mnt/d/Music/music/Alternative & Punk,Angels & Airwaves,2026-07-04T17:35:43+00:00
/mnt/d/Music,music/Alternative & Punk/Angels & Airwaves/We Don't Need To Whisper,/mnt/d/Music/music/Alternative & Punk/Angels & Airwaves/We Don't Need To Whisper,/mnt/d/Music/music/Alternative & Punk/Angels & Airwaves,We Don't Need To Whisper,2026-07-04T17:35:44+00:00
/mnt/d/Music,music/Alternative & Punk/Audioslave,/mnt/d/Music/music/Alternative & Punk/Audioslave,/mnt/d/Music/music/Alternative & Punk,Audioslave,2026-07-04T17:35:44+00:00
/mnt/d/Music,music/Alternative & Punk/Audioslave/Out Of Exile,/mnt/d/Music/music/Alternative & Punk/Audioslave/Out Of Exile,/mnt/d/Music/music/Alternative & Punk/Audioslave,Out Of Exile,2026-07-04T17:35:44+00:00
/mnt/d/Music,music/Alternative & Punk/Avenged Sevenfold,/mnt/d/Music/music/Alternative & Punk/Avenged Sevenfold,/mnt/d/Music/music/Alternative & Punk,Avenged Sevenfold,2026-07-04T17:35:47+00:00
/mnt/d/Music,music/Alternative & Punk/Avenged Sevenfold/City Of Evil,/mnt/d/Music/music/Alternative & Punk/Avenged Sevenfold/City Of Evil,/mnt/d/Music/music/Alternative & Punk/Avenged Sevenfold,City Of Evil,2026-07-04T17:35:46+00:00
/mnt/d/Music,music/Alternative & Punk/Avenged Sevenfold/Sounding The Seventh Trumpet,/mnt/d/Music/music/Alternative & Punk/Avenged Sevenfold/Sounding The Seventh Trumpet,/mnt/d/Music/music/Alternative & Punk/Avenged Sevenfold,Sounding The Seventh Trumpet,2026-07-04T17:35:47+00:00
/mnt/d/Music,music/Alternative & Punk/Avenged Sevenfold/Waking The Fallen,/mnt/d/Music/music/Alternative & Punk/Avenged Sevenfold/Waking The Fallen,/mnt/d/Music/music/Alternative & Punk/Avenged Sevenfold,Waking The Fallen,2026-07-04T17:35:49+00:00
/mnt/d/Music,music/Alternative & Punk/Blink-182,/mnt/d/Music/music/Alternative & Punk/Blink-182,/mnt/d/Music/music/Alternative & Punk,Blink-182,2026-07-04T17:35:49+00:00
/mnt/d/Music,music/Alternative & Punk/Blink-182/Enema of the State,/mnt/d/Music/music/Alternative & Punk/Blink-182/Enema of the State,/mnt/d/Music/music/Alternative & Punk/Blink-182,Enema of the State,2026-07-04T17:35:50+00:00
/mnt/d/Music,music/Alternative & Punk/Coheed & Cambria,/mnt/d/Music/music/Alternative & Punk/Coheed & Cambria,/mnt/d/Music/music/Alternative & Punk,Coheed & Cambria,2026-07-04T17:35:50+00:00
/mnt/d/Music,music/Alternative & Punk/Coheed & Cambria/In Keeping Secrets Of Silent Earth_ 3,/mnt/d/Music/music/Alternative & Punk/Coheed & Cambria/In Keeping Secrets Of Silent Earth_ 3,/mnt/d/Music/music/Alternative & Punk/Coheed & Cambria,In Keeping Secrets Of Silent Earth_ 3,2026-07-04T17:35:52+00:00
/mnt/d/Music,music/Alternative & Punk/Crazy Town,/mnt/d/Music/music/Alternative & Punk/Crazy Town,/mnt/d/Music/music/Alternative & Punk,Crazy Town,2026-07-04T17:35:52+00:00
/mnt/d/Music,music/Alternative & Punk/Crazy Town/The Gift Of Game,/mnt/d/Music/music/Alternative & Punk/Crazy Town/The Gift Of Game,/mnt/d/Music/music/Alternative & Punk/Crazy Town,The Gift Of Game,2026-07-04T17:35:53+00:00
/mnt/d/Music,music/Alternative & Punk/Foo Fighters,/mnt/d/Music/music/Alternative & Punk/Foo Fighters,/mnt/d/Music/music/Alternative & Punk,Foo Fighters,2026-07-04T17:35:54+00:00
/mnt/d/Music,music/Alternative & Punk/Foo Fighters/One By One,/mnt/d/Music/music/Alternative & Punk/Foo Fighters/One By One,/mnt/d/Music/music/Alternative & Punk/Foo Fighters,One By One,2026-07-04T17:35:54+00:00
/mnt/d/Music,music/Alternative & Punk/Fuel,/mnt/d/Music/music/Alternative & Punk/Fuel,/mnt/d/Music/music/Alternative & Punk,Fuel,2026-07-04T17:35:54+00:00
/mnt/d/Music,music/Alternative & Punk/Fuel/Sunburn,/mnt/d/Music/music/Alternative & Punk/Fuel/Sunburn,/mnt/d/Music/music/Alternative & Punk/Fuel,Sunburn,2026-07-04T17:35:55+00:00
/mnt/d/Music,music/Alternative & Punk/Green Day,/mnt/d/Music/music/Alternative & Punk/Green Day,/mnt/d/Music/music/Alternative & Punk,Green Day,2026-07-04T17:35:55+00:00
/mnt/d/Music,music/Alternative & Punk/Green Day/Dookie,/mnt/d/Music/music/Alternative & Punk/Green Day/Dookie,/mnt/d/Music/music/Alternative & Punk/Green Day,Dookie,2026-07-04T17:35:56+00:00
/mnt/d/Music,music/Alternative & Punk/Hootie & The Blowfish,/mnt/d/Music/music/Alternative & Punk/Hootie & The Blowfish,/mnt/d/Music/music/Alternative & Punk,Hootie & The Blowfish,2026-07-04T17:35:56+00:00
/mnt/d/Music,music/Alternative & Punk/Hootie & The Blowfish/The Best Of Hootie & The Blowfish (1993 Thru 2003),/mnt/d/Music/music/Alternative & Punk/Hootie & The Blowfish/The Best Of Hootie & The Blowfish (1993 Thru 2003),/mnt/d/Music/music/Alternative & Punk/Hootie & The Blowfish,The Best Of Hootie & The Blowfish (1993 Thru 2003),2026-07-04T17:35:58+00:00
/mnt/d/Music,music/Alternative & Punk/Korn,/mnt/d/Music/music/Alternative & Punk/Korn,/mnt/d/Music/music/Alternative & Punk,Korn,2026-07-04T17:35:58+00:00
/mnt/d/Music,music/Alternative & Punk/Korn/Take A Look In The Mirror,/mnt/d/Music/music/Alternative & Punk/Korn/Take A Look In The Mirror,/mnt/d/Music/music/Alternative & Punk/Korn,Take A Look In The Mirror,2026-07-04T17:35:58+00:00
/mnt/d/Music,music/Alternative & Punk/Korn/Untouchables,/mnt/d/Music/music/Alternative & Punk/Korn/Untouchables,/mnt/d/Music/music/Alternative & Punk/Korn,Untouchables,2026-07-04T17:35:58+00:00
/mnt/d/Music,music/Alternative & Punk/Limp Bizkit,/mnt/d/Music/music/Alternative & Punk/Limp Bizkit,/mnt/d/Music/music/Alternative & Punk,Limp Bizkit,2026-07-04T17:35:58+00:00
/mnt/d/Music,music/Alternative & Punk/Limp Bizkit/Significant Other,/mnt/d/Music/music/Alternative & Punk/Limp Bizkit/Significant Other,/mnt/d/Music/music/Alternative & Punk/Limp Bizkit,Significant Other,2026-07-04T17:36:00+00:00
/mnt/d/Music,music/Alternative & Punk/Linkin Park,/mnt/d/Music/music/Alternative & Punk/Linkin Park,/mnt/d/Music/music/Alternative & Punk,Linkin Park,2026-07-04T17:36:01+00:00
/mnt/d/Music,music/Alternative & Punk/Linkin Park/Hybrid Theory,/mnt/d/Music/music/Alternative & Punk/Linkin Park/Hybrid Theory,/mnt/d/Music/music/Alternative & Punk/Linkin Park,Hybrid Theory,2026-07-04T17:36:01+00:00
/mnt/d/Music,music/Alternative & Punk/Linkin Park/Meteora,/mnt/d/Music/music/Alternative & Punk/Linkin Park/Meteora,/mnt/d/Music/music/Alternative & Punk/Linkin Park,Meteora,2026-07-04T17:36:03+00:00
/mnt/d/Music,music/Alternative & Punk/Live,/mnt/d/Music/music/Alternative & Punk/Live,/mnt/d/Music/music/Alternative & Punk,Live,2026-07-04T17:36:03+00:00
/mnt/d/Music,music/Alternative & Punk/Live/Throwing Copper,/mnt/d/Music/music/Alternative & Punk/Live/Throwing Copper,/mnt/d/Music/music/Alternative & Punk/Live,Throwing Copper,2026-07-04T17:36:05+00:00
/mnt/d/Music,music/Alternative & Punk/No Doubt,/mnt/d/Music/music/Alternative & Punk/No Doubt,/mnt/d/Music/music/Alternative & Punk,No Doubt,2026-07-04T17:36:05+00:00
/mnt/d/Music,music/Alternative & Punk/No Doubt/Tragic Kingdom,/mnt/d/Music/music/Alternative & Punk/No Doubt/Tragic Kingdom,/mnt/d/Music/music/Alternative & Punk/No Doubt,Tragic Kingdom,2026-07-04T17:36:06+00:00
/mnt/d/Music,music/Alternative & Punk/Panic! At The Disco,/mnt/d/Music/music/Alternative & Punk/Panic! At The Disco,/mnt/d/Music/music/Alternative & Punk,Panic! At The Disco,2026-07-04T17:36:06+00:00
/mnt/d/Music,music/Alternative & Punk/Panic! At The Disco/A Fever You Can't Sweat Out,/mnt/d/Music/music/Alternative & Punk/Panic! At The Disco/A Fever You Can't Sweat Out,/mnt/d/Music/music/Alternative & Punk/Panic! At The Disco,A Fever You Can't Sweat Out,2026-07-04T17:36:07+00:00
/mnt/d/Music,music/Alternative & Punk/Smashing Pumpkins,/mnt/d/Music/music/Alternative & Punk/Smashing Pumpkins,/mnt/d/Music/music/Alternative & Punk,Smashing Pumpkins,2026-07-04T17:36:07+00:00
/mnt/d/Music,music/Alternative & Punk/Smashing Pumpkins/Rotten Apples_ Greatest Hits,/mnt/d/Music/music/Alternative & Punk/Smashing Pumpkins/Rotten Apples_ Greatest Hits,/mnt/d/Music/music/Alternative & Punk/Smashing Pumpkins,Rotten Apples_ Greatest Hits,2026-07-04T17:36:09+00:00
/mnt/d/Music,music/Alternative & Punk/Sublime,/mnt/d/Music/music/Alternative & Punk/Sublime,/mnt/d/Music/music/Alternative & Punk,Sublime,2026-07-04T17:36:09+00:00
/mnt/d/Music,music/Alternative & Punk/Sublime/Sublime Gold,/mnt/d/Music/music/Alternative & Punk/Sublime/Sublime Gold,/mnt/d/Music/music/Alternative & Punk/Sublime,Sublime Gold,2026-07-04T17:36:11+00:00
/mnt/d/Music,music/Alternative & Punk/Sum 41,/mnt/d/Music/music/Alternative & Punk/Sum 41,/mnt/d/Music/music/Alternative & Punk,Sum 41,2026-07-04T17:36:11+00:00
/mnt/d/Music,music/Alternative & Punk/Sum 41/Chuck,/mnt/d/Music/music/Alternative & Punk/Sum 41/Chuck,/mnt/d/Music/music/Alternative & Punk/Sum 41,Chuck,2026-07-04T17:36:12+00:00
/mnt/d/Music,music/Alternative & Punk/The Offspring,/mnt/d/Music/music/Alternative & Punk/The Offspring,/mnt/d/Music/music/Alternative & Punk,The Offspring,2026-07-04T17:36:13+00:00
/mnt/d/Music,music/Alternative & Punk/The Offspring/Conspiracy Of One,/mnt/d/Music/music/Alternative & Punk/The Offspring/Conspiracy Of One,/mnt/d/Music/music/Alternative & Punk/The Offspring,Conspiracy Of One,2026-07-04T17:36:12+00:00
/mnt/d/Music,music/Alternative & Punk/The Offspring/Smash,/mnt/d/Music/music/Alternative & Punk/The Offspring/Smash,/mnt/d/Music/music/Alternative & Punk/The Offspring,Smash,2026-07-04T17:36:13+00:00
/mnt/d/Music,music/Alternative/3 Doors Down,/mnt/d/Music/music/Alternative/3 Doors Down,/mnt/d/Music/music/Alternative,3 Doors Down,2026-07-04T17:35:17+00:00
/mnt/d/Music,music/Alternative/3 Doors Down/Alternative Mix,/mnt/d/Music/music/Alternative/3 Doors Down/Alternative Mix,/mnt/d/Music/music/Alternative/3 Doors Down,Alternative Mix,2026-07-04T17:35:17+00:00
/mnt/d/Music,music/Alternative/311,/mnt/d/Music/music/Alternative/311,/mnt/d/Music/music/Alternative,311,2026-07-04T17:35:17+00:00
/mnt/d/Music,music/Alternative/311/311,/mnt/d/Music/music/Alternative/311/311,/mnt/d/Music/music/Alternative/311,311,2026-07-04T17:35:18+00:00
/mnt/d/Music,music/Alternative/AFI,/mnt/d/Music/music/Alternative/AFI,/mnt/d/Music/music/Alternative,AFI,2026-07-04T17:35:18+00:00
/mnt/d/Music,music/Alternative/AFI/Alternative Mix,/mnt/d/Music/music/Alternative/AFI/Alternative Mix,/mnt/d/Music/music/Alternative/AFI,Alternative Mix,2026-07-04T17:35:18+00:00
/mnt/d/Music,music/Alternative/Alice In Chains,/mnt/d/Music/music/Alternative/Alice In Chains,/mnt/d/Music/music/Alternative,Alice In Chains,2026-07-04T17:35:18+00:00
/mnt/d/Music,music/Alternative/Alice In Chains/Alice In Chains,/mnt/d/Music/music/Alternative/Alice In Chains/Alice In Chains,/mnt/d/Music/music/Alternative/Alice In Chains,Alice In Chains,2026-07-04T17:35:19+00:00
/mnt/d/Music,music/Alternative/Blessed Union Of Souls,/mnt/d/Music/music/Alternative/Blessed Union Of Souls,/mnt/d/Music/music/Alternative,Blessed Union Of Souls,2026-07-04T17:35:19+00:00
/mnt/d/Music,music/Alternative/Blessed Union Of Souls/Alternative Mix,/mnt/d/Music/music/Alternative/Blessed Union Of Souls/Alternative Mix,/mnt/d/Music/music/Alternative/Blessed Union Of Souls,Alternative Mix,2026-07-04T17:35:19+00:00
/mnt/d/Music,music/Alternative/Blind Melon,/mnt/d/Music/music/Alternative/Blind Melon,/mnt/d/Music/music/Alternative,Blind Melon,2026-07-04T17:35:19+00:00
/mnt/d/Music,music/Alternative/Blind Melon/Alternative Mix,/mnt/d/Music/music/Alternative/Blind Melon/Alternative Mix,/mnt/d/Music/music/Alternative/Blind Melon,Alternative Mix,2026-07-04T17:35:19+00:00
/mnt/d/Music,music/Alternative/Blink-182,/mnt/d/Music/music/Alternative/Blink-182,/mnt/d/Music/music/Alternative,Blink-182,2026-07-04T17:35:19+00:00
/mnt/d/Music,music/Alternative/Blink-182/Alternative Mix,/mnt/d/Music/music/Alternative/Blink-182/Alternative Mix,/mnt/d/Music/music/Alternative/Blink-182,Alternative Mix,2026-07-04T17:35:19+00:00
/mnt/d/Music,music/Alternative/Blues Travlers,/mnt/d/Music/music/Alternative/Blues Travlers,/mnt/d/Music/music/Alternative,Blues Travlers,2026-07-04T17:35:20+00:00
/mnt/d/Music,music/Alternative/Blues Travlers/Alternative Mix,/mnt/d/Music/music/Alternative/Blues Travlers/Alternative Mix,/mnt/d/Music/music/Alternative/Blues Travlers,Alternative Mix,2026-07-04T17:35:20+00:00
/mnt/d/Music,music/Alternative/Bush,/mnt/d/Music/music/Alternative/Bush,/mnt/d/Music/music/Alternative,Bush,2026-07-04T17:35:20+00:00
/mnt/d/Music,music/Alternative/Bush/Alternative Mix,/mnt/d/Music/music/Alternative/Bush/Alternative Mix,/mnt/d/Music/music/Alternative/Bush,Alternative Mix,2026-07-04T17:35:20+00:00
/mnt/d/Music,music/Alternative/CandleBox,/mnt/d/Music/music/Alternative/CandleBox,/mnt/d/Music/music/Alternative,CandleBox,2026-07-04T17:35:20+00:00
/mnt/d/Music,music/Alternative/CandleBox/Alternative Mix,/mnt/d/Music/music/Alternative/CandleBox/Alternative Mix,/mnt/d/Music/music/Alternative/CandleBox,Alternative Mix,2026-07-04T17:35:20+00:00
/mnt/d/Music,music/Alternative/Chevelle,/mnt/d/Music/music/Alternative/Chevelle,/mnt/d/Music/music/Alternative,Chevelle,2026-07-04T17:35:20+00:00
/mnt/d/Music,music/Alternative/Chevelle/Alternative Mix,/mnt/d/Music/music/Alternative/Chevelle/Alternative Mix,/mnt/d/Music/music/Alternative/Chevelle,Alternative Mix,2026-07-04T17:35:20+00:00
/mnt/d/Music,music/Alternative/Collective Soul,/mnt/d/Music/music/Alternative/Collective Soul,/mnt/d/Music/music/Alternative,Collective Soul,2026-07-04T17:35:20+00:00
/mnt/d/Music,music/Alternative/Collective Soul/Collective Soul,/mnt/d/Music/music/Alternative/Collective Soul/Collective Soul,/mnt/d/Music/music/Alternative/Collective Soul,Collective Soul,2026-07-04T17:35:21+00:00
/mnt/d/Music,music/Alternative/Death Cab For Cutie,/mnt/d/Music/music/Alternative/Death Cab For Cutie,/mnt/d/Music/music/Alternative,Death Cab For Cutie,2026-07-04T17:35:21+00:00
/mnt/d/Music,music/Alternative/Death Cab For Cutie/Plans,/mnt/d/Music/music/Alternative/Death Cab For Cutie/Plans,/mnt/d/Music/music/Alternative/Death Cab For Cutie,Plans,2026-07-04T17:35:21+00:00
/mnt/d/Music,music/Alternative/Depeche Mode,/mnt/d/Music/music/Alternative/Depeche Mode,/mnt/d/Music/music/Alternative,Depeche Mode,2026-07-04T17:35:21+00:00
/mnt/d/Music,music/Alternative/Depeche Mode/Depeche Mode,/mnt/d/Music/music/Alternative/Depeche Mode/Depeche Mode,/mnt/d/Music/music/Alternative/Depeche Mode,Depeche Mode,2026-07-04T17:35:21+00:00
/mnt/d/Music,music/Alternative/Drowning Pool,/mnt/d/Music/music/Alternative/Drowning Pool,/mnt/d/Music/music/Alternative,Drowning Pool,2026-07-04T17:35:21+00:00
/mnt/d/Music,music/Alternative/Drowning Pool/Alternative Mix,/mnt/d/Music/music/Alternative/Drowning Pool/Alternative Mix,/mnt/d/Music/music/Alternative/Drowning Pool,Alternative Mix,2026-07-04T17:35:21+00:00
/mnt/d/Music,music/Alternative/Duran Duran,/mnt/d/Music/music/Alternative/Duran Duran,/mnt/d/Music/music/Alternative,Duran Duran,2026-07-04T17:35:21+00:00
/mnt/d/Music,music/Alternative/Duran Duran/Alternative Mix,/mnt/d/Music/music/Alternative/Duran Duran/Alternative Mix,/mnt/d/Music/music/Alternative/Duran Duran,Alternative Mix,2026-07-04T17:35:21+00:00
/mnt/d/Music,music/Alternative/Evanescence,/mnt/d/Music/music/Alternative/Evanescence,/mnt/d/Music/music/Alternative,Evanescence,2026-07-04T17:35:21+00:00
/mnt/d/Music,music/Alternative/Evanescence/Alternative Mix,/mnt/d/Music/music/Alternative/Evanescence/Alternative Mix,/mnt/d/Music/music/Alternative/Evanescence,Alternative Mix,2026-07-04T17:35:21+00:00
/mnt/d/Music,music/Alternative/Eve 6,/mnt/d/Music/music/Alternative/Eve 6,/mnt/d/Music/music/Alternative,Eve 6,2026-07-04T17:35:21+00:00
/mnt/d/Music,music/Alternative/Eve 6/Alternative Mix,/mnt/d/Music/music/Alternative/Eve 6/Alternative Mix,/mnt/d/Music/music/Alternative/Eve 6,Alternative Mix,2026-07-04T17:35:21+00:00
/mnt/d/Music,music/Alternative/Everclear,/mnt/d/Music/music/Alternative/Everclear,/mnt/d/Music/music/Alternative,Everclear,2026-07-04T17:35:22+00:00
/mnt/d/Music,music/Alternative/Everclear/Alternative Mix,/mnt/d/Music/music/Alternative/Everclear/Alternative Mix,/mnt/d/Music/music/Alternative/Everclear,Alternative Mix,2026-07-04T17:35:22+00:00
/mnt/d/Music,music/Alternative/Everclear/Everclear,/mnt/d/Music/music/Alternative/Everclear/Everclear,/mnt/d/Music/music/Alternative/Everclear,Everclear,2026-07-04T17:35:22+00:00
/mnt/d/Music,music/Alternative/Everlast,/mnt/d/Music/music/Alternative/Everlast,/mnt/d/Music/music/Alternative,Everlast,2026-07-04T17:35:22+00:00
/mnt/d/Music,music/Alternative/Everlast/Alternative Mix,/mnt/d/Music/music/Alternative/Everlast/Alternative Mix,/mnt/d/Music/music/Alternative/Everlast,Alternative Mix,2026-07-04T17:35:22+00:00
/mnt/d/Music,music/Alternative/Fallout Boy,/mnt/d/Music/music/Alternative/Fallout Boy,/mnt/d/Music/music/Alternative,Fallout Boy,2026-07-04T17:35:22+00:00
/mnt/d/Music,music/Alternative/Fallout Boy/Alternative Mix,/mnt/d/Music/music/Alternative/Fallout Boy/Alternative Mix,/mnt/d/Music/music/Alternative/Fallout Boy,Alternative Mix,2026-07-04T17:35:22+00:00
/mnt/d/Music,music/Alternative/Foo Fighters,/mnt/d/Music/music/Alternative/Foo Fighters,/mnt/d/Music/music/Alternative,Foo Fighters,2026-07-04T17:35:22+00:00
/mnt/d/Music,music/Alternative/Foo Fighters/Alternative Mix,/mnt/d/Music/music/Alternative/Foo Fighters/Alternative Mix,/mnt/d/Music/music/Alternative/Foo Fighters,Alternative Mix,2026-07-04T17:35:23+00:00
/mnt/d/Music,music/Alternative/Fuel,/mnt/d/Music/music/Alternative/Fuel,/mnt/d/Music/music/Alternative,Fuel,2026-07-04T17:35:23+00:00
/mnt/d/Music,music/Alternative/Fuel/Alternative Mix,/mnt/d/Music/music/Alternative/Fuel/Alternative Mix,/mnt/d/Music/music/Alternative/Fuel,Alternative Mix,2026-07-04T17:35:23+00:00
/mnt/d/Music,music/Alternative/Fuel/Sunburn,/mnt/d/Music/music/Alternative/Fuel/Sunburn,/mnt/d/Music/music/Alternative/Fuel,Sunburn,2026-07-04T17:35:23+00:00
/mnt/d/Music,music/Alternative/Garbage,/mnt/d/Music/music/Alternative/Garbage,/mnt/d/Music/music/Alternative,Garbage,2026-07-04T17:35:23+00:00
/mnt/d/Music,music/Alternative/Garbage/Alternative Mix,/mnt/d/Music/music/Alternative/Garbage/Alternative Mix,/mnt/d/Music/music/Alternative/Garbage,Alternative Mix,2026-07-04T17:35:23+00:00
/mnt/d/Music,music/Alternative/Gorillaz,/mnt/d/Music/music/Alternative/Gorillaz,/mnt/d/Music/music/Alternative,Gorillaz,2026-07-04T17:35:23+00:00
/mnt/d/Music,music/Alternative/Gorillaz/Alternative Mix,/mnt/d/Music/music/Alternative/Gorillaz/Alternative Mix,/mnt/d/Music/music/Alternative/Gorillaz,Alternative Mix,2026-07-04T17:35:23+00:00
/mnt/d/Music,music/Alternative/Green Day,/mnt/d/Music/music/Alternative/Green Day,/mnt/d/Music/music/Alternative,Green Day,2026-07-04T17:35:23+00:00
/mnt/d/Music,music/Alternative/Green Day/Alternative Mix,/mnt/d/Music/music/Alternative/Green Day/Alternative Mix,/mnt/d/Music/music/Alternative/Green Day,Alternative Mix,2026-07-04T17:35:23+00:00
/mnt/d/Music,music/Alternative/Hawthorne Heights,/mnt/d/Music/music/Alternative/Hawthorne Heights,/mnt/d/Music/music/Alternative,Hawthorne Heights,2026-07-04T17:35:23+00:00
/mnt/d/Music,music/Alternative/Hawthorne Heights/Hawthorne Heights,/mnt/d/Music/music/Alternative/Hawthorne Heights/Hawthorne Heights,/mnt/d/Music/music/Alternative/Hawthorne Heights,Hawthorne Heights,2026-07-04T17:35:24+00:00
/mnt/d/Music,music/Alternative/Hinder,/mnt/d/Music/music/Alternative/Hinder,/mnt/d/Music/music/Alternative,Hinder,2026-07-04T17:35:24+00:00
/mnt/d/Music,music/Alternative/Hinder/Extreme Behavior,/mnt/d/Music/music/Alternative/Hinder/Extreme Behavior,/mnt/d/Music/music/Alternative/Hinder,Extreme Behavior,2026-07-04T17:35:24+00:00
/mnt/d/Music,music/Alternative/Hoobastank,/mnt/d/Music/music/Alternative/Hoobastank,/mnt/d/Music/music/Alternative,Hoobastank,2026-07-04T17:35:24+00:00
/mnt/d/Music,music/Alternative/Hoobastank/Alternative Mix,/mnt/d/Music/music/Alternative/Hoobastank/Alternative Mix,/mnt/d/Music/music/Alternative/Hoobastank,Alternative Mix,2026-07-04T17:35:24+00:00
/mnt/d/Music,music/Alternative/Incubus,/mnt/d/Music/music/Alternative/Incubus,/mnt/d/Music/music/Alternative,Incubus,2026-07-04T17:35:24+00:00
/mnt/d/Music,music/Alternative/Incubus/Alternative Mix,/mnt/d/Music/music/Alternative/Incubus/Alternative Mix,/mnt/d/Music/music/Alternative/Incubus,Alternative Mix,2026-07-04T17:35:24+00:00
/mnt/d/Music,music/Alternative/Jimmy Eat World,/mnt/d/Music/music/Alternative/Jimmy Eat World,/mnt/d/Music/music/Alternative,Jimmy Eat World,2026-07-04T17:35:24+00:00
/mnt/d/Music,music/Alternative/Jimmy Eat World/Alternative Mix,/mnt/d/Music/music/Alternative/Jimmy Eat World/Alternative Mix,/mnt/d/Music/music/Alternative/Jimmy Eat World,Alternative Mix,2026-07-04T17:35:24+00:00
/mnt/d/Music,music/Alternative/Johnny Cash,/mnt/d/Music/music/Alternative/Johnny Cash,/mnt/d/Music/music/Alternative,Johnny Cash,2026-07-04T17:35:25+00:00
/mnt/d/Music,music/Alternative/Johnny Cash/Johnny Cash,/mnt/d/Music/music/Alternative/Johnny Cash/Johnny Cash,/mnt/d/Music/music/Alternative/Johnny Cash,Johnny Cash,2026-07-04T17:35:25+00:00
/mnt/d/Music,music/Alternative/Linkin Park,/mnt/d/Music/music/Alternative/Linkin Park,/mnt/d/Music/music/Alternative,Linkin Park,2026-07-04T17:35:25+00:00
/mnt/d/Music,music/Alternative/Linkin Park/Reanimation,/mnt/d/Music/music/Alternative/Linkin Park/Reanimation,/mnt/d/Music/music/Alternative/Linkin Park,Reanimation,2026-07-04T17:35:25+00:00
/mnt/d/Music,music/Alternative/Marcy Playground,/mnt/d/Music/music/Alternative/Marcy Playground,/mnt/d/Music/music/Alternative,Marcy Playground,2026-07-04T17:35:25+00:00
/mnt/d/Music,music/Alternative/Marcy Playground/Alternative Mix,/mnt/d/Music/music/Alternative/Marcy Playground/Alternative Mix,/mnt/d/Music/music/Alternative/Marcy Playground,Alternative Mix,2026-07-04T17:35:25+00:00
/mnt/d/Music,music/Alternative/Matchbox Twenty,/mnt/d/Music/music/Alternative/Matchbox Twenty,/mnt/d/Music/music/Alternative,Matchbox Twenty,2026-07-04T17:35:25+00:00
/mnt/d/Music,music/Alternative/Matchbox Twenty/Alternative Mix,/mnt/d/Music/music/Alternative/Matchbox Twenty/Alternative Mix,/mnt/d/Music/music/Alternative/Matchbox Twenty,Alternative Mix,2026-07-04T17:35:25+00:00
/mnt/d/Music,music/Alternative/Metallica,/mnt/d/Music/music/Alternative/Metallica,/mnt/d/Music/music/Alternative,Metallica,2026-07-04T17:35:25+00:00
/mnt/d/Music,music/Alternative/Metallica/Alternative Mix,/mnt/d/Music/music/Alternative/Metallica/Alternative Mix,/mnt/d/Music/music/Alternative/Metallica,Alternative Mix,2026-07-04T17:35:25+00:00
/mnt/d/Music,music/Alternative/Metallica/Metallica,/mnt/d/Music/music/Alternative/Metallica/Metallica,/mnt/d/Music/music/Alternative/Metallica,Metallica,2026-07-04T17:35:26+00:00
/mnt/d/Music,music/Alternative/My Chemical Romance,/mnt/d/Music/music/Alternative/My Chemical Romance,/mnt/d/Music/music/Alternative,My Chemical Romance,2026-07-04T17:35:26+00:00
/mnt/d/Music,music/Alternative/My Chemical Romance/Alternative Mix,/mnt/d/Music/music/Alternative/My Chemical Romance/Alternative Mix,/mnt/d/Music/music/Alternative/My Chemical Romance,Alternative Mix,2026-07-04T17:35:26+00:00
/mnt/d/Music,music/Alternative/My Chemical Romance/My Chemical Romance,/mnt/d/Music/music/Alternative/My Chemical Romance/My Chemical Romance,/mnt/d/Music/music/Alternative/My Chemical Romance,My Chemical Romance,2026-07-04T17:35:26+00:00
/mnt/d/Music,music/Alternative/Nine Inch Nails,/mnt/d/Music/music/Alternative/Nine Inch Nails,/mnt/d/Music/music/Alternative,Nine Inch Nails,2026-07-04T17:35:26+00:00
/mnt/d/Music,music/Alternative/Nine Inch Nails/Alternative Mix,/mnt/d/Music/music/Alternative/Nine Inch Nails/Alternative Mix,/mnt/d/Music/music/Alternative/Nine Inch Nails,Alternative Mix,2026-07-04T17:35:26+00:00
/mnt/d/Music,music/Alternative/Nirvana,/mnt/d/Music/music/Alternative/Nirvana,/mnt/d/Music/music/Alternative,Nirvana,2026-07-04T17:35:26+00:00
/mnt/d/Music,music/Alternative/Nirvana/Alternative Mix,/mnt/d/Music/music/Alternative/Nirvana/Alternative Mix,/mnt/d/Music/music/Alternative/Nirvana,Alternative Mix,2026-07-04T17:35:26+00:00
/mnt/d/Music,music/Alternative/Nirvana/Nirvana,/mnt/d/Music/music/Alternative/Nirvana/Nirvana,/mnt/d/Music/music/Alternative/Nirvana,Nirvana,2026-07-04T17:35:26+00:00
/mnt/d/Music,music/Alternative/Oasis,/mnt/d/Music/music/Alternative/Oasis,/mnt/d/Music/music/Alternative,Oasis,2026-07-04T17:35:27+00:00
/mnt/d/Music,music/Alternative/Oasis/Oasis,/mnt/d/Music/music/Alternative/Oasis/Oasis,/mnt/d/Music/music/Alternative/Oasis,Oasis,2026-07-04T17:35:27+00:00
/mnt/d/Music,music/Alternative/Our Lady Peace,/mnt/d/Music/music/Alternative/Our Lady Peace,/mnt/d/Music/music/Alternative,Our Lady Peace,2026-07-04T17:35:27+00:00
/mnt/d/Music,music/Alternative/Our Lady Peace/Alternative Mix,/mnt/d/Music/music/Alternative/Our Lady Peace/Alternative Mix,/mnt/d/Music/music/Alternative/Our Lady Peace,Alternative Mix,2026-07-04T17:35:27+00:00
/mnt/d/Music,music/Alternative/Ozzy Osbourne,/mnt/d/Music/music/Alternative/Ozzy Osbourne,/mnt/d/Music/music/Alternative,Ozzy Osbourne,2026-07-04T17:35:27+00:00
/mnt/d/Music,music/Alternative/Ozzy Osbourne/Alternative Mix,/mnt/d/Music/music/Alternative/Ozzy Osbourne/Alternative Mix,/mnt/d/Music/music/Alternative/Ozzy Osbourne,Alternative Mix,2026-07-04T17:35:27+00:00
/mnt/d/Music,music/Alternative/P.O.D,/mnt/d/Music/music/Alternative/P.O.D,/mnt/d/Music/music/Alternative,P.O.D,2026-07-04T17:35:27+00:00
/mnt/d/Music,music/Alternative/P.O.D/Alternative Mix,/mnt/d/Music/music/Alternative/P.O.D/Alternative Mix,/mnt/d/Music/music/Alternative/P.O.D,Alternative Mix,2026-07-04T17:35:29+00:00
/mnt/d/Music,music/Alternative/Papa Roach,/mnt/d/Music/music/Alternative/Papa Roach,/mnt/d/Music/music/Alternative,Papa Roach,2026-07-04T17:35:29+00:00
/mnt/d/Music,music/Alternative/Papa Roach/Alternative Mix,/mnt/d/Music/music/Alternative/Papa Roach/Alternative Mix,/mnt/d/Music/music/Alternative/Papa Roach,Alternative Mix,2026-07-04T17:35:29+00:00
/mnt/d/Music,music/Alternative/Peeping Tom,/mnt/d/Music/music/Alternative/Peeping Tom,/mnt/d/Music/music/Alternative,Peeping Tom,2026-07-04T17:35:29+00:00
/mnt/d/Music,music/Alternative/Peeping Tom/Peeping Tom,/mnt/d/Music/music/Alternative/Peeping Tom/Peeping Tom,/mnt/d/Music/music/Alternative/Peeping Tom,Peeping Tom,2026-07-04T17:35:29+00:00
/mnt/d/Music,music/Alternative/Powerman 5000,/mnt/d/Music/music/Alternative/Powerman 5000,/mnt/d/Music/music/Alternative,Powerman 5000,2026-07-04T17:35:29+00:00
/mnt/d/Music,music/Alternative/Powerman 5000/Alternative Mix,/mnt/d/Music/music/Alternative/Powerman 5000/Alternative Mix,/mnt/d/Music/music/Alternative/Powerman 5000,Alternative Mix,2026-07-04T17:35:29+00:00
/mnt/d/Music,music/Alternative/Presidents Of The United States,/mnt/d/Music/music/Alternative/Presidents Of The United States,/mnt/d/Music/music/Alternative,Presidents Of The United States,2026-07-04T17:35:29+00:00
/mnt/d/Music,music/Alternative/Presidents Of The United States/Presidents Of The United States,/mnt/d/Music/music/Alternative/Presidents Of The United States/Presidents Of The United States,/mnt/d/Music/music/Alternative/Presidents Of The United States,Presidents Of The United States,2026-07-04T17:35:29+00:00
/mnt/d/Music,music/Alternative/Puddle Of Mudd,/mnt/d/Music/music/Alternative/Puddle Of Mudd,/mnt/d/Music/music/Alternative,Puddle Of Mudd,2026-07-04T17:35:29+00:00
/mnt/d/Music,music/Alternative/Puddle Of Mudd/Alternative Mix,/mnt/d/Music/music/Alternative/Puddle Of Mudd/Alternative Mix,/mnt/d/Music/music/Alternative/Puddle Of Mudd,Alternative Mix,2026-07-04T17:35:29+00:00
/mnt/d/Music,music/Alternative/R.E.M,/mnt/d/Music/music/Alternative/R.E.M,/mnt/d/Music/music/Alternative,R.E.M,2026-07-04T17:35:29+00:00
/mnt/d/Music,music/Alternative/R.E.M/Alternative Mix,/mnt/d/Music/music/Alternative/R.E.M/Alternative Mix,/mnt/d/Music/music/Alternative/R.E.M,Alternative Mix,2026-07-04T17:35:30+00:00
/mnt/d/Music,music/Alternative/Red Hot Chilli Peppers,/mnt/d/Music/music/Alternative/Red Hot Chilli Peppers,/mnt/d/Music/music/Alternative,Red Hot Chilli Peppers,2026-07-04T17:35:30+00:00
/mnt/d/Music,music/Alternative/Red Hot Chilli Peppers/Alternative Mix,/mnt/d/Music/music/Alternative/Red Hot Chilli Peppers/Alternative Mix,/mnt/d/Music/music/Alternative/Red Hot Chilli Peppers,Alternative Mix,2026-07-04T17:35:31+00:00
/mnt/d/Music,music/Alternative/Rob Thomas,/mnt/d/Music/music/Alternative/Rob Thomas,/mnt/d/Music/music/Alternative,Rob Thomas,2026-07-04T17:35:31+00:00
/mnt/d/Music,music/Alternative/Rob Thomas/Alternative Mix,/mnt/d/Music/music/Alternative/Rob Thomas/Alternative Mix,/mnt/d/Music/music/Alternative/Rob Thomas,Alternative Mix,2026-07-04T17:35:31+00:00
/mnt/d/Music,music/Alternative/Seether,/mnt/d/Music/music/Alternative/Seether,/mnt/d/Music/music/Alternative,Seether,2026-07-04T17:35:31+00:00
/mnt/d/Music,music/Alternative/Seether/Alternative Mix,/mnt/d/Music/music/Alternative/Seether/Alternative Mix,/mnt/d/Music/music/Alternative/Seether,Alternative Mix,2026-07-04T17:35:31+00:00
/mnt/d/Music,music/Alternative/Semisonic,/mnt/d/Music/music/Alternative/Semisonic,/mnt/d/Music/music/Alternative,Semisonic,2026-07-04T17:35:31+00:00
/mnt/d/Music,music/Alternative/Semisonic/Semisonic,/mnt/d/Music/music/Alternative/Semisonic/Semisonic,/mnt/d/Music/music/Alternative/Semisonic,Semisonic,2026-07-04T17:35:31+00:00
/mnt/d/Music,music/Alternative/Shinedown,/mnt/d/Music/music/Alternative/Shinedown,/mnt/d/Music/music/Alternative,Shinedown,2026-07-04T17:35:31+00:00
/mnt/d/Music,music/Alternative/Shinedown/Alternative Mix,/mnt/d/Music/music/Alternative/Shinedown/Alternative Mix,/mnt/d/Music/music/Alternative/Shinedown,Alternative Mix,2026-07-04T17:35:32+00:00
/mnt/d/Music,music/Alternative/Soul Asylum,/mnt/d/Music/music/Alternative/Soul Asylum,/mnt/d/Music/music/Alternative,Soul Asylum,2026-07-04T17:35:32+00:00
/mnt/d/Music,music/Alternative/Soul Asylum/Soul Aslylum,/mnt/d/Music/music/Alternative/Soul Asylum/Soul Aslylum,/mnt/d/Music/music/Alternative/Soul Asylum,Soul Aslylum,2026-07-04T17:35:32+00:00
/mnt/d/Music,music/Alternative/Soundgarden,/mnt/d/Music/music/Alternative/Soundgarden,/mnt/d/Music/music/Alternative,Soundgarden,2026-07-04T17:35:32+00:00
/mnt/d/Music,music/Alternative/Soundgarden/Alternative Mix,/mnt/d/Music/music/Alternative/Soundgarden/Alternative Mix,/mnt/d/Music/music/Alternative/Soundgarden,Alternative Mix,2026-07-04T17:35:32+00:00
/mnt/d/Music,music/Alternative/Staind,/mnt/d/Music/music/Alternative/Staind,/mnt/d/Music/music/Alternative,Staind,2026-07-04T17:35:32+00:00
/mnt/d/Music,music/Alternative/Staind/Alternative Mix,/mnt/d/Music/music/Alternative/Staind/Alternative Mix,/mnt/d/Music/music/Alternative/Staind,Alternative Mix,2026-07-04T17:35:32+00:00
/mnt/d/Music,music/Alternative/Stone Sour,/mnt/d/Music/music/Alternative/Stone Sour,/mnt/d/Music/music/Alternative,Stone Sour,2026-07-04T17:35:34+00:00
/mnt/d/Music,music/Alternative/Stone Sour/Come What(Ever) May,/mnt/d/Music/music/Alternative/Stone Sour/Come What(Ever) May,/mnt/d/Music/music/Alternative/Stone Sour,Come What(Ever) May,2026-07-04T17:35:34+00:00
/mnt/d/Music,music/Alternative/Stone Sour/Stone Sour,/mnt/d/Music/music/Alternative/Stone Sour/Stone Sour,/mnt/d/Music/music/Alternative/Stone Sour,Stone Sour,2026-07-04T17:35:35+00:00
/mnt/d/Music,music/Alternative/Sum 41,/mnt/d/Music/music/Alternative/Sum 41,/mnt/d/Music/music/Alternative,Sum 41,2026-07-04T17:35:35+00:00
/mnt/d/Music,music/Alternative/Sum 41/Alternative Mix,/mnt/d/Music/music/Alternative/Sum 41/Alternative Mix,/mnt/d/Music/music/Alternative/Sum 41,Alternative Mix,2026-07-04T17:35:35+00:00
/mnt/d/Music,music/Alternative/Switchfoot,/mnt/d/Music/music/Alternative/Switchfoot,/mnt/d/Music/music/Alternative,Switchfoot,2026-07-04T17:35:35+00:00
/mnt/d/Music,music/Alternative/Switchfoot/Alternative Mix,/mnt/d/Music/music/Alternative/Switchfoot/Alternative Mix,/mnt/d/Music/music/Alternative/Switchfoot,Alternative Mix,2026-07-04T17:35:35+00:00
/mnt/d/Music,music/Alternative/Taproot,/mnt/d/Music/music/Alternative/Taproot,/mnt/d/Music/music/Alternative,Taproot,2026-07-04T17:35:35+00:00
/mnt/d/Music,music/Alternative/Taproot/Taproot,/mnt/d/Music/music/Alternative/Taproot/Taproot,/mnt/d/Music/music/Alternative/Taproot,Taproot,2026-07-04T17:35:35+00:00
/mnt/d/Music,music/Alternative/Tenacious D,/mnt/d/Music/music/Alternative/Tenacious D,/mnt/d/Music/music/Alternative,Tenacious D,2026-07-04T17:35:35+00:00
/mnt/d/Music,music/Alternative/Tenacious D/Tenacious D,/mnt/d/Music/music/Alternative/Tenacious D/Tenacious D,/mnt/d/Music/music/Alternative/Tenacious D,Tenacious D,2026-07-04T17:35:36+00:00
/mnt/d/Music,music/Alternative/The Ataris,/mnt/d/Music/music/Alternative/The Ataris,/mnt/d/Music/music/Alternative,The Ataris,2026-07-04T17:35:36+00:00
/mnt/d/Music,music/Alternative/The Ataris/So Long Astoria,/mnt/d/Music/music/Alternative/The Ataris/So Long Astoria,/mnt/d/Music/music/Alternative/The Ataris,So Long Astoria,2026-07-04T17:35:36+00:00
/mnt/d/Music,music/Alternative/The Deftones,/mnt/d/Music/music/Alternative/The Deftones,/mnt/d/Music/music/Alternative,The Deftones,2026-07-04T17:35:36+00:00
/mnt/d/Music,music/Alternative/The Deftones/Alternative Mix,/mnt/d/Music/music/Alternative/The Deftones/Alternative Mix,/mnt/d/Music/music/Alternative/The Deftones,Alternative Mix,2026-07-04T17:35:36+00:00
/mnt/d/Music,music/Alternative/The Fray,/mnt/d/Music/music/Alternative/The Fray,/mnt/d/Music/music/Alternative,The Fray,2026-07-04T17:35:36+00:00
/mnt/d/Music,music/Alternative/The Fray/How To Save A Life,/mnt/d/Music/music/Alternative/The Fray/How To Save A Life,/mnt/d/Music/music/Alternative/The Fray,How To Save A Life,2026-07-04T17:35:36+00:00
/mnt/d/Music,music/Alternative/The Killers,/mnt/d/Music/music/Alternative/The Killers,/mnt/d/Music/music/Alternative,The Killers,2026-07-04T17:35:36+00:00
/mnt/d/Music,music/Alternative/The Killers/Alternative Mix,/mnt/d/Music/music/Alternative/The Killers/Alternative Mix,/mnt/d/Music/music/Alternative/The Killers,Alternative Mix,2026-07-04T17:35:37+00:00
/mnt/d/Music,music/Alternative/The Offspring,/mnt/d/Music/music/Alternative/The Offspring,/mnt/d/Music/music/Alternative,The Offspring,2026-07-04T17:35:37+00:00
/mnt/d/Music,music/Alternative/The Offspring/Americana,/mnt/d/Music/music/Alternative/The Offspring/Americana,/mnt/d/Music/music/Alternative/The Offspring,Americana,2026-07-04T17:35:37+00:00
/mnt/d/Music,music/Alternative/The Verve,/mnt/d/Music/music/Alternative/The Verve,/mnt/d/Music/music/Alternative,The Verve,2026-07-04T17:35:37+00:00
/mnt/d/Music,music/Alternative/The Verve/Alternative Mix,/mnt/d/Music/music/Alternative/The Verve/Alternative Mix,/mnt/d/Music/music/Alternative/The Verve,Alternative Mix,2026-07-04T17:35:37+00:00
/mnt/d/Music,music/Alternative/The Wallflowers,/mnt/d/Music/music/Alternative/The Wallflowers,/mnt/d/Music/music/Alternative,The Wallflowers,2026-07-04T17:35:37+00:00
/mnt/d/Music,music/Alternative/The Wallflowers/Alternative Mix,/mnt/d/Music/music/Alternative/The Wallflowers/Alternative Mix,/mnt/d/Music/music/Alternative/The Wallflowers,Alternative Mix,2026-07-04T17:35:37+00:00
/mnt/d/Music,music/Alternative/Third Eyed Blind,/mnt/d/Music/music/Alternative/Third Eyed Blind,/mnt/d/Music/music/Alternative,Third Eyed Blind,2026-07-04T17:35:37+00:00
/mnt/d/Music,music/Alternative/Third Eyed Blind/Alternative Mix,/mnt/d/Music/music/Alternative/Third Eyed Blind/Alternative Mix,/mnt/d/Music/music/Alternative/Third Eyed Blind,Alternative Mix,2026-07-04T17:35:37+00:00
/mnt/d/Music,music/Alternative/Third Eyed Blind/Third Eyed Blind,/mnt/d/Music/music/Alternative/Third Eyed Blind/Third Eyed Blind,/mnt/d/Music/music/Alternative/Third Eyed Blind,Third Eyed Blind,2026-07-04T17:35:37+00:00
/mnt/d/Music,music/Alternative/Three Days Grace,/mnt/d/Music/music/Alternative/Three Days Grace,/mnt/d/Music/music/Alternative,Three Days Grace,2026-07-04T17:35:38+00:00
/mnt/d/Music,music/Alternative/Three Days Grace/Alternative Mix,/mnt/d/Music/music/Alternative/Three Days Grace/Alternative Mix,/mnt/d/Music/music/Alternative/Three Days Grace,Alternative Mix,2026-07-04T17:35:38+00:00
/mnt/d/Music,music/Alternative/Tom Petty,/mnt/d/Music/music/Alternative/Tom Petty,/mnt/d/Music/music/Alternative,Tom Petty,2026-07-04T17:35:38+00:00
/mnt/d/Music,music/Alternative/Tom Petty/Alternative Mix,/mnt/d/Music/music/Alternative/Tom Petty/Alternative Mix,/mnt/d/Music/music/Alternative/Tom Petty,Alternative Mix,2026-07-04T17:35:38+00:00
/mnt/d/Music,music/Alternative/Tonic,/mnt/d/Music/music/Alternative/Tonic,/mnt/d/Music/music/Alternative,Tonic,2026-07-04T17:35:38+00:00
/mnt/d/Music,music/Alternative/Tonic/Alternative Mix,/mnt/d/Music/music/Alternative/Tonic/Alternative Mix,/mnt/d/Music/music/Alternative/Tonic,Alternative Mix,2026-07-04T17:35:38+00:00
/mnt/d/Music,music/Alternative/Violent Femmes,/mnt/d/Music/music/Alternative/Violent Femmes,/mnt/d/Music/music/Alternative,Violent Femmes,2026-07-04T17:35:38+00:00
/mnt/d/Music,music/Alternative/Violent Femmes/Grosse Pointe Blank Soundtrack,/mnt/d/Music/music/Alternative/Violent Femmes/Grosse Pointe Blank Soundtrack,/mnt/d/Music/music/Alternative/Violent Femmes,Grosse Pointe Blank Soundtrack,2026-07-04T17:35:38+00:00
/mnt/d/Music,music/Alternative/Weezer,/mnt/d/Music/music/Alternative/Weezer,/mnt/d/Music/music/Alternative,Weezer,2026-07-04T17:35:38+00:00
/mnt/d/Music,music/Alternative/Weezer/Alternative Mix,/mnt/d/Music/music/Alternative/Weezer/Alternative Mix,/mnt/d/Music/music/Alternative/Weezer,Alternative Mix,2026-07-04T17:35:38+00:00
/mnt/d/Music,music/American Head Charge,/mnt/d/Music/music/American Head Charge,/mnt/d/Music/music,American Head Charge,2026-07-04T17:31:38+00:00
/mnt/d/Music,music/American Head Charge/Black Label Society,/mnt/d/Music/music/American Head Charge/Black Label Society,/mnt/d/Music/music/American Head Charge,Black Label Society,2026-07-04T17:31:36+00:00
/mnt/d/Music,music/American Head Charge/Black Label Society/Shot To Hell,/mnt/d/Music/music/American Head Charge/Black Label Society/Shot To Hell,/mnt/d/Music/music/American Head Charge/Black Label Society,Shot To Hell,2026-07-04T17:31:37+00:00
/mnt/d/Music,music/American Head Charge/The Feeding,/mnt/d/Music/music/American Head Charge/The Feeding,/mnt/d/Music/music/American Head Charge,The Feeding,2026-07-04T17:31:39+00:00
/mnt/d/Music,music/American Head Charge/The War Of Art,/mnt/d/Music/music/American Head Charge/The War Of Art,/mnt/d/Music/music/American Head Charge,The War Of Art,2026-07-04T17:31:36+00:00
/mnt/d/Music,music/Arch Enemy,/mnt/d/Music/music/Arch Enemy,/mnt/d/Music/music,Arch Enemy,2026-07-04T17:31:39+00:00
/mnt/d/Music,music/Arch Enemy/Doomsday Machine,/mnt/d/Music/music/Arch Enemy/Doomsday Machine,/mnt/d/Music/music/Arch Enemy,Doomsday Machine,2026-07-04T17:31:40+00:00
/mnt/d/Music,music/As I Lay Dying,/mnt/d/Music/music/As I Lay Dying,/mnt/d/Music/music,As I Lay Dying,2026-07-04T17:36:13+00:00
/mnt/d/Music,music/As I Lay Dying/As I Lay Dying,/mnt/d/Music/music/As I Lay Dying/As I Lay Dying,/mnt/d/Music/music/As I Lay Dying,As I Lay Dying,2026-07-04T17:36:15+00:00
/mnt/d/Music,music/Atreyu,/mnt/d/Music/music/Atreyu,/mnt/d/Music/music,Atreyu,2026-07-04T17:36:15+00:00
/mnt/d/Music,music/Atreyu/Atreyu Mixed CD,/mnt/d/Music/music/Atreyu/Atreyu Mixed CD,/mnt/d/Music/music/Atreyu,Atreyu Mixed CD,2026-07-04T17:36:17+00:00
/mnt/d/Music,music/Audioslave,/mnt/d/Music/music/Audioslave,/mnt/d/Music/music,Audioslave,2026-07-04T17:36:17+00:00
/mnt/d/Music,music/Audioslave/Audioslave,/mnt/d/Music/music/Audioslave/Audioslave,/mnt/d/Music/music/Audioslave,Audioslave,2026-07-04T17:36:18+00:00
/mnt/d/Music,music/Avenged Sevenfold,/mnt/d/Music/music/Avenged Sevenfold,/mnt/d/Music/music,Avenged Sevenfold,2026-07-04T17:31:41+00:00
/mnt/d/Music,music/Avenged Sevenfold/City Of Evil,/mnt/d/Music/music/Avenged Sevenfold/City Of Evil,/mnt/d/Music/music/Avenged Sevenfold,City Of Evil,2026-07-04T17:31:43+00:00
/mnt/d/Music,music/Bad Company,/mnt/d/Music/music/Bad Company,/mnt/d/Music/music,Bad Company,2026-07-04T17:36:18+00:00
/mnt/d/Music,music/Bad Company/Guitar Rock Classics,/mnt/d/Music/music/Bad Company/Guitar Rock Classics,/mnt/d/Music/music/Bad Company,Guitar Rock Classics,2026-07-04T17:36:18+00:00
/mnt/d/Music,music/Bad Company/The Best of Bad Company Live...What You Hear Is What You Get,/mnt/d/Music/music/Bad Company/The Best of Bad Company Live...What You Hear Is What You Get,/mnt/d/Music/music/Bad Company,The Best of Bad Company Live...What You Hear Is What You Get,2026-07-04T17:36:18+00:00
/mnt/d/Music,music/Bad Company/Wayne's World 2,/mnt/d/Music/music/Bad Company/Wayne's World 2,/mnt/d/Music/music/Bad Company,Wayne's World 2,2026-07-04T17:36:18+00:00
/mnt/d/Music,music/Barenaked Ladies,/mnt/d/Music/music/Barenaked Ladies,/mnt/d/Music/music,Barenaked Ladies,2026-07-04T17:36:18+00:00
/mnt/d/Music,music/Barenaked Ladies/No album info,/mnt/d/Music/music/Barenaked Ladies/No album info,/mnt/d/Music/music/Barenaked Ladies,No album info,2026-07-04T17:36:19+00:00
/mnt/d/Music,music/Beastie Boys,/mnt/d/Music/music/Beastie Boys,/mnt/d/Music/music,Beastie Boys,2026-07-04T17:36:19+00:00
/mnt/d/Music,music/Beastie Boys/No album info,/mnt/d/Music/music/Beastie Boys/No album info,/mnt/d/Music/music/Beastie Boys,No album info,2026-07-04T17:36:19+00:00
/mnt/d/Music,music/Beastie Boys/Now 17,/mnt/d/Music/music/Beastie Boys/Now 17,/mnt/d/Music/music/Beastie Boys,Now 17,2026-07-04T17:36:19+00:00
/mnt/d/Music,music/Behemoth,/mnt/d/Music/music/Behemoth,/mnt/d/Music/music,Behemoth,2026-07-04T17:46:01+00:00
/mnt/d/Music,music/Behemoth/The Apostasy,/mnt/d/Music/music/Behemoth/The Apostasy,/mnt/d/Music/music/Behemoth,The Apostasy,2026-07-04T17:46:01+00:00
/mnt/d/Music,music/Ben Folds Five,/mnt/d/Music/music/Ben Folds Five,/mnt/d/Music/music,Ben Folds Five,2026-07-04T17:36:19+00:00
/mnt/d/Music,music/Ben Folds Five/The Unauthorized Biography of Reinhold Messner,/mnt/d/Music/music/Ben Folds Five/The Unauthorized Biography of Reinhold Messner,/mnt/d/Music/music/Ben Folds Five,The Unauthorized Biography of Reinhold Messner,2026-07-04T17:36:19+00:00
/mnt/d/Music,music/Ben Folds Five/Whatever and Ever Amen,/mnt/d/Music/music/Ben Folds Five/Whatever and Ever Amen,/mnt/d/Music/music/Ben Folds Five,Whatever and Ever Amen,2026-07-04T17:36:19+00:00
/mnt/d/Music,music/Between The Buried & Me,/mnt/d/Music/music/Between The Buried & Me,/mnt/d/Music/music,Between The Buried & Me,2026-07-04T17:46:01+00:00
/mnt/d/Music,music/Between The Buried & Me/The Anatomy Of [Bonus Track],/mnt/d/Music/music/Between The Buried & Me/The Anatomy Of [Bonus Track],/mnt/d/Music/music/Between The Buried & Me,The Anatomy Of [Bonus Track],2026-07-04T17:46:03+00:00
/mnt/d/Music,music/Billy Idol,/mnt/d/Music/music/Billy Idol,/mnt/d/Music/music,Billy Idol,2026-07-04T17:36:20+00:00
/mnt/d/Music,music/Billy Idol/No album info,/mnt/d/Music/music/Billy Idol/No album info,/mnt/d/Music/music/Billy Idol,No album info,2026-07-04T17:36:20+00:00
/mnt/d/Music,music/Black Sabbath,/mnt/d/Music/music/Black Sabbath,/mnt/d/Music/music,Black Sabbath,2026-07-04T17:36:20+00:00
/mnt/d/Music,music/Black Sabbath/From the Born Again tour,/mnt/d/Music/music/Black Sabbath/From the Born Again tour,/mnt/d/Music/music/Black Sabbath,From the Born Again tour,2026-07-04T17:36:20+00:00
/mnt/d/Music,music/Black Sabbath/Reunion,/mnt/d/Music/music/Black Sabbath/Reunion,/mnt/d/Music/music/Black Sabbath,Reunion,2026-07-04T17:36:20+00:00
/mnt/d/Music,music/Black Tide,/mnt/d/Music/music/Black Tide,/mnt/d/Music/music,Black Tide,2026-07-04T17:46:03+00:00
/mnt/d/Music,music/Black Tide/Light From Above,/mnt/d/Music/music/Black Tide/Light From Above,/mnt/d/Music/music/Black Tide,Light From Above,2026-07-04T17:46:05+00:00
/mnt/d/Music,music/Blaze Ya Dead Homies,/mnt/d/Music/music/Blaze Ya Dead Homies,/mnt/d/Music/music,Blaze Ya Dead Homies,2026-07-04T17:36:20+00:00
/mnt/d/Music,music/Blaze Ya Dead Homies/No album info,/mnt/d/Music/music/Blaze Ya Dead Homies/No album info,/mnt/d/Music/music/Blaze Ya Dead Homies,No album info,2026-07-04T17:36:20+00:00
/mnt/d/Music,music/Blind Melon,/mnt/d/Music/music/Blind Melon,/mnt/d/Music/music,Blind Melon,2026-07-04T17:36:20+00:00
/mnt/d/Music,music/Blind Melon/No album info,/mnt/d/Music/music/Blind Melon/No album info,/mnt/d/Music/music/Blind Melon,No album info,2026-07-04T17:36:20+00:00
/mnt/d/Music,music/Blink 182,/mnt/d/Music/music/Blink 182,/mnt/d/Music/music,Blink 182,2026-07-04T17:36:21+00:00
/mnt/d/Music,music/Blink 182/No album info,/mnt/d/Music/music/Blink 182/No album info,/mnt/d/Music/music/Blink 182,No album info,2026-07-04T17:36:21+00:00
/mnt/d/Music,music/Blink 182/blink-182,/mnt/d/Music/music/Blink 182/blink-182,/mnt/d/Music/music/Blink 182,blink-182,2026-07-04T17:36:20+00:00
/mnt/d/Music,music/Bloodhound Gang,/mnt/d/Music/music/Bloodhound Gang,/mnt/d/Music/music,Bloodhound Gang,2026-07-04T17:36:21+00:00
/mnt/d/Music,music/Bloodhound Gang/No album info,/mnt/d/Music/music/Bloodhound Gang/No album info,/mnt/d/Music/music/Bloodhound Gang,No album info,2026-07-04T17:36:21+00:00
/mnt/d/Music,music/Blue Oyster Cult,/mnt/d/Music/music/Blue Oyster Cult,/mnt/d/Music/music,Blue Oyster Cult,2026-07-04T17:36:21+00:00
/mnt/d/Music,music/Blue Oyster Cult/Agents of Fortune,/mnt/d/Music/music/Blue Oyster Cult/Agents of Fortune,/mnt/d/Music/music/Blue Oyster Cult,Agents of Fortune,2026-07-04T17:36:21+00:00
/mnt/d/Music,music/Blues Traveler,/mnt/d/Music/music/Blues Traveler,/mnt/d/Music/music,Blues Traveler,2026-07-04T17:36:21+00:00
/mnt/d/Music,music/Blues Traveler/No album info,/mnt/d/Music/music/Blues Traveler/No album info,/mnt/d/Music/music/Blues Traveler,No album info,2026-07-04T17:36:21+00:00
/mnt/d/Music,music/Bob Seger,/mnt/d/Music/music/Bob Seger,/mnt/d/Music/music,Bob Seger,2026-07-04T17:36:22+00:00
/mnt/d/Music,music/Bob Seger/Greatest Hits,/mnt/d/Music/music/Bob Seger/Greatest Hits,/mnt/d/Music/music/Bob Seger,Greatest Hits,2026-07-04T17:36:22+00:00
/mnt/d/Music,music/Bon Jovi,/mnt/d/Music/music/Bon Jovi,/mnt/d/Music/music,Bon Jovi,2026-07-04T17:36:24+00:00
/mnt/d/Music,music/Bon Jovi/Bon Jovi,/mnt/d/Music/music/Bon Jovi/Bon Jovi,/mnt/d/Music/music/Bon Jovi,Bon Jovi,2026-07-04T17:36:22+00:00
/mnt/d/Music,music/Bon Jovi/No album info,/mnt/d/Music/music/Bon Jovi/No album info,/mnt/d/Music/music/Bon Jovi,No album info,2026-07-04T17:36:23+00:00
/mnt/d/Music,music/Bon Jovi/Slippery When Wet,/mnt/d/Music/music/Bon Jovi/Slippery When Wet,/mnt/d/Music/music/Bon Jovi,Slippery When Wet,2026-07-04T17:36:23+00:00
/mnt/d/Music,music/Bon Jovi/Young Guns,/mnt/d/Music/music/Bon Jovi/Young Guns,/mnt/d/Music/music/Bon Jovi,Young Guns,2026-07-04T17:36:24+00:00
/mnt/d/Music,music/Boston,/mnt/d/Music/music/Boston,/mnt/d/Music/music,Boston,2026-07-04T17:36:24+00:00
/mnt/d/Music,music/Boston/Greatest Hits,/mnt/d/Music/music/Boston/Greatest Hits,/mnt/d/Music/music/Boston,Greatest Hits,2026-07-04T17:36:24+00:00
/mnt/d/Music,music/Boston/No album info,/mnt/d/Music/music/Boston/No album info,/mnt/d/Music/music/Boston,No album info,2026-07-04T17:36:24+00:00
/mnt/d/Music,music/Breaking Benjamin,/mnt/d/Music/music/Breaking Benjamin,/mnt/d/Music/music,Breaking Benjamin,2026-07-04T17:36:24+00:00
/mnt/d/Music,music/Breaking Benjamin/Breaking Benjamin,/mnt/d/Music/music/Breaking Benjamin/Breaking Benjamin,/mnt/d/Music/music/Breaking Benjamin,Breaking Benjamin,2026-07-04T17:36:24+00:00
/mnt/d/Music,music/Breaking Benjamin/Phobia,/mnt/d/Music/music/Breaking Benjamin/Phobia,/mnt/d/Music/music/Breaking Benjamin,Phobia,2026-07-04T17:36:26+00:00
/mnt/d/Music,music/Broken Valley,/mnt/d/Music/music/Broken Valley,/mnt/d/Music/music,Broken Valley,2026-07-04T17:31:44+00:00
/mnt/d/Music,music/Bruce Springstien,/mnt/d/Music/music/Bruce Springstien,/mnt/d/Music/music,Bruce Springstien,2026-07-04T17:36:26+00:00
/mnt/d/Music,music/Bruce Springstien/No album info,/mnt/d/Music/music/Bruce Springstien/No album info,/mnt/d/Music/music/Bruce Springstien,No album info,2026-07-04T17:36:26+00:00
/mnt/d/Music,music/Bryan Adams,/mnt/d/Music/music/Bryan Adams,/mnt/d/Music/music,Bryan Adams,2026-07-04T17:36:26+00:00
/mnt/d/Music,music/Bryan Adams/So Far So Good,/mnt/d/Music/music/Bryan Adams/So Far So Good,/mnt/d/Music/music/Bryan Adams,So Far So Good,2026-07-04T17:36:26+00:00
/mnt/d/Music,music/Buckcherry,/mnt/d/Music/music/Buckcherry,/mnt/d/Music/music,Buckcherry,2026-07-04T17:36:26+00:00
/mnt/d/Music,music/Buckcherry/15,/mnt/d/Music/music/Buckcherry/15,/mnt/d/Music/music/Buckcherry,15,2026-07-04T17:36:26+00:00
/mnt/d/Music,music/Buffalo Springfield,/mnt/d/Music/music/Buffalo Springfield,/mnt/d/Music/music,Buffalo Springfield,2026-07-04T17:36:26+00:00
/mnt/d/Music,music/Buffalo Springfield/No album info,/mnt/d/Music/music/Buffalo Springfield/No album info,/mnt/d/Music/music/Buffalo Springfield,No album info,2026-07-04T17:36:26+00:00
/mnt/d/Music,music/Burn The Priest,/mnt/d/Music/music/Burn The Priest,/mnt/d/Music/music,Burn The Priest,2026-07-04T17:46:05+00:00
/mnt/d/Music,music/Burn The Priest/Burn The Priest,/mnt/d/Music/music/Burn The Priest/Burn The Priest,/mnt/d/Music/music/Burn The Priest,Burn The Priest,2026-07-04T17:46:06+00:00
/mnt/d/Music,music/Bush,/mnt/d/Music/music/Bush,/mnt/d/Music/music,Bush,2026-07-04T17:36:26+00:00
/mnt/d/Music,music/Bush/Alternative Mix,/mnt/d/Music/music/Bush/Alternative Mix,/mnt/d/Music/music/Bush,Alternative Mix,2026-07-04T17:36:26+00:00
/mnt/d/Music,music/Bush/No album info,/mnt/d/Music/music/Bush/No album info,/mnt/d/Music/music/Bush,No album info,2026-07-04T17:36:27+00:00
/mnt/d/Music,music/CCR,/mnt/d/Music/music/CCR,/mnt/d/Music/music,CCR,2026-07-04T17:36:28+00:00
/mnt/d/Music,music/CCR/No album info,/mnt/d/Music/music/CCR/No album info,/mnt/d/Music/music/CCR,No album info,2026-07-04T17:36:28+00:00
/mnt/d/Music,music/Candlebox,/mnt/d/Music/music/Candlebox,/mnt/d/Music/music,Candlebox,2026-07-04T17:36:27+00:00
/mnt/d/Music,music/Candlebox/No album info,/mnt/d/Music/music/Candlebox/No album info,/mnt/d/Music/music/Candlebox,No album info,2026-07-04T17:36:27+00:00
/mnt/d/Music,music/Chad Kroeger,/mnt/d/Music/music/Chad Kroeger,/mnt/d/Music/music,Chad Kroeger,2026-07-04T17:36:28+00:00
/mnt/d/Music,music/Chad Kroeger/Music From And Inspired By Spider-Man,/mnt/d/Music/music/Chad Kroeger/Music From And Inspired By Spider-Man,/mnt/d/Music/music/Chad Kroeger,Music From And Inspired By Spider-Man,2026-07-04T17:36:28+00:00
/mnt/d/Music,music/Chevelle,/mnt/d/Music/music/Chevelle,/mnt/d/Music/music,Chevelle,2026-07-04T17:36:28+00:00
/mnt/d/Music,music/Chevelle/Wonder What&amp;amp;amp;apos;s,/mnt/d/Music/music/Chevelle/Wonder What&amp;amp;amp;apos;s,/mnt/d/Music/music/Chevelle,Wonder What&amp;amp;amp;apos;s,2026-07-04T17:36:28+00:00
/mnt/d/Music,music/Chevelle/Wonder What&amp;apos;s Next,/mnt/d/Music/music/Chevelle/Wonder What&amp;apos;s Next,/mnt/d/Music/music/Chevelle,Wonder What&amp;apos;s Next,2026-07-04T17:36:28+00:00
/mnt/d/Music,music/Chickenfoot,/mnt/d/Music/music/Chickenfoot,/mnt/d/Music/music,Chickenfoot,2026-07-04T17:46:06+00:00
/mnt/d/Music,music/Chickenfoot/Chickenfoot,/mnt/d/Music/music/Chickenfoot/Chickenfoot,/mnt/d/Music/music/Chickenfoot,Chickenfoot,2026-07-04T17:46:08+00:00
/mnt/d/Music,music/Children Of Bodom,/mnt/d/Music/music/Children Of Bodom,/mnt/d/Music/music,Children Of Bodom,2026-07-04T17:31:51+00:00
/mnt/d/Music,music/Children Of Bodom/Are You Dead Yet- [Bonus Track],/mnt/d/Music/music/Children Of Bodom/Are You Dead Yet- [Bonus Track],/mnt/d/Music/music/Children Of Bodom,Are You Dead Yet- [Bonus Track],2026-07-04T17:31:46+00:00
/mnt/d/Music,music/Children Of Bodom/Blooddrunk,/mnt/d/Music/music/Children Of Bodom/Blooddrunk,/mnt/d/Music/music/Children Of Bodom,Blooddrunk,2026-07-04T17:31:48+00:00
/mnt/d/Music,music/Children Of Bodom/Something Wild,/mnt/d/Music/music/Children Of Bodom/Something Wild,/mnt/d/Music/music/Children Of Bodom,Something Wild,2026-07-04T17:31:51+00:00
/mnt/d/Music,music/Children Of Bodom/Stockholm Knockout Live,/mnt/d/Music/music/Children Of Bodom/Stockholm Knockout Live,/mnt/d/Music/music/Children Of Bodom,Stockholm Knockout Live,2026-07-04T17:31:51+00:00
/mnt/d/Music,music/Chimaira,/mnt/d/Music/music/Chimaira,/mnt/d/Music/music,Chimaira,2026-07-04T17:31:53+00:00
/mnt/d/Music,music/Chimaira/Chimaira,/mnt/d/Music/music/Chimaira/Chimaira,/mnt/d/Music/music/Chimaira,Chimaira,2026-07-04T17:31:55+00:00
/mnt/d/Music,music/Chimaira/The Impossibility Of Reason,/mnt/d/Music/music/Chimaira/The Impossibility Of Reason,/mnt/d/Music/music/Chimaira,The Impossibility Of Reason,2026-07-04T17:31:53+00:00
/mnt/d/Music,music/Christmas,/mnt/d/Music/music/Christmas,/mnt/d/Music/music,Christmas,2026-07-04T17:36:29+00:00
/mnt/d/Music,music/Christmas/Jewel,/mnt/d/Music/music/Christmas/Jewel,/mnt/d/Music/music/Christmas,Jewel,2026-07-04T17:36:28+00:00
/mnt/d/Music,music/Christmas/Jewel/No album info,/mnt/d/Music/music/Christmas/Jewel/No album info,/mnt/d/Music/music/Christmas/Jewel,No album info,2026-07-04T17:36:28+00:00
/mnt/d/Music,music/Christmas/Louis Armstrong,/mnt/d/Music/music/Christmas/Louis Armstrong,/mnt/d/Music/music/Christmas,Louis Armstrong,2026-07-04T17:36:28+00:00
/mnt/d/Music,music/Christmas/Louis Armstrong/No album info,/mnt/d/Music/music/Christmas/Louis Armstrong/No album info,/mnt/d/Music/music/Christmas/Louis Armstrong,No album info,2026-07-04T17:36:28+00:00
/mnt/d/Music,music/Christmas/Mariah Carey,/mnt/d/Music/music/Christmas/Mariah Carey,/mnt/d/Music/music/Christmas,Mariah Carey,2026-07-04T17:36:28+00:00
/mnt/d/Music,music/Christmas/Mariah Carey/No album info,/mnt/d/Music/music/Christmas/Mariah Carey/No album info,/mnt/d/Music/music/Christmas/Mariah Carey,No album info,2026-07-04T17:36:28+00:00
/mnt/d/Music,music/Christmas/No artist info,/mnt/d/Music/music/Christmas/No artist info,/mnt/d/Music/music/Christmas,No artist info,2026-07-04T17:36:29+00:00
/mnt/d/Music,music/Christmas/No artist info/No album info,/mnt/d/Music/music/Christmas/No artist info/No album info,/mnt/d/Music/music/Christmas/No artist info,No album info,2026-07-04T17:36:29+00:00
/mnt/d/Music,music/Christmas/Trans-Siberian Orchestra,/mnt/d/Music/music/Christmas/Trans-Siberian Orchestra,/mnt/d/Music/music/Christmas,Trans-Siberian Orchestra,2026-07-04T17:36:29+00:00
/mnt/d/Music,music/Christmas/Trans-Siberian Orchestra/No album info,/mnt/d/Music/music/Christmas/Trans-Siberian Orchestra/No album info,/mnt/d/Music/music/Christmas/Trans-Siberian Orchestra,No album info,2026-07-04T17:36:31+00:00
/mnt/d/Music,music/Clash,/mnt/d/Music/music/Clash,/mnt/d/Music/music,Clash,2026-07-04T17:36:31+00:00
/mnt/d/Music,music/Clash/The Singles,/mnt/d/Music/music/Clash/The Singles,/mnt/d/Music/music/Clash,The Singles,2026-07-04T17:36:31+00:00
/mnt/d/Music,music/Coheed & Cambria,/mnt/d/Music/music/Coheed & Cambria,/mnt/d/Music/music,Coheed & Cambria,2026-07-04T17:43:58+00:00
/mnt/d/Music,music/Coheed & Cambria/Good Apollo I'm Burning Star IV Vol. 1 -,/mnt/d/Music/music/Coheed & Cambria/Good Apollo I'm Burning Star IV Vol. 1 -,/mnt/d/Music/music/Coheed & Cambria,Good Apollo I'm Burning Star IV Vol. 1 -,2026-07-04T17:43:57+00:00
/mnt/d/Music,"music/Coheed & Cambria/Good Apollo, I'm Burning Star IV, Volume","/mnt/d/Music/music/Coheed & Cambria/Good Apollo, I'm Burning Star IV, Volume",/mnt/d/Music/music/Coheed & Cambria,"Good Apollo, I'm Burning Star IV, Volume",2026-07-04T17:43:59+00:00
/mnt/d/Music,music/Cold,/mnt/d/Music/music/Cold,/mnt/d/Music/music,Cold,2026-07-04T17:36:31+00:00
/mnt/d/Music,music/Cold/Year Of The Spider,/mnt/d/Music/music/Cold/Year Of The Spider,/mnt/d/Music/music/Cold,Year Of The Spider,2026-07-04T17:36:31+00:00
/mnt/d/Music,music/Coldplay,/mnt/d/Music/music/Coldplay,/mnt/d/Music/music,Coldplay,2026-07-04T17:44:00+00:00
/mnt/d/Music,music/Coldplay/Parachutes,/mnt/d/Music/music/Coldplay/Parachutes,/mnt/d/Music/music/Coldplay,Parachutes,2026-07-04T17:44:00+00:00
/mnt/d/Music,music/Collective Soul,/mnt/d/Music/music/Collective Soul,/mnt/d/Music/music,Collective Soul,2026-07-04T17:36:31+00:00
/mnt/d/Music,music/Collective Soul/No album info,/mnt/d/Music/music/Collective Soul/No album info,/mnt/d/Music/music/Collective Soul,No album info,2026-07-04T17:36:31+00:00
/mnt/d/Music,music/Collective Soul/_Unknown_,/mnt/d/Music/music/Collective Soul/_Unknown_,/mnt/d/Music/music/Collective Soul,_Unknown_,2026-07-04T17:36:31+00:00
/mnt/d/Music,music/Compilations,/mnt/d/Music/music/Compilations,/mnt/d/Music/music,Compilations,2026-07-04T17:44:17+00:00
/mnt/d/Music,music/Compilations/Apostrophe_Overnite Sensation,/mnt/d/Music/music/Compilations/Apostrophe_Overnite Sensation,/mnt/d/Music/music/Compilations,Apostrophe_Overnite Sensation,2026-07-04T17:44:02+00:00
/mnt/d/Music,music/Compilations/Chronicles [Disc 2],/mnt/d/Music/music/Compilations/Chronicles [Disc 2],/mnt/d/Music/music/Compilations,Chronicles [Disc 2],2026-07-04T17:44:03+00:00
/mnt/d/Music,music/Compilations/Greatest Hits 1970-1978,/mnt/d/Music/music/Compilations/Greatest Hits 1970-1978,/mnt/d/Music/music/Compilations,Greatest Hits 1970-1978,2026-07-04T17:44:05+00:00
/mnt/d/Music,music/Compilations/Guns N' Roses_ Greatest Hits,/mnt/d/Music/music/Compilations/Guns N' Roses_ Greatest Hits,/mnt/d/Music/music/Compilations,Guns N' Roses_ Greatest Hits,2026-07-04T17:44:06+00:00
/mnt/d/Music,music/Compilations/Iowa,/mnt/d/Music/music/Compilations/Iowa,/mnt/d/Music/music/Compilations,Iowa,2026-07-04T17:44:08+00:00
/mnt/d/Music,music/Compilations/Live Era '87-'93 [Disc 1],/mnt/d/Music/music/Compilations/Live Era '87-'93 [Disc 1],/mnt/d/Music/music/Compilations,Live Era '87-'93 [Disc 1],2026-07-04T17:44:10+00:00
/mnt/d/Music,music/Compilations/Live Era '87-'93 [Disc 2],/mnt/d/Music/music/Compilations/Live Era '87-'93 [Disc 2],/mnt/d/Music/music/Compilations,Live Era '87-'93 [Disc 2],2026-07-04T17:44:12+00:00
/mnt/d/Music,music/Compilations/Nirvana,/mnt/d/Music/music/Compilations/Nirvana,/mnt/d/Music/music/Compilations,Nirvana,2026-07-04T17:44:13+00:00
/mnt/d/Music,music/Compilations/Red Hot Chili Peppers_ Greatest Hits,/mnt/d/Music/music/Compilations/Red Hot Chili Peppers_ Greatest Hits,/mnt/d/Music/music/Compilations,Red Hot Chili Peppers_ Greatest Hits,2026-07-04T17:44:13+00:00
/mnt/d/Music,"music/Compilations/Reise, Reise","/mnt/d/Music/music/Compilations/Reise, Reise",/mnt/d/Music/music/Compilations,"Reise, Reise",2026-07-04T17:44:14+00:00
/mnt/d/Music,"music/Compilations/Rob Zombie_ Past, Present & Future","/mnt/d/Music/music/Compilations/Rob Zombie_ Past, Present & Future",/mnt/d/Music/music/Compilations,"Rob Zombie_ Past, Present & Future",2026-07-04T17:44:15+00:00
/mnt/d/Music,music/Compilations/Spanish Foundation (Disc 1),/mnt/d/Music/music/Compilations/Spanish Foundation (Disc 1),/mnt/d/Music/music/Compilations,Spanish Foundation (Disc 1),2026-07-04T17:44:17+00:00
/mnt/d/Music,music/Compilations/Suicidal Final Acts,/mnt/d/Music/music/Compilations/Suicidal Final Acts,/mnt/d/Music/music/Compilations,Suicidal Final Acts,2026-07-04T17:44:18+00:00
/mnt/d/Music,music/Corey Taylor,/mnt/d/Music/music/Corey Taylor,/mnt/d/Music/music,Corey Taylor,2026-07-04T17:36:32+00:00
/mnt/d/Music,music/Corey Taylor/Music From And Inspired By Spider-Man,/mnt/d/Music/music/Corey Taylor/Music From And Inspired By Spider-Man,/mnt/d/Music/music/Corey Taylor,Music From And Inspired By Spider-Man,2026-07-04T17:36:32+00:00
/mnt/d/Music,music/Counting Crows,/mnt/d/Music/music/Counting Crows,/mnt/d/Music/music,Counting Crows,2026-07-04T17:36:34+00:00
/mnt/d/Music,music/Counting Crows/Films About Ghosts,/mnt/d/Music/music/Counting Crows/Films About Ghosts,/mnt/d/Music/music/Counting Crows,Films About Ghosts,2026-07-04T17:36:34+00:00
/mnt/d/Music,music/Counting Crows/No album info,/mnt/d/Music/music/Counting Crows/No album info,/mnt/d/Music/music/Counting Crows,No album info,2026-07-04T17:36:34+00:00
/mnt/d/Music,music/Cowboy Mouth,/mnt/d/Music/music/Cowboy Mouth,/mnt/d/Music/music,Cowboy Mouth,2026-07-04T17:36:34+00:00
/mnt/d/Music,music/Cowboy Mouth/No album info,/mnt/d/Music/music/Cowboy Mouth/No album info,/mnt/d/Music/music/Cowboy Mouth,No album info,2026-07-04T17:36:34+00:00
/mnt/d/Music,music/Cream,/mnt/d/Music/music/Cream,/mnt/d/Music/music,Cream,2026-07-04T17:36:34+00:00
/mnt/d/Music,music/Cream/The Very Best of Cream,/mnt/d/Music/music/Cream/The Very Best of Cream,/mnt/d/Music/music/Cream,The Very Best of Cream,2026-07-04T17:36:34+00:00
/mnt/d/Music,music/Creed,/mnt/d/Music/music/Creed,/mnt/d/Music/music,Creed,2026-07-04T17:36:35+00:00
/mnt/d/Music,music/Creed/No album info,/mnt/d/Music/music/Creed/No album info,/mnt/d/Music/music/Creed,No album info,2026-07-04T17:36:35+00:00
/mnt/d/Music,music/Creed/Weathered,/mnt/d/Music/music/Creed/Weathered,/mnt/d/Music/music/Creed,Weathered,2026-07-04T17:36:35+00:00
/mnt/d/Music,music/Creedence Clearwater Revival,/mnt/d/Music/music/Creedence Clearwater Revival,/mnt/d/Music/music,Creedence Clearwater Revival,2026-07-04T17:36:35+00:00
/mnt/d/Music,music/Creedence Clearwater Revival/Chronicles,/mnt/d/Music/music/Creedence Clearwater Revival/Chronicles,/mnt/d/Music/music/Creedence Clearwater Revival,Chronicles,2026-07-04T17:36:35+00:00
/mnt/d/Music,music/Creedence Clearwater Revival/No album info,/mnt/d/Music/music/Creedence Clearwater Revival/No album info,/mnt/d/Music/music/Creedence Clearwater Revival,No album info,2026-07-04T17:36:35+00:00
/mnt/d/Music,"music/Crosby, Stills, Nash & Young","/mnt/d/Music/music/Crosby, Stills, Nash & Young",/mnt/d/Music/music,"Crosby, Stills, Nash & Young",2026-07-04T17:44:18+00:00
/mnt/d/Music,"music/Crosby, Stills, Nash & Young/Déjà Vu","/mnt/d/Music/music/Crosby, Stills, Nash & Young/Déjà Vu","/mnt/d/Music/music/Crosby, Stills, Nash & Young",Déjà Vu,2026-07-04T17:44:19+00:00
/mnt/d/Music,music/Crossfade,/mnt/d/Music/music/Crossfade,/mnt/d/Music/music,Crossfade,2026-07-04T17:36:37+00:00
/mnt/d/Music,music/Crossfade/Crossfade,/mnt/d/Music/music/Crossfade/Crossfade,/mnt/d/Music/music/Crossfade,Crossfade,2026-07-04T17:36:36+00:00
/mnt/d/Music,music/Crossfade/Now 17,/mnt/d/Music/music/Crossfade/Now 17,/mnt/d/Music/music/Crossfade,Now 17,2026-07-04T17:36:37+00:00
/mnt/d/Music,music/Damageplan,/mnt/d/Music/music/Damageplan,/mnt/d/Music/music,Damageplan,2026-07-04T17:44:19+00:00
/mnt/d/Music,music/Damageplan/New Found Power,/mnt/d/Music/music/Damageplan/New Found Power,/mnt/d/Music/music/Damageplan,New Found Power,2026-07-04T17:44:21+00:00
/mnt/d/Music,music/Daughtry,/mnt/d/Music/music/Daughtry,/mnt/d/Music/music,Daughtry,2026-07-04T17:36:37+00:00
/mnt/d/Music,music/Daughtry/Daughtry,/mnt/d/Music/music/Daughtry/Daughtry,/mnt/d/Music/music/Daughtry,Daughtry,2026-07-04T17:36:38+00:00
/mnt/d/Music,music/Dave Matthews Band,/mnt/d/Music/music/Dave Matthews Band,/mnt/d/Music/music,Dave Matthews Band,2026-07-04T17:36:39+00:00
/mnt/d/Music,music/Dave Matthews Band/Listener Supported (Disc 2),/mnt/d/Music/music/Dave Matthews Band/Listener Supported (Disc 2),/mnt/d/Music/music/Dave Matthews Band,Listener Supported (Disc 2),2026-07-04T17:36:38+00:00
/mnt/d/Music,music/Dave Matthews Band/No album info,/mnt/d/Music/music/Dave Matthews Band/No album info,/mnt/d/Music/music/Dave Matthews Band,No album info,2026-07-04T17:36:39+00:00
/mnt/d/Music,music/Dave Matthews Band/Stand Up,/mnt/d/Music/music/Dave Matthews Band/Stand Up,/mnt/d/Music/music/Dave Matthews Band,Stand Up,2026-07-04T17:36:39+00:00
/mnt/d/Music,music/Days Of The New,/mnt/d/Music/music/Days Of The New,/mnt/d/Music/music,Days Of The New,2026-07-04T17:36:39+00:00
/mnt/d/Music,music/Days Of The New/No album info,/mnt/d/Music/music/Days Of The New/No album info,/mnt/d/Music/music/Days Of The New,No album info,2026-07-04T17:36:39+00:00
/mnt/d/Music,music/Deep Blue Something,/mnt/d/Music/music/Deep Blue Something,/mnt/d/Music/music,Deep Blue Something,2026-07-04T17:36:40+00:00
/mnt/d/Music,music/Deep Blue Something/No album info,/mnt/d/Music/music/Deep Blue Something/No album info,/mnt/d/Music/music/Deep Blue Something,No album info,2026-07-04T17:36:40+00:00
/mnt/d/Music,music/Def Leppard,/mnt/d/Music/music/Def Leppard,/mnt/d/Music/music,Def Leppard,2026-07-04T17:36:40+00:00
/mnt/d/Music,music/Def Leppard/Hysteria,/mnt/d/Music/music/Def Leppard/Hysteria,/mnt/d/Music/music/Def Leppard,Hysteria,2026-07-04T17:36:40+00:00
/mnt/d/Music,music/Def Leppard/No album info,/mnt/d/Music/music/Def Leppard/No album info,/mnt/d/Music/music/Def Leppard,No album info,2026-07-04T17:36:40+00:00
/mnt/d/Music,music/Default,/mnt/d/Music/music/Default,/mnt/d/Music/music,Default,2026-07-04T17:36:40+00:00
/mnt/d/Music,music/Default/The Fallout,/mnt/d/Music/music/Default/The Fallout,/mnt/d/Music/music/Default,The Fallout,2026-07-04T17:36:42+00:00
/mnt/d/Music,music/Demon Hunter,/mnt/d/Music/music/Demon Hunter,/mnt/d/Music/music,Demon Hunter,2026-07-04T17:44:21+00:00
/mnt/d/Music,music/Demon Hunter/Summer Of Darkness,/mnt/d/Music/music/Demon Hunter/Summer Of Darkness,/mnt/d/Music/music/Demon Hunter,Summer Of Darkness,2026-07-04T17:44:23+00:00
/mnt/d/Music,music/Dethklok,/mnt/d/Music/music/Dethklok,/mnt/d/Music/music,Dethklok,2026-07-04T17:31:56+00:00
/mnt/d/Music,music/Dethklok/The Dethalbum,/mnt/d/Music/music/Dethklok/The Dethalbum,/mnt/d/Music/music/Dethklok,The Dethalbum,2026-07-04T17:31:59+00:00
/mnt/d/Music,music/Devildriver,/mnt/d/Music/music/Devildriver,/mnt/d/Music/music,Devildriver,2026-07-04T17:44:25+00:00
/mnt/d/Music,music/Devildriver/Pray For Villains [Special Edition],/mnt/d/Music/music/Devildriver/Pray For Villains [Special Edition],/mnt/d/Music/music/Devildriver,Pray For Villains [Special Edition],2026-07-04T17:44:25+00:00
/mnt/d/Music,music/Devildriver/The Last Kind Words,/mnt/d/Music/music/Devildriver/The Last Kind Words,/mnt/d/Music/music/Devildriver,The Last Kind Words,2026-07-04T17:44:26+00:00
/mnt/d/Music,music/Disturbed,/mnt/d/Music/music/Disturbed,/mnt/d/Music/music,Disturbed,2026-07-04T17:32:04+00:00
/mnt/d/Music,music/Disturbed/Believe,/mnt/d/Music/music/Disturbed/Believe,/mnt/d/Music/music/Disturbed,Believe,2026-07-04T17:32:04+00:00
/mnt/d/Music,music/Disturbed/Ten Thousand Fists,/mnt/d/Music/music/Disturbed/Ten Thousand Fists,/mnt/d/Music/music/Disturbed,Ten Thousand Fists,2026-07-04T17:32:03+00:00
/mnt/d/Music,music/Disturbed/The Sickness,/mnt/d/Music/music/Disturbed/The Sickness,/mnt/d/Music/music/Disturbed,The Sickness,2026-07-04T17:32:06+00:00
/mnt/d/Music,music/Divlje Jagode,/mnt/d/Music/music/Divlje Jagode,/mnt/d/Music/music,Divlje Jagode,2026-07-04T17:44:26+00:00
/mnt/d/Music,music/Divlje Jagode (1979),/mnt/d/Music/music/Divlje Jagode (1979),/mnt/d/Music/music,Divlje Jagode (1979),2026-07-04T17:44:26+00:00
/mnt/d/Music,music/Divlje Jagode (1979)/Divlje Jagode,/mnt/d/Music/music/Divlje Jagode (1979)/Divlje Jagode,/mnt/d/Music/music/Divlje Jagode (1979),Divlje Jagode,2026-07-04T17:44:26+00:00
/mnt/d/Music,music/Divlje Jagode/Ultimate Collection Divlje Jagode,/mnt/d/Music/music/Divlje Jagode/Ultimate Collection Divlje Jagode,/mnt/d/Music/music/Divlje Jagode,Ultimate Collection Divlje Jagode,2026-07-04T17:44:26+00:00
/mnt/d/Music,music/Dokken,/mnt/d/Music/music/Dokken,/mnt/d/Music/music,Dokken,2026-07-04T17:44:26+00:00
/mnt/d/Music,music/Dokken/The Very Best Of,/mnt/d/Music/music/Dokken/The Very Best Of,/mnt/d/Music/music/Dokken,The Very Best Of,2026-07-04T17:44:28+00:00
/mnt/d/Music,music/Don McLean,/mnt/d/Music/music/Don McLean,/mnt/d/Music/music,Don McLean,2026-07-04T17:36:42+00:00
/mnt/d/Music,music/Don McLean/Don McLean Classics,/mnt/d/Music/music/Don McLean/Don McLean Classics,/mnt/d/Music/music/Don McLean,Don McLean Classics,2026-07-04T17:36:42+00:00
/mnt/d/Music,music/Dope,/mnt/d/Music/music/Dope,/mnt/d/Music/music,Dope,2026-07-04T17:32:06+00:00
/mnt/d/Music,music/Dope/Life,/mnt/d/Music/music/Dope/Life,/mnt/d/Music/music/Dope,Life,2026-07-04T17:32:08+00:00
/mnt/d/Music,music/Downthesun,/mnt/d/Music/music/Downthesun,/mnt/d/Music/music,Downthesun,2026-07-04T17:32:08+00:00
/mnt/d/Music,music/Downthesun/Downthesun,/mnt/d/Music/music/Downthesun/Downthesun,/mnt/d/Music/music/Downthesun,Downthesun,2026-07-04T17:32:10+00:00
/mnt/d/Music,music/DragonForce,/mnt/d/Music/music/DragonForce,/mnt/d/Music/music,DragonForce,2026-07-04T17:44:30+00:00
/mnt/d/Music,music/DragonForce/Inhuman Rampage,/mnt/d/Music/music/DragonForce/Inhuman Rampage,/mnt/d/Music/music/DragonForce,Inhuman Rampage,2026-07-04T17:44:29+00:00
/mnt/d/Music,music/DragonForce/Ultra Beatdown,/mnt/d/Music/music/DragonForce/Ultra Beatdown,/mnt/d/Music/music/DragonForce,Ultra Beatdown,2026-07-04T17:44:31+00:00
/mnt/d/Music,music/Dream Theater,/mnt/d/Music/music/Dream Theater,/mnt/d/Music/music,Dream Theater,2026-07-04T17:32:19+00:00
/mnt/d/Music,music/Dream Theater/Awake,/mnt/d/Music/music/Dream Theater/Awake,/mnt/d/Music/music/Dream Theater,Awake,2026-07-04T17:32:21+00:00
/mnt/d/Music,music/Dream Theater/Octavarium,/mnt/d/Music/music/Dream Theater/Octavarium,/mnt/d/Music/music/Dream Theater,Octavarium,2026-07-04T17:32:18+00:00
/mnt/d/Music,music/Dream Theater/Systematic Chaos,/mnt/d/Music/music/Dream Theater/Systematic Chaos,/mnt/d/Music/music/Dream Theater,Systematic Chaos,2026-07-04T17:32:15+00:00
/mnt/d/Music,music/Dream Theater/Train Of Thought,/mnt/d/Music/music/Dream Theater/Train Of Thought,/mnt/d/Music/music/Dream Theater,Train Of Thought,2026-07-04T17:32:12+00:00
/mnt/d/Music,music/Drivin 'N' Cryin,/mnt/d/Music/music/Drivin 'N' Cryin,/mnt/d/Music/music,Drivin 'N' Cryin,2026-07-04T17:36:42+00:00
/mnt/d/Music,music/Drivin 'N' Cryin/No album info,/mnt/d/Music/music/Drivin 'N' Cryin/No album info,/mnt/d/Music/music/Drivin 'N' Cryin,No album info,2026-07-04T17:36:42+00:00
/mnt/d/Music,music/Eagle Eye Cherry,/mnt/d/Music/music/Eagle Eye Cherry,/mnt/d/Music/music,Eagle Eye Cherry,2026-07-04T17:36:42+00:00
/mnt/d/Music,music/Eagle Eye Cherry/No album info,/mnt/d/Music/music/Eagle Eye Cherry/No album info,/mnt/d/Music/music/Eagle Eye Cherry,No album info,2026-07-04T17:36:42+00:00
/mnt/d/Music,music/Eric Clapton,/mnt/d/Music/music/Eric Clapton,/mnt/d/Music/music,Eric Clapton,2026-07-04T17:36:42+00:00
/mnt/d/Music,music/Eric Clapton/No album info,/mnt/d/Music/music/Eric Clapton/No album info,/mnt/d/Music/music/Eric Clapton,No album info,2026-07-04T17:36:43+00:00
/mnt/d/Music,music/Evanescence,/mnt/d/Music/music/Evanescence,/mnt/d/Music/music,Evanescence,2026-07-04T17:36:44+00:00
/mnt/d/Music,music/Evanescence/Fallen,/mnt/d/Music/music/Evanescence/Fallen,/mnt/d/Music/music/Evanescence,Fallen,2026-07-04T17:36:44+00:00
/mnt/d/Music,music/Evanescence/Fallen [Bonus Track],/mnt/d/Music/music/Evanescence/Fallen [Bonus Track],/mnt/d/Music/music/Evanescence,Fallen [Bonus Track],2026-07-04T17:36:45+00:00
/mnt/d/Music,music/Eve 6,/mnt/d/Music/music/Eve 6,/mnt/d/Music/music,Eve 6,2026-07-04T17:36:45+00:00
/mnt/d/Music,music/Eve 6/Eve 6,/mnt/d/Music/music/Eve 6/Eve 6,/mnt/d/Music/music/Eve 6,Eve 6,2026-07-04T17:36:45+00:00
/mnt/d/Music,music/Eve 6/Horoscope,/mnt/d/Music/music/Eve 6/Horoscope,/mnt/d/Music/music/Eve 6,Horoscope,2026-07-04T17:36:45+00:00
/mnt/d/Music,music/Everclear,/mnt/d/Music/music/Everclear,/mnt/d/Music/music,Everclear,2026-07-04T17:36:45+00:00
/mnt/d/Music,music/Everclear/No album info,/mnt/d/Music/music/Everclear/No album info,/mnt/d/Music/music/Everclear,No album info,2026-07-04T17:36:45+00:00
/mnt/d/Music,music/Everclear/So Much For The Afterglow,/mnt/d/Music/music/Everclear/So Much For The Afterglow,/mnt/d/Music/music/Everclear,So Much For The Afterglow,2026-07-04T17:36:46+00:00
/mnt/d/Music,music/Everlast,/mnt/d/Music/music/Everlast,/mnt/d/Music/music,Everlast,2026-07-04T17:36:46+00:00
/mnt/d/Music,music/Everlast/Whitey Ford Sings the Blues,/mnt/d/Music/music/Everlast/Whitey Ford Sings the Blues,/mnt/d/Music/music/Everlast,Whitey Ford Sings the Blues,2026-07-04T17:36:46+00:00
/mnt/d/Music,music/Extreme,/mnt/d/Music/music/Extreme,/mnt/d/Music/music,Extreme,2026-07-04T17:36:46+00:00
/mnt/d/Music,music/Extreme/No album info,/mnt/d/Music/music/Extreme/No album info,/mnt/d/Music/music/Extreme,No album info,2026-07-04T17:36:46+00:00
/mnt/d/Music,music/Fate of Norns,/mnt/d/Music/music/Fate of Norns,/mnt/d/Music/music,Fate of Norns,2026-07-04T17:43:54+00:00
/mnt/d/Music,music/Fear Factory,/mnt/d/Music/music/Fear Factory,/mnt/d/Music/music,Fear Factory,2026-07-04T17:44:31+00:00
/mnt/d/Music,music/Fear Factory/Digimortal,/mnt/d/Music/music/Fear Factory/Digimortal,/mnt/d/Music/music/Fear Factory,Digimortal,2026-07-04T17:44:33+00:00
/mnt/d/Music,music/Filter,/mnt/d/Music/music/Filter,/mnt/d/Music/music,Filter,2026-07-04T17:36:46+00:00
/mnt/d/Music,music/Filter/No album info,/mnt/d/Music/music/Filter/No album info,/mnt/d/Music/music/Filter,No album info,2026-07-04T17:36:46+00:00
/mnt/d/Music,music/Finger Eleven,/mnt/d/Music/music/Finger Eleven,/mnt/d/Music/music,Finger Eleven,2026-07-04T17:36:47+00:00
/mnt/d/Music,music/Finger Eleven/Now 17,/mnt/d/Music/music/Finger Eleven/Now 17,/mnt/d/Music/music/Finger Eleven,Now 17,2026-07-04T17:36:47+00:00
/mnt/d/Music,music/Five For Fighting,/mnt/d/Music/music/Five For Fighting,/mnt/d/Music/music,Five For Fighting,2026-07-04T17:36:47+00:00
/mnt/d/Music,music/Five For Fighting/America Town,/mnt/d/Music/music/Five For Fighting/America Town,/mnt/d/Music/music/Five For Fighting,America Town,2026-07-04T17:36:47+00:00
/mnt/d/Music,music/Flaw,/mnt/d/Music/music/Flaw,/mnt/d/Music/music,Flaw,2026-07-04T17:32:24+00:00
/mnt/d/Music,music/Flaw/Endangered Species,/mnt/d/Music/music/Flaw/Endangered Species,/mnt/d/Music/music/Flaw,Endangered Species,2026-07-04T17:32:25+00:00
/mnt/d/Music,music/Flaw/Through The Eyes,/mnt/d/Music/music/Flaw/Through The Eyes,/mnt/d/Music/music/Flaw,Through The Eyes,2026-07-04T17:32:23+00:00
/mnt/d/Music,music/Fleetwood Mac,/mnt/d/Music/music/Fleetwood Mac,/mnt/d/Music/music,Fleetwood Mac,2026-07-04T17:36:47+00:00
/mnt/d/Music,music/Fleetwood Mac/No album info,/mnt/d/Music/music/Fleetwood Mac/No album info,/mnt/d/Music/music/Fleetwood Mac,No album info,2026-07-04T17:36:47+00:00
/mnt/d/Music,music/Flyleaf,/mnt/d/Music/music/Flyleaf,/mnt/d/Music/music,Flyleaf,2026-07-04T17:36:47+00:00
/mnt/d/Music,music/Flyleaf/Flyleaf,/mnt/d/Music/music/Flyleaf/Flyleaf,/mnt/d/Music/music/Flyleaf,Flyleaf,2026-07-04T17:36:47+00:00
/mnt/d/Music,music/Foghat,/mnt/d/Music/music/Foghat,/mnt/d/Music/music,Foghat,2026-07-04T17:36:47+00:00
/mnt/d/Music,music/Foghat/No album info,/mnt/d/Music/music/Foghat/No album info,/mnt/d/Music/music/Foghat,No album info,2026-07-04T17:36:47+00:00
/mnt/d/Music,music/Foo Fighters,/mnt/d/Music/music/Foo Fighters,/mnt/d/Music/music,Foo Fighters,2026-07-04T17:36:48+00:00
/mnt/d/Music,music/Foo Fighters/No album info,/mnt/d/Music/music/Foo Fighters/No album info,/mnt/d/Music/music/Foo Fighters,No album info,2026-07-04T17:36:47+00:00
/mnt/d/Music,music/Foo Fighters/The Colour And The Shape,/mnt/d/Music/music/Foo Fighters/The Colour And The Shape,/mnt/d/Music/music/Foo Fighters,The Colour And The Shape,2026-07-04T17:36:48+00:00
/mnt/d/Music,music/Foo Fighters/There Is Nothing Left to Lose,/mnt/d/Music/music/Foo Fighters/There Is Nothing Left to Lose,/mnt/d/Music/music/Foo Fighters,There Is Nothing Left to Lose,2026-07-04T17:36:48+00:00
/mnt/d/Music,music/Fountains of Wayne,/mnt/d/Music/music/Fountains of Wayne,/mnt/d/Music/music,Fountains of Wayne,2026-07-04T17:36:48+00:00
/mnt/d/Music,music/Fountains of Wayne/No album info,/mnt/d/Music/music/Fountains of Wayne/No album info,/mnt/d/Music/music/Fountains of Wayne,No album info,2026-07-04T17:36:48+00:00
/mnt/d/Music,music/Frankie J,/mnt/d/Music/music/Frankie J,/mnt/d/Music/music,Frankie J,2026-07-04T17:36:48+00:00
/mnt/d/Music,music/Frankie J/The One,/mnt/d/Music/music/Frankie J/The One,/mnt/d/Music/music/Frankie J,The One,2026-07-04T17:36:49+00:00
/mnt/d/Music,music/Franz Ferdinand,/mnt/d/Music/music/Franz Ferdinand,/mnt/d/Music/music,Franz Ferdinand,2026-07-04T17:36:49+00:00
/mnt/d/Music,music/Franz Ferdinand/Now 17,/mnt/d/Music/music/Franz Ferdinand/Now 17,/mnt/d/Music/music/Franz Ferdinand,Now 17,2026-07-04T17:36:49+00:00
/mnt/d/Music,music/Free,/mnt/d/Music/music/Free,/mnt/d/Music/music,Free,2026-07-04T17:36:50+00:00
/mnt/d/Music,music/Free/The Best of Free,/mnt/d/Music/music/Free/The Best of Free,/mnt/d/Music/music/Free,The Best of Free,2026-07-04T17:36:50+00:00
/mnt/d/Music,music/Fuel,/mnt/d/Music/music/Fuel,/mnt/d/Music/music,Fuel,2026-07-04T17:36:50+00:00
/mnt/d/Music,music/Fuel/Something Like Human,/mnt/d/Music/music/Fuel/Something Like Human,/mnt/d/Music/music/Fuel,Something Like Human,2026-07-04T17:36:50+00:00
/mnt/d/Music,music/Gangsta,/mnt/d/Music/music/Gangsta,/mnt/d/Music/music,Gangsta,2026-07-04T17:36:50+00:00
/mnt/d/Music,music/Gangsta/Blaze Ya Dead Homies,/mnt/d/Music/music/Gangsta/Blaze Ya Dead Homies,/mnt/d/Music/music/Gangsta,Blaze Ya Dead Homies,2026-07-04T17:36:50+00:00
/mnt/d/Music,music/Gangsta/Blaze Ya Dead Homies/1 Less G In Da Hood,/mnt/d/Music/music/Gangsta/Blaze Ya Dead Homies/1 Less G In Da Hood,/mnt/d/Music/music/Gangsta/Blaze Ya Dead Homies,1 Less G In Da Hood,2026-07-04T17:36:50+00:00
/mnt/d/Music,music/Gangsta/Gucci Mane,/mnt/d/Music/music/Gangsta/Gucci Mane,/mnt/d/Music/music/Gangsta,Gucci Mane,2026-07-04T17:36:50+00:00
/mnt/d/Music,music/Gangsta/Gucci Mane/Rap Mix 1,/mnt/d/Music/music/Gangsta/Gucci Mane/Rap Mix 1,/mnt/d/Music/music/Gangsta/Gucci Mane,Rap Mix 1,2026-07-04T17:36:50+00:00
/mnt/d/Music,music/Gangsta/Lil Jon & The East Side Boyz,/mnt/d/Music/music/Gangsta/Lil Jon & The East Side Boyz,/mnt/d/Music/music/Gangsta,Lil Jon & The East Side Boyz,2026-07-04T17:36:50+00:00
/mnt/d/Music,music/Gangsta/Lil Jon & The East Side Boyz/We Still Crunk,/mnt/d/Music/music/Gangsta/Lil Jon & The East Side Boyz/We Still Crunk,/mnt/d/Music/music/Gangsta/Lil Jon & The East Side Boyz,We Still Crunk,2026-07-04T17:36:50+00:00
/mnt/d/Music,music/Gavin DeGraw,/mnt/d/Music/music/Gavin DeGraw,/mnt/d/Music/music,Gavin DeGraw,2026-07-04T17:36:50+00:00
/mnt/d/Music,music/Gavin DeGraw/No album info,/mnt/d/Music/music/Gavin DeGraw/No album info,/mnt/d/Music/music/Gavin DeGraw,No album info,2026-07-04T17:36:50+00:00
/mnt/d/Music,music/George Thorogood,/mnt/d/Music/music/George Thorogood,/mnt/d/Music/music,George Thorogood,2026-07-04T17:36:51+00:00
/mnt/d/Music,music/George Thorogood/No album info,/mnt/d/Music/music/George Thorogood/No album info,/mnt/d/Music/music/George Thorogood,No album info,2026-07-04T17:36:51+00:00
/mnt/d/Music,music/Georgia Satellites,/mnt/d/Music/music/Georgia Satellites,/mnt/d/Music/music,Georgia Satellites,2026-07-04T17:36:51+00:00
/mnt/d/Music,music/Georgia Satellites/No album info,/mnt/d/Music/music/Georgia Satellites/No album info,/mnt/d/Music/music/Georgia Satellites,No album info,2026-07-04T17:36:51+00:00
/mnt/d/Music,music/Gin Blossoms,/mnt/d/Music/music/Gin Blossoms,/mnt/d/Music/music,Gin Blossoms,2026-07-04T17:36:51+00:00
/mnt/d/Music,music/Gin Blossoms/No album info,/mnt/d/Music/music/Gin Blossoms/No album info,/mnt/d/Music/music/Gin Blossoms,No album info,2026-07-04T17:36:51+00:00
/mnt/d/Music,music/Glenn Gould,/mnt/d/Music/music/Glenn Gould,/mnt/d/Music/music,Glenn Gould,2026-07-04T17:44:33+00:00
/mnt/d/Music,"music/Glenn Gould/Bach_ The Well-Tempered Clavier, Book I,","/mnt/d/Music/music/Glenn Gould/Bach_ The Well-Tempered Clavier, Book I,",/mnt/d/Music/music/Glenn Gould,"Bach_ The Well-Tempered Clavier, Book I,",2026-07-04T17:44:35+00:00
/mnt/d/Music,music/Godsmack,/mnt/d/Music/music/Godsmack,/mnt/d/Music/music,Godsmack,2026-07-04T17:36:53+00:00
/mnt/d/Music,music/Godsmack/Faceless,/mnt/d/Music/music/Godsmack/Faceless,/mnt/d/Music/music/Godsmack,Faceless,2026-07-04T17:36:53+00:00
/mnt/d/Music,music/Godsmack/Godsmack,/mnt/d/Music/music/Godsmack/Godsmack,/mnt/d/Music/music/Godsmack,Godsmack,2026-07-04T17:36:53+00:00
/mnt/d/Music,music/Golden Earring,/mnt/d/Music/music/Golden Earring,/mnt/d/Music/music,Golden Earring,2026-07-04T17:36:53+00:00
/mnt/d/Music,music/Golden Earring/Wayne's World 2,/mnt/d/Music/music/Golden Earring/Wayne's World 2,/mnt/d/Music/music/Golden Earring,Wayne's World 2,2026-07-04T17:36:53+00:00
/mnt/d/Music,music/Goo Goo Dolls,/mnt/d/Music/music/Goo Goo Dolls,/mnt/d/Music/music,Goo Goo Dolls,2026-07-04T17:36:53+00:00
/mnt/d/Music,music/Goo Goo Dolls/No album info,/mnt/d/Music/music/Goo Goo Dolls/No album info,/mnt/d/Music/music/Goo Goo Dolls,No album info,2026-07-04T17:36:53+00:00
/mnt/d/Music,music/Good Charlotte,/mnt/d/Music/music/Good Charlotte,/mnt/d/Music/music,Good Charlotte,2026-07-04T17:36:53+00:00
/mnt/d/Music,music/Good Charlotte/No album info,/mnt/d/Music/music/Good Charlotte/No album info,/mnt/d/Music/music/Good Charlotte,No album info,2026-07-04T17:36:53+00:00
/mnt/d/Music,music/Great White,/mnt/d/Music/music/Great White,/mnt/d/Music/music,Great White,2026-07-04T17:36:53+00:00
/mnt/d/Music,music/Great White/Monsters of Rock [Razor & Tie],/mnt/d/Music/music/Great White/Monsters of Rock [Razor & Tie],/mnt/d/Music/music/Great White,Monsters of Rock [Razor & Tie],2026-07-04T17:36:53+00:00
/mnt/d/Music,music/Green Day,/mnt/d/Music/music/Green Day,/mnt/d/Music/music,Green Day,2026-07-04T17:36:54+00:00
/mnt/d/Music,music/Green Day/No album info,/mnt/d/Music/music/Green Day/No album info,/mnt/d/Music/music/Green Day,No album info,2026-07-04T17:36:54+00:00
/mnt/d/Music,music/Green Jelly,/mnt/d/Music/music/Green Jelly,/mnt/d/Music/music,Green Jelly,2026-07-04T17:36:54+00:00
/mnt/d/Music,music/Green Jelly/No album info,/mnt/d/Music/music/Green Jelly/No album info,/mnt/d/Music/music/Green Jelly,No album info,2026-07-04T17:36:54+00:00
/mnt/d/Music,music/Guns N' Roses,/mnt/d/Music/music/Guns N' Roses,/mnt/d/Music/music,Guns N' Roses,2026-07-04T17:37:00+00:00
/mnt/d/Music,music/Guns N' Roses/Appetite for Destruction,/mnt/d/Music/music/Guns N' Roses/Appetite for Destruction,/mnt/d/Music/music/Guns N' Roses,Appetite for Destruction,2026-07-04T17:36:59+00:00
/mnt/d/Music,music/Guns N' Roses/G N' R Lies,/mnt/d/Music/music/Guns N' Roses/G N' R Lies,/mnt/d/Music/music/Guns N' Roses,G N' R Lies,2026-07-04T17:37:00+00:00
/mnt/d/Music,music/Guns N' Roses/No album info,/mnt/d/Music/music/Guns N' Roses/No album info,/mnt/d/Music/music/Guns N' Roses,No album info,2026-07-04T17:36:55+00:00
/mnt/d/Music,music/Guns N' Roses/Use Your Illusion I,/mnt/d/Music/music/Guns N' Roses/Use Your Illusion I,/mnt/d/Music/music/Guns N' Roses,Use Your Illusion I,2026-07-04T17:37:02+00:00
/mnt/d/Music,music/Guns N' Roses/Use Your Illusion II,/mnt/d/Music/music/Guns N' Roses/Use Your Illusion II,/mnt/d/Music/music/Guns N' Roses,Use Your Illusion II,2026-07-04T17:36:57+00:00
/mnt/d/Music,music/Gwar,/mnt/d/Music/music/Gwar,/mnt/d/Music/music,Gwar,2026-07-04T17:32:25+00:00
/mnt/d/Music,music/Gwar/Violence Has Arrived,/mnt/d/Music/music/Gwar/Violence Has Arrived,/mnt/d/Music/music/Gwar,Violence Has Arrived,2026-07-04T17:32:27+00:00
/mnt/d/Music,music/HELLYEAH,/mnt/d/Music/music/HELLYEAH,/mnt/d/Music/music,HELLYEAH,2026-07-04T17:32:29+00:00
/mnt/d/Music,music/HELLYEAH/HELLYEAH,/mnt/d/Music/music/HELLYEAH/HELLYEAH,/mnt/d/Music/music/HELLYEAH,HELLYEAH,2026-07-04T17:32:28+00:00
/mnt/d/Music,music/HELLYEAH/Unknown Album,/mnt/d/Music/music/HELLYEAH/Unknown Album,/mnt/d/Music/music/HELLYEAH,Unknown Album,2026-07-04T17:32:31+00:00
/mnt/d/Music,music/Hatebreed,/mnt/d/Music/music/Hatebreed,/mnt/d/Music/music,Hatebreed,2026-07-04T17:44:35+00:00
/mnt/d/Music,music/Hatebreed/Perseverance,/mnt/d/Music/music/Hatebreed/Perseverance,/mnt/d/Music/music/Hatebreed,Perseverance,2026-07-04T17:44:35+00:00
/mnt/d/Music,music/High On Fire,/mnt/d/Music/music/High On Fire,/mnt/d/Music/music,High On Fire,2026-07-04T17:44:35+00:00
/mnt/d/Music,music/High On Fire/Death Is This Communion,/mnt/d/Music/music/High On Fire/Death Is This Communion,/mnt/d/Music/music/High On Fire,Death Is This Communion,2026-07-04T17:44:36+00:00
/mnt/d/Music,music/Hinder,/mnt/d/Music/music/Hinder,/mnt/d/Music/music,Hinder,2026-07-04T17:37:02+00:00
/mnt/d/Music,music/Hinder/Extreme Behavior,/mnt/d/Music/music/Hinder/Extreme Behavior,/mnt/d/Music/music/Hinder,Extreme Behavior,2026-07-04T17:37:02+00:00
/mnt/d/Music,music/Hip - Hop,/mnt/d/Music/music/Hip - Hop,/mnt/d/Music/music,Hip - Hop,2026-07-04T17:38:32+00:00
/mnt/d/Music,music/Hip - Hop/Lil' Wayne,/mnt/d/Music/music/Hip - Hop/Lil' Wayne,/mnt/d/Music/music/Hip - Hop,Lil' Wayne,2026-07-04T17:38:32+00:00
/mnt/d/Music,music/Hip - Hop/Lil' Wayne/Rap Mix 1,/mnt/d/Music/music/Hip - Hop/Lil' Wayne/Rap Mix 1,/mnt/d/Music/music/Hip - Hop/Lil' Wayne,Rap Mix 1,2026-07-04T17:38:32+00:00
/mnt/d/Music,music/Hip Hop_Rap,/mnt/d/Music/music/Hip Hop_Rap,/mnt/d/Music/music,Hip Hop_Rap,2026-07-04T17:41:58+00:00
/mnt/d/Music,music/Hip Hop_Rap/2Pac,/mnt/d/Music/music/Hip Hop_Rap/2Pac,/mnt/d/Music/music/Hip Hop_Rap,2Pac,2026-07-04T17:38:35+00:00
/mnt/d/Music,music/Hip Hop_Rap/2Pac/All Eyez On Me (Book One),/mnt/d/Music/music/Hip Hop_Rap/2Pac/All Eyez On Me (Book One),/mnt/d/Music/music/Hip Hop_Rap/2Pac,All Eyez On Me (Book One),2026-07-04T17:38:34+00:00
/mnt/d/Music,music/Hip Hop_Rap/2Pac/All Eyez on Me (Book Two),/mnt/d/Music/music/Hip Hop_Rap/2Pac/All Eyez on Me (Book Two),/mnt/d/Music/music/Hip Hop_Rap/2Pac,All Eyez on Me (Book Two),2026-07-04T17:38:35+00:00
/mnt/d/Music,music/Hip Hop_Rap/2Pac/Me Against The World,/mnt/d/Music/music/Hip Hop_Rap/2Pac/Me Against The World,/mnt/d/Music/music/Hip Hop_Rap/2Pac,Me Against The World,2026-07-04T17:38:37+00:00
/mnt/d/Music,music/Hip Hop_Rap/50 Cent,/mnt/d/Music/music/Hip Hop_Rap/50 Cent,/mnt/d/Music/music/Hip Hop_Rap,50 Cent,2026-07-04T17:38:39+00:00
/mnt/d/Music,music/Hip Hop_Rap/50 Cent/Get Rich Or Die Tryin',/mnt/d/Music/music/Hip Hop_Rap/50 Cent/Get Rich Or Die Tryin',/mnt/d/Music/music/Hip Hop_Rap/50 Cent,Get Rich Or Die Tryin',2026-07-04T17:38:39+00:00
/mnt/d/Music,music/Hip Hop_Rap/50 Cent/Rap Mix 1,/mnt/d/Music/music/Hip Hop_Rap/50 Cent/Rap Mix 1,/mnt/d/Music/music/Hip Hop_Rap/50 Cent,Rap Mix 1,2026-07-04T17:38:39+00:00
/mnt/d/Music,music/Hip Hop_Rap/50 Cent/The Massacre,/mnt/d/Music/music/Hip Hop_Rap/50 Cent/The Massacre,/mnt/d/Music/music/Hip Hop_Rap/50 Cent,The Massacre,2026-07-04T17:38:39+00:00
/mnt/d/Music,music/Hip Hop_Rap/504 Boyz,/mnt/d/Music/music/Hip Hop_Rap/504 Boyz,/mnt/d/Music/music/Hip Hop_Rap,504 Boyz,2026-07-04T17:38:39+00:00
/mnt/d/Music,music/Hip Hop_Rap/504 Boyz/Ballers,/mnt/d/Music/music/Hip Hop_Rap/504 Boyz/Ballers,/mnt/d/Music/music/Hip Hop_Rap/504 Boyz,Ballers,2026-07-04T17:38:41+00:00
/mnt/d/Music,music/Hip Hop_Rap/Akon,/mnt/d/Music/music/Hip Hop_Rap/Akon,/mnt/d/Music/music/Hip Hop_Rap,Akon,2026-07-04T17:38:41+00:00
/mnt/d/Music,music/Hip Hop_Rap/Akon/Konvicted,/mnt/d/Music/music/Hip Hop_Rap/Akon/Konvicted,/mnt/d/Music/music/Hip Hop_Rap/Akon,Konvicted,2026-07-04T17:38:43+00:00
/mnt/d/Music,music/Hip Hop_Rap/B.G,/mnt/d/Music/music/Hip Hop_Rap/B.G,/mnt/d/Music/music/Hip Hop_Rap,B.G,2026-07-04T17:38:47+00:00
/mnt/d/Music,music/Hip Hop_Rap/B.G/B.G.__Livin' Legend_,/mnt/d/Music/music/Hip Hop_Rap/B.G/B.G.__Livin' Legend_,/mnt/d/Music/music/Hip Hop_Rap/B.G,B.G.__Livin' Legend_,2026-07-04T17:38:45+00:00
/mnt/d/Music,music/Hip Hop_Rap/B.G/Checkmate,/mnt/d/Music/music/Hip Hop_Rap/B.G/Checkmate,/mnt/d/Music/music/Hip Hop_Rap/B.G,Checkmate,2026-07-04T17:38:47+00:00
/mnt/d/Music,music/Hip Hop_Rap/B.G/Chopper City In The Ghetto,/mnt/d/Music/music/Hip Hop_Rap/B.G/Chopper City In The Ghetto,/mnt/d/Music/music/Hip Hop_Rap/B.G,Chopper City In The Ghetto,2026-07-04T17:38:49+00:00
/mnt/d/Music,music/Hip Hop_Rap/Baby D,/mnt/d/Music/music/Hip Hop_Rap/Baby D,/mnt/d/Music/music/Hip Hop_Rap,Baby D,2026-07-04T17:38:49+00:00
/mnt/d/Music,music/Hip Hop_Rap/Baby D/Lil' Chopper Toy,/mnt/d/Music/music/Hip Hop_Rap/Baby D/Lil' Chopper Toy,/mnt/d/Music/music/Hip Hop_Rap/Baby D,Lil' Chopper Toy,2026-07-04T17:38:51+00:00
/mnt/d/Music,music/Hip Hop_Rap/Big Punisher,/mnt/d/Music/music/Hip Hop_Rap/Big Punisher,/mnt/d/Music/music/Hip Hop_Rap,Big Punisher,2026-07-04T17:38:51+00:00
/mnt/d/Music,music/Hip Hop_Rap/Big Punisher/Yeeeah Baby,/mnt/d/Music/music/Hip Hop_Rap/Big Punisher/Yeeeah Baby,/mnt/d/Music/music/Hip Hop_Rap/Big Punisher,Yeeeah Baby,2026-07-04T17:38:52+00:00
/mnt/d/Music,music/Hip Hop_Rap/Big Tymers,/mnt/d/Music/music/Hip Hop_Rap/Big Tymers,/mnt/d/Music/music/Hip Hop_Rap,Big Tymers,2026-07-04T17:38:56+00:00
/mnt/d/Music,music/Hip Hop_Rap/Big Tymers/Hood Rich,/mnt/d/Music/music/Hip Hop_Rap/Big Tymers/Hood Rich,/mnt/d/Music/music/Hip Hop_Rap/Big Tymers,Hood Rich,2026-07-04T17:38:54+00:00
/mnt/d/Music,music/Hip Hop_Rap/Big Tymers/How You Love That Vol. 2,/mnt/d/Music/music/Hip Hop_Rap/Big Tymers/How You Love That Vol. 2,/mnt/d/Music/music/Hip Hop_Rap/Big Tymers,How You Love That Vol. 2,2026-07-04T17:38:56+00:00
/mnt/d/Music,music/Hip Hop_Rap/Big Tymers/Rap Mix 1,/mnt/d/Music/music/Hip Hop_Rap/Big Tymers/Rap Mix 1,/mnt/d/Music/music/Hip Hop_Rap/Big Tymers,Rap Mix 1,2026-07-04T17:38:57+00:00
/mnt/d/Music,music/Hip Hop_Rap/Bobby Valentino,/mnt/d/Music/music/Hip Hop_Rap/Bobby Valentino,/mnt/d/Music/music/Hip Hop_Rap,Bobby Valentino,2026-07-04T17:38:57+00:00
/mnt/d/Music,music/Hip Hop_Rap/Bobby Valentino/Rap Mix 1,/mnt/d/Music/music/Hip Hop_Rap/Bobby Valentino/Rap Mix 1,/mnt/d/Music/music/Hip Hop_Rap/Bobby Valentino,Rap Mix 1,2026-07-04T17:38:57+00:00
/mnt/d/Music,music/Hip Hop_Rap/Bone Thugs-N- Harmony,/mnt/d/Music/music/Hip Hop_Rap/Bone Thugs-N- Harmony,/mnt/d/Music/music/Hip Hop_Rap,Bone Thugs-N- Harmony,2026-07-04T17:39:02+00:00
/mnt/d/Music,music/Hip Hop_Rap/Bone Thugs-N- Harmony/Greatest Hits,/mnt/d/Music/music/Hip Hop_Rap/Bone Thugs-N- Harmony/Greatest Hits,/mnt/d/Music/music/Hip Hop_Rap/Bone Thugs-N- Harmony,Greatest Hits,2026-07-04T17:38:58+00:00
/mnt/d/Music,music/Hip Hop_Rap/Bone Thugs-N- Harmony/Greatest Hits [Disc 2],/mnt/d/Music/music/Hip Hop_Rap/Bone Thugs-N- Harmony/Greatest Hits [Disc 2],/mnt/d/Music/music/Hip Hop_Rap/Bone Thugs-N- Harmony,Greatest Hits [Disc 2],2026-07-04T17:39:00+00:00
/mnt/d/Music,music/Hip Hop_Rap/Bone Thugs-N- Harmony/The Art Of War (Disc 1),/mnt/d/Music/music/Hip Hop_Rap/Bone Thugs-N- Harmony/The Art Of War (Disc 1),/mnt/d/Music/music/Hip Hop_Rap/Bone Thugs-N- Harmony,The Art Of War (Disc 1),2026-07-04T17:39:01+00:00
/mnt/d/Music,music/Hip Hop_Rap/Bone Thugs-N- Harmony/The Art Of War [Disc 2],/mnt/d/Music/music/Hip Hop_Rap/Bone Thugs-N- Harmony/The Art Of War [Disc 2],/mnt/d/Music/music/Hip Hop_Rap/Bone Thugs-N- Harmony,The Art Of War [Disc 2],2026-07-04T17:39:03+00:00
/mnt/d/Music,music/Hip Hop_Rap/Bone Thugs-N-Harmony,/mnt/d/Music/music/Hip Hop_Rap/Bone Thugs-N-Harmony,/mnt/d/Music/music/Hip Hop_Rap,Bone Thugs-N-Harmony,2026-07-04T17:39:03+00:00
/mnt/d/Music,music/Hip Hop_Rap/Bone Thugs-N-Harmony/E. 1999 Eternal,/mnt/d/Music/music/Hip Hop_Rap/Bone Thugs-N-Harmony/E. 1999 Eternal,/mnt/d/Music/music/Hip Hop_Rap/Bone Thugs-N-Harmony,E. 1999 Eternal,2026-07-04T17:39:05+00:00
/mnt/d/Music,music/Hip Hop_Rap/Bow Wow,/mnt/d/Music/music/Hip Hop_Rap/Bow Wow,/mnt/d/Music/music/Hip Hop_Rap,Bow Wow,2026-07-04T17:39:05+00:00
/mnt/d/Music,music/Hip Hop_Rap/Bow Wow/Rap Mix 1,/mnt/d/Music/music/Hip Hop_Rap/Bow Wow/Rap Mix 1,/mnt/d/Music/music/Hip Hop_Rap/Bow Wow,Rap Mix 1,2026-07-04T17:39:05+00:00
/mnt/d/Music,music/Hip Hop_Rap/Busta Rhymes,/mnt/d/Music/music/Hip Hop_Rap/Busta Rhymes,/mnt/d/Music/music/Hip Hop_Rap,Busta Rhymes,2026-07-04T17:39:07+00:00
/mnt/d/Music,music/Hip Hop_Rap/Busta Rhymes/Genesis,/mnt/d/Music/music/Hip Hop_Rap/Busta Rhymes/Genesis,/mnt/d/Music/music/Hip Hop_Rap/Busta Rhymes,Genesis,2026-07-04T17:39:07+00:00
/mnt/d/Music,music/Hip Hop_Rap/Busta Rhymes/When Disaster Strikes,/mnt/d/Music/music/Hip Hop_Rap/Busta Rhymes/When Disaster Strikes,/mnt/d/Music/music/Hip Hop_Rap/Busta Rhymes,When Disaster Strikes,2026-07-04T17:39:09+00:00
/mnt/d/Music,music/Hip Hop_Rap/Cam'ron,/mnt/d/Music/music/Hip Hop_Rap/Cam'ron,/mnt/d/Music/music/Hip Hop_Rap,Cam'ron,2026-07-04T17:39:11+00:00
/mnt/d/Music,music/Hip Hop_Rap/Cam'ron/Confessions Of Fire,/mnt/d/Music/music/Hip Hop_Rap/Cam'ron/Confessions Of Fire,/mnt/d/Music/music/Hip Hop_Rap/Cam'ron,Confessions Of Fire,2026-07-04T17:39:11+00:00
/mnt/d/Music,music/Hip Hop_Rap/Cam'ron/S.D.E,/mnt/d/Music/music/Hip Hop_Rap/Cam'ron/S.D.E,/mnt/d/Music/music/Hip Hop_Rap/Cam'ron,S.D.E,2026-07-04T17:39:13+00:00
/mnt/d/Music,music/Hip Hop_Rap/Capone-N-Noreaga,/mnt/d/Music/music/Hip Hop_Rap/Capone-N-Noreaga,/mnt/d/Music/music/Hip Hop_Rap,Capone-N-Noreaga,2026-07-04T17:39:13+00:00
/mnt/d/Music,music/Hip Hop_Rap/Capone-N-Noreaga/The Reunion,/mnt/d/Music/music/Hip Hop_Rap/Capone-N-Noreaga/The Reunion,/mnt/d/Music/music/Hip Hop_Rap/Capone-N-Noreaga,The Reunion,2026-07-04T17:39:15+00:00
/mnt/d/Music,music/Hip Hop_Rap/Cash Money Millionaires,/mnt/d/Music/music/Hip Hop_Rap/Cash Money Millionaires,/mnt/d/Music/music/Hip Hop_Rap,Cash Money Millionaires,2026-07-04T17:39:15+00:00
/mnt/d/Music,music/Hip Hop_Rap/Cash Money Millionaires/Rap Mix 1,/mnt/d/Music/music/Hip Hop_Rap/Cash Money Millionaires/Rap Mix 1,/mnt/d/Music/music/Hip Hop_Rap/Cash Money Millionaires,Rap Mix 1,2026-07-04T17:39:15+00:00
/mnt/d/Music,music/Hip Hop_Rap/Cassidy,/mnt/d/Music/music/Hip Hop_Rap/Cassidy,/mnt/d/Music/music/Hip Hop_Rap,Cassidy,2026-07-04T17:39:15+00:00
/mnt/d/Music,music/Hip Hop_Rap/Cassidy/Split Personality,/mnt/d/Music/music/Hip Hop_Rap/Cassidy/Split Personality,/mnt/d/Music/music/Hip Hop_Rap/Cassidy,Split Personality,2026-07-04T17:39:17+00:00
/mnt/d/Music,music/Hip Hop_Rap/Chamillionaire,/mnt/d/Music/music/Hip Hop_Rap/Chamillionaire,/mnt/d/Music/music/Hip Hop_Rap,Chamillionaire,2026-07-04T17:39:17+00:00
/mnt/d/Music,music/Hip Hop_Rap/Chamillionaire/The Sound Of Revenge,/mnt/d/Music/music/Hip Hop_Rap/Chamillionaire/The Sound Of Revenge,/mnt/d/Music/music/Hip Hop_Rap/Chamillionaire,The Sound Of Revenge,2026-07-04T17:39:19+00:00
/mnt/d/Music,music/Hip Hop_Rap/Common,/mnt/d/Music/music/Hip Hop_Rap/Common,/mnt/d/Music/music/Hip Hop_Rap,Common,2026-07-04T17:39:19+00:00
/mnt/d/Music,music/Hip Hop_Rap/Common/Rap Mix 1,/mnt/d/Music/music/Hip Hop_Rap/Common/Rap Mix 1,/mnt/d/Music/music/Hip Hop_Rap/Common,Rap Mix 1,2026-07-04T17:39:19+00:00
/mnt/d/Music,music/Hip Hop_Rap/Crime Mob,/mnt/d/Music/music/Hip Hop_Rap/Crime Mob,/mnt/d/Music/music/Hip Hop_Rap,Crime Mob,2026-07-04T17:39:19+00:00
/mnt/d/Music,music/Hip Hop_Rap/Crime Mob/Crime Mob,/mnt/d/Music/music/Hip Hop_Rap/Crime Mob/Crime Mob,/mnt/d/Music/music/Hip Hop_Rap/Crime Mob,Crime Mob,2026-07-04T17:39:20+00:00
/mnt/d/Music,music/Hip Hop_Rap/D.S.G.B,/mnt/d/Music/music/Hip Hop_Rap/D.S.G.B,/mnt/d/Music/music/Hip Hop_Rap,D.S.G.B,2026-07-04T17:39:20+00:00
/mnt/d/Music,music/Hip Hop_Rap/D.S.G.B/'Til Death Do Us Part,/mnt/d/Music/music/Hip Hop_Rap/D.S.G.B/'Til Death Do Us Part,/mnt/d/Music/music/Hip Hop_Rap/D.S.G.B,'Til Death Do Us Part,2026-07-04T17:39:22+00:00
/mnt/d/Music,music/Hip Hop_Rap/D12,/mnt/d/Music/music/Hip Hop_Rap/D12,/mnt/d/Music/music/Hip Hop_Rap,D12,2026-07-04T17:39:22+00:00
/mnt/d/Music,music/Hip Hop_Rap/D12/D12 World,/mnt/d/Music/music/Hip Hop_Rap/D12/D12 World,/mnt/d/Music/music/Hip Hop_Rap/D12,D12 World,2026-07-04T17:39:24+00:00
/mnt/d/Music,music/Hip Hop_Rap/DJ Rick And The Dogs,/mnt/d/Music/music/Hip Hop_Rap/DJ Rick And The Dogs,/mnt/d/Music/music/Hip Hop_Rap,DJ Rick And The Dogs,2026-07-04T17:39:28+00:00
/mnt/d/Music,music/Hip Hop_Rap/DJ Rick And The Dogs/Rap Mix 1,/mnt/d/Music/music/Hip Hop_Rap/DJ Rick And The Dogs/Rap Mix 1,/mnt/d/Music/music/Hip Hop_Rap/DJ Rick And The Dogs,Rap Mix 1,2026-07-04T17:39:28+00:00
/mnt/d/Music,music/Hip Hop_Rap/DMX,/mnt/d/Music/music/Hip Hop_Rap/DMX,/mnt/d/Music/music/Hip Hop_Rap,DMX,2026-07-04T17:39:29+00:00
/mnt/d/Music,"music/Hip Hop_Rap/DMX/Flesh Of My Flesh, Blood Of My Blood","/mnt/d/Music/music/Hip Hop_Rap/DMX/Flesh Of My Flesh, Blood Of My Blood",/mnt/d/Music/music/Hip Hop_Rap/DMX,"Flesh Of My Flesh, Blood Of My Blood",2026-07-04T17:39:30+00:00
/mnt/d/Music,music/Hip Hop_Rap/Da Muzicians,/mnt/d/Music/music/Hip Hop_Rap/Da Muzicians,/mnt/d/Music/music/Hip Hop_Rap,Da Muzicians,2026-07-04T17:39:24+00:00
/mnt/d/Music,music/Hip Hop_Rap/Da Muzicians/Rap Mix 1,/mnt/d/Music/music/Hip Hop_Rap/Da Muzicians/Rap Mix 1,/mnt/d/Music/music/Hip Hop_Rap/Da Muzicians,Rap Mix 1,2026-07-04T17:39:24+00:00
/mnt/d/Music,music/Hip Hop_Rap/David Banner,/mnt/d/Music/music/Hip Hop_Rap/David Banner,/mnt/d/Music/music/Hip Hop_Rap,David Banner,2026-07-04T17:39:26+00:00
/mnt/d/Music,music/Hip Hop_Rap/David Banner/Baptized In Dirty Water,/mnt/d/Music/music/Hip Hop_Rap/David Banner/Baptized In Dirty Water,/mnt/d/Music/music/Hip Hop_Rap/David Banner,Baptized In Dirty Water,2026-07-04T17:39:26+00:00
/mnt/d/Music,music/Hip Hop_Rap/David Banner/Rap Mix 1,/mnt/d/Music/music/Hip Hop_Rap/David Banner/Rap Mix 1,/mnt/d/Music/music/Hip Hop_Rap/David Banner,Rap Mix 1,2026-07-04T17:39:26+00:00
/mnt/d/Music,music/Hip Hop_Rap/Dem Franchise Boys,/mnt/d/Music/music/Hip Hop_Rap/Dem Franchise Boys,/mnt/d/Music/music/Hip Hop_Rap,Dem Franchise Boys,2026-07-04T17:39:28+00:00
/mnt/d/Music,music/Hip Hop_Rap/Dem Franchise Boys/On Top Of Our Game,/mnt/d/Music/music/Hip Hop_Rap/Dem Franchise Boys/On Top Of Our Game,/mnt/d/Music/music/Hip Hop_Rap/Dem Franchise Boys,On Top Of Our Game,2026-07-04T17:39:28+00:00
/mnt/d/Music,music/Hip Hop_Rap/Dem Franchise Boys/Rap Mix 1,/mnt/d/Music/music/Hip Hop_Rap/Dem Franchise Boys/Rap Mix 1,/mnt/d/Music/music/Hip Hop_Rap/Dem Franchise Boys,Rap Mix 1,2026-07-04T17:39:28+00:00
/mnt/d/Music,music/Hip Hop_Rap/Dirrty Boyz,/mnt/d/Music/music/Hip Hop_Rap/Dirrty Boyz,/mnt/d/Music/music/Hip Hop_Rap,Dirrty Boyz,2026-07-04T17:39:28+00:00
/mnt/d/Music,music/Hip Hop_Rap/Dirrty Boyz/Rap Mix 1,/mnt/d/Music/music/Hip Hop_Rap/Dirrty Boyz/Rap Mix 1,/mnt/d/Music/music/Hip Hop_Rap/Dirrty Boyz,Rap Mix 1,2026-07-04T17:39:28+00:00
/mnt/d/Music,music/Hip Hop_Rap/Do Or Die,/mnt/d/Music/music/Hip Hop_Rap/Do Or Die,/mnt/d/Music/music/Hip Hop_Rap,Do Or Die,2026-07-04T17:39:30+00:00
/mnt/d/Music,music/Hip Hop_Rap/Do Or Die/Rap Mix 1,/mnt/d/Music/music/Hip Hop_Rap/Do Or Die/Rap Mix 1,/mnt/d/Music/music/Hip Hop_Rap/Do Or Die,Rap Mix 1,2026-07-04T17:39:30+00:00
/mnt/d/Music,music/Hip Hop_Rap/Dr. Dre,/mnt/d/Music/music/Hip Hop_Rap/Dr. Dre,/mnt/d/Music/music/Hip Hop_Rap,Dr. Dre,2026-07-04T17:39:31+00:00
/mnt/d/Music,music/Hip Hop_Rap/Dr. Dre/2001,/mnt/d/Music/music/Hip Hop_Rap/Dr. Dre/2001,/mnt/d/Music/music/Hip Hop_Rap/Dr. Dre,2001,2026-07-04T17:39:32+00:00
/mnt/d/Music,music/Hip Hop_Rap/Eminem,/mnt/d/Music/music/Hip Hop_Rap/Eminem,/mnt/d/Music/music/Hip Hop_Rap,Eminem,2026-07-04T17:39:37+00:00
/mnt/d/Music,music/Hip Hop_Rap/Eminem/Encore,/mnt/d/Music/music/Hip Hop_Rap/Eminem/Encore,/mnt/d/Music/music/Hip Hop_Rap/Eminem,Encore,2026-07-04T17:39:34+00:00
/mnt/d/Music,music/Hip Hop_Rap/Eminem/Rap Mix 1,/mnt/d/Music/music/Hip Hop_Rap/Eminem/Rap Mix 1,/mnt/d/Music/music/Hip Hop_Rap/Eminem,Rap Mix 1,2026-07-04T17:39:35+00:00
/mnt/d/Music,music/Hip Hop_Rap/Eminem/Re-Up,/mnt/d/Music/music/Hip Hop_Rap/Eminem/Re-Up,/mnt/d/Music/music/Hip Hop_Rap/Eminem,Re-Up,2026-07-04T17:39:37+00:00
/mnt/d/Music,music/Hip Hop_Rap/Eminem/The Marshall Mathers LP,/mnt/d/Music/music/Hip Hop_Rap/Eminem/The Marshall Mathers LP,/mnt/d/Music/music/Hip Hop_Rap/Eminem,The Marshall Mathers LP,2026-07-04T17:39:39+00:00
/mnt/d/Music,music/Hip Hop_Rap/Eve,/mnt/d/Music/music/Hip Hop_Rap/Eve,/mnt/d/Music/music/Hip Hop_Rap,Eve,2026-07-04T17:39:39+00:00
/mnt/d/Music,music/Hip Hop_Rap/Eve/Rap Mix 1,/mnt/d/Music/music/Hip Hop_Rap/Eve/Rap Mix 1,/mnt/d/Music/music/Hip Hop_Rap/Eve,Rap Mix 1,2026-07-04T17:39:39+00:00
/mnt/d/Music,music/Hip Hop_Rap/Fat Joe,/mnt/d/Music/music/Hip Hop_Rap/Fat Joe,/mnt/d/Music/music/Hip Hop_Rap,Fat Joe,2026-07-04T17:39:42+00:00
/mnt/d/Music,music/Hip Hop_Rap/Fat Joe/Don Cartagena,/mnt/d/Music/music/Hip Hop_Rap/Fat Joe/Don Cartagena,/mnt/d/Music/music/Hip Hop_Rap/Fat Joe,Don Cartagena,2026-07-04T17:39:40+00:00
/mnt/d/Music,music/Hip Hop_Rap/Fat Joe/Jealous Ones Still Envy (J.O.S.E.),/mnt/d/Music/music/Hip Hop_Rap/Fat Joe/Jealous Ones Still Envy (J.O.S.E.),/mnt/d/Music/music/Hip Hop_Rap/Fat Joe,Jealous Ones Still Envy (J.O.S.E.),2026-07-04T17:39:42+00:00
/mnt/d/Music,music/Hip Hop_Rap/Fat Joe/Rap Mix 1,/mnt/d/Music/music/Hip Hop_Rap/Fat Joe/Rap Mix 1,/mnt/d/Music/music/Hip Hop_Rap/Fat Joe,Rap Mix 1,2026-07-04T17:39:42+00:00
/mnt/d/Music,music/Hip Hop_Rap/Foxy Brown,/mnt/d/Music/music/Hip Hop_Rap/Foxy Brown,/mnt/d/Music/music/Hip Hop_Rap,Foxy Brown,2026-07-04T17:39:43+00:00
/mnt/d/Music,music/Hip Hop_Rap/Foxy Brown/Rap Mix 1,/mnt/d/Music/music/Hip Hop_Rap/Foxy Brown/Rap Mix 1,/mnt/d/Music/music/Hip Hop_Rap/Foxy Brown,Rap Mix 1,2026-07-04T17:39:43+00:00
/mnt/d/Music,music/Hip Hop_Rap/G-Unit,/mnt/d/Music/music/Hip Hop_Rap/G-Unit,/mnt/d/Music/music/Hip Hop_Rap,G-Unit,2026-07-04T17:39:43+00:00
/mnt/d/Music,music/Hip Hop_Rap/G-Unit/Beg For Mercy,/mnt/d/Music/music/Hip Hop_Rap/G-Unit/Beg For Mercy,/mnt/d/Music/music/Hip Hop_Rap/G-Unit,Beg For Mercy,2026-07-04T17:39:43+00:00
/mnt/d/Music,music/Hip Hop_Rap/G-Unit/Rap Mix 1,/mnt/d/Music/music/Hip Hop_Rap/G-Unit/Rap Mix 1,/mnt/d/Music/music/Hip Hop_Rap/G-Unit,Rap Mix 1,2026-07-04T17:39:43+00:00
/mnt/d/Music,music/Hip Hop_Rap/Gucci Mane,/mnt/d/Music/music/Hip Hop_Rap/Gucci Mane,/mnt/d/Music/music/Hip Hop_Rap,Gucci Mane,2026-07-04T17:39:43+00:00
/mnt/d/Music,music/Hip Hop_Rap/Gucci Mane/Rap Mix 1,/mnt/d/Music/music/Hip Hop_Rap/Gucci Mane/Rap Mix 1,/mnt/d/Music/music/Hip Hop_Rap/Gucci Mane,Rap Mix 1,2026-07-04T17:39:43+00:00
/mnt/d/Music,music/Hip Hop_Rap/Hustle & Flow,/mnt/d/Music/music/Hip Hop_Rap/Hustle & Flow,/mnt/d/Music/music/Hip Hop_Rap,Hustle & Flow,2026-07-04T17:39:43+00:00
/mnt/d/Music,music/Hip Hop_Rap/Hustle & Flow/Hustle & Flow,/mnt/d/Music/music/Hip Hop_Rap/Hustle & Flow/Hustle & Flow,/mnt/d/Music/music/Hip Hop_Rap/Hustle & Flow,Hustle & Flow,2026-07-04T17:39:45+00:00
/mnt/d/Music,music/Hip Hop_Rap/Ice Cube,/mnt/d/Music/music/Hip Hop_Rap/Ice Cube,/mnt/d/Music/music/Hip Hop_Rap,Ice Cube,2026-07-04T17:39:45+00:00
/mnt/d/Music,music/Hip Hop_Rap/Ice Cube/Greatest Hits,/mnt/d/Music/music/Hip Hop_Rap/Ice Cube/Greatest Hits,/mnt/d/Music/music/Hip Hop_Rap/Ice Cube,Greatest Hits,2026-07-04T17:39:47+00:00
/mnt/d/Music,music/Hip Hop_Rap/J-Kwon,/mnt/d/Music/music/Hip Hop_Rap/J-Kwon,/mnt/d/Music/music/Hip Hop_Rap,J-Kwon,2026-07-04T17:39:47+00:00
/mnt/d/Music,music/Hip Hop_Rap/J-Kwon/Rap Mix 1,/mnt/d/Music/music/Hip Hop_Rap/J-Kwon/Rap Mix 1,/mnt/d/Music/music/Hip Hop_Rap/J-Kwon,Rap Mix 1,2026-07-04T17:39:47+00:00
/mnt/d/Music,music/Hip Hop_Rap/Ja Rule,/mnt/d/Music/music/Hip Hop_Rap/Ja Rule,/mnt/d/Music/music/Hip Hop_Rap,Ja Rule,2026-07-04T17:39:50+00:00
/mnt/d/Music,music/Hip Hop_Rap/Ja Rule/Blood In My Eye,/mnt/d/Music/music/Hip Hop_Rap/Ja Rule/Blood In My Eye,/mnt/d/Music/music/Hip Hop_Rap/Ja Rule,Blood In My Eye,2026-07-04T17:39:48+00:00
/mnt/d/Music,music/Hip Hop_Rap/Ja Rule/Rule 3_36,/mnt/d/Music/music/Hip Hop_Rap/Ja Rule/Rule 3_36,/mnt/d/Music/music/Hip Hop_Rap/Ja Rule,Rule 3_36,2026-07-04T17:39:50+00:00
/mnt/d/Music,music/Hip Hop_Rap/Ja Rule/The Last Temptation,/mnt/d/Music/music/Hip Hop_Rap/Ja Rule/The Last Temptation,/mnt/d/Music/music/Hip Hop_Rap/Ja Rule,The Last Temptation,2026-07-04T17:39:50+00:00
/mnt/d/Music,music/Hip Hop_Rap/Jadakiss,/mnt/d/Music/music/Hip Hop_Rap/Jadakiss,/mnt/d/Music/music/Hip Hop_Rap,Jadakiss,2026-07-04T17:39:50+00:00
/mnt/d/Music,music/Hip Hop_Rap/Jadakiss/Rap Mix 1,/mnt/d/Music/music/Hip Hop_Rap/Jadakiss/Rap Mix 1,/mnt/d/Music/music/Hip Hop_Rap/Jadakiss,Rap Mix 1,2026-07-04T17:39:50+00:00
/mnt/d/Music,music/Hip Hop_Rap/Jay-Z,/mnt/d/Music/music/Hip Hop_Rap/Jay-Z,/mnt/d/Music/music/Hip Hop_Rap,Jay-Z,2026-07-04T17:39:57+00:00
/mnt/d/Music,"music/Hip Hop_Rap/Jay-Z/Hard Knock Life, Vol. 2","/mnt/d/Music/music/Hip Hop_Rap/Jay-Z/Hard Knock Life, Vol. 2",/mnt/d/Music/music/Hip Hop_Rap/Jay-Z,"Hard Knock Life, Vol. 2",2026-07-04T17:39:52+00:00
/mnt/d/Music,music/Hip Hop_Rap/Jay-Z/Kingdom Come,/mnt/d/Music/music/Hip Hop_Rap/Jay-Z/Kingdom Come,/mnt/d/Music/music/Hip Hop_Rap/Jay-Z,Kingdom Come,2026-07-04T17:39:54+00:00
/mnt/d/Music,music/Hip Hop_Rap/Jay-Z/Rap Mix 1,/mnt/d/Music/music/Hip Hop_Rap/Jay-Z/Rap Mix 1,/mnt/d/Music/music/Hip Hop_Rap/Jay-Z,Rap Mix 1,2026-07-04T17:39:55+00:00
/mnt/d/Music,music/Hip Hop_Rap/Jay-Z/The Black Album,/mnt/d/Music/music/Hip Hop_Rap/Jay-Z/The Black Album,/mnt/d/Music/music/Hip Hop_Rap/Jay-Z,The Black Album,2026-07-04T17:39:56+00:00
/mnt/d/Music,music/Hip Hop_Rap/Jay-Z/The Blueprint 2_ The Gift,/mnt/d/Music/music/Hip Hop_Rap/Jay-Z/The Blueprint 2_ The Gift,/mnt/d/Music/music/Hip Hop_Rap/Jay-Z,The Blueprint 2_ The Gift,2026-07-04T17:39:57+00:00
/mnt/d/Music,music/Hip Hop_Rap/Jay-Z/Vol. 3... Life And Times Of S. Carter,/mnt/d/Music/music/Hip Hop_Rap/Jay-Z/Vol. 3... Life And Times Of S. Carter,/mnt/d/Music/music/Hip Hop_Rap/Jay-Z,Vol. 3... Life And Times Of S. Carter,2026-07-04T17:39:59+00:00
/mnt/d/Music,music/Hip Hop_Rap/Joe Budden,/mnt/d/Music/music/Hip Hop_Rap/Joe Budden,/mnt/d/Music/music/Hip Hop_Rap,Joe Budden,2026-07-04T17:40:00+00:00
/mnt/d/Music,music/Hip Hop_Rap/Joe Budden/Rap Mix 1,/mnt/d/Music/music/Hip Hop_Rap/Joe Budden/Rap Mix 1,/mnt/d/Music/music/Hip Hop_Rap/Joe Budden,Rap Mix 1,2026-07-04T17:40:00+00:00
/mnt/d/Music,music/Hip Hop_Rap/Juelz Santana,/mnt/d/Music/music/Hip Hop_Rap/Juelz Santana,/mnt/d/Music/music/Hip Hop_Rap,Juelz Santana,2026-07-04T17:40:00+00:00
/mnt/d/Music,music/Hip Hop_Rap/Juelz Santana/What The Game's Been Missing!,/mnt/d/Music/music/Hip Hop_Rap/Juelz Santana/What The Game's Been Missing!,/mnt/d/Music/music/Hip Hop_Rap/Juelz Santana,What The Game's Been Missing!,2026-07-04T17:40:02+00:00
/mnt/d/Music,music/Hip Hop_Rap/Juvenile,/mnt/d/Music/music/Hip Hop_Rap/Juvenile,/mnt/d/Music/music/Hip Hop_Rap,Juvenile,2026-07-04T17:40:09+00:00
/mnt/d/Music,music/Hip Hop_Rap/Juvenile/400 Degreez,/mnt/d/Music/music/Hip Hop_Rap/Juvenile/400 Degreez,/mnt/d/Music/music/Hip Hop_Rap/Juvenile,400 Degreez,2026-07-04T17:40:04+00:00
/mnt/d/Music,music/Hip Hop_Rap/Juvenile/600 Degreez,/mnt/d/Music/music/Hip Hop_Rap/Juvenile/600 Degreez,/mnt/d/Music/music/Hip Hop_Rap/Juvenile,600 Degreez,2026-07-04T17:40:06+00:00
/mnt/d/Music,music/Hip Hop_Rap/Juvenile/Juve The Great,/mnt/d/Music/music/Hip Hop_Rap/Juvenile/Juve The Great,/mnt/d/Music/music/Hip Hop_Rap/Juvenile,Juve The Great,2026-07-04T17:40:07+00:00
/mnt/d/Music,music/Hip Hop_Rap/Juvenile/Project English,/mnt/d/Music/music/Hip Hop_Rap/Juvenile/Project English,/mnt/d/Music/music/Hip Hop_Rap/Juvenile,Project English,2026-07-04T17:40:09+00:00
/mnt/d/Music,music/Hip Hop_Rap/Juvenile/Tha G-Code,/mnt/d/Music/music/Hip Hop_Rap/Juvenile/Tha G-Code,/mnt/d/Music/music/Hip Hop_Rap/Juvenile,Tha G-Code,2026-07-04T17:40:11+00:00
/mnt/d/Music,music/Hip Hop_Rap/Kanye West,/mnt/d/Music/music/Hip Hop_Rap/Kanye West,/mnt/d/Music/music/Hip Hop_Rap,Kanye West,2026-07-04T17:40:11+00:00
/mnt/d/Music,music/Hip Hop_Rap/Kanye West/The College Dropout,/mnt/d/Music/music/Hip Hop_Rap/Kanye West/The College Dropout,/mnt/d/Music/music/Hip Hop_Rap/Kanye West,The College Dropout,2026-07-04T17:40:13+00:00
/mnt/d/Music,music/Hip Hop_Rap/Kilo Ali,/mnt/d/Music/music/Hip Hop_Rap/Kilo Ali,/mnt/d/Music/music/Hip Hop_Rap,Kilo Ali,2026-07-04T17:40:13+00:00
/mnt/d/Music,music/Hip Hop_Rap/Kilo Ali/The Best Of,/mnt/d/Music/music/Hip Hop_Rap/Kilo Ali/The Best Of,/mnt/d/Music/music/Hip Hop_Rap/Kilo Ali,The Best Of,2026-07-04T17:40:15+00:00
/mnt/d/Music,music/Hip Hop_Rap/Knockturnal,/mnt/d/Music/music/Hip Hop_Rap/Knockturnal,/mnt/d/Music/music/Hip Hop_Rap,Knockturnal,2026-07-04T17:40:15+00:00
/mnt/d/Music,music/Hip Hop_Rap/Knockturnal/Rap Mix 1,/mnt/d/Music/music/Hip Hop_Rap/Knockturnal/Rap Mix 1,/mnt/d/Music/music/Hip Hop_Rap/Knockturnal,Rap Mix 1,2026-07-04T17:40:15+00:00
/mnt/d/Music,music/Hip Hop_Rap/Lil Jon & The East Side Boyz,/mnt/d/Music/music/Hip Hop_Rap/Lil Jon & The East Side Boyz,/mnt/d/Music/music/Hip Hop_Rap,Lil Jon & The East Side Boyz,2026-07-04T17:40:20+00:00
/mnt/d/Music,music/Hip Hop_Rap/Lil Jon & The East Side Boyz/Crunk Juice,/mnt/d/Music/music/Hip Hop_Rap/Lil Jon & The East Side Boyz/Crunk Juice,/mnt/d/Music/music/Hip Hop_Rap/Lil Jon & The East Side Boyz,Crunk Juice,2026-07-04T17:40:18+00:00
/mnt/d/Music,music/Hip Hop_Rap/Lil Jon & The East Side Boyz/Kings Of Crunk,/mnt/d/Music/music/Hip Hop_Rap/Lil Jon & The East Side Boyz/Kings Of Crunk,/mnt/d/Music/music/Hip Hop_Rap/Lil Jon & The East Side Boyz,Kings Of Crunk,2026-07-04T17:40:20+00:00
/mnt/d/Music,music/Hip Hop_Rap/Lil Jon & The East Side Boyz/Rap Mix 1,/mnt/d/Music/music/Hip Hop_Rap/Lil Jon & The East Side Boyz/Rap Mix 1,/mnt/d/Music/music/Hip Hop_Rap/Lil Jon & The East Side Boyz,Rap Mix 1,2026-07-04T17:40:20+00:00
/mnt/d/Music,music/Hip Hop_Rap/Lil Wyte,/mnt/d/Music/music/Hip Hop_Rap/Lil Wyte,/mnt/d/Music/music/Hip Hop_Rap,Lil Wyte,2026-07-04T17:40:20+00:00
/mnt/d/Music,music/Hip Hop_Rap/Lil Wyte/Phinally Phamous,/mnt/d/Music/music/Hip Hop_Rap/Lil Wyte/Phinally Phamous,/mnt/d/Music/music/Hip Hop_Rap/Lil Wyte,Phinally Phamous,2026-07-04T17:40:22+00:00
/mnt/d/Music,music/Hip Hop_Rap/Lil' Flip,/mnt/d/Music/music/Hip Hop_Rap/Lil' Flip,/mnt/d/Music/music/Hip Hop_Rap,Lil' Flip,2026-07-04T17:40:25+00:00
/mnt/d/Music,music/Hip Hop_Rap/Lil' Flip/U Gotta Feel Me,/mnt/d/Music/music/Hip Hop_Rap/Lil' Flip/U Gotta Feel Me,/mnt/d/Music/music/Hip Hop_Rap/Lil' Flip,U Gotta Feel Me,2026-07-04T17:40:25+00:00
/mnt/d/Music,music/Hip Hop_Rap/Lil' Flip/Underground Legend,/mnt/d/Music/music/Hip Hop_Rap/Lil' Flip/Underground Legend,/mnt/d/Music/music/Hip Hop_Rap/Lil' Flip,Underground Legend,2026-07-04T17:40:26+00:00
/mnt/d/Music,music/Hip Hop_Rap/Lil' Kim,/mnt/d/Music/music/Hip Hop_Rap/Lil' Kim,/mnt/d/Music/music/Hip Hop_Rap,Lil' Kim,2026-07-04T17:40:27+00:00
/mnt/d/Music,music/Hip Hop_Rap/Lil' Kim/Rap Mix 1,/mnt/d/Music/music/Hip Hop_Rap/Lil' Kim/Rap Mix 1,/mnt/d/Music/music/Hip Hop_Rap/Lil' Kim,Rap Mix 1,2026-07-04T17:40:27+00:00
/mnt/d/Music,music/Hip Hop_Rap/Lil' Wayne,/mnt/d/Music/music/Hip Hop_Rap/Lil' Wayne,/mnt/d/Music/music/Hip Hop_Rap,Lil' Wayne,2026-07-04T17:40:31+00:00
/mnt/d/Music,music/Hip Hop_Rap/Lil' Wayne/Rap Mix 1,/mnt/d/Music/music/Hip Hop_Rap/Lil' Wayne/Rap Mix 1,/mnt/d/Music/music/Hip Hop_Rap/Lil' Wayne,Rap Mix 1,2026-07-04T17:40:27+00:00
/mnt/d/Music,music/Hip Hop_Rap/Lil' Wayne/Tha Block Is Hot,/mnt/d/Music/music/Hip Hop_Rap/Lil' Wayne/Tha Block Is Hot,/mnt/d/Music/music/Hip Hop_Rap/Lil' Wayne,Tha Block Is Hot,2026-07-04T17:40:29+00:00
/mnt/d/Music,music/Hip Hop_Rap/Lil' Wayne/Tha Carter II,/mnt/d/Music/music/Hip Hop_Rap/Lil' Wayne/Tha Carter II,/mnt/d/Music/music/Hip Hop_Rap/Lil' Wayne,Tha Carter II,2026-07-04T17:40:31+00:00
/mnt/d/Music,music/Hip Hop_Rap/Lil' Wayne/The Carter,/mnt/d/Music/music/Hip Hop_Rap/Lil' Wayne/The Carter,/mnt/d/Music/music/Hip Hop_Rap/Lil' Wayne,The Carter,2026-07-04T17:40:31+00:00
/mnt/d/Music,music/Hip Hop_Rap/Lil' Wyte,/mnt/d/Music/music/Hip Hop_Rap/Lil' Wyte,/mnt/d/Music/music/Hip Hop_Rap,Lil' Wyte,2026-07-04T17:40:31+00:00
/mnt/d/Music,music/Hip Hop_Rap/Lil' Wyte/Rap Mix 1,/mnt/d/Music/music/Hip Hop_Rap/Lil' Wyte/Rap Mix 1,/mnt/d/Music/music/Hip Hop_Rap/Lil' Wyte,Rap Mix 1,2026-07-04T17:40:31+00:00
/mnt/d/Music,music/Hip Hop_Rap/Lloyd Banks,/mnt/d/Music/music/Hip Hop_Rap/Lloyd Banks,/mnt/d/Music/music/Hip Hop_Rap,Lloyd Banks,2026-07-04T17:40:32+00:00
/mnt/d/Music,music/Hip Hop_Rap/Lloyd Banks/Rap Mix 1,/mnt/d/Music/music/Hip Hop_Rap/Lloyd Banks/Rap Mix 1,/mnt/d/Music/music/Hip Hop_Rap/Lloyd Banks,Rap Mix 1,2026-07-04T17:40:31+00:00
/mnt/d/Music,music/Hip Hop_Rap/Lloyd Banks/The Hunger For More,/mnt/d/Music/music/Hip Hop_Rap/Lloyd Banks/The Hunger For More,/mnt/d/Music/music/Hip Hop_Rap/Lloyd Banks,The Hunger For More,2026-07-04T17:40:33+00:00
/mnt/d/Music,music/Hip Hop_Rap/Ludacris,/mnt/d/Music/music/Hip Hop_Rap/Ludacris,/mnt/d/Music/music/Hip Hop_Rap,Ludacris,2026-07-04T17:40:35+00:00
/mnt/d/Music,music/Hip Hop_Rap/Ludacris/Chicken & Beer,/mnt/d/Music/music/Hip Hop_Rap/Ludacris/Chicken & Beer,/mnt/d/Music/music/Hip Hop_Rap/Ludacris,Chicken & Beer,2026-07-04T17:40:35+00:00
/mnt/d/Music,music/Hip Hop_Rap/Ludacris/Rap Mix 1,/mnt/d/Music/music/Hip Hop_Rap/Ludacris/Rap Mix 1,/mnt/d/Music/music/Hip Hop_Rap/Ludacris,Rap Mix 1,2026-07-04T17:40:35+00:00
/mnt/d/Music,music/Hip Hop_Rap/Ludacris/Word Of Mouf,/mnt/d/Music/music/Hip Hop_Rap/Ludacris/Word Of Mouf,/mnt/d/Music/music/Hip Hop_Rap/Ludacris,Word Of Mouf,2026-07-04T17:40:39+00:00
/mnt/d/Music,music/Hip Hop_Rap/MIMS,/mnt/d/Music/music/Hip Hop_Rap/MIMS,/mnt/d/Music/music/Hip Hop_Rap,MIMS,2026-07-04T17:40:47+00:00
/mnt/d/Music,music/Hip Hop_Rap/MIMS/M.I.M.S. (Music Is My Savior),/mnt/d/Music/music/Hip Hop_Rap/MIMS/M.I.M.S. (Music Is My Savior),/mnt/d/Music/music/Hip Hop_Rap/MIMS,M.I.M.S. (Music Is My Savior),2026-07-04T17:40:47+00:00
/mnt/d/Music,music/Hip Hop_Rap/Mase,/mnt/d/Music/music/Hip Hop_Rap/Mase,/mnt/d/Music/music/Hip Hop_Rap,Mase,2026-07-04T17:40:39+00:00
/mnt/d/Music,music/Hip Hop_Rap/Mase/Rap Mix 1,/mnt/d/Music/music/Hip Hop_Rap/Mase/Rap Mix 1,/mnt/d/Music/music/Hip Hop_Rap/Mase,Rap Mix 1,2026-07-04T17:40:39+00:00
/mnt/d/Music,music/Hip Hop_Rap/Master P,/mnt/d/Music/music/Hip Hop_Rap/Master P,/mnt/d/Music/music/Hip Hop_Rap,Master P,2026-07-04T17:40:41+00:00
/mnt/d/Music,music/Hip Hop_Rap/Master P/Ghetto D,/mnt/d/Music/music/Hip Hop_Rap/Master P/Ghetto D,/mnt/d/Music/music/Hip Hop_Rap/Master P,Ghetto D,2026-07-04T17:40:41+00:00
/mnt/d/Music,music/Hip Hop_Rap/Master P/Ice Cream Man,/mnt/d/Music/music/Hip Hop_Rap/Master P/Ice Cream Man,/mnt/d/Music/music/Hip Hop_Rap/Master P,Ice Cream Man,2026-07-04T17:40:43+00:00
/mnt/d/Music,music/Hip Hop_Rap/Memphis Bleek,/mnt/d/Music/music/Hip Hop_Rap/Memphis Bleek,/mnt/d/Music/music/Hip Hop_Rap,Memphis Bleek,2026-07-04T17:40:44+00:00
/mnt/d/Music,music/Hip Hop_Rap/Memphis Bleek/The Understanding,/mnt/d/Music/music/Hip Hop_Rap/Memphis Bleek/The Understanding,/mnt/d/Music/music/Hip Hop_Rap/Memphis Bleek,The Understanding,2026-07-04T17:40:45+00:00
/mnt/d/Music,music/Hip Hop_Rap/Mike Jones,/mnt/d/Music/music/Hip Hop_Rap/Mike Jones,/mnt/d/Music/music/Hip Hop_Rap,Mike Jones,2026-07-04T17:40:45+00:00
/mnt/d/Music,music/Hip Hop_Rap/Mike Jones/Who Is Mike Jones_,/mnt/d/Music/music/Hip Hop_Rap/Mike Jones/Who Is Mike Jones_,/mnt/d/Music/music/Hip Hop_Rap/Mike Jones,Who Is Mike Jones_,2026-07-04T17:40:47+00:00
/mnt/d/Music,music/Hip Hop_Rap/Missy Elliott,/mnt/d/Music/music/Hip Hop_Rap/Missy Elliott,/mnt/d/Music/music/Hip Hop_Rap,Missy Elliott,2026-07-04T17:40:47+00:00
/mnt/d/Music,music/Hip Hop_Rap/Missy Elliott/...So Addictive,/mnt/d/Music/music/Hip Hop_Rap/Missy Elliott/...So Addictive,/mnt/d/Music/music/Hip Hop_Rap/Missy Elliott,...So Addictive,2026-07-04T17:40:48+00:00
/mnt/d/Music,music/Hip Hop_Rap/Mobb Deep,/mnt/d/Music/music/Hip Hop_Rap/Mobb Deep,/mnt/d/Music/music/Hip Hop_Rap,Mobb Deep,2026-07-04T17:40:48+00:00
/mnt/d/Music,music/Hip Hop_Rap/Mobb Deep/Rap Mix 1,/mnt/d/Music/music/Hip Hop_Rap/Mobb Deep/Rap Mix 1,/mnt/d/Music/music/Hip Hop_Rap/Mobb Deep,Rap Mix 1,2026-07-04T17:40:49+00:00
/mnt/d/Music,music/Hip Hop_Rap/Murphy Lee,/mnt/d/Music/music/Hip Hop_Rap/Murphy Lee,/mnt/d/Music/music/Hip Hop_Rap,Murphy Lee,2026-07-04T17:40:49+00:00
/mnt/d/Music,music/Hip Hop_Rap/Murphy Lee/Rap Mix 1,/mnt/d/Music/music/Hip Hop_Rap/Murphy Lee/Rap Mix 1,/mnt/d/Music/music/Hip Hop_Rap/Murphy Lee,Rap Mix 1,2026-07-04T17:40:49+00:00
/mnt/d/Music,music/Hip Hop_Rap/Mystikal,/mnt/d/Music/music/Hip Hop_Rap/Mystikal,/mnt/d/Music/music/Hip Hop_Rap,Mystikal,2026-07-04T17:40:51+00:00
/mnt/d/Music,music/Hip Hop_Rap/Mystikal/Ghetto Fabulous,/mnt/d/Music/music/Hip Hop_Rap/Mystikal/Ghetto Fabulous,/mnt/d/Music/music/Hip Hop_Rap/Mystikal,Ghetto Fabulous,2026-07-04T17:40:51+00:00
/mnt/d/Music,music/Hip Hop_Rap/Mystikal/Prince Of The South...The Hits (Explicit),/mnt/d/Music/music/Hip Hop_Rap/Mystikal/Prince Of The South...The Hits (Explicit),/mnt/d/Music/music/Hip Hop_Rap/Mystikal,Prince Of The South...The Hits (Explicit),2026-07-04T17:40:52+00:00
/mnt/d/Music,music/Hip Hop_Rap/N.O.R.E,/mnt/d/Music/music/Hip Hop_Rap/N.O.R.E,/mnt/d/Music/music/Hip Hop_Rap,N.O.R.E,2026-07-04T17:40:56+00:00
/mnt/d/Music,music/Hip Hop_Rap/N.O.R.E/God's Favorite,/mnt/d/Music/music/Hip Hop_Rap/N.O.R.E/God's Favorite,/mnt/d/Music/music/Hip Hop_Rap/N.O.R.E,God's Favorite,2026-07-04T17:40:54+00:00
/mnt/d/Music,music/Hip Hop_Rap/N.O.R.E/Melvin Flynt (Da Hustler),/mnt/d/Music/music/Hip Hop_Rap/N.O.R.E/Melvin Flynt (Da Hustler),/mnt/d/Music/music/Hip Hop_Rap/N.O.R.E,Melvin Flynt (Da Hustler),2026-07-04T17:40:56+00:00
/mnt/d/Music,music/Hip Hop_Rap/N.O.R.E/N.O.R.E,/mnt/d/Music/music/Hip Hop_Rap/N.O.R.E/N.O.R.E,/mnt/d/Music/music/Hip Hop_Rap/N.O.R.E,N.O.R.E,2026-07-04T17:40:58+00:00
/mnt/d/Music,music/Hip Hop_Rap/NaS,/mnt/d/Music/music/Hip Hop_Rap/NaS,/mnt/d/Music/music/Hip Hop_Rap,NaS,2026-07-04T17:41:00+00:00
/mnt/d/Music,music/Hip Hop_Rap/NaS/It Was Written,/mnt/d/Music/music/Hip Hop_Rap/NaS/It Was Written,/mnt/d/Music/music/Hip Hop_Rap/NaS,It Was Written,2026-07-04T17:41:00+00:00
/mnt/d/Music,music/Hip Hop_Rap/NaS/Rap Mix 1,/mnt/d/Music/music/Hip Hop_Rap/NaS/Rap Mix 1,/mnt/d/Music/music/Hip Hop_Rap/NaS,Rap Mix 1,2026-07-04T17:41:00+00:00
/mnt/d/Music,music/Hip Hop_Rap/Nelly,/mnt/d/Music/music/Hip Hop_Rap/Nelly,/mnt/d/Music/music/Hip Hop_Rap,Nelly,2026-07-04T17:41:02+00:00
/mnt/d/Music,music/Hip Hop_Rap/Nelly/Da Derrty Versions_ The Reinvention,/mnt/d/Music/music/Hip Hop_Rap/Nelly/Da Derrty Versions_ The Reinvention,/mnt/d/Music/music/Hip Hop_Rap/Nelly,Da Derrty Versions_ The Reinvention,2026-07-04T17:41:02+00:00
/mnt/d/Music,music/Hip Hop_Rap/Nelly/Rap Mix 1,/mnt/d/Music/music/Hip Hop_Rap/Nelly/Rap Mix 1,/mnt/d/Music/music/Hip Hop_Rap/Nelly,Rap Mix 1,2026-07-04T17:41:03+00:00
/mnt/d/Music,music/Hip Hop_Rap/No Limit Soldiers,/mnt/d/Music/music/Hip Hop_Rap/No Limit Soldiers,/mnt/d/Music/music/Hip Hop_Rap,No Limit Soldiers,2026-07-04T17:41:03+00:00
/mnt/d/Music,music/Hip Hop_Rap/No Limit Soldiers/No Limit Soldiers Compilation_ We Can't Be Stopped,/mnt/d/Music/music/Hip Hop_Rap/No Limit Soldiers/No Limit Soldiers Compilation_ We Can't Be Stopped,/mnt/d/Music/music/Hip Hop_Rap/No Limit Soldiers,No Limit Soldiers Compilation_ We Can't Be Stopped,2026-07-04T17:41:05+00:00
/mnt/d/Music,music/Hip Hop_Rap/Notorious B.I.G,/mnt/d/Music/music/Hip Hop_Rap/Notorious B.I.G,/mnt/d/Music/music/Hip Hop_Rap,Notorious B.I.G,2026-07-04T17:41:05+00:00
/mnt/d/Music,music/Hip Hop_Rap/Notorious B.I.G/Rap Mix 1,/mnt/d/Music/music/Hip Hop_Rap/Notorious B.I.G/Rap Mix 1,/mnt/d/Music/music/Hip Hop_Rap/Notorious B.I.G,Rap Mix 1,2026-07-04T17:41:05+00:00
/mnt/d/Music,music/Hip Hop_Rap/Oomp Camp,/mnt/d/Music/music/Hip Hop_Rap/Oomp Camp,/mnt/d/Music/music/Hip Hop_Rap,Oomp Camp,2026-07-04T17:41:05+00:00
/mnt/d/Music,music/Hip Hop_Rap/Oomp Camp/The Best Of,/mnt/d/Music/music/Hip Hop_Rap/Oomp Camp/The Best Of,/mnt/d/Music/music/Hip Hop_Rap/Oomp Camp,The Best Of,2026-07-04T17:41:07+00:00
/mnt/d/Music,music/Hip Hop_Rap/Outkast,/mnt/d/Music/music/Hip Hop_Rap/Outkast,/mnt/d/Music/music/Hip Hop_Rap,Outkast,2026-07-04T17:41:07+00:00
/mnt/d/Music,music/Hip Hop_Rap/Outkast/Rap Mix 1,/mnt/d/Music/music/Hip Hop_Rap/Outkast/Rap Mix 1,/mnt/d/Music/music/Hip Hop_Rap/Outkast,Rap Mix 1,2026-07-04T17:41:07+00:00
/mnt/d/Music,music/Hip Hop_Rap/P. Diddy & The Bad Boy Family,/mnt/d/Music/music/Hip Hop_Rap/P. Diddy & The Bad Boy Family,/mnt/d/Music/music/Hip Hop_Rap,P. Diddy & The Bad Boy Family,2026-07-04T17:41:08+00:00
/mnt/d/Music,music/Hip Hop_Rap/P. Diddy & The Bad Boy Family/The Saga Continues,/mnt/d/Music/music/Hip Hop_Rap/P. Diddy & The Bad Boy Family/The Saga Continues,/mnt/d/Music/music/Hip Hop_Rap/P. Diddy & The Bad Boy Family,The Saga Continues,2026-07-04T17:41:10+00:00
/mnt/d/Music,music/Hip Hop_Rap/Pastor Troy,/mnt/d/Music/music/Hip Hop_Rap/Pastor Troy,/mnt/d/Music/music/Hip Hop_Rap,Pastor Troy,2026-07-04T17:41:11+00:00
/mnt/d/Music,music/Hip Hop_Rap/Pastor Troy/By Any Means Necessary,/mnt/d/Music/music/Hip Hop_Rap/Pastor Troy/By Any Means Necessary,/mnt/d/Music/music/Hip Hop_Rap/Pastor Troy,By Any Means Necessary,2026-07-04T17:41:11+00:00
/mnt/d/Music,music/Hip Hop_Rap/Pastor Troy/Rap Mix 1,/mnt/d/Music/music/Hip Hop_Rap/Pastor Troy/Rap Mix 1,/mnt/d/Music/music/Hip Hop_Rap/Pastor Troy,Rap Mix 1,2026-07-04T17:41:11+00:00
/mnt/d/Music,music/Hip Hop_Rap/Paul Wall,/mnt/d/Music/music/Hip Hop_Rap/Paul Wall,/mnt/d/Music/music/Hip Hop_Rap,Paul Wall,2026-07-04T17:41:11+00:00
/mnt/d/Music,music/Hip Hop_Rap/Paul Wall/People's Champ,/mnt/d/Music/music/Hip Hop_Rap/Paul Wall/People's Champ,/mnt/d/Music/music/Hip Hop_Rap/Paul Wall,People's Champ,2026-07-04T17:41:13+00:00
/mnt/d/Music,music/Hip Hop_Rap/Petey Pablo,/mnt/d/Music/music/Hip Hop_Rap/Petey Pablo,/mnt/d/Music/music/Hip Hop_Rap,Petey Pablo,2026-07-04T17:41:13+00:00
/mnt/d/Music,music/Hip Hop_Rap/Petey Pablo/Rap Mix 1,/mnt/d/Music/music/Hip Hop_Rap/Petey Pablo/Rap Mix 1,/mnt/d/Music/music/Hip Hop_Rap/Petey Pablo,Rap Mix 1,2026-07-04T17:41:13+00:00
/mnt/d/Music,music/Hip Hop_Rap/Pitbull,/mnt/d/Music/music/Hip Hop_Rap/Pitbull,/mnt/d/Music/music/Hip Hop_Rap,Pitbull,2026-07-04T17:41:14+00:00
/mnt/d/Music,music/Hip Hop_Rap/Pitbull/M.I.A.M.I,/mnt/d/Music/music/Hip Hop_Rap/Pitbull/M.I.A.M.I,/mnt/d/Music/music/Hip Hop_Rap/Pitbull,M.I.A.M.I,2026-07-04T17:41:15+00:00
/mnt/d/Music,music/Hip Hop_Rap/Play N Skillz,/mnt/d/Music/music/Hip Hop_Rap/Play N Skillz,/mnt/d/Music/music/Hip Hop_Rap,Play N Skillz,2026-07-04T17:41:15+00:00
/mnt/d/Music,music/Hip Hop_Rap/Play N Skillz/Rap Mix 1,/mnt/d/Music/music/Hip Hop_Rap/Play N Skillz/Rap Mix 1,/mnt/d/Music/music/Hip Hop_Rap/Play N Skillz,Rap Mix 1,2026-07-04T17:41:15+00:00
/mnt/d/Music,music/Hip Hop_Rap/Project Pat,/mnt/d/Music/music/Hip Hop_Rap/Project Pat,/mnt/d/Music/music/Hip Hop_Rap,Project Pat,2026-07-04T17:41:17+00:00
/mnt/d/Music,music/Hip Hop_Rap/Project Pat/Ghetty Green,/mnt/d/Music/music/Hip Hop_Rap/Project Pat/Ghetty Green,/mnt/d/Music/music/Hip Hop_Rap/Project Pat,Ghetty Green,2026-07-04T17:41:17+00:00
/mnt/d/Music,music/Hip Hop_Rap/Project Pat/Layin' Da Smack Down,/mnt/d/Music/music/Hip Hop_Rap/Project Pat/Layin' Da Smack Down,/mnt/d/Music/music/Hip Hop_Rap/Project Pat,Layin' Da Smack Down,2026-07-04T17:41:19+00:00
/mnt/d/Music,music/Hip Hop_Rap/Purple Ribbon All-stars,/mnt/d/Music/music/Hip Hop_Rap/Purple Ribbon All-stars,/mnt/d/Music/music/Hip Hop_Rap,Purple Ribbon All-stars,2026-07-04T17:41:19+00:00
/mnt/d/Music,music/Hip Hop_Rap/Purple Ribbon All-stars/Rap Mix 1,/mnt/d/Music/music/Hip Hop_Rap/Purple Ribbon All-stars/Rap Mix 1,/mnt/d/Music/music/Hip Hop_Rap/Purple Ribbon All-stars,Rap Mix 1,2026-07-04T17:41:20+00:00
/mnt/d/Music,music/Hip Hop_Rap/Raheem,/mnt/d/Music/music/Hip Hop_Rap/Raheem,/mnt/d/Music/music/Hip Hop_Rap,Raheem,2026-07-04T17:41:20+00:00
/mnt/d/Music,music/Hip Hop_Rap/Raheem/Rap Mix 1,/mnt/d/Music/music/Hip Hop_Rap/Raheem/Rap Mix 1,/mnt/d/Music/music/Hip Hop_Rap/Raheem,Rap Mix 1,2026-07-04T17:41:20+00:00
/mnt/d/Music,music/Hip Hop_Rap/Ruff Ryders,/mnt/d/Music/music/Hip Hop_Rap/Ruff Ryders,/mnt/d/Music/music/Hip Hop_Rap,Ruff Ryders,2026-07-04T17:41:20+00:00
/mnt/d/Music,music/Hip Hop_Rap/Ruff Ryders/Ryde Or Die Vol. 2,/mnt/d/Music/music/Hip Hop_Rap/Ruff Ryders/Ryde Or Die Vol. 2,/mnt/d/Music/music/Hip Hop_Rap/Ruff Ryders,Ryde Or Die Vol. 2,2026-07-04T17:41:21+00:00
/mnt/d/Music,music/Hip Hop_Rap/Shawnna,/mnt/d/Music/music/Hip Hop_Rap/Shawnna,/mnt/d/Music/music/Hip Hop_Rap,Shawnna,2026-07-04T17:41:21+00:00
/mnt/d/Music,music/Hip Hop_Rap/Shawnna/Rap Mix 1,/mnt/d/Music/music/Hip Hop_Rap/Shawnna/Rap Mix 1,/mnt/d/Music/music/Hip Hop_Rap/Shawnna,Rap Mix 1,2026-07-04T17:41:21+00:00
/mnt/d/Music,music/Hip Hop_Rap/Silkk The Shocker,/mnt/d/Music/music/Hip Hop_Rap/Silkk The Shocker,/mnt/d/Music/music/Hip Hop_Rap,Silkk The Shocker,2026-07-04T17:41:23+00:00
/mnt/d/Music,music/Hip Hop_Rap/Silkk The Shocker/Charge It 2 The Game,/mnt/d/Music/music/Hip Hop_Rap/Silkk The Shocker/Charge It 2 The Game,/mnt/d/Music/music/Hip Hop_Rap/Silkk The Shocker,Charge It 2 The Game,2026-07-04T17:41:23+00:00
/mnt/d/Music,music/Hip Hop_Rap/Silkk The Shocker/Made Mann,/mnt/d/Music/music/Hip Hop_Rap/Silkk The Shocker/Made Mann,/mnt/d/Music/music/Hip Hop_Rap/Silkk The Shocker,Made Mann,2026-07-04T17:41:25+00:00
/mnt/d/Music,music/Hip Hop_Rap/Sisqo,/mnt/d/Music/music/Hip Hop_Rap/Sisqo,/mnt/d/Music/music/Hip Hop_Rap,Sisqo,2026-07-04T17:41:26+00:00
/mnt/d/Music,music/Hip Hop_Rap/Sisqo/Rap Mix 1,/mnt/d/Music/music/Hip Hop_Rap/Sisqo/Rap Mix 1,/mnt/d/Music/music/Hip Hop_Rap/Sisqo,Rap Mix 1,2026-07-04T17:41:26+00:00
/mnt/d/Music,music/Hip Hop_Rap/Snoop Dogg,/mnt/d/Music/music/Hip Hop_Rap/Snoop Dogg,/mnt/d/Music/music/Hip Hop_Rap,Snoop Dogg,2026-07-04T17:41:26+00:00
/mnt/d/Music,music/Hip Hop_Rap/Snoop Dogg/Rap Mix 1,/mnt/d/Music/music/Hip Hop_Rap/Snoop Dogg/Rap Mix 1,/mnt/d/Music/music/Hip Hop_Rap/Snoop Dogg,Rap Mix 1,2026-07-04T17:41:26+00:00
/mnt/d/Music,music/Hip Hop_Rap/South Park Mexican,/mnt/d/Music/music/Hip Hop_Rap/South Park Mexican,/mnt/d/Music/music/Hip Hop_Rap,South Park Mexican,2026-07-04T17:41:26+00:00
/mnt/d/Music,music/Hip Hop_Rap/South Park Mexican/Never Change,/mnt/d/Music/music/Hip Hop_Rap/South Park Mexican/Never Change,/mnt/d/Music/music/Hip Hop_Rap/South Park Mexican,Never Change,2026-07-04T17:41:28+00:00
/mnt/d/Music,music/Hip Hop_Rap/Stagga Lee,/mnt/d/Music/music/Hip Hop_Rap/Stagga Lee,/mnt/d/Music/music/Hip Hop_Rap,Stagga Lee,2026-07-04T17:41:28+00:00
/mnt/d/Music,music/Hip Hop_Rap/Stagga Lee/Rap Mix 1,/mnt/d/Music/music/Hip Hop_Rap/Stagga Lee/Rap Mix 1,/mnt/d/Music/music/Hip Hop_Rap/Stagga Lee,Rap Mix 1,2026-07-04T17:41:28+00:00
/mnt/d/Music,music/Hip Hop_Rap/Syles P,/mnt/d/Music/music/Hip Hop_Rap/Syles P,/mnt/d/Music/music/Hip Hop_Rap,Syles P,2026-07-04T17:41:28+00:00
/mnt/d/Music,music/Hip Hop_Rap/Syles P/Rap Mix 1,/mnt/d/Music/music/Hip Hop_Rap/Syles P/Rap Mix 1,/mnt/d/Music/music/Hip Hop_Rap/Syles P,Rap Mix 1,2026-07-04T17:41:28+00:00
/mnt/d/Music,music/Hip Hop_Rap/T.I,/mnt/d/Music/music/Hip Hop_Rap/T.I,/mnt/d/Music/music/Hip Hop_Rap,T.I,2026-07-04T17:41:29+00:00
/mnt/d/Music,music/Hip Hop_Rap/T.I/Rap Mix 1,/mnt/d/Music/music/Hip Hop_Rap/T.I/Rap Mix 1,/mnt/d/Music/music/Hip Hop_Rap/T.I,Rap Mix 1,2026-07-04T17:41:29+00:00
/mnt/d/Music,music/Hip Hop_Rap/T.I/Trap Muzik,/mnt/d/Music/music/Hip Hop_Rap/T.I/Trap Muzik,/mnt/d/Music/music/Hip Hop_Rap/T.I,Trap Muzik,2026-07-04T17:41:30+00:00
/mnt/d/Music,music/Hip Hop_Rap/The Hot Boys,/mnt/d/Music/music/Hip Hop_Rap/The Hot Boys,/mnt/d/Music/music/Hip Hop_Rap,The Hot Boys,2026-07-04T17:41:31+00:00
/mnt/d/Music,music/Hip Hop_Rap/The Hot Boys/Guerrilla Warfare,/mnt/d/Music/music/Hip Hop_Rap/The Hot Boys/Guerrilla Warfare,/mnt/d/Music/music/Hip Hop_Rap/The Hot Boys,Guerrilla Warfare,2026-07-04T17:41:32+00:00
/mnt/d/Music,music/Hip Hop_Rap/The Pussycat Dolls,/mnt/d/Music/music/Hip Hop_Rap/The Pussycat Dolls,/mnt/d/Music/music/Hip Hop_Rap,The Pussycat Dolls,2026-07-04T17:41:33+00:00
/mnt/d/Music,music/Hip Hop_Rap/The Pussycat Dolls/Rap Mix 1,/mnt/d/Music/music/Hip Hop_Rap/The Pussycat Dolls/Rap Mix 1,/mnt/d/Music/music/Hip Hop_Rap/The Pussycat Dolls,Rap Mix 1,2026-07-04T17:41:33+00:00
/mnt/d/Music,music/Hip Hop_Rap/The Roots,/mnt/d/Music/music/Hip Hop_Rap/The Roots,/mnt/d/Music/music/Hip Hop_Rap,The Roots,2026-07-04T17:41:33+00:00
/mnt/d/Music,music/Hip Hop_Rap/The Roots/Rap Mix 1,/mnt/d/Music/music/Hip Hop_Rap/The Roots/Rap Mix 1,/mnt/d/Music/music/Hip Hop_Rap/The Roots,Rap Mix 1,2026-07-04T17:41:33+00:00
/mnt/d/Music,music/Hip Hop_Rap/Three 6 Mafia,/mnt/d/Music/music/Hip Hop_Rap/Three 6 Mafia,/mnt/d/Music/music/Hip Hop_Rap,Three 6 Mafia,2026-07-04T17:41:47+00:00
/mnt/d/Music,music/Hip Hop_Rap/Three 6 Mafia/Chapter 2_ World Domination,/mnt/d/Music/music/Hip Hop_Rap/Three 6 Mafia/Chapter 2_ World Domination,/mnt/d/Music/music/Hip Hop_Rap/Three 6 Mafia,Chapter 2_ World Domination,2026-07-04T17:41:35+00:00
/mnt/d/Music,music/Hip Hop_Rap/Three 6 Mafia/Choices_ The Album,/mnt/d/Music/music/Hip Hop_Rap/Three 6 Mafia/Choices_ The Album,/mnt/d/Music/music/Hip Hop_Rap/Three 6 Mafia,Choices_ The Album,2026-07-04T17:41:37+00:00
/mnt/d/Music,music/Hip Hop_Rap/Three 6 Mafia/Club Memphis - Underground Volume II,/mnt/d/Music/music/Hip Hop_Rap/Three 6 Mafia/Club Memphis - Underground Volume II,/mnt/d/Music/music/Hip Hop_Rap/Three 6 Mafia,Club Memphis - Underground Volume II,2026-07-04T17:41:38+00:00
/mnt/d/Music,music/Hip Hop_Rap/Three 6 Mafia/Da Unbreakables,/mnt/d/Music/music/Hip Hop_Rap/Three 6 Mafia/Da Unbreakables,/mnt/d/Music/music/Hip Hop_Rap/Three 6 Mafia,Da Unbreakables,2026-07-04T17:41:40+00:00
/mnt/d/Music,music/Hip Hop_Rap/Three 6 Mafia/Most Known Unknown,/mnt/d/Music/music/Hip Hop_Rap/Three 6 Mafia/Most Known Unknown,/mnt/d/Music/music/Hip Hop_Rap/Three 6 Mafia,Most Known Unknown,2026-07-04T17:41:42+00:00
/mnt/d/Music,music/Hip Hop_Rap/Three 6 Mafia/Mystic Stylez_ The First Album,/mnt/d/Music/music/Hip Hop_Rap/Three 6 Mafia/Mystic Stylez_ The First Album,/mnt/d/Music/music/Hip Hop_Rap/Three 6 Mafia,Mystic Stylez_ The First Album,2026-07-04T17:41:44+00:00
/mnt/d/Music,music/Hip Hop_Rap/Three 6 Mafia/Rap Mix 1,/mnt/d/Music/music/Hip Hop_Rap/Three 6 Mafia/Rap Mix 1,/mnt/d/Music/music/Hip Hop_Rap/Three 6 Mafia,Rap Mix 1,2026-07-04T17:41:44+00:00
/mnt/d/Music,music/Hip Hop_Rap/Three 6 Mafia/The Best Of,/mnt/d/Music/music/Hip Hop_Rap/Three 6 Mafia/The Best Of,/mnt/d/Music/music/Hip Hop_Rap/Three 6 Mafia,The Best Of,2026-07-04T17:41:47+00:00
/mnt/d/Music,music/Hip Hop_Rap/Three 6 Mafia/When The Smoke Clears,/mnt/d/Music/music/Hip Hop_Rap/Three 6 Mafia/When The Smoke Clears,/mnt/d/Music/music/Hip Hop_Rap/Three 6 Mafia,When The Smoke Clears,2026-07-04T17:41:49+00:00
/mnt/d/Music,music/Hip Hop_Rap/Timberland And Magoo,/mnt/d/Music/music/Hip Hop_Rap/Timberland And Magoo,/mnt/d/Music/music/Hip Hop_Rap,Timberland And Magoo,2026-07-04T17:41:49+00:00
/mnt/d/Music,music/Hip Hop_Rap/Timberland And Magoo/Rap Mix 1,/mnt/d/Music/music/Hip Hop_Rap/Timberland And Magoo/Rap Mix 1,/mnt/d/Music/music/Hip Hop_Rap/Timberland And Magoo,Rap Mix 1,2026-07-04T17:41:49+00:00
/mnt/d/Music,music/Hip Hop_Rap/Timberland And Magoo/Welcome To Our World,/mnt/d/Music/music/Hip Hop_Rap/Timberland And Magoo/Welcome To Our World,/mnt/d/Music/music/Hip Hop_Rap/Timberland And Magoo,Welcome To Our World,2026-07-04T17:41:49+00:00
/mnt/d/Music,music/Hip Hop_Rap/Too $hort,/mnt/d/Music/music/Hip Hop_Rap/Too $hort,/mnt/d/Music/music/Hip Hop_Rap,Too $hort,2026-07-04T17:41:49+00:00
/mnt/d/Music,music/Hip Hop_Rap/Too $hort/Rap Mix 1,/mnt/d/Music/music/Hip Hop_Rap/Too $hort/Rap Mix 1,/mnt/d/Music/music/Hip Hop_Rap/Too $hort,Rap Mix 1,2026-07-04T17:41:49+00:00
/mnt/d/Music,music/Hip Hop_Rap/Trick Daddy,/mnt/d/Music/music/Hip Hop_Rap/Trick Daddy,/mnt/d/Music/music/Hip Hop_Rap,Trick Daddy,2026-07-04T17:41:49+00:00
/mnt/d/Music,music/Hip Hop_Rap/Trick Daddy/Rap Mix 1,/mnt/d/Music/music/Hip Hop_Rap/Trick Daddy/Rap Mix 1,/mnt/d/Music/music/Hip Hop_Rap/Trick Daddy,Rap Mix 1,2026-07-04T17:41:49+00:00
/mnt/d/Music,music/Hip Hop_Rap/Trillville,/mnt/d/Music/music/Hip Hop_Rap/Trillville,/mnt/d/Music/music/Hip Hop_Rap,Trillville,2026-07-04T17:41:50+00:00
/mnt/d/Music,music/Hip Hop_Rap/Trillville/BME Presents,/mnt/d/Music/music/Hip Hop_Rap/Trillville/BME Presents,/mnt/d/Music/music/Hip Hop_Rap/Trillville,BME Presents,2026-07-04T17:41:51+00:00
/mnt/d/Music,music/Hip Hop_Rap/Twista,/mnt/d/Music/music/Hip Hop_Rap/Twista,/mnt/d/Music/music/Hip Hop_Rap,Twista,2026-07-04T17:41:51+00:00
/mnt/d/Music,music/Hip Hop_Rap/Twista/Kamikaze,/mnt/d/Music/music/Hip Hop_Rap/Twista/Kamikaze,/mnt/d/Music/music/Hip Hop_Rap/Twista,Kamikaze,2026-07-04T17:41:53+00:00
/mnt/d/Music,music/Hip Hop_Rap/UTP,/mnt/d/Music/music/Hip Hop_Rap/UTP,/mnt/d/Music/music/Hip Hop_Rap,UTP,2026-07-04T17:41:53+00:00
/mnt/d/Music,music/Hip Hop_Rap/UTP/Rap Mix 1,/mnt/d/Music/music/Hip Hop_Rap/UTP/Rap Mix 1,/mnt/d/Music/music/Hip Hop_Rap/UTP,Rap Mix 1,2026-07-04T17:41:53+00:00
/mnt/d/Music,music/Hip Hop_Rap/Warren G,/mnt/d/Music/music/Hip Hop_Rap/Warren G,/mnt/d/Music/music/Hip Hop_Rap,Warren G,2026-07-04T17:41:53+00:00
/mnt/d/Music,music/Hip Hop_Rap/Warren G/Rap Mix 1,/mnt/d/Music/music/Hip Hop_Rap/Warren G/Rap Mix 1,/mnt/d/Music/music/Hip Hop_Rap/Warren G,Rap Mix 1,2026-07-04T17:41:53+00:00
/mnt/d/Music,music/Hip Hop_Rap/Webbie,/mnt/d/Music/music/Hip Hop_Rap/Webbie,/mnt/d/Music/music/Hip Hop_Rap,Webbie,2026-07-04T17:41:53+00:00
/mnt/d/Music,music/Hip Hop_Rap/Webbie/Rap Mix 1,/mnt/d/Music/music/Hip Hop_Rap/Webbie/Rap Mix 1,/mnt/d/Music/music/Hip Hop_Rap/Webbie,Rap Mix 1,2026-07-04T17:41:53+00:00
/mnt/d/Music,music/Hip Hop_Rap/Ying Yang Twins,/mnt/d/Music/music/Hip Hop_Rap/Ying Yang Twins,/mnt/d/Music/music/Hip Hop_Rap,Ying Yang Twins,2026-07-04T17:41:53+00:00
/mnt/d/Music,music/Hip Hop_Rap/Ying Yang Twins/Rap Mix 1,/mnt/d/Music/music/Hip Hop_Rap/Ying Yang Twins/Rap Mix 1,/mnt/d/Music/music/Hip Hop_Rap/Ying Yang Twins,Rap Mix 1,2026-07-04T17:41:54+00:00
/mnt/d/Music,music/Hip Hop_Rap/Young Buck,/mnt/d/Music/music/Hip Hop_Rap/Young Buck,/mnt/d/Music/music/Hip Hop_Rap,Young Buck,2026-07-04T17:41:54+00:00
/mnt/d/Music,music/Hip Hop_Rap/Young Buck/Rap Mix 1,/mnt/d/Music/music/Hip Hop_Rap/Young Buck/Rap Mix 1,/mnt/d/Music/music/Hip Hop_Rap/Young Buck,Rap Mix 1,2026-07-04T17:41:54+00:00
/mnt/d/Music,music/Hip Hop_Rap/Young Jeezy,/mnt/d/Music/music/Hip Hop_Rap/Young Jeezy,/mnt/d/Music/music/Hip Hop_Rap,Young Jeezy,2026-07-04T17:41:55+00:00
/mnt/d/Music,music/Hip Hop_Rap/Young Jeezy Feat. Bun B,/mnt/d/Music/music/Hip Hop_Rap/Young Jeezy Feat. Bun B,/mnt/d/Music/music/Hip Hop_Rap,Young Jeezy Feat. Bun B,2026-07-04T17:41:57+00:00
/mnt/d/Music,music/Hip Hop_Rap/Young Jeezy Feat. Bun B/Let's Get It_ Thug Motivation 101,/mnt/d/Music/music/Hip Hop_Rap/Young Jeezy Feat. Bun B/Let's Get It_ Thug Motivation 101,/mnt/d/Music/music/Hip Hop_Rap/Young Jeezy Feat. Bun B,Let's Get It_ Thug Motivation 101,2026-07-04T17:41:57+00:00
/mnt/d/Music,music/Hip Hop_Rap/Young Jeezy Feat. Lloyd & Slick Pulla,/mnt/d/Music/music/Hip Hop_Rap/Young Jeezy Feat. Lloyd & Slick Pulla,/mnt/d/Music/music/Hip Hop_Rap,Young Jeezy Feat. Lloyd & Slick Pulla,2026-07-04T17:41:57+00:00
/mnt/d/Music,music/Hip Hop_Rap/Young Jeezy Feat. Lloyd & Slick Pulla/Let's Get It_ Thug Motivation 101,/mnt/d/Music/music/Hip Hop_Rap/Young Jeezy Feat. Lloyd & Slick Pulla/Let's Get It_ Thug Motivation 101,/mnt/d/Music/music/Hip Hop_Rap/Young Jeezy Feat. Lloyd & Slick Pulla,Let's Get It_ Thug Motivation 101,2026-07-04T17:41:57+00:00
/mnt/d/Music,music/Hip Hop_Rap/Young Jeezy Feat. T.I. & Lil Scrappy,/mnt/d/Music/music/Hip Hop_Rap/Young Jeezy Feat. T.I. & Lil Scrappy,/mnt/d/Music/music/Hip Hop_Rap,Young Jeezy Feat. T.I. & Lil Scrappy,2026-07-04T17:41:57+00:00
/mnt/d/Music,music/Hip Hop_Rap/Young Jeezy Feat. T.I. & Lil Scrappy/Let's Get It_ Thug Motivation 101,/mnt/d/Music/music/Hip Hop_Rap/Young Jeezy Feat. T.I. & Lil Scrappy/Let's Get It_ Thug Motivation 101,/mnt/d/Music/music/Hip Hop_Rap/Young Jeezy Feat. T.I. & Lil Scrappy,Let's Get It_ Thug Motivation 101,2026-07-04T17:41:57+00:00
/mnt/d/Music,"music/Hip Hop_Rap/Young Jeezy Feat. Trick Daddy, Young Buck & Lil' Will","/mnt/d/Music/music/Hip Hop_Rap/Young Jeezy Feat. Trick Daddy, Young Buck & Lil' Will",/mnt/d/Music/music/Hip Hop_Rap,"Young Jeezy Feat. Trick Daddy, Young Buck & Lil' Will",2026-07-04T17:41:58+00:00
/mnt/d/Music,"music/Hip Hop_Rap/Young Jeezy Feat. Trick Daddy, Young Buck & Lil' Will/Let's Get It_ Thug Motivation 101","/mnt/d/Music/music/Hip Hop_Rap/Young Jeezy Feat. Trick Daddy, Young Buck & Lil' Will/Let's Get It_ Thug Motivation 101","/mnt/d/Music/music/Hip Hop_Rap/Young Jeezy Feat. Trick Daddy, Young Buck & Lil' Will",Let's Get It_ Thug Motivation 101,2026-07-04T17:41:58+00:00
/mnt/d/Music,music/Hip Hop_Rap/Young Jeezy/Let's Get It_ Thug Motivation 101,/mnt/d/Music/music/Hip Hop_Rap/Young Jeezy/Let's Get It_ Thug Motivation 101,/mnt/d/Music/music/Hip Hop_Rap/Young Jeezy,Let's Get It_ Thug Motivation 101,2026-07-04T17:41:55+00:00
/mnt/d/Music,music/Hip Hop_Rap/Young Jeezy/Rap Mix 1,/mnt/d/Music/music/Hip Hop_Rap/Young Jeezy/Rap Mix 1,/mnt/d/Music/music/Hip Hop_Rap/Young Jeezy,Rap Mix 1,2026-07-04T17:41:55+00:00
/mnt/d/Music,music/Hip Hop_Rap/Young Jeezy/The Inspiration_ Thug Motivation 102,/mnt/d/Music/music/Hip Hop_Rap/Young Jeezy/The Inspiration_ Thug Motivation 102,/mnt/d/Music/music/Hip Hop_Rap/Young Jeezy,The Inspiration_ Thug Motivation 102,2026-07-04T17:41:57+00:00
/mnt/d/Music,music/Hip Hop_Rap/Youngbloodz,/mnt/d/Music/music/Hip Hop_Rap/Youngbloodz,/mnt/d/Music/music/Hip Hop_Rap,Youngbloodz,2026-07-04T17:41:58+00:00
/mnt/d/Music,music/Hip Hop_Rap/Youngbloodz/Rap Mix 1,/mnt/d/Music/music/Hip Hop_Rap/Youngbloodz/Rap Mix 1,/mnt/d/Music/music/Hip Hop_Rap/Youngbloodz,Rap Mix 1,2026-07-04T17:41:58+00:00
/mnt/d/Music,music/Hip-Hop,/mnt/d/Music/music/Hip-Hop,/mnt/d/Music/music,Hip-Hop,2026-07-04T17:41:59+00:00
/mnt/d/Music,music/Hip-Hop/DJ Unk,/mnt/d/Music/music/Hip-Hop/DJ Unk,/mnt/d/Music/music/Hip-Hop,DJ Unk,2026-07-04T17:41:58+00:00
/mnt/d/Music,music/Hip-Hop/DJ Unk/Rap Mix 1,/mnt/d/Music/music/Hip-Hop/DJ Unk/Rap Mix 1,/mnt/d/Music/music/Hip-Hop/DJ Unk,Rap Mix 1,2026-07-04T17:41:58+00:00
/mnt/d/Music,music/Hip-Hop/Diplomats,/mnt/d/Music/music/Hip-Hop/Diplomats,/mnt/d/Music/music/Hip-Hop,Diplomats,2026-07-04T17:41:58+00:00
/mnt/d/Music,music/Hip-Hop/Diplomats/Dip-Set Freestyles,/mnt/d/Music/music/Hip-Hop/Diplomats/Dip-Set Freestyles,/mnt/d/Music/music/Hip-Hop/Diplomats,Dip-Set Freestyles,2026-07-04T17:41:58+00:00
/mnt/d/Music,music/Hip-Hop/Ghost Town DJ's,/mnt/d/Music/music/Hip-Hop/Ghost Town DJ's,/mnt/d/Music/music/Hip-Hop,Ghost Town DJ's,2026-07-04T17:41:58+00:00
/mnt/d/Music,music/Hip-Hop/Ghost Town DJ's/So So Def Bass All Stars,/mnt/d/Music/music/Hip-Hop/Ghost Town DJ's/So So Def Bass All Stars,/mnt/d/Music/music/Hip-Hop/Ghost Town DJ's,So So Def Bass All Stars,2026-07-04T17:41:58+00:00
/mnt/d/Music,music/Hip-Hop/Papoose,/mnt/d/Music/music/Hip-Hop/Papoose,/mnt/d/Music/music/Hip-Hop,Papoose,2026-07-04T17:41:58+00:00
/mnt/d/Music,music/Hip-Hop/Papoose/Freestyles,/mnt/d/Music/music/Hip-Hop/Papoose/Freestyles,/mnt/d/Music/music/Hip-Hop/Papoose,Freestyles,2026-07-04T17:41:59+00:00
/mnt/d/Music,music/Hip-Hop/Pimp C,/mnt/d/Music/music/Hip-Hop/Pimp C,/mnt/d/Music/music/Hip-Hop,Pimp C,2026-07-04T17:41:59+00:00
/mnt/d/Music,music/Hip-Hop/Pimp C/Rap Mix 1,/mnt/d/Music/music/Hip-Hop/Pimp C/Rap Mix 1,/mnt/d/Music/music/Hip-Hop/Pimp C,Rap Mix 1,2026-07-04T17:41:59+00:00
/mnt/d/Music,music/Hip-Hop/Pitbull,/mnt/d/Music/music/Hip-Hop/Pitbull,/mnt/d/Music/music/Hip-Hop,Pitbull,2026-07-04T17:41:59+00:00
/mnt/d/Music,music/Hip-Hop/Pitbull/Rap Mix 1,/mnt/d/Music/music/Hip-Hop/Pitbull/Rap Mix 1,/mnt/d/Music/music/Hip-Hop/Pitbull,Rap Mix 1,2026-07-04T17:41:59+00:00
/mnt/d/Music,music/Hip-Hop/The Fugees,/mnt/d/Music/music/Hip-Hop/The Fugees,/mnt/d/Music/music/Hip-Hop,The Fugees,2026-07-04T17:41:59+00:00
/mnt/d/Music,music/Hip-Hop/The Fugees/The Score,/mnt/d/Music/music/Hip-Hop/The Fugees/The Score,/mnt/d/Music/music/Hip-Hop/The Fugees,The Score,2026-07-04T17:41:59+00:00
/mnt/d/Music,music/Hip-Hop/Young Jock,/mnt/d/Music/music/Hip-Hop/Young Jock,/mnt/d/Music/music/Hip-Hop,Young Jock,2026-07-04T17:41:59+00:00
/mnt/d/Music,music/Hip-Hop/Young Jock/Rap Mix 1,/mnt/d/Music/music/Hip-Hop/Young Jock/Rap Mix 1,/mnt/d/Music/music/Hip-Hop/Young Jock,Rap Mix 1,2026-07-04T17:41:59+00:00
/mnt/d/Music,music/Hip-Hop_R&B,/mnt/d/Music/music/Hip-Hop_R&B,/mnt/d/Music/music,Hip-Hop_R&B,2026-07-04T17:41:59+00:00
/mnt/d/Music,music/Hip-Hop_R&B/Lloyd,/mnt/d/Music/music/Hip-Hop_R&B/Lloyd,/mnt/d/Music/music/Hip-Hop_R&B,Lloyd,2026-07-04T17:41:59+00:00
/mnt/d/Music,music/Hip-Hop_R&B/Lloyd/R&B,/mnt/d/Music/music/Hip-Hop_R&B/Lloyd/R&B,/mnt/d/Music/music/Hip-Hop_R&B/Lloyd,R&B,2026-07-04T17:41:59+00:00
/mnt/d/Music,music/Hip-Hop_Rap,/mnt/d/Music/music/Hip-Hop_Rap,/mnt/d/Music/music,Hip-Hop_Rap,2026-07-04T17:42:43+00:00
/mnt/d/Music,music/Hip-Hop_Rap/50 Cent,/mnt/d/Music/music/Hip-Hop_Rap/50 Cent,/mnt/d/Music/music/Hip-Hop_Rap,50 Cent,2026-07-04T17:42:00+00:00
/mnt/d/Music,music/Hip-Hop_Rap/50 Cent/The Massacre,/mnt/d/Music/music/Hip-Hop_Rap/50 Cent/The Massacre,/mnt/d/Music/music/Hip-Hop_Rap/50 Cent,The Massacre,2026-07-04T17:42:00+00:00
/mnt/d/Music,music/Hip-Hop_Rap/8Ball,/mnt/d/Music/music/Hip-Hop_Rap/8Ball,/mnt/d/Music/music/Hip-Hop_Rap,8Ball,2026-07-04T17:42:00+00:00
/mnt/d/Music,music/Hip-Hop_Rap/8Ball & MJG,/mnt/d/Music/music/Hip-Hop_Rap/8Ball & MJG,/mnt/d/Music/music/Hip-Hop_Rap,8Ball & MJG,2026-07-04T17:42:04+00:00
/mnt/d/Music,music/Hip-Hop_Rap/8Ball & MJG/Living Legends,/mnt/d/Music/music/Hip-Hop_Rap/8Ball & MJG/Living Legends,/mnt/d/Music/music/Hip-Hop_Rap/8Ball & MJG,Living Legends,2026-07-04T17:42:03+00:00
/mnt/d/Music,music/Hip-Hop_Rap/8Ball & MJG/Ridin' High - Single,/mnt/d/Music/music/Hip-Hop_Rap/8Ball & MJG/Ridin' High - Single,/mnt/d/Music/music/Hip-Hop_Rap/8Ball & MJG,Ridin' High - Single,2026-07-04T17:42:04+00:00
/mnt/d/Music,music/Hip-Hop_Rap/8Ball/Light Up the Bomb,/mnt/d/Music/music/Hip-Hop_Rap/8Ball/Light Up the Bomb,/mnt/d/Music/music/Hip-Hop_Rap/8Ball,Light Up the Bomb,2026-07-04T17:42:01+00:00
/mnt/d/Music,music/Hip-Hop_Rap/Akon,/mnt/d/Music/music/Hip-Hop_Rap/Akon,/mnt/d/Music/music/Hip-Hop_Rap,Akon,2026-07-04T17:42:04+00:00
/mnt/d/Music,music/Hip-Hop_Rap/Akon/Eminem Presents the Re-Up (Bonus Track Version),/mnt/d/Music/music/Hip-Hop_Rap/Akon/Eminem Presents the Re-Up (Bonus Track Version),/mnt/d/Music/music/Hip-Hop_Rap/Akon,Eminem Presents the Re-Up (Bonus Track Version),2026-07-04T17:42:04+00:00
/mnt/d/Music,music/Hip-Hop_Rap/Akon/Konvicted (Exclusive Version),/mnt/d/Music/music/Hip-Hop_Rap/Akon/Konvicted (Exclusive Version),/mnt/d/Music/music/Hip-Hop_Rap/Akon,Konvicted (Exclusive Version),2026-07-04T17:42:04+00:00
/mnt/d/Music,music/Hip-Hop_Rap/Akon/Trouble,/mnt/d/Music/music/Hip-Hop_Rap/Akon/Trouble,/mnt/d/Music/music/Hip-Hop_Rap/Akon,Trouble,2026-07-04T17:42:04+00:00
/mnt/d/Music,music/Hip-Hop_Rap/Ali & Gipp featuring Chocolate Tai,/mnt/d/Music/music/Hip-Hop_Rap/Ali & Gipp featuring Chocolate Tai,/mnt/d/Music/music/Hip-Hop_Rap,Ali & Gipp featuring Chocolate Tai,2026-07-04T17:42:05+00:00
/mnt/d/Music,music/Hip-Hop_Rap/Ali & Gipp featuring Chocolate Tai/Go 'Head - Single,/mnt/d/Music/music/Hip-Hop_Rap/Ali & Gipp featuring Chocolate Tai/Go 'Head - Single,/mnt/d/Music/music/Hip-Hop_Rap/Ali & Gipp featuring Chocolate Tai,Go 'Head - Single,2026-07-04T17:42:05+00:00
/mnt/d/Music,music/Hip-Hop_Rap/Big Tymers,/mnt/d/Music/music/Hip-Hop_Rap/Big Tymers,/mnt/d/Music/music/Hip-Hop_Rap,Big Tymers,2026-07-04T17:42:05+00:00
/mnt/d/Music,music/Hip-Hop_Rap/Big Tymers/Hood Rich,/mnt/d/Music/music/Hip-Hop_Rap/Big Tymers/Hood Rich,/mnt/d/Music/music/Hip-Hop_Rap/Big Tymers,Hood Rich,2026-07-04T17:42:05+00:00
/mnt/d/Music,music/Hip-Hop_Rap/Bone Crusher & Jadakiss & Busta Rhymes,/mnt/d/Music/music/Hip-Hop_Rap/Bone Crusher & Jadakiss & Busta Rhymes,/mnt/d/Music/music/Hip-Hop_Rap,Bone Crusher & Jadakiss & Busta Rhymes,2026-07-04T17:42:05+00:00
/mnt/d/Music,music/Hip-Hop_Rap/Bone Crusher & Jadakiss & Busta Rhymes/Never Scared (The Takeover Remix),/mnt/d/Music/music/Hip-Hop_Rap/Bone Crusher & Jadakiss & Busta Rhymes/Never Scared (The Takeover Remix),/mnt/d/Music/music/Hip-Hop_Rap/Bone Crusher & Jadakiss & Busta Rhymes,Never Scared (The Takeover Remix),2026-07-04T17:42:05+00:00
/mnt/d/Music,"music/Hip-Hop_Rap/Boss Hogg Outlawz, Slim Thug & The Boss Hogg Outlawz","/mnt/d/Music/music/Hip-Hop_Rap/Boss Hogg Outlawz, Slim Thug & The Boss Hogg Outlawz",/mnt/d/Music/music/Hip-Hop_Rap,"Boss Hogg Outlawz, Slim Thug & The Boss Hogg Outlawz",2026-07-04T17:42:05+00:00
/mnt/d/Music,"music/Hip-Hop_Rap/Boss Hogg Outlawz, Slim Thug & The Boss Hogg Outlawz/Serve and Collect","/mnt/d/Music/music/Hip-Hop_Rap/Boss Hogg Outlawz, Slim Thug & The Boss Hogg Outlawz/Serve and Collect","/mnt/d/Music/music/Hip-Hop_Rap/Boss Hogg Outlawz, Slim Thug & The Boss Hogg Outlawz",Serve and Collect,2026-07-04T17:42:07+00:00
/mnt/d/Music,music/Hip-Hop_Rap/Cassie,/mnt/d/Music/music/Hip-Hop_Rap/Cassie,/mnt/d/Music/music/Hip-Hop_Rap,Cassie,2026-07-04T17:42:07+00:00
/mnt/d/Music,music/Hip-Hop_Rap/Cassie/Me & U - Single,/mnt/d/Music/music/Hip-Hop_Rap/Cassie/Me & U - Single,/mnt/d/Music/music/Hip-Hop_Rap/Cassie,Me & U - Single,2026-07-04T17:42:07+00:00
/mnt/d/Music,music/Hip-Hop_Rap/Chamillionaire & Krayzie Bone,/mnt/d/Music/music/Hip-Hop_Rap/Chamillionaire & Krayzie Bone,/mnt/d/Music/music/Hip-Hop_Rap,Chamillionaire & Krayzie Bone,2026-07-04T17:42:07+00:00
/mnt/d/Music,music/Hip-Hop_Rap/Chamillionaire & Krayzie Bone/The Sound of Revenge,/mnt/d/Music/music/Hip-Hop_Rap/Chamillionaire & Krayzie Bone/The Sound of Revenge,/mnt/d/Music/music/Hip-Hop_Rap/Chamillionaire & Krayzie Bone,The Sound of Revenge,2026-07-04T17:42:07+00:00
/mnt/d/Music,music/Hip-Hop_Rap/Chingy,/mnt/d/Music/music/Hip-Hop_Rap/Chingy,/mnt/d/Music/music/Hip-Hop_Rap,Chingy,2026-07-04T17:42:07+00:00
/mnt/d/Music,music/Hip-Hop_Rap/Chingy/Hoodstar,/mnt/d/Music/music/Hip-Hop_Rap/Chingy/Hoodstar,/mnt/d/Music/music/Hip-Hop_Rap/Chingy,Hoodstar,2026-07-04T17:42:07+00:00
/mnt/d/Music,music/Hip-Hop_Rap/Coolio featuring L.V,/mnt/d/Music/music/Hip-Hop_Rap/Coolio featuring L.V,/mnt/d/Music/music/Hip-Hop_Rap,Coolio featuring L.V,2026-07-04T17:42:07+00:00
/mnt/d/Music,music/Hip-Hop_Rap/Coolio featuring L.V/Gangsta's Paradise,/mnt/d/Music/music/Hip-Hop_Rap/Coolio featuring L.V/Gangsta's Paradise,/mnt/d/Music/music/Hip-Hop_Rap/Coolio featuring L.V,Gangsta's Paradise,2026-07-04T17:42:07+00:00
/mnt/d/Music,music/Hip-Hop_Rap/Crime Mob,/mnt/d/Music/music/Hip-Hop_Rap/Crime Mob,/mnt/d/Music/music/Hip-Hop_Rap,Crime Mob,2026-07-04T17:42:07+00:00
/mnt/d/Music,music/Hip-Hop_Rap/Crime Mob & Lil' Scrappy,/mnt/d/Music/music/Hip-Hop_Rap/Crime Mob & Lil' Scrappy,/mnt/d/Music/music/Hip-Hop_Rap,Crime Mob & Lil' Scrappy,2026-07-04T17:42:08+00:00
/mnt/d/Music,music/Hip-Hop_Rap/Crime Mob & Lil' Scrappy/Crime Mob,/mnt/d/Music/music/Hip-Hop_Rap/Crime Mob & Lil' Scrappy/Crime Mob,/mnt/d/Music/music/Hip-Hop_Rap/Crime Mob & Lil' Scrappy,Crime Mob,2026-07-04T17:42:08+00:00
/mnt/d/Music,music/Hip-Hop_Rap/Crime Mob & Miss Aisha,/mnt/d/Music/music/Hip-Hop_Rap/Crime Mob & Miss Aisha,/mnt/d/Music/music/Hip-Hop_Rap,Crime Mob & Miss Aisha,2026-07-04T17:42:09+00:00
/mnt/d/Music,music/Hip-Hop_Rap/Crime Mob & Miss Aisha/Crime Mob,/mnt/d/Music/music/Hip-Hop_Rap/Crime Mob & Miss Aisha/Crime Mob,/mnt/d/Music/music/Hip-Hop_Rap/Crime Mob & Miss Aisha,Crime Mob,2026-07-04T17:42:09+00:00
/mnt/d/Music,music/Hip-Hop_Rap/Crime Mob/Crime Mob,/mnt/d/Music/music/Hip-Hop_Rap/Crime Mob/Crime Mob,/mnt/d/Music/music/Hip-Hop_Rap/Crime Mob,Crime Mob,2026-07-04T17:42:08+00:00
/mnt/d/Music,music/Hip-Hop_Rap/D12,/mnt/d/Music/music/Hip-Hop_Rap/D12,/mnt/d/Music/music/Hip-Hop_Rap,D12,2026-07-04T17:42:09+00:00
/mnt/d/Music,music/Hip-Hop_Rap/D12/Devil's Night,/mnt/d/Music/music/Hip-Hop_Rap/D12/Devil's Night,/mnt/d/Music/music/Hip-Hop_Rap/D12,Devil's Night,2026-07-04T17:42:09+00:00
/mnt/d/Music,music/Hip-Hop_Rap/D4L,/mnt/d/Music/music/Hip-Hop_Rap/D4L,/mnt/d/Music/music/Hip-Hop_Rap,D4L,2026-07-04T17:42:09+00:00
/mnt/d/Music,music/Hip-Hop_Rap/D4L/Down for Life,/mnt/d/Music/music/Hip-Hop_Rap/D4L/Down for Life,/mnt/d/Music/music/Hip-Hop_Rap/D4L,Down for Life,2026-07-04T17:42:09+00:00
/mnt/d/Music,music/Hip-Hop_Rap/DMX,/mnt/d/Music/music/Hip-Hop_Rap/DMX,/mnt/d/Music/music/Hip-Hop_Rap,DMX,2026-07-04T17:42:10+00:00
/mnt/d/Music,music/Hip-Hop_Rap/DMX/It's Dark and Hell Is Hot,/mnt/d/Music/music/Hip-Hop_Rap/DMX/It's Dark and Hell Is Hot,/mnt/d/Music/music/Hip-Hop_Rap/DMX,It's Dark and Hell Is Hot,2026-07-04T17:42:12+00:00
/mnt/d/Music,music/Hip-Hop_Rap/DSGB,/mnt/d/Music/music/Hip-Hop_Rap/DSGB,/mnt/d/Music/music/Hip-Hop_Rap,DSGB,2026-07-04T17:42:12+00:00
/mnt/d/Music,music/Hip-Hop_Rap/DSGB/The Last Supper,/mnt/d/Music/music/Hip-Hop_Rap/DSGB/The Last Supper,/mnt/d/Music/music/Hip-Hop_Rap/DSGB,The Last Supper,2026-07-04T17:42:13+00:00
/mnt/d/Music,music/Hip-Hop_Rap/David Banner,/mnt/d/Music/music/Hip-Hop_Rap/David Banner,/mnt/d/Music/music/Hip-Hop_Rap,David Banner,2026-07-04T17:42:09+00:00
/mnt/d/Music,music/Hip-Hop_Rap/David Banner & Lil' Flip,/mnt/d/Music/music/Hip-Hop_Rap/David Banner & Lil' Flip,/mnt/d/Music/music/Hip-Hop_Rap,David Banner & Lil' Flip,2026-07-04T17:42:10+00:00
/mnt/d/Music,music/Hip-Hop_Rap/David Banner & Lil' Flip/Mississippi_ The Album,/mnt/d/Music/music/Hip-Hop_Rap/David Banner & Lil' Flip/Mississippi_ The Album,/mnt/d/Music/music/Hip-Hop_Rap/David Banner & Lil' Flip,Mississippi_ The Album,2026-07-04T17:42:10+00:00
/mnt/d/Music,music/Hip-Hop_Rap/David Banner/Certified (Bonus Track Version),/mnt/d/Music/music/Hip-Hop_Rap/David Banner/Certified (Bonus Track Version),/mnt/d/Music/music/Hip-Hop_Rap/David Banner,Certified (Bonus Track Version),2026-07-04T17:42:09+00:00
/mnt/d/Music,music/Hip-Hop_Rap/David Banner/Mississippi - The Screwed and Chopped Album,/mnt/d/Music/music/Hip-Hop_Rap/David Banner/Mississippi - The Screwed and Chopped Album,/mnt/d/Music/music/Hip-Hop_Rap/David Banner,Mississippi - The Screwed and Chopped Album,2026-07-04T17:42:09+00:00
/mnt/d/Music,music/Hip-Hop_Rap/Dr. Dre,/mnt/d/Music/music/Hip-Hop_Rap/Dr. Dre,/mnt/d/Music/music/Hip-Hop_Rap,Dr. Dre,2026-07-04T17:42:12+00:00
/mnt/d/Music,music/Hip-Hop_Rap/Dr. Dre/The Chronic,/mnt/d/Music/music/Hip-Hop_Rap/Dr. Dre/The Chronic,/mnt/d/Music/music/Hip-Hop_Rap/Dr. Dre,The Chronic,2026-07-04T17:42:12+00:00
/mnt/d/Music,music/Hip-Hop_Rap/Eminem,/mnt/d/Music/music/Hip-Hop_Rap/Eminem,/mnt/d/Music/music/Hip-Hop_Rap,Eminem,2026-07-04T17:42:16+00:00
/mnt/d/Music,music/Hip-Hop_Rap/Eminem & Dido,/mnt/d/Music/music/Hip-Hop_Rap/Eminem & Dido,/mnt/d/Music/music/Hip-Hop_Rap,Eminem & Dido,2026-07-04T17:42:17+00:00
/mnt/d/Music,music/Hip-Hop_Rap/Eminem & Dido/The Marshall Mathers LP,/mnt/d/Music/music/Hip-Hop_Rap/Eminem & Dido/The Marshall Mathers LP,/mnt/d/Music/music/Hip-Hop_Rap/Eminem & Dido,The Marshall Mathers LP,2026-07-04T17:42:17+00:00
/mnt/d/Music,music/Hip-Hop_Rap/Eminem & Dina Rae,/mnt/d/Music/music/Hip-Hop_Rap/Eminem & Dina Rae,/mnt/d/Music/music/Hip-Hop_Rap,Eminem & Dina Rae,2026-07-04T17:42:17+00:00
/mnt/d/Music,music/Hip-Hop_Rap/Eminem & Dina Rae/The Eminem Show,/mnt/d/Music/music/Hip-Hop_Rap/Eminem & Dina Rae/The Eminem Show,/mnt/d/Music/music/Hip-Hop_Rap/Eminem & Dina Rae,The Eminem Show,2026-07-04T17:42:17+00:00
/mnt/d/Music,"music/Hip-Hop_Rap/Eminem, Obie Trice & Tony Yayo","/mnt/d/Music/music/Hip-Hop_Rap/Eminem, Obie Trice & Tony Yayo",/mnt/d/Music/music/Hip-Hop_Rap,"Eminem, Obie Trice & Tony Yayo",2026-07-04T17:42:17+00:00
/mnt/d/Music,"music/Hip-Hop_Rap/Eminem, Obie Trice & Tony Yayo/Thoughts of a Predicate Felon","/mnt/d/Music/music/Hip-Hop_Rap/Eminem, Obie Trice & Tony Yayo/Thoughts of a Predicate Felon","/mnt/d/Music/music/Hip-Hop_Rap/Eminem, Obie Trice & Tony Yayo",Thoughts of a Predicate Felon,2026-07-04T17:42:17+00:00
/mnt/d/Music,music/Hip-Hop_Rap/Eminem/Curtain Call (Deluxe Version),/mnt/d/Music/music/Hip-Hop_Rap/Eminem/Curtain Call (Deluxe Version),/mnt/d/Music/music/Hip-Hop_Rap/Eminem,Curtain Call (Deluxe Version),2026-07-04T17:42:14+00:00
/mnt/d/Music,music/Hip-Hop_Rap/Eminem/Curtain Call (Deluxe explicit),/mnt/d/Music/music/Hip-Hop_Rap/Eminem/Curtain Call (Deluxe explicit),/mnt/d/Music/music/Hip-Hop_Rap/Eminem,Curtain Call (Deluxe explicit),2026-07-04T17:42:14+00:00
/mnt/d/Music,music/Hip-Hop_Rap/Eminem/Encore (Deluxe Version),/mnt/d/Music/music/Hip-Hop_Rap/Eminem/Encore (Deluxe Version),/mnt/d/Music/music/Hip-Hop_Rap/Eminem,Encore (Deluxe Version),2026-07-04T17:42:15+00:00
/mnt/d/Music,music/Hip-Hop_Rap/Eminem/The Eminem Show,/mnt/d/Music/music/Hip-Hop_Rap/Eminem/The Eminem Show,/mnt/d/Music/music/Hip-Hop_Rap/Eminem,The Eminem Show,2026-07-04T17:42:16+00:00
/mnt/d/Music,music/Hip-Hop_Rap/Eminem/The Marshall Mathers LP,/mnt/d/Music/music/Hip-Hop_Rap/Eminem/The Marshall Mathers LP,/mnt/d/Music/music/Hip-Hop_Rap/Eminem,The Marshall Mathers LP,2026-07-04T17:42:16+00:00
/mnt/d/Music,music/Hip-Hop_Rap/Eminem/The Slim Shady LP,/mnt/d/Music/music/Hip-Hop_Rap/Eminem/The Slim Shady LP,/mnt/d/Music/music/Hip-Hop_Rap/Eminem,The Slim Shady LP,2026-07-04T17:42:16+00:00
/mnt/d/Music,"music/Hip-Hop_Rap/Field Mob, Jamie Foxx & Ludacris","/mnt/d/Music/music/Hip-Hop_Rap/Field Mob, Jamie Foxx & Ludacris",/mnt/d/Music/music/Hip-Hop_Rap,"Field Mob, Jamie Foxx & Ludacris",2026-07-04T17:42:17+00:00
/mnt/d/Music,"music/Hip-Hop_Rap/Field Mob, Jamie Foxx & Ludacris/Ludacris Presents...Disturbing Tha Peace (Explicit Version)","/mnt/d/Music/music/Hip-Hop_Rap/Field Mob, Jamie Foxx & Ludacris/Ludacris Presents...Disturbing Tha Peace (Explicit Version)","/mnt/d/Music/music/Hip-Hop_Rap/Field Mob, Jamie Foxx & Ludacris",Ludacris Presents...Disturbing Tha Peace (Explicit Version),2026-07-04T17:42:17+00:00
/mnt/d/Music,music/Hip-Hop_Rap/Fort Minor featuring Holly Brook and Jonah Matranga,/mnt/d/Music/music/Hip-Hop_Rap/Fort Minor featuring Holly Brook and Jonah Matranga,/mnt/d/Music/music/Hip-Hop_Rap,Fort Minor featuring Holly Brook and Jonah Matranga,2026-07-04T17:42:17+00:00
/mnt/d/Music,music/Hip-Hop_Rap/Fort Minor featuring Holly Brook and Jonah Matranga/The Rising Tied,/mnt/d/Music/music/Hip-Hop_Rap/Fort Minor featuring Holly Brook and Jonah Matranga/The Rising Tied,/mnt/d/Music/music/Hip-Hop_Rap/Fort Minor featuring Holly Brook and Jonah Matranga,The Rising Tied,2026-07-04T17:42:17+00:00
/mnt/d/Music,music/Hip-Hop_Rap/Hoobastank Tribute Band,/mnt/d/Music/music/Hip-Hop_Rap/Hoobastank Tribute Band,/mnt/d/Music/music/Hip-Hop_Rap,Hoobastank Tribute Band,2026-07-04T17:42:17+00:00
/mnt/d/Music,music/Hip-Hop_Rap/Hoobastank Tribute Band/Tribute to Hoobastank,/mnt/d/Music/music/Hip-Hop_Rap/Hoobastank Tribute Band/Tribute to Hoobastank,/mnt/d/Music/music/Hip-Hop_Rap/Hoobastank Tribute Band,Tribute to Hoobastank,2026-07-04T17:42:17+00:00
/mnt/d/Music,music/Hip-Hop_Rap/Hypnotize Camp Posse,/mnt/d/Music/music/Hip-Hop_Rap/Hypnotize Camp Posse,/mnt/d/Music/music/Hip-Hop_Rap,Hypnotize Camp Posse,2026-07-04T17:42:17+00:00
/mnt/d/Music,music/Hip-Hop_Rap/Hypnotize Camp Posse/Most Known Hits,/mnt/d/Music/music/Hip-Hop_Rap/Hypnotize Camp Posse/Most Known Hits,/mnt/d/Music/music/Hip-Hop_Rap/Hypnotize Camp Posse,Most Known Hits,2026-07-04T17:42:17+00:00
/mnt/d/Music,music/Hip-Hop_Rap/Ice Cube,/mnt/d/Music/music/Hip-Hop_Rap/Ice Cube,/mnt/d/Music/music/Hip-Hop_Rap,Ice Cube,2026-07-04T17:42:18+00:00
/mnt/d/Music,"music/Hip-Hop_Rap/Ice Cube/Laugh Now, Cry Later","/mnt/d/Music/music/Hip-Hop_Rap/Ice Cube/Laugh Now, Cry Later",/mnt/d/Music/music/Hip-Hop_Rap/Ice Cube,"Laugh Now, Cry Later",2026-07-04T17:42:18+00:00
/mnt/d/Music,music/Hip-Hop_Rap/Jim Jones,/mnt/d/Music/music/Hip-Hop_Rap/Jim Jones,/mnt/d/Music/music/Hip-Hop_Rap,Jim Jones,2026-07-04T17:42:18+00:00
/mnt/d/Music,music/Hip-Hop_Rap/Jim Jones/Hustler's P.O.M.E. (Product of My Environment) - EP,/mnt/d/Music/music/Hip-Hop_Rap/Jim Jones/Hustler's P.O.M.E. (Product of My Environment) - EP,/mnt/d/Music/music/Hip-Hop_Rap/Jim Jones,Hustler's P.O.M.E. (Product of My Environment) - EP,2026-07-04T17:42:18+00:00
/mnt/d/Music,music/Hip-Hop_Rap/Juvenile,/mnt/d/Music/music/Hip-Hop_Rap/Juvenile,/mnt/d/Music/music/Hip-Hop_Rap,Juvenile,2026-07-04T17:42:18+00:00
/mnt/d/Music,music/Hip-Hop_Rap/Juvenile & Soulja Slim,/mnt/d/Music/music/Hip-Hop_Rap/Juvenile & Soulja Slim,/mnt/d/Music/music/Hip-Hop_Rap,Juvenile & Soulja Slim,2026-07-04T17:42:18+00:00
/mnt/d/Music,music/Hip-Hop_Rap/Juvenile & Soulja Slim/Juve the Great,/mnt/d/Music/music/Hip-Hop_Rap/Juvenile & Soulja Slim/Juve the Great,/mnt/d/Music/music/Hip-Hop_Rap/Juvenile & Soulja Slim,Juve the Great,2026-07-04T17:42:18+00:00
/mnt/d/Music,music/Hip-Hop_Rap/Juvenile/400 Degreez,/mnt/d/Music/music/Hip-Hop_Rap/Juvenile/400 Degreez,/mnt/d/Music/music/Hip-Hop_Rap/Juvenile,400 Degreez,2026-07-04T17:42:18+00:00
/mnt/d/Music,music/Hip-Hop_Rap/Kanye West,/mnt/d/Music/music/Hip-Hop_Rap/Kanye West,/mnt/d/Music/music/Hip-Hop_Rap,Kanye West,2026-07-04T17:42:18+00:00
/mnt/d/Music,music/Hip-Hop_Rap/Kanye West/Late Registration,/mnt/d/Music/music/Hip-Hop_Rap/Kanye West/Late Registration,/mnt/d/Music/music/Hip-Hop_Rap/Kanye West,Late Registration,2026-07-04T17:42:18+00:00
/mnt/d/Music,music/Hip-Hop_Rap/Kanye West/The College Dropout,/mnt/d/Music/music/Hip-Hop_Rap/Kanye West/The College Dropout,/mnt/d/Music/music/Hip-Hop_Rap/Kanye West,The College Dropout,2026-07-04T17:42:18+00:00
/mnt/d/Music,music/Hip-Hop_Rap/Kelis,/mnt/d/Music/music/Hip-Hop_Rap/Kelis,/mnt/d/Music/music/Hip-Hop_Rap,Kelis,2026-07-04T17:42:19+00:00
/mnt/d/Music,music/Hip-Hop_Rap/Kelis/Bossy (Featuring Too $hort) - Single,/mnt/d/Music/music/Hip-Hop_Rap/Kelis/Bossy (Featuring Too $hort) - Single,/mnt/d/Music/music/Hip-Hop_Rap/Kelis,Bossy (Featuring Too $hort) - Single,2026-07-04T17:42:19+00:00
/mnt/d/Music,music/Hip-Hop_Rap/Lil Jon & The East Side Boyz,/mnt/d/Music/music/Hip-Hop_Rap/Lil Jon & The East Side Boyz,/mnt/d/Music/music/Hip-Hop_Rap,Lil Jon & The East Side Boyz,2026-07-04T17:42:19+00:00
/mnt/d/Music,music/Hip-Hop_Rap/Lil Jon & The East Side Boyz/Crunk Juice,/mnt/d/Music/music/Hip-Hop_Rap/Lil Jon & The East Side Boyz/Crunk Juice,/mnt/d/Music/music/Hip-Hop_Rap/Lil Jon & The East Side Boyz,Crunk Juice,2026-07-04T17:42:19+00:00
/mnt/d/Music,music/Hip-Hop_Rap/Lil Jon featuring E-40 & Sean Paul,/mnt/d/Music/music/Hip-Hop_Rap/Lil Jon featuring E-40 & Sean Paul,/mnt/d/Music/music/Hip-Hop_Rap,Lil Jon featuring E-40 & Sean Paul,2026-07-04T17:42:19+00:00
/mnt/d/Music,music/Hip-Hop_Rap/Lil Jon featuring E-40 & Sean Paul/Snap Yo Fingers - Single,/mnt/d/Music/music/Hip-Hop_Rap/Lil Jon featuring E-40 & Sean Paul/Snap Yo Fingers - Single,/mnt/d/Music/music/Hip-Hop_Rap/Lil Jon featuring E-40 & Sean Paul,Snap Yo Fingers - Single,2026-07-04T17:42:19+00:00
/mnt/d/Music,music/Hip-Hop_Rap/Lil Jon featuring Three 6 Mafia,/mnt/d/Music/music/Hip-Hop_Rap/Lil Jon featuring Three 6 Mafia,/mnt/d/Music/music/Hip-Hop_Rap,Lil Jon featuring Three 6 Mafia,2026-07-04T17:42:19+00:00
/mnt/d/Music,music/Hip-Hop_Rap/Lil Jon featuring Three 6 Mafia/Act a Fool - Single,/mnt/d/Music/music/Hip-Hop_Rap/Lil Jon featuring Three 6 Mafia/Act a Fool - Single,/mnt/d/Music/music/Hip-Hop_Rap/Lil Jon featuring Three 6 Mafia,Act a Fool - Single,2026-07-04T17:42:19+00:00
/mnt/d/Music,music/Hip-Hop_Rap/Lil Wayne,/mnt/d/Music/music/Hip-Hop_Rap/Lil Wayne,/mnt/d/Music/music/Hip-Hop_Rap,Lil Wayne,2026-07-04T17:42:19+00:00
/mnt/d/Music,music/Hip-Hop_Rap/Lil Wayne/Tha Carter,/mnt/d/Music/music/Hip-Hop_Rap/Lil Wayne/Tha Carter,/mnt/d/Music/music/Hip-Hop_Rap/Lil Wayne,Tha Carter,2026-07-04T17:42:19+00:00
/mnt/d/Music,music/Hip-Hop_Rap/Lil Wyte,/mnt/d/Music/music/Hip-Hop_Rap/Lil Wyte,/mnt/d/Music/music/Hip-Hop_Rap,Lil Wyte,2026-07-04T17:42:21+00:00
/mnt/d/Music,music/Hip-Hop_Rap/Lil Wyte/Doubt Me Now,/mnt/d/Music/music/Hip-Hop_Rap/Lil Wyte/Doubt Me Now,/mnt/d/Music/music/Hip-Hop_Rap/Lil Wyte,Doubt Me Now,2026-07-04T17:42:21+00:00
/mnt/d/Music,music/Hip-Hop_Rap/Lil Wyte/Phinally Phamous,/mnt/d/Music/music/Hip-Hop_Rap/Lil Wyte/Phinally Phamous,/mnt/d/Music/music/Hip-Hop_Rap/Lil Wyte,Phinally Phamous,2026-07-04T17:42:23+00:00
/mnt/d/Music,music/Hip-Hop_Rap/Lil' Flip,/mnt/d/Music/music/Hip-Hop_Rap/Lil' Flip,/mnt/d/Music/music/Hip-Hop_Rap,Lil' Flip,2026-07-04T17:42:23+00:00
/mnt/d/Music,music/Hip-Hop_Rap/Lil' Flip/Fliperaci - EP,/mnt/d/Music/music/Hip-Hop_Rap/Lil' Flip/Fliperaci - EP,/mnt/d/Music/music/Hip-Hop_Rap/Lil' Flip,Fliperaci - EP,2026-07-04T17:42:23+00:00
/mnt/d/Music,music/Hip-Hop_Rap/Lil' Flip/Undaground Legend,/mnt/d/Music/music/Hip-Hop_Rap/Lil' Flip/Undaground Legend,/mnt/d/Music/music/Hip-Hop_Rap/Lil' Flip,Undaground Legend,2026-07-04T17:42:23+00:00
/mnt/d/Music,music/Hip-Hop_Rap/Lil' Flip/You'ze a Trick - Single,/mnt/d/Music/music/Hip-Hop_Rap/Lil' Flip/You'ze a Trick - Single,/mnt/d/Music/music/Hip-Hop_Rap/Lil' Flip,You'ze a Trick - Single,2026-07-04T17:42:23+00:00
/mnt/d/Music,music/Hip-Hop_Rap/Lil' Jon & Youngbloodz,/mnt/d/Music/music/Hip-Hop_Rap/Lil' Jon & Youngbloodz,/mnt/d/Music/music/Hip-Hop_Rap,Lil' Jon & Youngbloodz,2026-07-04T17:42:23+00:00
/mnt/d/Music,music/Hip-Hop_Rap/Lil' Jon & Youngbloodz/Damn! - Single,/mnt/d/Music/music/Hip-Hop_Rap/Lil' Jon & Youngbloodz/Damn! - Single,/mnt/d/Music/music/Hip-Hop_Rap/Lil' Jon & Youngbloodz,Damn! - Single,2026-07-04T17:42:23+00:00
/mnt/d/Music,music/Hip-Hop_Rap/Lil' Scrappy featuring Young Buck,/mnt/d/Music/music/Hip-Hop_Rap/Lil' Scrappy featuring Young Buck,/mnt/d/Music/music/Hip-Hop_Rap,Lil' Scrappy featuring Young Buck,2026-07-04T17:42:24+00:00
/mnt/d/Music,music/Hip-Hop_Rap/Lil' Scrappy featuring Young Buck/Money In the Bank - EP,/mnt/d/Music/music/Hip-Hop_Rap/Lil' Scrappy featuring Young Buck/Money In the Bank - EP,/mnt/d/Music/music/Hip-Hop_Rap/Lil' Scrappy featuring Young Buck,Money In the Bank - EP,2026-07-04T17:42:24+00:00
/mnt/d/Music,music/Hip-Hop_Rap/Lil' Troy,/mnt/d/Music/music/Hip-Hop_Rap/Lil' Troy,/mnt/d/Music/music/Hip-Hop_Rap,Lil' Troy,2026-07-04T17:42:24+00:00
/mnt/d/Music,music/Hip-Hop_Rap/Lil' Troy/Sittin' Fat Down South,/mnt/d/Music/music/Hip-Hop_Rap/Lil' Troy/Sittin' Fat Down South,/mnt/d/Music/music/Hip-Hop_Rap/Lil' Troy,Sittin' Fat Down South,2026-07-04T17:42:24+00:00
/mnt/d/Music,music/Hip-Hop_Rap/Ludacris,/mnt/d/Music/music/Hip-Hop_Rap/Ludacris,/mnt/d/Music/music/Hip-Hop_Rap,Ludacris,2026-07-04T17:42:24+00:00
/mnt/d/Music,music/Hip-Hop_Rap/Ludacris/Release Therapy,/mnt/d/Music/music/Hip-Hop_Rap/Ludacris/Release Therapy,/mnt/d/Music/music/Hip-Hop_Rap/Ludacris,Release Therapy,2026-07-04T17:42:24+00:00
/mnt/d/Music,music/Hip-Hop_Rap/M.C. Hammer,/mnt/d/Music/music/Hip-Hop_Rap/M.C. Hammer,/mnt/d/Music/music/Hip-Hop_Rap,M.C. Hammer,2026-07-04T17:42:24+00:00
/mnt/d/Music,music/Hip-Hop_Rap/M.C. Hammer/M.C. Hammer_ Greatest Hits,/mnt/d/Music/music/Hip-Hop_Rap/M.C. Hammer/M.C. Hammer_ Greatest Hits,/mnt/d/Music/music/Hip-Hop_Rap/M.C. Hammer,M.C. Hammer_ Greatest Hits,2026-07-04T17:42:24+00:00
/mnt/d/Music,music/Hip-Hop_Rap/Mike Jones,/mnt/d/Music/music/Hip-Hop_Rap/Mike Jones,/mnt/d/Music/music/Hip-Hop_Rap,Mike Jones,2026-07-04T17:42:24+00:00
/mnt/d/Music,music/Hip-Hop_Rap/Mike Jones/Who Is Mike Jones_,/mnt/d/Music/music/Hip-Hop_Rap/Mike Jones/Who Is Mike Jones_,/mnt/d/Music/music/Hip-Hop_Rap/Mike Jones,Who Is Mike Jones_,2026-07-04T17:42:24+00:00
/mnt/d/Music,"music/Hip-Hop_Rap/Murphy Lee, Nelly & P. Diddy","/mnt/d/Music/music/Hip-Hop_Rap/Murphy Lee, Nelly & P. Diddy",/mnt/d/Music/music/Hip-Hop_Rap,"Murphy Lee, Nelly & P. Diddy",2026-07-04T17:42:24+00:00
/mnt/d/Music,"music/Hip-Hop_Rap/Murphy Lee, Nelly & P. Diddy/Murphy's Law","/mnt/d/Music/music/Hip-Hop_Rap/Murphy Lee, Nelly & P. Diddy/Murphy's Law","/mnt/d/Music/music/Hip-Hop_Rap/Murphy Lee, Nelly & P. Diddy",Murphy's Law,2026-07-04T17:42:24+00:00
/mnt/d/Music,music/Hip-Hop_Rap/OutKast,/mnt/d/Music/music/Hip-Hop_Rap/OutKast,/mnt/d/Music/music/Hip-Hop_Rap,OutKast,2026-07-04T17:42:25+00:00
/mnt/d/Music,music/Hip-Hop_Rap/OutKast/ATLiens,/mnt/d/Music/music/Hip-Hop_Rap/OutKast/ATLiens,/mnt/d/Music/music/Hip-Hop_Rap/OutKast,ATLiens,2026-07-04T17:42:25+00:00
/mnt/d/Music,music/Hip-Hop_Rap/OutKast/Big Boi and Dre Present...OutKast,/mnt/d/Music/music/Hip-Hop_Rap/OutKast/Big Boi and Dre Present...OutKast,/mnt/d/Music/music/Hip-Hop_Rap/OutKast,Big Boi and Dre Present...OutKast,2026-07-04T17:42:25+00:00
/mnt/d/Music,music/Hip-Hop_Rap/OutKast/Speakerboxxx_The Love Below,/mnt/d/Music/music/Hip-Hop_Rap/OutKast/Speakerboxxx_The Love Below,/mnt/d/Music/music/Hip-Hop_Rap/OutKast,Speakerboxxx_The Love Below,2026-07-04T17:42:25+00:00
/mnt/d/Music,music/Hip-Hop_Rap/OutKast/Stankonia,/mnt/d/Music/music/Hip-Hop_Rap/OutKast/Stankonia,/mnt/d/Music/music/Hip-Hop_Rap/OutKast,Stankonia,2026-07-04T17:42:25+00:00
/mnt/d/Music,music/Hip-Hop_Rap/Paul Wall,/mnt/d/Music/music/Hip-Hop_Rap/Paul Wall,/mnt/d/Music/music/Hip-Hop_Rap,Paul Wall,2026-07-04T17:42:25+00:00
/mnt/d/Music,music/Hip-Hop_Rap/Paul Wall/The Peoples Champ,/mnt/d/Music/music/Hip-Hop_Rap/Paul Wall/The Peoples Champ,/mnt/d/Music/music/Hip-Hop_Rap/Paul Wall,The Peoples Champ,2026-07-04T17:42:25+00:00
/mnt/d/Music,music/Hip-Hop_Rap/Pretty Ricky,/mnt/d/Music/music/Hip-Hop_Rap/Pretty Ricky,/mnt/d/Music/music/Hip-Hop_Rap,Pretty Ricky,2026-07-04T17:42:25+00:00
/mnt/d/Music,music/Hip-Hop_Rap/Pretty Ricky/Bluestars,/mnt/d/Music/music/Hip-Hop_Rap/Pretty Ricky/Bluestars,/mnt/d/Music/music/Hip-Hop_Rap/Pretty Ricky,Bluestars,2026-07-04T17:42:25+00:00
/mnt/d/Music,music/Hip-Hop_Rap/Project Pat,/mnt/d/Music/music/Hip-Hop_Rap/Project Pat,/mnt/d/Music/music/Hip-Hop_Rap,Project Pat,2026-07-04T17:42:26+00:00
/mnt/d/Music,music/Hip-Hop_Rap/Project Pat/Blazin' Hip Hop & R&B,/mnt/d/Music/music/Hip-Hop_Rap/Project Pat/Blazin' Hip Hop & R&B,/mnt/d/Music/music/Hip-Hop_Rap/Project Pat,Blazin' Hip Hop & R&B,2026-07-04T17:42:26+00:00
/mnt/d/Music,music/Hip-Hop_Rap/Project Pat/Crook By da Book - The Fed Story,/mnt/d/Music/music/Hip-Hop_Rap/Project Pat/Crook By da Book - The Fed Story,/mnt/d/Music/music/Hip-Hop_Rap/Project Pat,Crook By da Book - The Fed Story,2026-07-04T17:42:28+00:00
/mnt/d/Music,music/Hip-Hop_Rap/Rich Boy,/mnt/d/Music/music/Hip-Hop_Rap/Rich Boy,/mnt/d/Music/music/Hip-Hop_Rap,Rich Boy,2026-07-04T17:42:28+00:00
/mnt/d/Music,music/Hip-Hop_Rap/Rich Boy/Rap Mix 1,/mnt/d/Music/music/Hip-Hop_Rap/Rich Boy/Rap Mix 1,/mnt/d/Music/music/Hip-Hop_Rap/Rich Boy,Rap Mix 1,2026-07-04T17:42:28+00:00
/mnt/d/Music,music/Hip-Hop_Rap/Rick Ross,/mnt/d/Music/music/Hip-Hop_Rap/Rick Ross,/mnt/d/Music/music/Hip-Hop_Rap,Rick Ross,2026-07-04T17:42:28+00:00
/mnt/d/Music,music/Hip-Hop_Rap/Rick Ross featuring Akon,/mnt/d/Music/music/Hip-Hop_Rap/Rick Ross featuring Akon,/mnt/d/Music/music/Hip-Hop_Rap,Rick Ross featuring Akon,2026-07-04T17:42:32+00:00
/mnt/d/Music,music/Hip-Hop_Rap/Rick Ross featuring Akon/Port of Miami,/mnt/d/Music/music/Hip-Hop_Rap/Rick Ross featuring Akon/Port of Miami,/mnt/d/Music/music/Hip-Hop_Rap/Rick Ross featuring Akon,Port of Miami,2026-07-04T17:42:32+00:00
/mnt/d/Music,music/Hip-Hop_Rap/Rick Ross featuring Dre,/mnt/d/Music/music/Hip-Hop_Rap/Rick Ross featuring Dre,/mnt/d/Music/music/Hip-Hop_Rap,Rick Ross featuring Dre,2026-07-04T17:42:32+00:00
/mnt/d/Music,music/Hip-Hop_Rap/Rick Ross featuring Dre/Port of Miami,/mnt/d/Music/music/Hip-Hop_Rap/Rick Ross featuring Dre/Port of Miami,/mnt/d/Music/music/Hip-Hop_Rap/Rick Ross featuring Dre,Port of Miami,2026-07-04T17:42:32+00:00
/mnt/d/Music,music/Hip-Hop_Rap/Rick Ross featuring Lloyd,/mnt/d/Music/music/Hip-Hop_Rap/Rick Ross featuring Lloyd,/mnt/d/Music/music/Hip-Hop_Rap,Rick Ross featuring Lloyd,2026-07-04T17:42:33+00:00
/mnt/d/Music,music/Hip-Hop_Rap/Rick Ross featuring Lloyd/Port of Miami,/mnt/d/Music/music/Hip-Hop_Rap/Rick Ross featuring Lloyd/Port of Miami,/mnt/d/Music/music/Hip-Hop_Rap/Rick Ross featuring Lloyd,Port of Miami,2026-07-04T17:42:33+00:00
/mnt/d/Music,music/Hip-Hop_Rap/Rick Ross/Port of Miami,/mnt/d/Music/music/Hip-Hop_Rap/Rick Ross/Port of Miami,/mnt/d/Music/music/Hip-Hop_Rap/Rick Ross,Port of Miami,2026-07-04T17:42:32+00:00
/mnt/d/Music,music/Hip-Hop_Rap/Shawnna,/mnt/d/Music/music/Hip-Hop_Rap/Shawnna,/mnt/d/Music/music/Hip-Hop_Rap,Shawnna,2026-07-04T17:42:33+00:00
/mnt/d/Music,music/Hip-Hop_Rap/Shawnna/Ludacris Presents...Disturbing Tha Peace (Explicit Version),/mnt/d/Music/music/Hip-Hop_Rap/Shawnna/Ludacris Presents...Disturbing Tha Peace (Explicit Version),/mnt/d/Music/music/Hip-Hop_Rap/Shawnna,Ludacris Presents...Disturbing Tha Peace (Explicit Version),2026-07-04T17:42:33+00:00
/mnt/d/Music,music/Hip-Hop_Rap/Snoop Dogg,/mnt/d/Music/music/Hip-Hop_Rap/Snoop Dogg,/mnt/d/Music/music/Hip-Hop_Rap,Snoop Dogg,2026-07-04T17:42:33+00:00
/mnt/d/Music,music/Hip-Hop_Rap/Snoop Dogg/The Best of Snoop Dogg,/mnt/d/Music/music/Hip-Hop_Rap/Snoop Dogg/The Best of Snoop Dogg,/mnt/d/Music/music/Hip-Hop_Rap/Snoop Dogg,The Best of Snoop Dogg,2026-07-04T17:42:33+00:00
/mnt/d/Music,music/Hip-Hop_Rap/Swollen Members,/mnt/d/Music/music/Hip-Hop_Rap/Swollen Members,/mnt/d/Music/music/Hip-Hop_Rap,Swollen Members,2026-07-04T17:42:33+00:00
/mnt/d/Music,music/Hip-Hop_Rap/Swollen Members/Black Magic,/mnt/d/Music/music/Hip-Hop_Rap/Swollen Members/Black Magic,/mnt/d/Music/music/Hip-Hop_Rap/Swollen Members,Black Magic,2026-07-04T17:42:35+00:00
/mnt/d/Music,music/Hip-Hop_Rap/T-Pain & Mike Jones,/mnt/d/Music/music/Hip-Hop_Rap/T-Pain & Mike Jones,/mnt/d/Music/music/Hip-Hop_Rap,T-Pain & Mike Jones,2026-07-04T17:42:35+00:00
/mnt/d/Music,music/Hip-Hop_Rap/T-Pain & Mike Jones/Rappa Ternt Sanga,/mnt/d/Music/music/Hip-Hop_Rap/T-Pain & Mike Jones/Rappa Ternt Sanga,/mnt/d/Music/music/Hip-Hop_Rap/T-Pain & Mike Jones,Rappa Ternt Sanga,2026-07-04T17:42:35+00:00
/mnt/d/Music,music/Hip-Hop_Rap/T.I,/mnt/d/Music/music/Hip-Hop_Rap/T.I,/mnt/d/Music/music/Hip-Hop_Rap,T.I,2026-07-04T17:42:35+00:00
/mnt/d/Music,music/Hip-Hop_Rap/T.I/King,/mnt/d/Music/music/Hip-Hop_Rap/T.I/King,/mnt/d/Music/music/Hip-Hop_Rap/T.I,King,2026-07-04T17:42:35+00:00
/mnt/d/Music,music/Hip-Hop_Rap/T.I/Trap Muzik,/mnt/d/Music/music/Hip-Hop_Rap/T.I/Trap Muzik,/mnt/d/Music/music/Hip-Hop_Rap/T.I,Trap Muzik,2026-07-04T17:42:35+00:00
/mnt/d/Music,music/Hip-Hop_Rap/T.I/What You Know (Explicit Version) - Single,/mnt/d/Music/music/Hip-Hop_Rap/T.I/What You Know (Explicit Version) - Single,/mnt/d/Music/music/Hip-Hop_Rap/T.I,What You Know (Explicit Version) - Single,2026-07-04T17:42:35+00:00
/mnt/d/Music,music/Hip-Hop_Rap/Three 6 Mafia,/mnt/d/Music/music/Hip-Hop_Rap/Three 6 Mafia,/mnt/d/Music/music/Hip-Hop_Rap,Three 6 Mafia,2026-07-04T17:42:36+00:00
/mnt/d/Music,music/Hip-Hop_Rap/Three 6 Mafia & Lil' Flip,/mnt/d/Music/music/Hip-Hop_Rap/Three 6 Mafia & Lil' Flip,/mnt/d/Music/music/Hip-Hop_Rap,Three 6 Mafia & Lil' Flip,2026-07-04T17:42:37+00:00
/mnt/d/Music,music/Hip-Hop_Rap/Three 6 Mafia & Lil' Flip/Most Known Hits,/mnt/d/Music/music/Hip-Hop_Rap/Three 6 Mafia & Lil' Flip/Most Known Hits,/mnt/d/Music/music/Hip-Hop_Rap/Three 6 Mafia & Lil' Flip,Most Known Hits,2026-07-04T17:42:37+00:00
/mnt/d/Music,music/Hip-Hop_Rap/Three 6 Mafia/Da Unbreakables,/mnt/d/Music/music/Hip-Hop_Rap/Three 6 Mafia/Da Unbreakables,/mnt/d/Music/music/Hip-Hop_Rap/Three 6 Mafia,Da Unbreakables,2026-07-04T17:42:36+00:00
/mnt/d/Music,music/Hip-Hop_Rap/Three 6 Mafia/Most Known Hits,/mnt/d/Music/music/Hip-Hop_Rap/Three 6 Mafia/Most Known Hits,/mnt/d/Music/music/Hip-Hop_Rap/Three 6 Mafia,Most Known Hits,2026-07-04T17:42:36+00:00
/mnt/d/Music,music/Hip-Hop_Rap/Three 6 Mafia/The End,/mnt/d/Music/music/Hip-Hop_Rap/Three 6 Mafia/The End,/mnt/d/Music/music/Hip-Hop_Rap/Three 6 Mafia,The End,2026-07-04T17:42:37+00:00
/mnt/d/Music,music/Hip-Hop_Rap/Trick Daddy,/mnt/d/Music/music/Hip-Hop_Rap/Trick Daddy,/mnt/d/Music/music/Hip-Hop_Rap,Trick Daddy,2026-07-04T17:42:38+00:00
/mnt/d/Music,music/Hip-Hop_Rap/Trick Daddy featuring Baby,/mnt/d/Music/music/Hip-Hop_Rap/Trick Daddy featuring Baby,/mnt/d/Music/music/Hip-Hop_Rap,Trick Daddy featuring Baby,2026-07-04T17:42:38+00:00
/mnt/d/Music,music/Hip-Hop_Rap/Trick Daddy featuring Baby/Back By Thug Demand,/mnt/d/Music/music/Hip-Hop_Rap/Trick Daddy featuring Baby/Back By Thug Demand,/mnt/d/Music/music/Hip-Hop_Rap/Trick Daddy featuring Baby,Back By Thug Demand,2026-07-04T17:42:38+00:00
/mnt/d/Music,music/Hip-Hop_Rap/Trick Daddy featuring Chamillionaire & Goldrush,/mnt/d/Music/music/Hip-Hop_Rap/Trick Daddy featuring Chamillionaire & Goldrush,/mnt/d/Music/music/Hip-Hop_Rap,Trick Daddy featuring Chamillionaire & Goldrush,2026-07-04T17:42:38+00:00
/mnt/d/Music,music/Hip-Hop_Rap/Trick Daddy featuring Chamillionaire & Goldrush/Back By Thug Demand,/mnt/d/Music/music/Hip-Hop_Rap/Trick Daddy featuring Chamillionaire & Goldrush/Back By Thug Demand,/mnt/d/Music/music/Hip-Hop_Rap/Trick Daddy featuring Chamillionaire & Goldrush,Back By Thug Demand,2026-07-04T17:42:38+00:00
/mnt/d/Music,music/Hip-Hop_Rap/Trick Daddy featuring Chamillionaire & Goldrush/Bet That - Single,/mnt/d/Music/music/Hip-Hop_Rap/Trick Daddy featuring Chamillionaire & Goldrush/Bet That - Single,/mnt/d/Music/music/Hip-Hop_Rap/Trick Daddy featuring Chamillionaire & Goldrush,Bet That - Single,2026-07-04T17:42:38+00:00
/mnt/d/Music,music/Hip-Hop_Rap/Trick Daddy featuring International Jones,/mnt/d/Music/music/Hip-Hop_Rap/Trick Daddy featuring International Jones,/mnt/d/Music/music/Hip-Hop_Rap,Trick Daddy featuring International Jones,2026-07-04T17:42:39+00:00
/mnt/d/Music,music/Hip-Hop_Rap/Trick Daddy featuring International Jones/Back By Thug Demand,/mnt/d/Music/music/Hip-Hop_Rap/Trick Daddy featuring International Jones/Back By Thug Demand,/mnt/d/Music/music/Hip-Hop_Rap/Trick Daddy featuring International Jones,Back By Thug Demand,2026-07-04T17:42:39+00:00
/mnt/d/Music,music/Hip-Hop_Rap/Trick Daddy featuring Jaheim & Trina,/mnt/d/Music/music/Hip-Hop_Rap/Trick Daddy featuring Jaheim & Trina,/mnt/d/Music/music/Hip-Hop_Rap,Trick Daddy featuring Jaheim & Trina,2026-07-04T17:42:39+00:00
/mnt/d/Music,music/Hip-Hop_Rap/Trick Daddy featuring Jaheim & Trina/Back By Thug Demand,/mnt/d/Music/music/Hip-Hop_Rap/Trick Daddy featuring Jaheim & Trina/Back By Thug Demand,/mnt/d/Music/music/Hip-Hop_Rap/Trick Daddy featuring Jaheim & Trina,Back By Thug Demand,2026-07-04T17:42:39+00:00
/mnt/d/Music,music/Hip-Hop_Rap/Trick Daddy featuring The Dunk Ryders & Skky,/mnt/d/Music/music/Hip-Hop_Rap/Trick Daddy featuring The Dunk Ryders & Skky,/mnt/d/Music/music/Hip-Hop_Rap,Trick Daddy featuring The Dunk Ryders & Skky,2026-07-04T17:42:39+00:00
/mnt/d/Music,music/Hip-Hop_Rap/Trick Daddy featuring The Dunk Ryders & Skky/Back By Thug Demand,/mnt/d/Music/music/Hip-Hop_Rap/Trick Daddy featuring The Dunk Ryders & Skky/Back By Thug Demand,/mnt/d/Music/music/Hip-Hop_Rap/Trick Daddy featuring The Dunk Ryders & Skky,Back By Thug Demand,2026-07-04T17:42:39+00:00
/mnt/d/Music,music/Hip-Hop_Rap/Trick Daddy featuring Trey Songz & 8Ball,/mnt/d/Music/music/Hip-Hop_Rap/Trick Daddy featuring Trey Songz & 8Ball,/mnt/d/Music/music/Hip-Hop_Rap,Trick Daddy featuring Trey Songz & 8Ball,2026-07-04T17:42:39+00:00
/mnt/d/Music,music/Hip-Hop_Rap/Trick Daddy featuring Trey Songz & 8Ball/Back By Thug Demand,/mnt/d/Music/music/Hip-Hop_Rap/Trick Daddy featuring Trey Songz & 8Ball/Back By Thug Demand,/mnt/d/Music/music/Hip-Hop_Rap/Trick Daddy featuring Trey Songz & 8Ball,Back By Thug Demand,2026-07-04T17:42:39+00:00
/mnt/d/Music,music/Hip-Hop_Rap/Trick Daddy featuring Webbie & International Jones,/mnt/d/Music/music/Hip-Hop_Rap/Trick Daddy featuring Webbie & International Jones,/mnt/d/Music/music/Hip-Hop_Rap,Trick Daddy featuring Webbie & International Jones,2026-07-04T17:42:39+00:00
/mnt/d/Music,music/Hip-Hop_Rap/Trick Daddy featuring Webbie & International Jones/Back By Thug Demand,/mnt/d/Music/music/Hip-Hop_Rap/Trick Daddy featuring Webbie & International Jones/Back By Thug Demand,/mnt/d/Music/music/Hip-Hop_Rap/Trick Daddy featuring Webbie & International Jones,Back By Thug Demand,2026-07-04T17:42:39+00:00
/mnt/d/Music,music/Hip-Hop_Rap/Trick Daddy featuring Young Buck,/mnt/d/Music/music/Hip-Hop_Rap/Trick Daddy featuring Young Buck,/mnt/d/Music/music/Hip-Hop_Rap,Trick Daddy featuring Young Buck,2026-07-04T17:42:39+00:00
/mnt/d/Music,music/Hip-Hop_Rap/Trick Daddy featuring Young Buck/Back By Thug Demand,/mnt/d/Music/music/Hip-Hop_Rap/Trick Daddy featuring Young Buck/Back By Thug Demand,/mnt/d/Music/music/Hip-Hop_Rap/Trick Daddy featuring Young Buck,Back By Thug Demand,2026-07-04T17:42:39+00:00
/mnt/d/Music,music/Hip-Hop_Rap/Trick Daddy featuring Young Steff,/mnt/d/Music/music/Hip-Hop_Rap/Trick Daddy featuring Young Steff,/mnt/d/Music/music/Hip-Hop_Rap,Trick Daddy featuring Young Steff,2026-07-04T17:42:39+00:00
/mnt/d/Music,music/Hip-Hop_Rap/Trick Daddy featuring Young Steff/Back By Thug Demand,/mnt/d/Music/music/Hip-Hop_Rap/Trick Daddy featuring Young Steff/Back By Thug Demand,/mnt/d/Music/music/Hip-Hop_Rap/Trick Daddy featuring Young Steff,Back By Thug Demand,2026-07-04T17:42:39+00:00
/mnt/d/Music,music/Hip-Hop_Rap/Trick Daddy/Back By Thug Demand,/mnt/d/Music/music/Hip-Hop_Rap/Trick Daddy/Back By Thug Demand,/mnt/d/Music/music/Hip-Hop_Rap/Trick Daddy,Back By Thug Demand,2026-07-04T17:42:38+00:00
/mnt/d/Music,music/Hip-Hop_Rap/Trick Daddy/Thug Matrimony - Married to the Streets,/mnt/d/Music/music/Hip-Hop_Rap/Trick Daddy/Thug Matrimony - Married to the Streets,/mnt/d/Music/music/Hip-Hop_Rap/Trick Daddy,Thug Matrimony - Married to the Streets,2026-07-04T17:42:38+00:00
/mnt/d/Music,music/Hip-Hop_Rap/Triple 6 Mafia Presents DJ Paul,/mnt/d/Music/music/Hip-Hop_Rap/Triple 6 Mafia Presents DJ Paul,/mnt/d/Music/music/Hip-Hop_Rap,Triple 6 Mafia Presents DJ Paul,2026-07-04T17:42:39+00:00
/mnt/d/Music,"music/Hip-Hop_Rap/Triple 6 Mafia Presents DJ Paul/Underground, Vol. 16 - For Da Summa","/mnt/d/Music/music/Hip-Hop_Rap/Triple 6 Mafia Presents DJ Paul/Underground, Vol. 16 - For Da Summa",/mnt/d/Music/music/Hip-Hop_Rap/Triple 6 Mafia Presents DJ Paul,"Underground, Vol. 16 - For Da Summa",2026-07-04T17:42:40+00:00
/mnt/d/Music,music/Hip-Hop_Rap/Twista,/mnt/d/Music/music/Hip-Hop_Rap/Twista,/mnt/d/Music/music/Hip-Hop_Rap,Twista,2026-07-04T17:42:40+00:00
/mnt/d/Music,music/Hip-Hop_Rap/Twista/Girl Tonite - Single,/mnt/d/Music/music/Hip-Hop_Rap/Twista/Girl Tonite - Single,/mnt/d/Music/music/Hip-Hop_Rap/Twista,Girl Tonite - Single,2026-07-04T17:42:40+00:00
/mnt/d/Music,music/Hip-Hop_Rap/Twista/Kamikaze,/mnt/d/Music/music/Hip-Hop_Rap/Twista/Kamikaze,/mnt/d/Music/music/Hip-Hop_Rap/Twista,Kamikaze,2026-07-04T17:42:40+00:00
/mnt/d/Music,music/Hip-Hop_Rap/Unk,/mnt/d/Music/music/Hip-Hop_Rap/Unk,/mnt/d/Music/music/Hip-Hop_Rap,Unk,2026-07-04T17:42:40+00:00
/mnt/d/Music,music/Hip-Hop_Rap/Unk/Walk It Out - EP,/mnt/d/Music/music/Hip-Hop_Rap/Unk/Walk It Out - EP,/mnt/d/Music/music/Hip-Hop_Rap/Unk,Walk It Out - EP,2026-07-04T17:42:40+00:00
/mnt/d/Music,music/Hip-Hop_Rap/Vanilla Ice,/mnt/d/Music/music/Hip-Hop_Rap/Vanilla Ice,/mnt/d/Music/music/Hip-Hop_Rap,Vanilla Ice,2026-07-04T17:42:40+00:00
/mnt/d/Music,music/Hip-Hop_Rap/Vanilla Ice/To the Extreme,/mnt/d/Music/music/Hip-Hop_Rap/Vanilla Ice/To the Extreme,/mnt/d/Music/music/Hip-Hop_Rap/Vanilla Ice,To the Extreme,2026-07-04T17:42:40+00:00
/mnt/d/Music,music/Hip-Hop_Rap/Will Smith,/mnt/d/Music/music/Hip-Hop_Rap/Will Smith,/mnt/d/Music/music/Hip-Hop_Rap,Will Smith,2026-07-04T17:42:40+00:00
/mnt/d/Music,music/Hip-Hop_Rap/Will Smith/Switch - Single,/mnt/d/Music/music/Hip-Hop_Rap/Will Smith/Switch - Single,/mnt/d/Music/music/Hip-Hop_Rap/Will Smith,Switch - Single,2026-07-04T17:42:40+00:00
/mnt/d/Music,music/Hip-Hop_Rap/Wu-Tang Clan,/mnt/d/Music/music/Hip-Hop_Rap/Wu-Tang Clan,/mnt/d/Music/music/Hip-Hop_Rap,Wu-Tang Clan,2026-07-04T17:42:40+00:00
/mnt/d/Music,music/Hip-Hop_Rap/Wu-Tang Clan & Cappadonna,/mnt/d/Music/music/Hip-Hop_Rap/Wu-Tang Clan & Cappadonna,/mnt/d/Music/music/Hip-Hop_Rap,Wu-Tang Clan & Cappadonna,2026-07-04T17:42:42+00:00
/mnt/d/Music,music/Hip-Hop_Rap/Wu-Tang Clan & Cappadonna/Legend of the Wu-Tang - Wu-Tang Clan's Greatest Hits,/mnt/d/Music/music/Hip-Hop_Rap/Wu-Tang Clan & Cappadonna/Legend of the Wu-Tang - Wu-Tang Clan's Greatest Hits,/mnt/d/Music/music/Hip-Hop_Rap/Wu-Tang Clan & Cappadonna,Legend of the Wu-Tang - Wu-Tang Clan's Greatest Hits,2026-07-04T17:42:42+00:00
/mnt/d/Music,music/Hip-Hop_Rap/Wu-Tang Clan/Legend of the Wu-Tang - Wu-Tang Clan's Greatest Hits,/mnt/d/Music/music/Hip-Hop_Rap/Wu-Tang Clan/Legend of the Wu-Tang - Wu-Tang Clan's Greatest Hits,/mnt/d/Music/music/Hip-Hop_Rap/Wu-Tang Clan,Legend of the Wu-Tang - Wu-Tang Clan's Greatest Hits,2026-07-04T17:42:42+00:00
/mnt/d/Music,music/Hip-Hop_Rap/Young Capone,/mnt/d/Music/music/Hip-Hop_Rap/Young Capone,/mnt/d/Music/music/Hip-Hop_Rap,Young Capone,2026-07-04T17:42:42+00:00
/mnt/d/Music,music/Hip-Hop_Rap/Young Capone/I'm Hot - Single,/mnt/d/Music/music/Hip-Hop_Rap/Young Capone/I'm Hot - Single,/mnt/d/Music/music/Hip-Hop_Rap/Young Capone,I'm Hot - Single,2026-07-04T17:42:42+00:00
/mnt/d/Music,music/Hip-Hop_Rap/Young Dro featuring T.I,/mnt/d/Music/music/Hip-Hop_Rap/Young Dro featuring T.I,/mnt/d/Music/music/Hip-Hop_Rap,Young Dro featuring T.I,2026-07-04T17:42:42+00:00
/mnt/d/Music,music/Hip-Hop_Rap/Young Dro featuring T.I/Shoulder Lean - Single,/mnt/d/Music/music/Hip-Hop_Rap/Young Dro featuring T.I/Shoulder Lean - Single,/mnt/d/Music/music/Hip-Hop_Rap/Young Dro featuring T.I,Shoulder Lean - Single,2026-07-04T17:42:42+00:00
/mnt/d/Music,music/Hip-Hop_Rap/Young Jeezy & Akon,/mnt/d/Music/music/Hip-Hop_Rap/Young Jeezy & Akon,/mnt/d/Music/music/Hip-Hop_Rap,Young Jeezy & Akon,2026-07-04T17:42:42+00:00
/mnt/d/Music,music/Hip-Hop_Rap/Young Jeezy & Akon/Let's Get It_ Thug Motivation 101,/mnt/d/Music/music/Hip-Hop_Rap/Young Jeezy & Akon/Let's Get It_ Thug Motivation 101,/mnt/d/Music/music/Hip-Hop_Rap/Young Jeezy & Akon,Let's Get It_ Thug Motivation 101,2026-07-04T17:42:42+00:00
/mnt/d/Music,music/Hip-Hop_Rap/Young Jeezy & Mannie Fresh,/mnt/d/Music/music/Hip-Hop_Rap/Young Jeezy & Mannie Fresh,/mnt/d/Music/music/Hip-Hop_Rap,Young Jeezy & Mannie Fresh,2026-07-04T17:42:42+00:00
/mnt/d/Music,music/Hip-Hop_Rap/Young Jeezy & Mannie Fresh/Let's Get It_ Thug Motivation 101,/mnt/d/Music/music/Hip-Hop_Rap/Young Jeezy & Mannie Fresh/Let's Get It_ Thug Motivation 101,/mnt/d/Music/music/Hip-Hop_Rap/Young Jeezy & Mannie Fresh,Let's Get It_ Thug Motivation 101,2026-07-04T17:42:42+00:00
/mnt/d/Music,music/Hip-Hop_Rap/Yung Joc,/mnt/d/Music/music/Hip-Hop_Rap/Yung Joc,/mnt/d/Music/music/Hip-Hop_Rap,Yung Joc,2026-07-04T17:42:42+00:00
/mnt/d/Music,"music/Hip-Hop_Rap/Yung Joc featuring Nicholas _Play Boy Nick_ Smith, Corey _Black Owned C Bone_ Andrews & Chino Dolla","/mnt/d/Music/music/Hip-Hop_Rap/Yung Joc featuring Nicholas _Play Boy Nick_ Smith, Corey _Black Owned C Bone_ Andrews & Chino Dolla",/mnt/d/Music/music/Hip-Hop_Rap,"Yung Joc featuring Nicholas _Play Boy Nick_ Smith, Corey _Black Owned C Bone_ Andrews & Chino Dolla",2026-07-04T17:42:43+00:00
/mnt/d/Music,"music/Hip-Hop_Rap/Yung Joc featuring Nicholas _Play Boy Nick_ Smith, Corey _Black Owned C Bone_ Andrews & Chino Dolla/New Joc City","/mnt/d/Music/music/Hip-Hop_Rap/Yung Joc featuring Nicholas _Play Boy Nick_ Smith, Corey _Black Owned C Bone_ Andrews & Chino Dolla/New Joc City","/mnt/d/Music/music/Hip-Hop_Rap/Yung Joc featuring Nicholas _Play Boy Nick_ Smith, Corey _Black Owned C Bone_ Andrews & Chino Dolla",New Joc City,2026-07-04T17:42:43+00:00
/mnt/d/Music,music/Hip-Hop_Rap/Yung Joc featuring Nitti,/mnt/d/Music/music/Hip-Hop_Rap/Yung Joc featuring Nitti,/mnt/d/Music/music/Hip-Hop_Rap,Yung Joc featuring Nitti,2026-07-04T17:42:43+00:00
/mnt/d/Music,music/Hip-Hop_Rap/Yung Joc featuring Nitti/It's Goin' Down - Single,/mnt/d/Music/music/Hip-Hop_Rap/Yung Joc featuring Nitti/It's Goin' Down - Single,/mnt/d/Music/music/Hip-Hop_Rap/Yung Joc featuring Nitti,It's Goin' Down - Single,2026-07-04T17:42:43+00:00
/mnt/d/Music,music/Hip-Hop_Rap/Yung Joc featuring Nitti/New Joc City,/mnt/d/Music/music/Hip-Hop_Rap/Yung Joc featuring Nitti/New Joc City,/mnt/d/Music/music/Hip-Hop_Rap/Yung Joc featuring Nitti,New Joc City,2026-07-04T17:42:43+00:00
/mnt/d/Music,music/Hip-Hop_Rap/Yung Joc/New Joc City,/mnt/d/Music/music/Hip-Hop_Rap/Yung Joc/New Joc City,/mnt/d/Music/music/Hip-Hop_Rap/Yung Joc,New Joc City,2026-07-04T17:42:42+00:00
/mnt/d/Music,music/Hoobastank,/mnt/d/Music/music/Hoobastank,/mnt/d/Music/music,Hoobastank,2026-07-04T17:37:02+00:00
/mnt/d/Music,music/Hoobastank/No album info,/mnt/d/Music/music/Hoobastank/No album info,/mnt/d/Music/music/Hoobastank,No album info,2026-07-04T17:37:02+00:00
/mnt/d/Music,music/Hootie & The Blowfish,/mnt/d/Music/music/Hootie & The Blowfish,/mnt/d/Music/music,Hootie & The Blowfish,2026-07-04T17:37:03+00:00
/mnt/d/Music,music/Hootie & The Blowfish/No album info,/mnt/d/Music/music/Hootie & The Blowfish/No album info,/mnt/d/Music/music/Hootie & The Blowfish,No album info,2026-07-04T17:37:03+00:00
/mnt/d/Music,music/Horrorcore,/mnt/d/Music/music/Horrorcore,/mnt/d/Music/music,Horrorcore,2026-07-04T17:42:43+00:00
/mnt/d/Music,music/Horrorcore/Blaze Ya Dead Homies,/mnt/d/Music/music/Horrorcore/Blaze Ya Dead Homies,/mnt/d/Music/music/Horrorcore,Blaze Ya Dead Homies,2026-07-04T17:42:43+00:00
/mnt/d/Music,music/Horrorcore/Blaze Ya Dead Homies/1 Less G In Da Hood,/mnt/d/Music/music/Horrorcore/Blaze Ya Dead Homies/1 Less G In Da Hood,/mnt/d/Music/music/Horrorcore/Blaze Ya Dead Homies,1 Less G In Da Hood,2026-07-04T17:42:43+00:00
/mnt/d/Music,music/In Flames,/mnt/d/Music/music/In Flames,/mnt/d/Music/music,In Flames,2026-07-04T17:32:57+00:00
/mnt/d/Music,music/In Flames/A Sense Of Purpose,/mnt/d/Music/music/In Flames/A Sense Of Purpose,/mnt/d/Music/music/In Flames,A Sense Of Purpose,2026-07-04T17:32:57+00:00
/mnt/d/Music,music/In Flames/COME CLARITY,/mnt/d/Music/music/In Flames/COME CLARITY,/mnt/d/Music/music/In Flames,COME CLARITY,2026-07-04T17:32:44+00:00
/mnt/d/Music,music/In Flames/Clayman,/mnt/d/Music/music/In Flames/Clayman,/mnt/d/Music/music/In Flames,Clayman,2026-07-04T17:32:50+00:00
/mnt/d/Music,music/In Flames/Colony,/mnt/d/Music/music/In Flames/Colony,/mnt/d/Music/music/In Flames,Colony,2026-07-04T17:32:47+00:00
/mnt/d/Music,music/In Flames/Colony - Reloaded,/mnt/d/Music/music/In Flames/Colony - Reloaded,/mnt/d/Music/music/In Flames,Colony - Reloaded,2026-07-04T17:33:02+00:00
/mnt/d/Music,music/In Flames/Lunar Strain,/mnt/d/Music/music/In Flames/Lunar Strain,/mnt/d/Music/music/In Flames,Lunar Strain,2026-07-04T17:32:52+00:00
/mnt/d/Music,music/In Flames/Reroute To Remain,/mnt/d/Music/music/In Flames/Reroute To Remain,/mnt/d/Music/music/In Flames,Reroute To Remain,2026-07-04T17:32:40+00:00
/mnt/d/Music,music/In Flames/Soundtrack To Your Escape,/mnt/d/Music/music/In Flames/Soundtrack To Your Escape,/mnt/d/Music/music/In Flames,Soundtrack To Your Escape,2026-07-04T17:32:53+00:00
/mnt/d/Music,music/In Flames/The Jester Race,/mnt/d/Music/music/In Flames/The Jester Race,/mnt/d/Music/music/In Flames,The Jester Race,2026-07-04T17:32:54+00:00
/mnt/d/Music,music/In Flames/The Jester Race-Black-Ash Inheritance [Bonus Tracks],/mnt/d/Music/music/In Flames/The Jester Race-Black-Ash Inheritance [Bonus Tracks],/mnt/d/Music/music/In Flames,The Jester Race-Black-Ash Inheritance [Bonus Tracks],2026-07-04T17:32:36+00:00
/mnt/d/Music,music/In Flames/The Tokyo Showdown - Live In Japan 2000-,/mnt/d/Music/music/In Flames/The Tokyo Showdown - Live In Japan 2000-,/mnt/d/Music/music/In Flames,The Tokyo Showdown - Live In Japan 2000-,2026-07-04T17:32:56+00:00
/mnt/d/Music,music/In Flames/Whoracle,/mnt/d/Music/music/In Flames/Whoracle,/mnt/d/Music/music/In Flames,Whoracle,2026-07-04T17:32:34+00:00
/mnt/d/Music,music/Incubus,/mnt/d/Music/music/Incubus,/mnt/d/Music/music,Incubus,2026-07-04T17:37:05+00:00
/mnt/d/Music,music/Incubus/Light Grenades,/mnt/d/Music/music/Incubus/Light Grenades,/mnt/d/Music/music/Incubus,Light Grenades,2026-07-04T17:37:05+00:00
/mnt/d/Music,music/Incubus/Make Yourself,/mnt/d/Music/music/Incubus/Make Yourself,/mnt/d/Music/music/Incubus,Make Yourself,2026-07-04T17:37:05+00:00
/mnt/d/Music,music/Incubus/Morning View,/mnt/d/Music/music/Incubus/Morning View,/mnt/d/Music/music/Incubus,Morning View,2026-07-04T17:37:05+00:00
/mnt/d/Music,music/Instrumental,/mnt/d/Music/music/Instrumental,/mnt/d/Music/music,Instrumental,2026-07-04T17:37:07+00:00
/mnt/d/Music,music/Instrumental/Eric Johnson,/mnt/d/Music/music/Instrumental/Eric Johnson,/mnt/d/Music/music/Instrumental,Eric Johnson,2026-07-04T17:37:05+00:00
/mnt/d/Music,music/Instrumental/Eric Johnson/No album info,/mnt/d/Music/music/Instrumental/Eric Johnson/No album info,/mnt/d/Music/music/Instrumental/Eric Johnson,No album info,2026-07-04T17:37:05+00:00
/mnt/d/Music,music/Instrumental/Joe Satriani,/mnt/d/Music/music/Instrumental/Joe Satriani,/mnt/d/Music/music/Instrumental,Joe Satriani,2026-07-04T17:37:06+00:00
/mnt/d/Music,music/Instrumental/Joe Satriani/Surfing With The Alien,/mnt/d/Music/music/Instrumental/Joe Satriani/Surfing With The Alien,/mnt/d/Music/music/Instrumental/Joe Satriani,Surfing With The Alien,2026-07-04T17:37:05+00:00
/mnt/d/Music,music/Instrumental/Joe Satriani/The Extremist,/mnt/d/Music/music/Instrumental/Joe Satriani/The Extremist,/mnt/d/Music/music/Instrumental/Joe Satriani,The Extremist,2026-07-04T17:37:07+00:00
/mnt/d/Music,music/Instrumental/Samuel Barber,/mnt/d/Music/music/Instrumental/Samuel Barber,/mnt/d/Music/music/Instrumental,Samuel Barber,2026-07-04T17:37:07+00:00
/mnt/d/Music,music/Instrumental/Samuel Barber/Platoon,/mnt/d/Music/music/Instrumental/Samuel Barber/Platoon,/mnt/d/Music/music/Instrumental/Samuel Barber,Platoon,2026-07-04T17:37:07+00:00
/mnt/d/Music,music/Instrumental/Steve Vai,/mnt/d/Music/music/Instrumental/Steve Vai,/mnt/d/Music/music/Instrumental,Steve Vai,2026-07-04T17:37:07+00:00
/mnt/d/Music,music/Instrumental/Steve Vai/Passion & Warfare,/mnt/d/Music/music/Instrumental/Steve Vai/Passion & Warfare,/mnt/d/Music/music/Instrumental/Steve Vai,Passion & Warfare,2026-07-04T17:37:08+00:00
/mnt/d/Music,music/Iron Maiden,/mnt/d/Music/music/Iron Maiden,/mnt/d/Music/music,Iron Maiden,2026-07-04T17:43:57+00:00
/mnt/d/Music,music/Iron Maiden/Edward The Great_ Greatest Hits,/mnt/d/Music/music/Iron Maiden/Edward The Great_ Greatest Hits,/mnt/d/Music/music/Iron Maiden,Edward The Great_ Greatest Hits,2026-07-04T17:43:57+00:00
/mnt/d/Music,music/Iron Maiden/The Essential Iron Maiden,/mnt/d/Music/music/Iron Maiden/The Essential Iron Maiden,/mnt/d/Music/music/Iron Maiden,The Essential Iron Maiden,2026-07-04T17:43:57+00:00
/mnt/d/Music,music/Israel Kamakawiwo`ole,/mnt/d/Music/music/Israel Kamakawiwo`ole,/mnt/d/Music/music,Israel Kamakawiwo`ole,2026-07-04T17:37:08+00:00
/mnt/d/Music,music/Israel Kamakawiwo`ole/No album info,/mnt/d/Music/music/Israel Kamakawiwo`ole/No album info,/mnt/d/Music/music/Israel Kamakawiwo`ole,No album info,2026-07-04T17:37:08+00:00
/mnt/d/Music,music/Janes Addiction,/mnt/d/Music/music/Janes Addiction,/mnt/d/Music/music,Janes Addiction,2026-07-04T17:37:09+00:00
/mnt/d/Music,music/Janes Addiction/No album info,/mnt/d/Music/music/Janes Addiction/No album info,/mnt/d/Music/music/Janes Addiction,No album info,2026-07-04T17:37:09+00:00
/mnt/d/Music,music/Jazz,/mnt/d/Music/music/Jazz,/mnt/d/Music/music,Jazz,2026-07-04T17:42:48+00:00
/mnt/d/Music,music/Jazz/Ray Charles,/mnt/d/Music/music/Jazz/Ray Charles,/mnt/d/Music/music/Jazz,Ray Charles,2026-07-04T17:42:45+00:00
/mnt/d/Music,music/Jazz/Ray Charles & B.B. King,/mnt/d/Music/music/Jazz/Ray Charles & B.B. King,/mnt/d/Music/music/Jazz,Ray Charles & B.B. King,2026-07-04T17:42:46+00:00
/mnt/d/Music,music/Jazz/Ray Charles & B.B. King/Genius Loves Company,/mnt/d/Music/music/Jazz/Ray Charles & B.B. King/Genius Loves Company,/mnt/d/Music/music/Jazz/Ray Charles & B.B. King,Genius Loves Company,2026-07-04T17:42:46+00:00
/mnt/d/Music,music/Jazz/Ray Charles & Bonnie Raitt,/mnt/d/Music/music/Jazz/Ray Charles & Bonnie Raitt,/mnt/d/Music/music/Jazz,Ray Charles & Bonnie Raitt,2026-07-04T17:42:47+00:00
/mnt/d/Music,music/Jazz/Ray Charles & Bonnie Raitt/Genius Loves Company,/mnt/d/Music/music/Jazz/Ray Charles & Bonnie Raitt/Genius Loves Company,/mnt/d/Music/music/Jazz/Ray Charles & Bonnie Raitt,Genius Loves Company,2026-07-04T17:42:47+00:00
/mnt/d/Music,music/Jazz/Ray Charles & Diana Krall,/mnt/d/Music/music/Jazz/Ray Charles & Diana Krall,/mnt/d/Music/music/Jazz,Ray Charles & Diana Krall,2026-07-04T17:42:47+00:00
/mnt/d/Music,music/Jazz/Ray Charles & Diana Krall/Genius Loves Company,/mnt/d/Music/music/Jazz/Ray Charles & Diana Krall/Genius Loves Company,/mnt/d/Music/music/Jazz/Ray Charles & Diana Krall,Genius Loves Company,2026-07-04T17:42:47+00:00
/mnt/d/Music,music/Jazz/Ray Charles & Elton John,/mnt/d/Music/music/Jazz/Ray Charles & Elton John,/mnt/d/Music/music/Jazz,Ray Charles & Elton John,2026-07-04T17:42:47+00:00
/mnt/d/Music,music/Jazz/Ray Charles & Elton John/Genius Loves Company,/mnt/d/Music/music/Jazz/Ray Charles & Elton John/Genius Loves Company,/mnt/d/Music/music/Jazz/Ray Charles & Elton John,Genius Loves Company,2026-07-04T17:42:47+00:00
/mnt/d/Music,music/Jazz/Ray Charles & Gladys Knight,/mnt/d/Music/music/Jazz/Ray Charles & Gladys Knight,/mnt/d/Music/music/Jazz,Ray Charles & Gladys Knight,2026-07-04T17:42:47+00:00
/mnt/d/Music,music/Jazz/Ray Charles & Gladys Knight/Genius Loves Company,/mnt/d/Music/music/Jazz/Ray Charles & Gladys Knight/Genius Loves Company,/mnt/d/Music/music/Jazz/Ray Charles & Gladys Knight,Genius Loves Company,2026-07-04T17:42:47+00:00
/mnt/d/Music,music/Jazz/Ray Charles & Johnny Mathis,/mnt/d/Music/music/Jazz/Ray Charles & Johnny Mathis,/mnt/d/Music/music/Jazz,Ray Charles & Johnny Mathis,2026-07-04T17:42:47+00:00
/mnt/d/Music,music/Jazz/Ray Charles & Johnny Mathis/Genius Loves Company,/mnt/d/Music/music/Jazz/Ray Charles & Johnny Mathis/Genius Loves Company,/mnt/d/Music/music/Jazz/Ray Charles & Johnny Mathis,Genius Loves Company,2026-07-04T17:42:47+00:00
/mnt/d/Music,music/Jazz/Ray Charles & Michael Mc Donald,/mnt/d/Music/music/Jazz/Ray Charles & Michael Mc Donald,/mnt/d/Music/music/Jazz,Ray Charles & Michael Mc Donald,2026-07-04T17:42:47+00:00
/mnt/d/Music,music/Jazz/Ray Charles & Michael Mc Donald/Genius Loves Company,/mnt/d/Music/music/Jazz/Ray Charles & Michael Mc Donald/Genius Loves Company,/mnt/d/Music/music/Jazz/Ray Charles & Michael Mc Donald,Genius Loves Company,2026-07-04T17:42:47+00:00
/mnt/d/Music,music/Jazz/Ray Charles & Natalie Cole,/mnt/d/Music/music/Jazz/Ray Charles & Natalie Cole,/mnt/d/Music/music/Jazz,Ray Charles & Natalie Cole,2026-07-04T17:42:47+00:00
/mnt/d/Music,music/Jazz/Ray Charles & Natalie Cole/Genius Loves Company,/mnt/d/Music/music/Jazz/Ray Charles & Natalie Cole/Genius Loves Company,/mnt/d/Music/music/Jazz/Ray Charles & Natalie Cole,Genius Loves Company,2026-07-04T17:42:47+00:00
/mnt/d/Music,music/Jazz/Ray Charles & Norah Jones,/mnt/d/Music/music/Jazz/Ray Charles & Norah Jones,/mnt/d/Music/music/Jazz,Ray Charles & Norah Jones,2026-07-04T17:42:47+00:00
/mnt/d/Music,music/Jazz/Ray Charles & Norah Jones/Genius Loves Company,/mnt/d/Music/music/Jazz/Ray Charles & Norah Jones/Genius Loves Company,/mnt/d/Music/music/Jazz/Ray Charles & Norah Jones,Genius Loves Company,2026-07-04T17:42:47+00:00
/mnt/d/Music,music/Jazz/Ray Charles & Willie Nelson,/mnt/d/Music/music/Jazz/Ray Charles & Willie Nelson,/mnt/d/Music/music/Jazz,Ray Charles & Willie Nelson,2026-07-04T17:42:48+00:00
/mnt/d/Music,music/Jazz/Ray Charles & Willie Nelson/Genius Loves Company,/mnt/d/Music/music/Jazz/Ray Charles & Willie Nelson/Genius Loves Company,/mnt/d/Music/music/Jazz/Ray Charles & Willie Nelson,Genius Loves Company,2026-07-04T17:42:48+00:00
/mnt/d/Music,music/Jazz/Ray Charles& Van Morrison,/mnt/d/Music/music/Jazz/Ray Charles& Van Morrison,/mnt/d/Music/music/Jazz,Ray Charles& Van Morrison,2026-07-04T17:42:48+00:00
/mnt/d/Music,music/Jazz/Ray Charles& Van Morrison/Genius Loves Company,/mnt/d/Music/music/Jazz/Ray Charles& Van Morrison/Genius Loves Company,/mnt/d/Music/music/Jazz/Ray Charles& Van Morrison,Genius Loves Company,2026-07-04T17:42:48+00:00
/mnt/d/Music,"music/Jazz/Ray Charles, James Taylor","/mnt/d/Music/music/Jazz/Ray Charles, James Taylor",/mnt/d/Music/music/Jazz,"Ray Charles, James Taylor",2026-07-04T17:42:48+00:00
/mnt/d/Music,"music/Jazz/Ray Charles, James Taylor/Genius Loves Company","/mnt/d/Music/music/Jazz/Ray Charles, James Taylor/Genius Loves Company","/mnt/d/Music/music/Jazz/Ray Charles, James Taylor",Genius Loves Company,2026-07-04T17:42:48+00:00
/mnt/d/Music,music/Jazz/Ray Charles/More Music From 'Ray',/mnt/d/Music/music/Jazz/Ray Charles/More Music From 'Ray',/mnt/d/Music/music/Jazz/Ray Charles,More Music From 'Ray',2026-07-04T17:42:45+00:00
/mnt/d/Music,music/Jazz/Ray Charles/No album info,/mnt/d/Music/music/Jazz/Ray Charles/No album info,/mnt/d/Music/music/Jazz/Ray Charles,No album info,2026-07-04T17:42:45+00:00
/mnt/d/Music,music/Jazz/Ray Charles/Ray!,/mnt/d/Music/music/Jazz/Ray Charles/Ray!,/mnt/d/Music/music/Jazz/Ray Charles,Ray!,2026-07-04T17:42:46+00:00
/mnt/d/Music,music/Jeff Beck & Eric Clapton,/mnt/d/Music/music/Jeff Beck & Eric Clapton,/mnt/d/Music/music,Jeff Beck & Eric Clapton,2026-07-04T17:37:09+00:00
/mnt/d/Music,music/Jeff Beck & Eric Clapton/Live,/mnt/d/Music/music/Jeff Beck & Eric Clapton/Live,/mnt/d/Music/music/Jeff Beck & Eric Clapton,Live,2026-07-04T17:37:09+00:00
/mnt/d/Music,music/Jethro Tull,/mnt/d/Music/music/Jethro Tull,/mnt/d/Music/music,Jethro Tull,2026-07-04T17:37:09+00:00
/mnt/d/Music,music/Jethro Tull/Aqualung,/mnt/d/Music/music/Jethro Tull/Aqualung,/mnt/d/Music/music/Jethro Tull,Aqualung,2026-07-04T17:37:09+00:00
/mnt/d/Music,music/Jimi Hendrix,/mnt/d/Music/music/Jimi Hendrix,/mnt/d/Music/music,Jimi Hendrix,2026-07-04T17:33:07+00:00
/mnt/d/Music,music/Jimi Hendrix/Are You Experienced-,/mnt/d/Music/music/Jimi Hendrix/Are You Experienced-,/mnt/d/Music/music/Jimi Hendrix,Are You Experienced-,2026-07-04T17:33:05+00:00
/mnt/d/Music,music/Jimi Hendrix/First Rays Of The New Rising Sun,/mnt/d/Music/music/Jimi Hendrix/First Rays Of The New Rising Sun,/mnt/d/Music/music/Jimi Hendrix,First Rays Of The New Rising Sun,2026-07-04T17:33:09+00:00
/mnt/d/Music,music/Jimi Hendrix/No album info,/mnt/d/Music/music/Jimi Hendrix/No album info,/mnt/d/Music/music/Jimi Hendrix,No album info,2026-07-04T17:33:06+00:00
/mnt/d/Music,music/Jimi Hendrix/Voodoo Child (Disc 1),/mnt/d/Music/music/Jimi Hendrix/Voodoo Child (Disc 1),/mnt/d/Music/music/Jimi Hendrix,Voodoo Child (Disc 1),2026-07-04T17:33:07+00:00
/mnt/d/Music,music/Jimmy Buffett,/mnt/d/Music/music/Jimmy Buffett,/mnt/d/Music/music,Jimmy Buffett,2026-07-04T17:37:09+00:00
/mnt/d/Music,music/Jimmy Buffett/No album info,/mnt/d/Music/music/Jimmy Buffett/No album info,/mnt/d/Music/music/Jimmy Buffett,No album info,2026-07-04T17:37:09+00:00
/mnt/d/Music,music/Jimmy Eat World,/mnt/d/Music/music/Jimmy Eat World,/mnt/d/Music/music,Jimmy Eat World,2026-07-04T17:37:09+00:00
/mnt/d/Music,music/Jimmy Eat World/Jimmy Eat World,/mnt/d/Music/music/Jimmy Eat World/Jimmy Eat World,/mnt/d/Music/music/Jimmy Eat World,Jimmy Eat World,2026-07-04T17:37:09+00:00
/mnt/d/Music,music/Joan Jett & The Blackhearts,/mnt/d/Music/music/Joan Jett & The Blackhearts,/mnt/d/Music/music,Joan Jett & The Blackhearts,2026-07-04T17:37:09+00:00
/mnt/d/Music,music/Joan Jett & The Blackhearts/Wayne's World 2,/mnt/d/Music/music/Joan Jett & The Blackhearts/Wayne's World 2,/mnt/d/Music/music/Joan Jett & The Blackhearts,Wayne's World 2,2026-07-04T17:37:09+00:00
/mnt/d/Music,music/Joe Satriani,/mnt/d/Music/music/Joe Satriani,/mnt/d/Music/music,Joe Satriani,2026-07-04T17:44:36+00:00
/mnt/d/Music,music/Joe Satriani/Not Of This Earth,/mnt/d/Music/music/Joe Satriani/Not Of This Earth,/mnt/d/Music/music/Joe Satriani,Not Of This Earth,2026-07-04T17:44:37+00:00
/mnt/d/Music,music/Joe Walsh,/mnt/d/Music/music/Joe Walsh,/mnt/d/Music/music,Joe Walsh,2026-07-04T17:37:09+00:00
/mnt/d/Music,music/Joe Walsh/No album info,/mnt/d/Music/music/Joe Walsh/No album info,/mnt/d/Music/music/Joe Walsh,No album info,2026-07-04T17:37:09+00:00
/mnt/d/Music,music/John Cougar Mellencamp,/mnt/d/Music/music/John Cougar Mellencamp,/mnt/d/Music/music,John Cougar Mellencamp,2026-07-04T17:37:10+00:00
/mnt/d/Music,music/John Cougar Mellencamp/American Fool,/mnt/d/Music/music/John Cougar Mellencamp/American Fool,/mnt/d/Music/music/John Cougar Mellencamp,American Fool,2026-07-04T17:37:10+00:00
/mnt/d/Music,music/John Fogerty,/mnt/d/Music/music/John Fogerty,/mnt/d/Music/music,John Fogerty,2026-07-04T17:37:10+00:00
/mnt/d/Music,music/John Fogerty/Premonition (Live),/mnt/d/Music/music/John Fogerty/Premonition (Live),/mnt/d/Music/music/John Fogerty,Premonition (Live),2026-07-04T17:37:10+00:00
/mnt/d/Music,music/John Mayer,/mnt/d/Music/music/John Mayer,/mnt/d/Music/music,John Mayer,2026-07-04T17:37:10+00:00
/mnt/d/Music,music/John Mayer/Room for Squares [Sony],/mnt/d/Music/music/John Mayer/Room for Squares [Sony],/mnt/d/Music/music/John Mayer,Room for Squares [Sony],2026-07-04T17:37:10+00:00
/mnt/d/Music,music/Journey,/mnt/d/Music/music/Journey,/mnt/d/Music/music,Journey,2026-07-04T17:37:11+00:00
/mnt/d/Music,music/Journey/Departure,/mnt/d/Music/music/Journey/Departure,/mnt/d/Music/music/Journey,Departure,2026-07-04T17:37:10+00:00
/mnt/d/Music,music/Journey/Journey's Greatest Hits,/mnt/d/Music/music/Journey/Journey's Greatest Hits,/mnt/d/Music/music/Journey,Journey's Greatest Hits,2026-07-04T17:37:12+00:00
/mnt/d/Music,music/Judas Priest,/mnt/d/Music/music/Judas Priest,/mnt/d/Music/music,Judas Priest,2026-07-04T17:44:37+00:00
/mnt/d/Music,music/Judas Priest/The Best of Judas Priest_ Living After M,/mnt/d/Music/music/Judas Priest/The Best of Judas Priest_ Living After M,/mnt/d/Music/music/Judas Priest,The Best of Judas Priest_ Living After M,2026-07-04T17:44:37+00:00
/mnt/d/Music,music/Juggalo,/mnt/d/Music/music/Juggalo,/mnt/d/Music/music,Juggalo,2026-07-04T17:42:48+00:00
/mnt/d/Music,music/Juggalo/Blaze Ya Dead Homies,/mnt/d/Music/music/Juggalo/Blaze Ya Dead Homies,/mnt/d/Music/music/Juggalo,Blaze Ya Dead Homies,2026-07-04T17:42:48+00:00
/mnt/d/Music,music/Juggalo/Blaze Ya Dead Homies/Colton Grundy,/mnt/d/Music/music/Juggalo/Blaze Ya Dead Homies/Colton Grundy,/mnt/d/Music/music/Juggalo/Blaze Ya Dead Homies,Colton Grundy,2026-07-04T17:42:48+00:00
/mnt/d/Music,music/Kansas,/mnt/d/Music/music/Kansas,/mnt/d/Music/music,Kansas,2026-07-04T17:37:12+00:00
/mnt/d/Music,music/Kansas/No album info,/mnt/d/Music/music/Kansas/No album info,/mnt/d/Music/music/Kansas,No album info,2026-07-04T17:37:12+00:00
/mnt/d/Music,music/Kenny Wayne Shepherd,/mnt/d/Music/music/Kenny Wayne Shepherd,/mnt/d/Music/music,Kenny Wayne Shepherd,2026-07-04T17:37:12+00:00
/mnt/d/Music,music/Kenny Wayne Shepherd/Trouble Is,/mnt/d/Music/music/Kenny Wayne Shepherd/Trouble Is,/mnt/d/Music/music/Kenny Wayne Shepherd,Trouble Is,2026-07-04T17:37:13+00:00
/mnt/d/Music,music/Kid Rock,/mnt/d/Music/music/Kid Rock,/mnt/d/Music/music,Kid Rock,2026-07-04T17:37:13+00:00
/mnt/d/Music,music/Kid Rock and Sheryl Crow,/mnt/d/Music/music/Kid Rock and Sheryl Crow,/mnt/d/Music/music,Kid Rock and Sheryl Crow,2026-07-04T17:37:13+00:00
/mnt/d/Music,music/Kid Rock and Sheryl Crow/No album info,/mnt/d/Music/music/Kid Rock and Sheryl Crow/No album info,/mnt/d/Music/music/Kid Rock and Sheryl Crow,No album info,2026-07-04T17:37:13+00:00
/mnt/d/Music,music/Kid Rock/No album info,/mnt/d/Music/music/Kid Rock/No album info,/mnt/d/Music/music/Kid Rock,No album info,2026-07-04T17:37:13+00:00
/mnt/d/Music,music/Korn,/mnt/d/Music/music/Korn,/mnt/d/Music/music,Korn,2026-07-04T17:37:15+00:00
/mnt/d/Music,music/Korn/Greatest Hits Vol. 1,/mnt/d/Music/music/Korn/Greatest Hits Vol. 1,/mnt/d/Music/music/Korn,Greatest Hits Vol. 1,2026-07-04T17:37:15+00:00
/mnt/d/Music,music/Korn/Korn,/mnt/d/Music/music/Korn/Korn,/mnt/d/Music/music/Korn,Korn,2026-07-04T17:37:16+00:00
/mnt/d/Music,music/Lamb of God,/mnt/d/Music/music/Lamb of God,/mnt/d/Music/music,Lamb of God,2026-07-04T17:33:21+00:00
/mnt/d/Music,music/Lamb of God/Ashes Of The Wake,/mnt/d/Music/music/Lamb of God/Ashes Of The Wake,/mnt/d/Music/music/Lamb of God,Ashes Of The Wake,2026-07-04T17:33:21+00:00
/mnt/d/Music,music/Lamb of God/Sacrament,/mnt/d/Music/music/Lamb of God/Sacrament,/mnt/d/Music/music/Lamb of God,Sacrament,2026-07-04T17:33:19+00:00
/mnt/d/Music,music/Lamb of God/Wrath,/mnt/d/Music/music/Lamb of God/Wrath,/mnt/d/Music/music/Lamb of God,Wrath,2026-07-04T17:33:22+00:00
/mnt/d/Music,music/Led Zeppelin,/mnt/d/Music/music/Led Zeppelin,/mnt/d/Music/music,Led Zeppelin,2026-07-04T17:37:18+00:00
/mnt/d/Music,music/Led Zeppelin/IV,/mnt/d/Music/music/Led Zeppelin/IV,/mnt/d/Music/music/Led Zeppelin,IV,2026-07-04T17:37:16+00:00
/mnt/d/Music,music/Led Zeppelin/Led Zeppelin I,/mnt/d/Music/music/Led Zeppelin/Led Zeppelin I,/mnt/d/Music/music/Led Zeppelin,Led Zeppelin I,2026-07-04T17:37:17+00:00
/mnt/d/Music,music/Led Zeppelin/Led Zeppelin II,/mnt/d/Music/music/Led Zeppelin/Led Zeppelin II,/mnt/d/Music/music/Led Zeppelin,Led Zeppelin II,2026-07-04T17:37:18+00:00
/mnt/d/Music,music/Led Zeppelin/Led Zeppelin III,/mnt/d/Music/music/Led Zeppelin/Led Zeppelin III,/mnt/d/Music/music/Led Zeppelin,Led Zeppelin III,2026-07-04T17:37:18+00:00
/mnt/d/Music,music/Led Zeppelin/Physical Graffiti (Disc 1),/mnt/d/Music/music/Led Zeppelin/Physical Graffiti (Disc 1),/mnt/d/Music/music/Led Zeppelin,Physical Graffiti (Disc 1),2026-07-04T17:37:18+00:00
/mnt/d/Music,music/Lenny Kravitz,/mnt/d/Music/music/Lenny Kravitz,/mnt/d/Music/music,Lenny Kravitz,2026-07-04T17:37:18+00:00
/mnt/d/Music,music/Lenny Kravitz/No album info,/mnt/d/Music/music/Lenny Kravitz/No album info,/mnt/d/Music/music/Lenny Kravitz,No album info,2026-07-04T17:37:19+00:00
/mnt/d/Music,music/Lifehouse,/mnt/d/Music/music/Lifehouse,/mnt/d/Music/music,Lifehouse,2026-07-04T17:37:19+00:00
/mnt/d/Music,music/Lifehouse/No Name Face,/mnt/d/Music/music/Lifehouse/No Name Face,/mnt/d/Music/music/Lifehouse,No Name Face,2026-07-04T17:37:19+00:00
/mnt/d/Music,music/Lifehouse/No album info,/mnt/d/Music/music/Lifehouse/No album info,/mnt/d/Music/music/Lifehouse,No album info,2026-07-04T17:37:19+00:00
/mnt/d/Music,music/Limp Bizkit,/mnt/d/Music/music/Limp Bizkit,/mnt/d/Music/music,Limp Bizkit,2026-07-04T17:37:20+00:00
/mnt/d/Music,music/Limp Bizkit/Chocolate Starfish & Hot Dog Flavored Water,/mnt/d/Music/music/Limp Bizkit/Chocolate Starfish & Hot Dog Flavored Water,/mnt/d/Music/music/Limp Bizkit,Chocolate Starfish & Hot Dog Flavored Water,2026-07-04T17:37:19+00:00
/mnt/d/Music,music/Limp Bizkit/No album info,/mnt/d/Music/music/Limp Bizkit/No album info,/mnt/d/Music/music/Limp Bizkit,No album info,2026-07-04T17:37:20+00:00
/mnt/d/Music,music/Limp Bizkit/Three Dollar Bill Y'All,/mnt/d/Music/music/Limp Bizkit/Three Dollar Bill Y'All,/mnt/d/Music/music/Limp Bizkit,Three Dollar Bill Y'All,2026-07-04T17:37:20+00:00
/mnt/d/Music,music/Linkin Park,/mnt/d/Music/music/Linkin Park,/mnt/d/Music/music,Linkin Park,2026-07-04T17:37:20+00:00
/mnt/d/Music,music/Linkin Park/Hybrid Theory,/mnt/d/Music/music/Linkin Park/Hybrid Theory,/mnt/d/Music/music/Linkin Park,Hybrid Theory,2026-07-04T17:37:20+00:00
/mnt/d/Music,music/Lit,/mnt/d/Music/music/Lit,/mnt/d/Music/music,Lit,2026-07-04T17:37:20+00:00
/mnt/d/Music,music/Lit/A Place In The Sun,/mnt/d/Music/music/Lit/A Place In The Sun,/mnt/d/Music/music/Lit,A Place In The Sun,2026-07-04T17:37:20+00:00
/mnt/d/Music,music/Live,/mnt/d/Music/music/Live,/mnt/d/Music/music,Live,2026-07-04T17:37:20+00:00
/mnt/d/Music,music/Live/Throwing Copper,/mnt/d/Music/music/Live/Throwing Copper,/mnt/d/Music/music/Live,Throwing Copper,2026-07-04T17:37:21+00:00
/mnt/d/Music,music/Los Loney Boys,/mnt/d/Music/music/Los Loney Boys,/mnt/d/Music/music,Los Loney Boys,2026-07-04T17:37:21+00:00
/mnt/d/Music,music/Los Loney Boys/No album info,/mnt/d/Music/music/Los Loney Boys/No album info,/mnt/d/Music/music/Los Loney Boys,No album info,2026-07-04T17:37:21+00:00
/mnt/d/Music,music/Lynyrd Skynrd,/mnt/d/Music/music/Lynyrd Skynrd,/mnt/d/Music/music,Lynyrd Skynrd,2026-07-04T17:37:21+00:00
/mnt/d/Music,music/Lynyrd Skynrd/No album info,/mnt/d/Music/music/Lynyrd Skynrd/No album info,/mnt/d/Music/music/Lynyrd Skynrd,No album info,2026-07-04T17:37:21+00:00
/mnt/d/Music,music/Lynyrd Skynyrd,/mnt/d/Music/music/Lynyrd Skynyrd,/mnt/d/Music/music,Lynyrd Skynyrd,2026-07-04T17:37:21+00:00
/mnt/d/Music,music/Lynyrd Skynyrd/All-Time Greatest Hits,/mnt/d/Music/music/Lynyrd Skynyrd/All-Time Greatest Hits,/mnt/d/Music/music/Lynyrd Skynyrd,All-Time Greatest Hits,2026-07-04T17:37:21+00:00
/mnt/d/Music,music/Lynyrd Skynyrd/Gold and Platinum,/mnt/d/Music/music/Lynyrd Skynyrd/Gold and Platinum,/mnt/d/Music/music/Lynyrd Skynyrd,Gold and Platinum,2026-07-04T17:37:21+00:00
/mnt/d/Music,music/Lynyrd Skynyrd/Skynyrd's Innyrds,/mnt/d/Music/music/Lynyrd Skynyrd/Skynyrd's Innyrds,/mnt/d/Music/music/Lynyrd Skynyrd,Skynyrd's Innyrds,2026-07-04T17:37:21+00:00
/mnt/d/Music,music/Marcy Playground,/mnt/d/Music/music/Marcy Playground,/mnt/d/Music/music,Marcy Playground,2026-07-04T17:37:22+00:00
/mnt/d/Music,music/Marcy Playground/Marcy Playground,/mnt/d/Music/music/Marcy Playground/Marcy Playground,/mnt/d/Music/music/Marcy Playground,Marcy Playground,2026-07-04T17:37:22+00:00
/mnt/d/Music,music/Marilyn Manson,/mnt/d/Music/music/Marilyn Manson,/mnt/d/Music/music,Marilyn Manson,2026-07-04T17:44:42+00:00
/mnt/d/Music,"music/Marilyn Manson/Eat Me, Drink Me","/mnt/d/Music/music/Marilyn Manson/Eat Me, Drink Me",/mnt/d/Music/music/Marilyn Manson,"Eat Me, Drink Me",2026-07-04T17:44:42+00:00
/mnt/d/Music,music/Marilyn Manson/Holy Wood,/mnt/d/Music/music/Marilyn Manson/Holy Wood,/mnt/d/Music/music/Marilyn Manson,Holy Wood,2026-07-04T17:44:44+00:00
/mnt/d/Music,music/Maroon 5,/mnt/d/Music/music/Maroon 5,/mnt/d/Music/music,Maroon 5,2026-07-04T17:37:22+00:00
/mnt/d/Music,music/Maroon 5/Songs About Jane,/mnt/d/Music/music/Maroon 5/Songs About Jane,/mnt/d/Music/music/Maroon 5,Songs About Jane,2026-07-04T17:37:22+00:00
/mnt/d/Music,music/Mastadon,/mnt/d/Music/music/Mastadon,/mnt/d/Music/music,Mastadon,2026-07-04T17:44:44+00:00
/mnt/d/Music,music/Mastadon/Unknown Album,/mnt/d/Music/music/Mastadon/Unknown Album,/mnt/d/Music/music/Mastadon,Unknown Album,2026-07-04T17:44:45+00:00
/mnt/d/Music,music/Mastodon,/mnt/d/Music/music/Mastodon,/mnt/d/Music/music,Mastodon,2026-07-04T17:33:30+00:00
/mnt/d/Music,music/Mastodon/Blood Mountain,/mnt/d/Music/music/Mastodon/Blood Mountain,/mnt/d/Music/music/Mastodon,Blood Mountain,2026-07-04T17:33:29+00:00
/mnt/d/Music,music/Mastodon/Crack The Skye,/mnt/d/Music/music/Mastodon/Crack The Skye,/mnt/d/Music/music/Mastodon,Crack The Skye,2026-07-04T17:33:31+00:00
/mnt/d/Music,music/Mastodon/Leviathan,/mnt/d/Music/music/Mastodon/Leviathan,/mnt/d/Music/music/Mastodon,Leviathan,2026-07-04T17:33:27+00:00
/mnt/d/Music,music/Mastodon/Remission,/mnt/d/Music/music/Mastodon/Remission,/mnt/d/Music/music/Mastodon,Remission,2026-07-04T17:33:24+00:00
/mnt/d/Music,music/Matchbox Twenty,/mnt/d/Music/music/Matchbox Twenty,/mnt/d/Music/music,Matchbox Twenty,2026-07-04T17:37:22+00:00
/mnt/d/Music,music/Matchbox Twenty/Yourself Or Someone Like You,/mnt/d/Music/music/Matchbox Twenty/Yourself Or Someone Like You,/mnt/d/Music/music/Matchbox Twenty,Yourself Or Someone Like You,2026-07-04T17:37:22+00:00
/mnt/d/Music,music/Meshuggah,/mnt/d/Music/music/Meshuggah,/mnt/d/Music/music,Meshuggah,2026-07-04T17:44:48+00:00
/mnt/d/Music,music/Meshuggah/Catch Thirty-Three,/mnt/d/Music/music/Meshuggah/Catch Thirty-Three,/mnt/d/Music/music/Meshuggah,Catch Thirty-Three,2026-07-04T17:44:48+00:00
/mnt/d/Music,music/Meshuggah/Nothing [CD_DVD] Disc 1,/mnt/d/Music/music/Meshuggah/Nothing [CD_DVD] Disc 1,/mnt/d/Music/music/Meshuggah,Nothing [CD_DVD] Disc 1,2026-07-04T17:44:49+00:00
/mnt/d/Music,music/Metal-Musig,/mnt/d/Music/music/Metal-Musig,/mnt/d/Music/music,Metal-Musig,2026-07-04T17:44:49+00:00
/mnt/d/Music,music/Metal-Musig/Winds Of Plague,/mnt/d/Music/music/Metal-Musig/Winds Of Plague,/mnt/d/Music/music/Metal-Musig,Winds Of Plague,2026-07-04T17:44:50+00:00
/mnt/d/Music,music/Metalica,/mnt/d/Music/music/Metalica,/mnt/d/Music/music,Metalica,2026-07-04T17:37:22+00:00
/mnt/d/Music,music/Metalica/No album info,/mnt/d/Music/music/Metalica/No album info,/mnt/d/Music/music/Metalica,No album info,2026-07-04T17:37:22+00:00
/mnt/d/Music,music/Metallica,/mnt/d/Music/music/Metallica,/mnt/d/Music/music,Metallica,2026-07-04T17:33:46+00:00
/mnt/d/Music,music/Metallica/...And Justice For All,/mnt/d/Music/music/Metallica/...And Justice For All,/mnt/d/Music/music/Metallica,...And Justice For All,2026-07-04T17:33:34+00:00
/mnt/d/Music,music/Metallica/Black Album,/mnt/d/Music/music/Metallica/Black Album,/mnt/d/Music/music/Metallica,Black Album,2026-07-04T17:33:36+00:00
/mnt/d/Music,music/Metallica/Load,/mnt/d/Music/music/Metallica/Load,/mnt/d/Music/music/Metallica,Load,2026-07-04T17:33:40+00:00
/mnt/d/Music,music/Metallica/Master Of Puppets,/mnt/d/Music/music/Metallica/Master Of Puppets,/mnt/d/Music/music/Metallica,Master Of Puppets,2026-07-04T17:33:46+00:00
/mnt/d/Music,music/Metallica/Metallica,/mnt/d/Music/music/Metallica/Metallica,/mnt/d/Music/music/Metallica,Metallica,2026-07-04T17:33:44+00:00
/mnt/d/Music,music/Metallica/Ride the Lightning (Bonus Tracks),/mnt/d/Music/music/Metallica/Ride the Lightning (Bonus Tracks),/mnt/d/Music/music/Metallica,Ride the Lightning (Bonus Tracks),2026-07-04T17:33:46+00:00
/mnt/d/Music,music/Metallica/_..And Justice For All,/mnt/d/Music/music/Metallica/_..And Justice For All,/mnt/d/Music/music/Metallica,_..And Justice For All,2026-07-04T17:33:48+00:00
/mnt/d/Music,music/Methods Of Mayhem,/mnt/d/Music/music/Methods Of Mayhem,/mnt/d/Music/music,Methods Of Mayhem,2026-07-04T17:33:49+00:00
/mnt/d/Music,music/Methods Of Mayhem/Methods Of Mayhem,/mnt/d/Music/music/Methods Of Mayhem/Methods Of Mayhem,/mnt/d/Music/music/Methods Of Mayhem,Methods Of Mayhem,2026-07-04T17:33:50+00:00
/mnt/d/Music,music/Mighty Joe Plum,/mnt/d/Music/music/Mighty Joe Plum,/mnt/d/Music/music,Mighty Joe Plum,2026-07-04T17:37:22+00:00
/mnt/d/Music,music/Mighty Joe Plum/The Happiest Dogs,/mnt/d/Music/music/Mighty Joe Plum/The Happiest Dogs,/mnt/d/Music/music/Mighty Joe Plum,The Happiest Dogs,2026-07-04T17:37:22+00:00
/mnt/d/Music,music/Moby,/mnt/d/Music/music/Moby,/mnt/d/Music/music,Moby,2026-07-04T17:37:22+00:00
/mnt/d/Music,music/Moby/Moby,/mnt/d/Music/music/Moby/Moby,/mnt/d/Music/music/Moby,Moby,2026-07-04T17:37:22+00:00
/mnt/d/Music,music/Monster Magnet,/mnt/d/Music/music/Monster Magnet,/mnt/d/Music/music,Monster Magnet,2026-07-04T17:33:50+00:00
/mnt/d/Music,music/Monster Magnet/God Says No,/mnt/d/Music/music/Monster Magnet/God Says No,/mnt/d/Music/music/Monster Magnet,God Says No,2026-07-04T17:33:52+00:00
/mnt/d/Music,music/Monster Magnet/Powertrip,/mnt/d/Music/music/Monster Magnet/Powertrip,/mnt/d/Music/music/Monster Magnet,Powertrip,2026-07-04T17:33:50+00:00
/mnt/d/Music,music/Monsters Of Rock,/mnt/d/Music/music/Monsters Of Rock,/mnt/d/Music/music,Monsters Of Rock,2026-07-04T17:37:23+00:00
/mnt/d/Music,music/Monsters Of Rock/Monsters of Rock [Razor & Tie],/mnt/d/Music/music/Monsters Of Rock/Monsters of Rock [Razor & Tie],/mnt/d/Music/music/Monsters Of Rock,Monsters of Rock [Razor & Tie],2026-07-04T17:37:23+00:00
/mnt/d/Music,music/Motley Crew,/mnt/d/Music/music/Motley Crew,/mnt/d/Music/music,Motley Crew,2026-07-04T17:37:23+00:00
/mnt/d/Music,music/Motley Crew/No album info,/mnt/d/Music/music/Motley Crew/No album info,/mnt/d/Music/music/Motley Crew,No album info,2026-07-04T17:37:23+00:00
/mnt/d/Music,music/Motley Crue,/mnt/d/Music/music/Motley Crue,/mnt/d/Music/music,Motley Crue,2026-07-04T17:37:23+00:00
/mnt/d/Music,music/Motley Crue/No album info,/mnt/d/Music/music/Motley Crue/No album info,/mnt/d/Music/music/Motley Crue,No album info,2026-07-04T17:37:23+00:00
/mnt/d/Music,music/Mountain,/mnt/d/Music/music/Mountain,/mnt/d/Music/music,Mountain,2026-07-04T17:37:23+00:00
/mnt/d/Music,music/Mountain/Goin' South,/mnt/d/Music/music/Mountain/Goin' South,/mnt/d/Music/music/Mountain,Goin' South,2026-07-04T17:37:23+00:00
/mnt/d/Music,music/Mr. Big,/mnt/d/Music/music/Mr. Big,/mnt/d/Music/music,Mr. Big,2026-07-04T17:37:23+00:00
/mnt/d/Music,music/Mr. Big/No album info,/mnt/d/Music/music/Mr. Big/No album info,/mnt/d/Music/music/Mr. Big,No album info,2026-07-04T17:37:23+00:00
/mnt/d/Music,music/Mudvayne,/mnt/d/Music/music/Mudvayne,/mnt/d/Music/music,Mudvayne,2026-07-04T17:33:55+00:00
/mnt/d/Music,music/Mudvayne/L.D. 50,/mnt/d/Music/music/Mudvayne/L.D. 50,/mnt/d/Music/music/Mudvayne,L.D. 50,2026-07-04T17:33:55+00:00
/mnt/d/Music,music/Mudvayne/Mudvayne,/mnt/d/Music/music/Mudvayne/Mudvayne,/mnt/d/Music/music/Mudvayne,Mudvayne,2026-07-04T17:33:55+00:00
/mnt/d/Music,music/Muse,/mnt/d/Music/music/Muse,/mnt/d/Music/music,Muse,2026-07-04T17:37:24+00:00
/mnt/d/Music,music/Muse/Absolution,/mnt/d/Music/music/Muse/Absolution,/mnt/d/Music/music/Muse,Absolution,2026-07-04T17:37:24+00:00
/mnt/d/Music,music/Muse/Black Holes And Revelations,/mnt/d/Music/music/Muse/Black Holes And Revelations,/mnt/d/Music/music/Muse,Black Holes And Revelations,2026-07-04T17:37:24+00:00
/mnt/d/Music,music/Muse/Origin Of Symmetry,/mnt/d/Music/music/Muse/Origin Of Symmetry,/mnt/d/Music/music/Muse,Origin Of Symmetry,2026-07-04T17:37:24+00:00
/mnt/d/Music,music/Mushroomhead,/mnt/d/Music/music/Mushroomhead,/mnt/d/Music/music,Mushroomhead,2026-07-04T17:44:50+00:00
/mnt/d/Music,music/Mushroomhead/XX,/mnt/d/Music/music/Mushroomhead/XX,/mnt/d/Music/music/Mushroomhead,XX,2026-07-04T17:44:52+00:00
/mnt/d/Music,music/NIN,/mnt/d/Music/music/NIN,/mnt/d/Music/music,NIN,2026-07-04T17:37:26+00:00
/mnt/d/Music,music/NIN/The Downward Spiral,/mnt/d/Music/music/NIN/The Downward Spiral,/mnt/d/Music/music/NIN,The Downward Spiral,2026-07-04T17:37:26+00:00
/mnt/d/Music,music/Neil Young,/mnt/d/Music/music/Neil Young,/mnt/d/Music/music,Neil Young,2026-07-04T17:37:24+00:00
/mnt/d/Music,music/Neil Young/Decade (1 of 2),/mnt/d/Music/music/Neil Young/Decade (1 of 2),/mnt/d/Music/music/Neil Young,Decade (1 of 2),2026-07-04T17:37:24+00:00
/mnt/d/Music,music/Neil Young/Rust Never Sleeps,/mnt/d/Music/music/Neil Young/Rust Never Sleeps,/mnt/d/Music/music/Neil Young,Rust Never Sleeps,2026-07-04T17:37:24+00:00
/mnt/d/Music,music/Nickelback,/mnt/d/Music/music/Nickelback,/mnt/d/Music/music,Nickelback,2026-07-04T17:37:25+00:00
/mnt/d/Music,music/Nickelback/Silver Side Up,/mnt/d/Music/music/Nickelback/Silver Side Up,/mnt/d/Music/music/Nickelback,Silver Side Up,2026-07-04T17:37:25+00:00
/mnt/d/Music,music/Nickelback/The Long Road,/mnt/d/Music/music/Nickelback/The Long Road,/mnt/d/Music/music/Nickelback,The Long Road,2026-07-04T17:37:26+00:00
/mnt/d/Music,music/Nirvana,/mnt/d/Music/music/Nirvana,/mnt/d/Music/music,Nirvana,2026-07-04T17:34:04+00:00
/mnt/d/Music,music/Nirvana/Bleach,/mnt/d/Music/music/Nirvana/Bleach,/mnt/d/Music/music/Nirvana,Bleach,2026-07-04T17:33:59+00:00
/mnt/d/Music,music/Nirvana/From The Muddy Banks Of The Wishkah [Liv,/mnt/d/Music/music/Nirvana/From The Muddy Banks Of The Wishkah [Liv,/mnt/d/Music/music/Nirvana,From The Muddy Banks Of The Wishkah [Liv,2026-07-04T17:34:00+00:00
/mnt/d/Music,music/Nirvana/In Utero,/mnt/d/Music/music/Nirvana/In Utero,/mnt/d/Music/music/Nirvana,In Utero,2026-07-04T17:33:58+00:00
/mnt/d/Music,music/Nirvana/Incesticide,/mnt/d/Music/music/Nirvana/Incesticide,/mnt/d/Music/music/Nirvana,Incesticide,2026-07-04T17:34:03+00:00
/mnt/d/Music,music/Nirvana/MTV Unplugged In New York,/mnt/d/Music/music/Nirvana/MTV Unplugged In New York,/mnt/d/Music/music/Nirvana,MTV Unplugged In New York,2026-07-04T17:34:04+00:00
/mnt/d/Music,music/Nirvana/Nevermind,/mnt/d/Music/music/Nirvana/Nevermind,/mnt/d/Music/music/Nirvana,Nevermind,2026-07-04T17:34:04+00:00
/mnt/d/Music,music/Nirvana/Nirvana,/mnt/d/Music/music/Nirvana/Nirvana,/mnt/d/Music/music/Nirvana,Nirvana,2026-07-04T17:33:58+00:00
/mnt/d/Music,music/Nirvana/No album info,/mnt/d/Music/music/Nirvana/No album info,/mnt/d/Music/music/Nirvana,No album info,2026-07-04T17:33:58+00:00
/mnt/d/Music,music/Nixons,/mnt/d/Music/music/Nixons,/mnt/d/Music/music,Nixons,2026-07-04T17:37:26+00:00
/mnt/d/Music,music/Nixons/Foma,/mnt/d/Music/music/Nixons/Foma,/mnt/d/Music/music/Nixons,Foma,2026-07-04T17:37:26+00:00
/mnt/d/Music,music/No artist info,/mnt/d/Music/music/No artist info,/mnt/d/Music/music,No artist info,2026-07-04T17:37:27+00:00
/mnt/d/Music,music/No artist info/No album info,/mnt/d/Music/music/No artist info/No album info,/mnt/d/Music/music/No artist info,No album info,2026-07-04T17:37:27+00:00
/mnt/d/Music,music/No genre info,/mnt/d/Music/music/No genre info,/mnt/d/Music/music,No genre info,2026-07-04T17:42:54+00:00
/mnt/d/Music,music/No genre info/Blaze Ya Dead Homies,/mnt/d/Music/music/No genre info/Blaze Ya Dead Homies,/mnt/d/Music/music/No genre info,Blaze Ya Dead Homies,2026-07-04T17:42:48+00:00
/mnt/d/Music,music/No genre info/Blaze Ya Dead Homies/No album info,/mnt/d/Music/music/No genre info/Blaze Ya Dead Homies/No album info,/mnt/d/Music/music/No genre info/Blaze Ya Dead Homies,No album info,2026-07-04T17:42:48+00:00
/mnt/d/Music,music/No genre info/Bloodhound Gang,/mnt/d/Music/music/No genre info/Bloodhound Gang,/mnt/d/Music/music/No genre info,Bloodhound Gang,2026-07-04T17:42:48+00:00
/mnt/d/Music,music/No genre info/Bloodhound Gang/No album info,/mnt/d/Music/music/No genre info/Bloodhound Gang/No album info,/mnt/d/Music/music/No genre info/Bloodhound Gang,No album info,2026-07-04T17:42:48+00:00
/mnt/d/Music,music/No genre info/Coolio,/mnt/d/Music/music/No genre info/Coolio,/mnt/d/Music/music/No genre info,Coolio,2026-07-04T17:42:48+00:00
/mnt/d/Music,music/No genre info/Coolio/Rap Mix 1,/mnt/d/Music/music/No genre info/Coolio/Rap Mix 1,/mnt/d/Music/music/No genre info/Coolio,Rap Mix 1,2026-07-04T17:42:48+00:00
/mnt/d/Music,music/No genre info/DJ UnK,/mnt/d/Music/music/No genre info/DJ UnK,/mnt/d/Music/music/No genre info,DJ UnK,2026-07-04T17:42:48+00:00
/mnt/d/Music,music/No genre info/DJ UnK/Rap Mix 1,/mnt/d/Music/music/No genre info/DJ UnK/Rap Mix 1,/mnt/d/Music/music/No genre info/DJ UnK,Rap Mix 1,2026-07-04T17:42:48+00:00
/mnt/d/Music,music/No genre info/Gym Class Heroes,/mnt/d/Music/music/No genre info/Gym Class Heroes,/mnt/d/Music/music/No genre info,Gym Class Heroes,2026-07-04T17:42:49+00:00
/mnt/d/Music,music/No genre info/Gym Class Heroes/The Papercut Chronicles,/mnt/d/Music/music/No genre info/Gym Class Heroes/The Papercut Chronicles,/mnt/d/Music/music/No genre info/Gym Class Heroes,The Papercut Chronicles,2026-07-04T17:42:49+00:00
/mnt/d/Music,music/No genre info/Halfbreed,/mnt/d/Music/music/No genre info/Halfbreed,/mnt/d/Music/music/No genre info,Halfbreed,2026-07-04T17:42:49+00:00
/mnt/d/Music,music/No genre info/Halfbreed/No album info,/mnt/d/Music/music/No genre info/Halfbreed/No album info,/mnt/d/Music/music/No genre info/Halfbreed,No album info,2026-07-04T17:42:49+00:00
/mnt/d/Music,music/No genre info/Jibbs,/mnt/d/Music/music/No genre info/Jibbs,/mnt/d/Music/music/No genre info,Jibbs,2026-07-04T17:42:49+00:00
/mnt/d/Music,music/No genre info/Jibbs/Rap Mix 1,/mnt/d/Music/music/No genre info/Jibbs/Rap Mix 1,/mnt/d/Music/music/No genre info/Jibbs,Rap Mix 1,2026-07-04T17:42:49+00:00
/mnt/d/Music,music/No genre info/Lil Scrappy,/mnt/d/Music/music/No genre info/Lil Scrappy,/mnt/d/Music/music/No genre info,Lil Scrappy,2026-07-04T17:42:49+00:00
/mnt/d/Music,music/No genre info/Lil Scrappy/Rap Mix 1,/mnt/d/Music/music/No genre info/Lil Scrappy/Rap Mix 1,/mnt/d/Music/music/No genre info/Lil Scrappy,Rap Mix 1,2026-07-04T17:42:49+00:00
/mnt/d/Music,music/No genre info/Limp Bizkit,/mnt/d/Music/music/No genre info/Limp Bizkit,/mnt/d/Music/music/No genre info,Limp Bizkit,2026-07-04T17:42:49+00:00
/mnt/d/Music,music/No genre info/Limp Bizkit/Results May Vary,/mnt/d/Music/music/No genre info/Limp Bizkit/Results May Vary,/mnt/d/Music/music/No genre info/Limp Bizkit,Results May Vary,2026-07-04T17:42:49+00:00
/mnt/d/Music,music/No genre info/Nas,/mnt/d/Music/music/No genre info/Nas,/mnt/d/Music/music/No genre info,Nas,2026-07-04T17:42:49+00:00
/mnt/d/Music,music/No genre info/Nas/Freestyles,/mnt/d/Music/music/No genre info/Nas/Freestyles,/mnt/d/Music/music/No genre info/Nas,Freestyles,2026-07-04T17:42:49+00:00
/mnt/d/Music,music/No genre info/No artist info,/mnt/d/Music/music/No genre info/No artist info,/mnt/d/Music/music/No genre info,No artist info,2026-07-04T17:42:49+00:00
/mnt/d/Music,music/No genre info/No artist info/No album info,/mnt/d/Music/music/No genre info/No artist info/No album info,/mnt/d/Music/music/No genre info/No artist info,No album info,2026-07-04T17:42:50+00:00
/mnt/d/Music,music/No genre info/Notorious B.I.G,/mnt/d/Music/music/No genre info/Notorious B.I.G,/mnt/d/Music/music/No genre info,Notorious B.I.G,2026-07-04T17:42:50+00:00
/mnt/d/Music,music/No genre info/Notorious B.I.G/Rap Mix 1,/mnt/d/Music/music/No genre info/Notorious B.I.G/Rap Mix 1,/mnt/d/Music/music/No genre info/Notorious B.I.G,Rap Mix 1,2026-07-04T17:42:50+00:00
/mnt/d/Music,music/No genre info/Papoose,/mnt/d/Music/music/No genre info/Papoose,/mnt/d/Music/music/No genre info,Papoose,2026-07-04T17:42:50+00:00
/mnt/d/Music,music/No genre info/Papoose/Freestyles,/mnt/d/Music/music/No genre info/Papoose/Freestyles,/mnt/d/Music/music/No genre info/Papoose,Freestyles,2026-07-04T17:42:51+00:00
/mnt/d/Music,music/No genre info/Queen Of The Damned,/mnt/d/Music/music/No genre info/Queen Of The Damned,/mnt/d/Music/music/No genre info,Queen Of The Damned,2026-07-04T17:42:51+00:00
/mnt/d/Music,music/No genre info/Queen Of The Damned/Queen Of The Damned,/mnt/d/Music/music/No genre info/Queen Of The Damned/Queen Of The Damned,/mnt/d/Music/music/No genre info/Queen Of The Damned,Queen Of The Damned,2026-07-04T17:42:52+00:00
/mnt/d/Music,music/No genre info/Ricksta,/mnt/d/Music/music/No genre info/Ricksta,/mnt/d/Music/music/No genre info,Ricksta,2026-07-04T17:42:52+00:00
/mnt/d/Music,music/No genre info/Ricksta/No album info,/mnt/d/Music/music/No genre info/Ricksta/No album info,/mnt/d/Music/music/No genre info/Ricksta,No album info,2026-07-04T17:42:53+00:00
/mnt/d/Music,music/No genre info/Too $hort,/mnt/d/Music/music/No genre info/Too $hort,/mnt/d/Music/music/No genre info,Too $hort,2026-07-04T17:42:54+00:00
/mnt/d/Music,music/No genre info/Too $hort/Rap Mix 1,/mnt/d/Music/music/No genre info/Too $hort/Rap Mix 1,/mnt/d/Music/music/No genre info/Too $hort,Rap Mix 1,2026-07-04T17:42:54+00:00
/mnt/d/Music,music/No genre info/Young Dro,/mnt/d/Music/music/No genre info/Young Dro,/mnt/d/Music/music/No genre info,Young Dro,2026-07-04T17:42:54+00:00
/mnt/d/Music,music/No genre info/Young Dro/Rap Mix 1,/mnt/d/Music/music/No genre info/Young Dro/Rap Mix 1,/mnt/d/Music/music/No genre info/Young Dro,Rap Mix 1,2026-07-04T17:42:54+00:00
/mnt/d/Music,music/Norman Greenbaum,/mnt/d/Music/music/Norman Greenbaum,/mnt/d/Music/music,Norman Greenbaum,2026-07-04T17:37:27+00:00
/mnt/d/Music,music/Norman Greenbaum/Wayne's World 2,/mnt/d/Music/music/Norman Greenbaum/Wayne's World 2,/mnt/d/Music/music/Norman Greenbaum,Wayne's World 2,2026-07-04T17:37:27+00:00
/mnt/d/Music,music/Nothingface,/mnt/d/Music/music/Nothingface,/mnt/d/Music/music,Nothingface,2026-07-04T17:34:09+00:00
/mnt/d/Music,music/Nothingface/An Audio Guide To Everyday Atrocity,/mnt/d/Music/music/Nothingface/An Audio Guide To Everyday Atrocity,/mnt/d/Music/music/Nothingface,An Audio Guide To Everyday Atrocity,2026-07-04T17:34:10+00:00
/mnt/d/Music,music/Nothingface/Skeletons,/mnt/d/Music/music/Nothingface/Skeletons,/mnt/d/Music/music/Nothingface,Skeletons,2026-07-04T17:34:09+00:00
/mnt/d/Music,music/Nothingface/Violence,/mnt/d/Music/music/Nothingface/Violence,/mnt/d/Music/music/Nothingface,Violence,2026-07-04T17:34:07+00:00
/mnt/d/Music,music/Oasis,/mnt/d/Music/music/Oasis,/mnt/d/Music/music,Oasis,2026-07-04T17:37:27+00:00
/mnt/d/Music,music/Oasis/(What's the Story) Morning Glory_,/mnt/d/Music/music/Oasis/(What's the Story) Morning Glory_,/mnt/d/Music/music/Oasis,(What's the Story) Morning Glory_,2026-07-04T17:37:27+00:00
/mnt/d/Music,music/Oasis/No album info,/mnt/d/Music/music/Oasis/No album info,/mnt/d/Music/music/Oasis,No album info,2026-07-04T17:37:27+00:00
/mnt/d/Music,music/Offspring,/mnt/d/Music/music/Offspring,/mnt/d/Music/music,Offspring,2026-07-04T17:37:27+00:00
/mnt/d/Music,music/Offspring/Smash,/mnt/d/Music/music/Offspring/Smash,/mnt/d/Music/music/Offspring,Smash,2026-07-04T17:37:27+00:00
/mnt/d/Music,music/Oldies,/mnt/d/Music/music/Oldies,/mnt/d/Music/music,Oldies,2026-07-04T17:42:59+00:00
/mnt/d/Music,music/Oldies/Al Green,/mnt/d/Music/music/Oldies/Al Green,/mnt/d/Music/music/Oldies,Al Green,2026-07-04T17:42:54+00:00
/mnt/d/Music,music/Oldies/Al Green/No album info,/mnt/d/Music/music/Oldies/Al Green/No album info,/mnt/d/Music/music/Oldies/Al Green,No album info,2026-07-04T17:42:54+00:00
/mnt/d/Music,music/Oldies/Ben E. King,/mnt/d/Music/music/Oldies/Ben E. King,/mnt/d/Music/music/Oldies,Ben E. King,2026-07-04T17:42:54+00:00
/mnt/d/Music,music/Oldies/Ben E. King/No album info,/mnt/d/Music/music/Oldies/Ben E. King/No album info,/mnt/d/Music/music/Oldies/Ben E. King,No album info,2026-07-04T17:42:54+00:00
/mnt/d/Music,music/Oldies/Bob Dylan,/mnt/d/Music/music/Oldies/Bob Dylan,/mnt/d/Music/music/Oldies,Bob Dylan,2026-07-04T17:42:54+00:00
/mnt/d/Music,music/Oldies/Bob Dylan/No album info,/mnt/d/Music/music/Oldies/Bob Dylan/No album info,/mnt/d/Music/music/Oldies/Bob Dylan,No album info,2026-07-04T17:42:54+00:00
/mnt/d/Music,music/Oldies/City Of Angels,/mnt/d/Music/music/Oldies/City Of Angels,/mnt/d/Music/music/Oldies,City Of Angels,2026-07-04T17:42:54+00:00
/mnt/d/Music,music/Oldies/City Of Angels/City of Angels [Original Soundtrack],/mnt/d/Music/music/Oldies/City Of Angels/City of Angels [Original Soundtrack],/mnt/d/Music/music/Oldies/City Of Angels,City of Angels [Original Soundtrack],2026-07-04T17:42:54+00:00
/mnt/d/Music,music/Oldies/Gladys Knight & the Pips,/mnt/d/Music/music/Oldies/Gladys Knight & the Pips,/mnt/d/Music/music/Oldies,Gladys Knight & the Pips,2026-07-04T17:42:54+00:00
/mnt/d/Music,music/Oldies/Gladys Knight & the Pips/Rock On 1973,/mnt/d/Music/music/Oldies/Gladys Knight & the Pips/Rock On 1973,/mnt/d/Music/music/Oldies/Gladys Knight & the Pips,Rock On 1973,2026-07-04T17:42:54+00:00
/mnt/d/Music,music/Oldies/James Brown,/mnt/d/Music/music/Oldies/James Brown,/mnt/d/Music/music/Oldies,James Brown,2026-07-04T17:42:55+00:00
/mnt/d/Music,music/Oldies/James Brown/No album info,/mnt/d/Music/music/Oldies/James Brown/No album info,/mnt/d/Music/music/Oldies/James Brown,No album info,2026-07-04T17:42:55+00:00
/mnt/d/Music,music/Oldies/James Taylor,/mnt/d/Music/music/Oldies/James Taylor,/mnt/d/Music/music/Oldies,James Taylor,2026-07-04T17:42:55+00:00
/mnt/d/Music,music/Oldies/James Taylor/Greatest Hits,/mnt/d/Music/music/Oldies/James Taylor/Greatest Hits,/mnt/d/Music/music/Oldies/James Taylor,Greatest Hits,2026-07-04T17:42:55+00:00
/mnt/d/Music,music/Oldies/Jerry Lee Lewis,/mnt/d/Music/music/Oldies/Jerry Lee Lewis,/mnt/d/Music/music/Oldies,Jerry Lee Lewis,2026-07-04T17:42:55+00:00
/mnt/d/Music,music/Oldies/Jerry Lee Lewis/Original Sun Greatest Hits,/mnt/d/Music/music/Oldies/Jerry Lee Lewis/Original Sun Greatest Hits,/mnt/d/Music/music/Oldies/Jerry Lee Lewis,Original Sun Greatest Hits,2026-07-04T17:42:55+00:00
/mnt/d/Music,music/Oldies/John Lee Hooker,/mnt/d/Music/music/Oldies/John Lee Hooker,/mnt/d/Music/music/Oldies,John Lee Hooker,2026-07-04T17:42:55+00:00
/mnt/d/Music,music/Oldies/John Lee Hooker/No album info,/mnt/d/Music/music/Oldies/John Lee Hooker/No album info,/mnt/d/Music/music/Oldies/John Lee Hooker,No album info,2026-07-04T17:42:55+00:00
/mnt/d/Music,music/Oldies/John Lennon,/mnt/d/Music/music/Oldies/John Lennon,/mnt/d/Music/music/Oldies,John Lennon,2026-07-04T17:42:55+00:00
/mnt/d/Music,music/Oldies/John Lennon/The John Lennon Collection,/mnt/d/Music/music/Oldies/John Lennon/The John Lennon Collection,/mnt/d/Music/music/Oldies/John Lennon,The John Lennon Collection,2026-07-04T17:42:55+00:00
/mnt/d/Music,music/Oldies/Marvin Gaye,/mnt/d/Music/music/Oldies/Marvin Gaye,/mnt/d/Music/music/Oldies,Marvin Gaye,2026-07-04T17:42:55+00:00
/mnt/d/Music,music/Oldies/Marvin Gaye/No album info,/mnt/d/Music/music/Oldies/Marvin Gaye/No album info,/mnt/d/Music/music/Oldies/Marvin Gaye,No album info,2026-07-04T17:42:55+00:00
/mnt/d/Music,music/Oldies/Merle Haggard,/mnt/d/Music/music/Oldies/Merle Haggard,/mnt/d/Music/music/Oldies,Merle Haggard,2026-07-04T17:42:56+00:00
/mnt/d/Music,music/Oldies/Merle Haggard/No album info,/mnt/d/Music/music/Oldies/Merle Haggard/No album info,/mnt/d/Music/music/Oldies/Merle Haggard,No album info,2026-07-04T17:42:56+00:00
/mnt/d/Music,music/Oldies/Merle Haggard/Platoon,/mnt/d/Music/music/Oldies/Merle Haggard/Platoon,/mnt/d/Music/music/Oldies/Merle Haggard,Platoon,2026-07-04T17:42:56+00:00
/mnt/d/Music,music/Oldies/Nancy Sinatra,/mnt/d/Music/music/Oldies/Nancy Sinatra,/mnt/d/Music/music/Oldies,Nancy Sinatra,2026-07-04T17:42:56+00:00
/mnt/d/Music,music/Oldies/Nancy Sinatra/No album info,/mnt/d/Music/music/Oldies/Nancy Sinatra/No album info,/mnt/d/Music/music/Oldies/Nancy Sinatra,No album info,2026-07-04T17:42:56+00:00
/mnt/d/Music,music/Oldies/Neil Diamond,/mnt/d/Music/music/Oldies/Neil Diamond,/mnt/d/Music/music/Oldies,Neil Diamond,2026-07-04T17:42:56+00:00
/mnt/d/Music,music/Oldies/Neil Diamond/No album info,/mnt/d/Music/music/Oldies/Neil Diamond/No album info,/mnt/d/Music/music/Oldies/Neil Diamond,No album info,2026-07-04T17:42:56+00:00
/mnt/d/Music,music/Oldies/Otis Redding,/mnt/d/Music/music/Oldies/Otis Redding,/mnt/d/Music/music/Oldies,Otis Redding,2026-07-04T17:42:56+00:00
/mnt/d/Music,music/Oldies/Otis Redding/Platoon,/mnt/d/Music/music/Oldies/Otis Redding/Platoon,/mnt/d/Music/music/Oldies/Otis Redding,Platoon,2026-07-04T17:42:56+00:00
/mnt/d/Music,music/Oldies/Percy Sledge,/mnt/d/Music/music/Oldies/Percy Sledge,/mnt/d/Music/music/Oldies,Percy Sledge,2026-07-04T17:42:56+00:00
/mnt/d/Music,music/Oldies/Percy Sledge/Platoon,/mnt/d/Music/music/Oldies/Percy Sledge/Platoon,/mnt/d/Music/music/Oldies/Percy Sledge,Platoon,2026-07-04T17:42:56+00:00
/mnt/d/Music,"music/Oldies/Peter, Paul & Mary","/mnt/d/Music/music/Oldies/Peter, Paul & Mary",/mnt/d/Music/music/Oldies,"Peter, Paul & Mary",2026-07-04T17:42:56+00:00
/mnt/d/Music,"music/Oldies/Peter, Paul & Mary/No album info","/mnt/d/Music/music/Oldies/Peter, Paul & Mary/No album info","/mnt/d/Music/music/Oldies/Peter, Paul & Mary",No album info,2026-07-04T17:42:56+00:00
/mnt/d/Music,music/Oldies/Ray Charles,/mnt/d/Music/music/Oldies/Ray Charles,/mnt/d/Music/music/Oldies,Ray Charles,2026-07-04T17:42:56+00:00
/mnt/d/Music,music/Oldies/Ray Charles/No album info,/mnt/d/Music/music/Oldies/Ray Charles/No album info,/mnt/d/Music/music/Oldies/Ray Charles,No album info,2026-07-04T17:42:56+00:00
/mnt/d/Music,music/Oldies/Richie Valens,/mnt/d/Music/music/Oldies/Richie Valens,/mnt/d/Music/music/Oldies,Richie Valens,2026-07-04T17:42:57+00:00
/mnt/d/Music,music/Oldies/Richie Valens/No album info,/mnt/d/Music/music/Oldies/Richie Valens/No album info,/mnt/d/Music/music/Oldies/Richie Valens,No album info,2026-07-04T17:42:57+00:00
/mnt/d/Music,music/Oldies/Righteous Brothers,/mnt/d/Music/music/Oldies/Righteous Brothers,/mnt/d/Music/music/Oldies,Righteous Brothers,2026-07-04T17:42:57+00:00
/mnt/d/Music,music/Oldies/Righteous Brothers/No album info,/mnt/d/Music/music/Oldies/Righteous Brothers/No album info,/mnt/d/Music/music/Oldies/Righteous Brothers,No album info,2026-07-04T17:42:57+00:00
/mnt/d/Music,music/Oldies/Simon & Garfunkel,/mnt/d/Music/music/Oldies/Simon & Garfunkel,/mnt/d/Music/music/Oldies,Simon & Garfunkel,2026-07-04T17:42:57+00:00
/mnt/d/Music,music/Oldies/Simon & Garfunkel/No album info,/mnt/d/Music/music/Oldies/Simon & Garfunkel/No album info,/mnt/d/Music/music/Oldies/Simon & Garfunkel,No album info,2026-07-04T17:42:57+00:00
/mnt/d/Music,music/Oldies/Smokey Robinson,/mnt/d/Music/music/Oldies/Smokey Robinson,/mnt/d/Music/music/Oldies,Smokey Robinson,2026-07-04T17:42:57+00:00
/mnt/d/Music,music/Oldies/Smokey Robinson/Platoon,/mnt/d/Music/music/Oldies/Smokey Robinson/Platoon,/mnt/d/Music/music/Oldies/Smokey Robinson,Platoon,2026-07-04T17:42:57+00:00
/mnt/d/Music,music/Oldies/The Beach Boys,/mnt/d/Music/music/Oldies/The Beach Boys,/mnt/d/Music/music/Oldies,The Beach Boys,2026-07-04T17:42:57+00:00
/mnt/d/Music,music/Oldies/The Beach Boys/No album info,/mnt/d/Music/music/Oldies/The Beach Boys/No album info,/mnt/d/Music/music/Oldies/The Beach Boys,No album info,2026-07-04T17:42:58+00:00
/mnt/d/Music,music/Oldies/The Beatles,/mnt/d/Music/music/Oldies/The Beatles,/mnt/d/Music/music/Oldies,The Beatles,2026-07-04T17:42:58+00:00
/mnt/d/Music,music/Oldies/The Beatles/Abbey Road,/mnt/d/Music/music/Oldies/The Beatles/Abbey Road,/mnt/d/Music/music/Oldies/The Beatles,Abbey Road,2026-07-04T17:42:58+00:00
/mnt/d/Music,music/Oldies/The Beatles/No album info,/mnt/d/Music/music/Oldies/The Beatles/No album info,/mnt/d/Music/music/Oldies/The Beatles,No album info,2026-07-04T17:42:58+00:00
/mnt/d/Music,music/Oldies/The Beatles/The Beatles Help,/mnt/d/Music/music/Oldies/The Beatles/The Beatles Help,/mnt/d/Music/music/Oldies/The Beatles,The Beatles Help,2026-07-04T17:42:58+00:00
/mnt/d/Music,music/Oldies/The Blues Brothers,/mnt/d/Music/music/Oldies/The Blues Brothers,/mnt/d/Music/music/Oldies,The Blues Brothers,2026-07-04T17:42:58+00:00
/mnt/d/Music,music/Oldies/The Blues Brothers/The Definitive Collection,/mnt/d/Music/music/Oldies/The Blues Brothers/The Definitive Collection,/mnt/d/Music/music/Oldies/The Blues Brothers,The Definitive Collection,2026-07-04T17:42:58+00:00
/mnt/d/Music,music/Oldies/The Four Tops,/mnt/d/Music/music/Oldies/The Four Tops,/mnt/d/Music/music/Oldies,The Four Tops,2026-07-04T17:42:58+00:00
/mnt/d/Music,music/Oldies/The Four Tops/No album info,/mnt/d/Music/music/Oldies/The Four Tops/No album info,/mnt/d/Music/music/Oldies/The Four Tops,No album info,2026-07-04T17:42:58+00:00
/mnt/d/Music,music/Oldies/The Temptations,/mnt/d/Music/music/Oldies/The Temptations,/mnt/d/Music/music/Oldies,The Temptations,2026-07-04T17:42:58+00:00
/mnt/d/Music,music/Oldies/The Temptations/17 Greatest Hits,/mnt/d/Music/music/Oldies/The Temptations/17 Greatest Hits,/mnt/d/Music/music/Oldies/The Temptations,17 Greatest Hits,2026-07-04T17:42:58+00:00
/mnt/d/Music,music/Oldies/Various Artists,/mnt/d/Music/music/Oldies/Various Artists,/mnt/d/Music/music/Oldies,Various Artists,2026-07-04T17:42:58+00:00
/mnt/d/Music,music/Oldies/Various Artists/Rock 'n Roll Relix 1964-1965,/mnt/d/Music/music/Oldies/Various Artists/Rock 'n Roll Relix 1964-1965,/mnt/d/Music/music/Oldies/Various Artists,Rock 'n Roll Relix 1964-1965,2026-07-04T17:42:58+00:00
/mnt/d/Music,music/Oldies/Wilson Pickett,/mnt/d/Music/music/Oldies/Wilson Pickett,/mnt/d/Music/music/Oldies,Wilson Pickett,2026-07-04T17:42:59+00:00
/mnt/d/Music,music/Oldies/Wilson Pickett/Classic Rock_ 1965,/mnt/d/Music/music/Oldies/Wilson Pickett/Classic Rock_ 1965,/mnt/d/Music/music/Oldies/Wilson Pickett,Classic Rock_ 1965,2026-07-04T17:42:59+00:00
/mnt/d/Music,music/Oldies/Wilson Pickett/No album info,/mnt/d/Music/music/Oldies/Wilson Pickett/No album info,/mnt/d/Music/music/Oldies/Wilson Pickett,No album info,2026-07-04T17:42:59+00:00
/mnt/d/Music,music/Opeth,/mnt/d/Music/music/Opeth,/mnt/d/Music/music,Opeth,2026-07-04T17:34:28+00:00
/mnt/d/Music,music/Opeth/Blackwater Park,/mnt/d/Music/music/Opeth/Blackwater Park,/mnt/d/Music/music/Opeth,Blackwater Park,2026-07-04T17:34:30+00:00
/mnt/d/Music,music/Opeth/Damnation,/mnt/d/Music/music/Opeth/Damnation,/mnt/d/Music/music/Opeth,Damnation,2026-07-04T17:34:27+00:00
/mnt/d/Music,music/Opeth/Deliverance,/mnt/d/Music/music/Opeth/Deliverance,/mnt/d/Music/music/Opeth,Deliverance,2026-07-04T17:34:25+00:00
/mnt/d/Music,music/Opeth/Ghost Reveries,/mnt/d/Music/music/Opeth/Ghost Reveries,/mnt/d/Music/music/Opeth,Ghost Reveries,2026-07-04T17:34:23+00:00
/mnt/d/Music,music/Opeth/Morningrise,/mnt/d/Music/music/Opeth/Morningrise,/mnt/d/Music/music/Opeth,Morningrise,2026-07-04T17:34:21+00:00
/mnt/d/Music,"music/Opeth/My Arms, Your Hearse [Bonus Tracks]","/mnt/d/Music/music/Opeth/My Arms, Your Hearse [Bonus Tracks]",/mnt/d/Music/music/Opeth,"My Arms, Your Hearse [Bonus Tracks]",2026-07-04T17:34:18+00:00
/mnt/d/Music,music/Opeth/Orchid [Bonus Tracks],/mnt/d/Music/music/Opeth/Orchid [Bonus Tracks],/mnt/d/Music/music/Opeth,Orchid [Bonus Tracks],2026-07-04T17:34:16+00:00
/mnt/d/Music,music/Opeth/Still Life,/mnt/d/Music/music/Opeth/Still Life,/mnt/d/Music/music/Opeth,Still Life,2026-07-04T17:34:13+00:00
/mnt/d/Music,music/Orgy,/mnt/d/Music/music/Orgy,/mnt/d/Music/music,Orgy,2026-07-04T17:37:27+00:00
/mnt/d/Music,music/Orgy/Candyass,/mnt/d/Music/music/Orgy/Candyass,/mnt/d/Music/music/Orgy,Candyass,2026-07-04T17:37:27+00:00
/mnt/d/Music,music/Other,/mnt/d/Music/music/Other,/mnt/d/Music/music,Other,2026-07-04T17:43:00+00:00
/mnt/d/Music,music/Other/Bush,/mnt/d/Music/music/Other/Bush,/mnt/d/Music/music/Other,Bush,2026-07-04T17:42:59+00:00
/mnt/d/Music,music/Other/Bush/Alternative Mix,/mnt/d/Music/music/Other/Bush/Alternative Mix,/mnt/d/Music/music/Other/Bush,Alternative Mix,2026-07-04T17:42:59+00:00
/mnt/d/Music,music/Other/Gucci Mane,/mnt/d/Music/music/Other/Gucci Mane,/mnt/d/Music/music/Other,Gucci Mane,2026-07-04T17:42:59+00:00
/mnt/d/Music,music/Other/Gucci Mane/Rap Mix 1,/mnt/d/Music/music/Other/Gucci Mane/Rap Mix 1,/mnt/d/Music/music/Other/Gucci Mane,Rap Mix 1,2026-07-04T17:42:59+00:00
/mnt/d/Music,music/Other/No artist info,/mnt/d/Music/music/Other/No artist info,/mnt/d/Music/music/Other,No artist info,2026-07-04T17:42:59+00:00
/mnt/d/Music,music/Other/No artist info/No album info,/mnt/d/Music/music/Other/No artist info/No album info,/mnt/d/Music/music/Other/No artist info,No album info,2026-07-04T17:42:59+00:00
/mnt/d/Music,music/Other/Papoose,/mnt/d/Music/music/Other/Papoose,/mnt/d/Music/music/Other,Papoose,2026-07-04T17:42:59+00:00
/mnt/d/Music,music/Other/Papoose/Freestyles,/mnt/d/Music/music/Other/Papoose/Freestyles,/mnt/d/Music/music/Other/Papoose,Freestyles,2026-07-04T17:42:59+00:00
/mnt/d/Music,music/Other/Simple Plan,/mnt/d/Music/music/Other/Simple Plan,/mnt/d/Music/music/Other,Simple Plan,2026-07-04T17:42:59+00:00
/mnt/d/Music,music/Other/Simple Plan/Still Not Getting Any,/mnt/d/Music/music/Other/Simple Plan/Still Not Getting Any,/mnt/d/Music/music/Other/Simple Plan,Still Not Getting Any,2026-07-04T17:42:59+00:00
/mnt/d/Music,music/Other/Sum 41,/mnt/d/Music/music/Other/Sum 41,/mnt/d/Music/music/Other,Sum 41,2026-07-04T17:42:59+00:00
/mnt/d/Music,music/Other/Sum 41/All Killer No Filler,/mnt/d/Music/music/Other/Sum 41/All Killer No Filler,/mnt/d/Music/music/Other/Sum 41,All Killer No Filler,2026-07-04T17:42:59+00:00
/mnt/d/Music,music/Other/T.I,/mnt/d/Music/music/Other/T.I,/mnt/d/Music/music/Other,T.I,2026-07-04T17:43:00+00:00
/mnt/d/Music,music/Other/T.I/Rap Mix 1,/mnt/d/Music/music/Other/T.I/Rap Mix 1,/mnt/d/Music/music/Other/T.I,Rap Mix 1,2026-07-04T17:43:00+00:00
/mnt/d/Music,music/Other/Tenacious D,/mnt/d/Music/music/Other/Tenacious D,/mnt/d/Music/music/Other,Tenacious D,2026-07-04T17:43:00+00:00
/mnt/d/Music,music/Other/Tenacious D/Tenacious D,/mnt/d/Music/music/Other/Tenacious D/Tenacious D,/mnt/d/Music/music/Other/Tenacious D,Tenacious D,2026-07-04T17:43:00+00:00
/mnt/d/Music,music/Other/Usher,/mnt/d/Music/music/Other/Usher,/mnt/d/Music/music/Other,Usher,2026-07-04T17:43:00+00:00
/mnt/d/Music,music/Other/Usher/No album info,/mnt/d/Music/music/Other/Usher/No album info,/mnt/d/Music/music/Other/Usher,No album info,2026-07-04T17:43:00+00:00
/mnt/d/Music,music/Ozzy Osbourne,/mnt/d/Music/music/Ozzy Osbourne,/mnt/d/Music/music,Ozzy Osbourne,2026-07-04T17:37:28+00:00
/mnt/d/Music,music/Ozzy Osbourne/Blizzard Of Ozz,/mnt/d/Music/music/Ozzy Osbourne/Blizzard Of Ozz,/mnt/d/Music/music/Ozzy Osbourne,Blizzard Of Ozz,2026-07-04T17:37:28+00:00
/mnt/d/Music,music/Ozzy Osbourne/No More Tears,/mnt/d/Music/music/Ozzy Osbourne/No More Tears,/mnt/d/Music/music/Ozzy Osbourne,No More Tears,2026-07-04T17:37:28+00:00
/mnt/d/Music,music/Ozzy Osbourne/No album info,/mnt/d/Music/music/Ozzy Osbourne/No album info,/mnt/d/Music/music/Ozzy Osbourne,No album info,2026-07-04T17:37:28+00:00
/mnt/d/Music,music/Ozzy Osbourne/The Essential (Disc 2),/mnt/d/Music/music/Ozzy Osbourne/The Essential (Disc 2),/mnt/d/Music/music/Ozzy Osbourne,The Essential (Disc 2),2026-07-04T17:37:28+00:00
/mnt/d/Music,music/Ozzy Osbourne/Tribute,/mnt/d/Music/music/Ozzy Osbourne/Tribute,/mnt/d/Music/music/Ozzy Osbourne,Tribute,2026-07-04T17:37:28+00:00
/mnt/d/Music,music/P.O.D_,/mnt/d/Music/music/P.O.D_,/mnt/d/Music/music,P.O.D_,2026-07-04T17:44:52+00:00
/mnt/d/Music,music/P.O.D_/Satellite,/mnt/d/Music/music/P.O.D_/Satellite,/mnt/d/Music/music/P.O.D_,Satellite,2026-07-04T17:44:52+00:00
/mnt/d/Music,music/POD,/mnt/d/Music/music/POD,/mnt/d/Music/music,POD,2026-07-04T17:37:41+00:00
/mnt/d/Music,music/POD/No album info,/mnt/d/Music/music/POD/No album info,/mnt/d/Music/music/POD,No album info,2026-07-04T17:37:41+00:00
/mnt/d/Music,music/Pantera,/mnt/d/Music/music/Pantera,/mnt/d/Music/music,Pantera,2026-07-04T17:44:56+00:00
/mnt/d/Music,music/Pantera/Cowboys from Hell,/mnt/d/Music/music/Pantera/Cowboys from Hell,/mnt/d/Music/music/Pantera,Cowboys from Hell,2026-07-04T17:44:52+00:00
/mnt/d/Music,music/Pantera/Far Beyond Driven,/mnt/d/Music/music/Pantera/Far Beyond Driven,/mnt/d/Music/music/Pantera,Far Beyond Driven,2026-07-04T17:44:53+00:00
/mnt/d/Music,music/Pantera/Far Beyond The Great Southern Cowboys' V,/mnt/d/Music/music/Pantera/Far Beyond The Great Southern Cowboys' V,/mnt/d/Music/music/Pantera,Far Beyond The Great Southern Cowboys' V,2026-07-04T17:44:55+00:00
/mnt/d/Music,music/Pantera/The Great Southern Trendkill,/mnt/d/Music/music/Pantera/The Great Southern Trendkill,/mnt/d/Music/music/Pantera,The Great Southern Trendkill,2026-07-04T17:44:56+00:00
/mnt/d/Music,music/Pantera/Vulgar Display Of Power,/mnt/d/Music/music/Pantera/Vulgar Display Of Power,/mnt/d/Music/music/Pantera,Vulgar Display Of Power,2026-07-04T17:44:57+00:00
/mnt/d/Music,music/Pat Benatar,/mnt/d/Music/music/Pat Benatar,/mnt/d/Music/music,Pat Benatar,2026-07-04T17:37:29+00:00
/mnt/d/Music,music/Pat Benatar/Best Shots,/mnt/d/Music/music/Pat Benatar/Best Shots,/mnt/d/Music/music/Pat Benatar,Best Shots,2026-07-04T17:37:29+00:00
/mnt/d/Music,music/Pat Benatar/Very Best of Pat Benetar,/mnt/d/Music/music/Pat Benatar/Very Best of Pat Benetar,/mnt/d/Music/music/Pat Benatar,Very Best of Pat Benetar,2026-07-04T17:37:29+00:00
/mnt/d/Music,music/Pearl Jam,/mnt/d/Music/music/Pearl Jam,/mnt/d/Music/music,Pearl Jam,2026-07-04T17:37:35+00:00
/mnt/d/Music,music/Pearl Jam/Jeremy [UK],/mnt/d/Music/music/Pearl Jam/Jeremy [UK],/mnt/d/Music/music/Pearl Jam,Jeremy [UK],2026-07-04T17:37:29+00:00
/mnt/d/Music,music/Pearl Jam/Rearviewmirror (Greatest Hits 1991-2003),/mnt/d/Music/music/Pearl Jam/Rearviewmirror (Greatest Hits 1991-2003),/mnt/d/Music/music/Pearl Jam,Rearviewmirror (Greatest Hits 1991-2003),2026-07-04T17:37:33+00:00
/mnt/d/Music,music/Pearl Jam/Ten,/mnt/d/Music/music/Pearl Jam/Ten,/mnt/d/Music/music/Pearl Jam,Ten,2026-07-04T17:37:35+00:00
/mnt/d/Music,music/Pearl Jam/Vitalogy,/mnt/d/Music/music/Pearl Jam/Vitalogy,/mnt/d/Music/music/Pearl Jam,Vitalogy,2026-07-04T17:37:35+00:00
/mnt/d/Music,music/Pearl Jam/Vs,/mnt/d/Music/music/Pearl Jam/Vs,/mnt/d/Music/music/Pearl Jam,Vs,2026-07-04T17:37:35+00:00
/mnt/d/Music,music/Peter Frampton,/mnt/d/Music/music/Peter Frampton,/mnt/d/Music/music,Peter Frampton,2026-07-04T17:37:35+00:00
/mnt/d/Music,music/Peter Frampton/Even More Dazed and Confused,/mnt/d/Music/music/Peter Frampton/Even More Dazed and Confused,/mnt/d/Music/music/Peter Frampton,Even More Dazed and Confused,2026-07-04T17:37:35+00:00
/mnt/d/Music,music/Peter Frampton/No album info,/mnt/d/Music/music/Peter Frampton/No album info,/mnt/d/Music/music/Peter Frampton,No album info,2026-07-04T17:37:35+00:00
/mnt/d/Music,music/Pink Floyd,/mnt/d/Music/music/Pink Floyd,/mnt/d/Music/music,Pink Floyd,2026-07-04T17:37:39+00:00
/mnt/d/Music,music/Pink Floyd/Animals,/mnt/d/Music/music/Pink Floyd/Animals,/mnt/d/Music/music/Pink Floyd,Animals,2026-07-04T17:37:37+00:00
/mnt/d/Music,music/Pink Floyd/Another Brick in the Wall [#1],/mnt/d/Music/music/Pink Floyd/Another Brick in the Wall [#1],/mnt/d/Music/music/Pink Floyd,Another Brick in the Wall [#1],2026-07-04T17:37:35+00:00
/mnt/d/Music,music/Pink Floyd/Dark Side Of The Moon,/mnt/d/Music/music/Pink Floyd/Dark Side Of The Moon,/mnt/d/Music/music/Pink Floyd,Dark Side Of The Moon,2026-07-04T17:37:36+00:00
/mnt/d/Music,music/Pink Floyd/The Wall (disc 1),/mnt/d/Music/music/Pink Floyd/The Wall (disc 1),/mnt/d/Music/music/Pink Floyd,The Wall (disc 1),2026-07-04T17:37:36+00:00
/mnt/d/Music,music/Pink Floyd/The Wall [Disc 1],/mnt/d/Music/music/Pink Floyd/The Wall [Disc 1],/mnt/d/Music/music/Pink Floyd,The Wall [Disc 1],2026-07-04T17:37:38+00:00
/mnt/d/Music,music/Pink Floyd/The Wall [Disc 2],/mnt/d/Music/music/Pink Floyd/The Wall [Disc 2],/mnt/d/Music/music/Pink Floyd,The Wall [Disc 2],2026-07-04T17:37:39+00:00
/mnt/d/Music,music/Pink Floyd/Wish You Were Here,/mnt/d/Music/music/Pink Floyd/Wish You Were Here,/mnt/d/Music/music/Pink Floyd,Wish You Were Here,2026-07-04T17:37:40+00:00
/mnt/d/Music,music/Podcasts,/mnt/d/Music/music/Podcasts,/mnt/d/Music/music,Podcasts,2026-07-04T17:44:57+00:00
/mnt/d/Music,music/Podcasts/Learn Spanish with Coffee Break Spanish,/mnt/d/Music/music/Podcasts/Learn Spanish with Coffee Break Spanish,/mnt/d/Music/music/Podcasts,Learn Spanish with Coffee Break Spanish,2026-07-04T17:45:01+00:00
/mnt/d/Music,music/Poison,/mnt/d/Music/music/Poison,/mnt/d/Music/music,Poison,2026-07-04T17:37:41+00:00
/mnt/d/Music,music/Poison/Poison's Greatest Hits 1986-1996,/mnt/d/Music/music/Poison/Poison's Greatest Hits 1986-1996,/mnt/d/Music/music/Poison,Poison's Greatest Hits 1986-1996,2026-07-04T17:37:41+00:00
/mnt/d/Music,music/Pop,/mnt/d/Music/music/Pop,/mnt/d/Music/music,Pop,2026-07-04T17:43:13+00:00
/mnt/d/Music,music/Pop/Black Eyed Peas,/mnt/d/Music/music/Pop/Black Eyed Peas,/mnt/d/Music/music/Pop,Black Eyed Peas,2026-07-04T17:43:00+00:00
/mnt/d/Music,music/Pop/Black Eyed Peas/Pop Mix,/mnt/d/Music/music/Pop/Black Eyed Peas/Pop Mix,/mnt/d/Music/music/Pop/Black Eyed Peas,Pop Mix,2026-07-04T17:43:00+00:00
/mnt/d/Music,music/Pop/Christina Aguilera,/mnt/d/Music/music/Pop/Christina Aguilera,/mnt/d/Music/music/Pop,Christina Aguilera,2026-07-04T17:43:01+00:00
/mnt/d/Music,music/Pop/Christina Aguilera/Christina Aguilera,/mnt/d/Music/music/Pop/Christina Aguilera/Christina Aguilera,/mnt/d/Music/music/Pop/Christina Aguilera,Christina Aguilera,2026-07-04T17:43:01+00:00
/mnt/d/Music,music/Pop/Christina Aguilera/Stripped,/mnt/d/Music/music/Pop/Christina Aguilera/Stripped,/mnt/d/Music/music/Pop/Christina Aguilera,Stripped,2026-07-04T17:43:03+00:00
/mnt/d/Music,music/Pop/Corey Hart,/mnt/d/Music/music/Pop/Corey Hart,/mnt/d/Music/music/Pop,Corey Hart,2026-07-04T17:43:03+00:00
/mnt/d/Music,music/Pop/Corey Hart/80's Mix,/mnt/d/Music/music/Pop/Corey Hart/80's Mix,/mnt/d/Music/music/Pop/Corey Hart,80's Mix,2026-07-04T17:43:03+00:00
/mnt/d/Music,music/Pop/Coyote Ugly,/mnt/d/Music/music/Pop/Coyote Ugly,/mnt/d/Music/music/Pop,Coyote Ugly,2026-07-04T17:43:03+00:00
/mnt/d/Music,music/Pop/Coyote Ugly/Coyote Ugly,/mnt/d/Music/music/Pop/Coyote Ugly/Coyote Ugly,/mnt/d/Music/music/Pop/Coyote Ugly,Coyote Ugly,2026-07-04T17:43:03+00:00
/mnt/d/Music,music/Pop/Elton John,/mnt/d/Music/music/Pop/Elton John,/mnt/d/Music/music/Pop,Elton John,2026-07-04T17:43:04+00:00
/mnt/d/Music,music/Pop/Elton John/Greatest Hits,/mnt/d/Music/music/Pop/Elton John/Greatest Hits,/mnt/d/Music/music/Pop/Elton John,Greatest Hits,2026-07-04T17:43:04+00:00
/mnt/d/Music,music/Pop/Enrique Iglesias,/mnt/d/Music/music/Pop/Enrique Iglesias,/mnt/d/Music/music/Pop,Enrique Iglesias,2026-07-04T17:43:04+00:00
/mnt/d/Music,music/Pop/Enrique Iglesias/No album info,/mnt/d/Music/music/Pop/Enrique Iglesias/No album info,/mnt/d/Music/music/Pop/Enrique Iglesias,No album info,2026-07-04T17:43:04+00:00
/mnt/d/Music,music/Pop/Enya,/mnt/d/Music/music/Pop/Enya,/mnt/d/Music/music/Pop,Enya,2026-07-04T17:43:04+00:00
/mnt/d/Music,music/Pop/Enya/A Day Without Rain,/mnt/d/Music/music/Pop/Enya/A Day Without Rain,/mnt/d/Music/music/Pop/Enya,A Day Without Rain,2026-07-04T17:43:04+00:00
/mnt/d/Music,music/Pop/Fatboy Slim,/mnt/d/Music/music/Pop/Fatboy Slim,/mnt/d/Music/music/Pop,Fatboy Slim,2026-07-04T17:43:04+00:00
/mnt/d/Music,music/Pop/Fatboy Slim/Halfway Between the Gutter and the Stars [Bonus VCD] Disc 1,/mnt/d/Music/music/Pop/Fatboy Slim/Halfway Between the Gutter and the Stars [Bonus VCD] Disc 1,/mnt/d/Music/music/Pop/Fatboy Slim,Halfway Between the Gutter and the Stars [Bonus VCD] Disc 1,2026-07-04T17:43:04+00:00
/mnt/d/Music,music/Pop/Fatboy Slim/No album info,/mnt/d/Music/music/Pop/Fatboy Slim/No album info,/mnt/d/Music/music/Pop/Fatboy Slim,No album info,2026-07-04T17:43:04+00:00
/mnt/d/Music,music/Pop/Fiona Apple,/mnt/d/Music/music/Pop/Fiona Apple,/mnt/d/Music/music/Pop,Fiona Apple,2026-07-04T17:43:04+00:00
/mnt/d/Music,music/Pop/Fiona Apple/Tidal,/mnt/d/Music/music/Pop/Fiona Apple/Tidal,/mnt/d/Music/music/Pop/Fiona Apple,Tidal,2026-07-04T17:43:04+00:00
/mnt/d/Music,music/Pop/Freaky Friday,/mnt/d/Music/music/Pop/Freaky Friday,/mnt/d/Music/music/Pop,Freaky Friday,2026-07-04T17:43:05+00:00
/mnt/d/Music,music/Pop/Freaky Friday/Freaky Friday,/mnt/d/Music/music/Pop/Freaky Friday/Freaky Friday,/mnt/d/Music/music/Pop/Freaky Friday,Freaky Friday,2026-07-04T17:43:05+00:00
/mnt/d/Music,music/Pop/Gwen Stefani,/mnt/d/Music/music/Pop/Gwen Stefani,/mnt/d/Music/music/Pop,Gwen Stefani,2026-07-04T17:43:05+00:00
/mnt/d/Music,"music/Pop/Gwen Stefani/Love, Angel, Music, Baby","/mnt/d/Music/music/Pop/Gwen Stefani/Love, Angel, Music, Baby",/mnt/d/Music/music/Pop/Gwen Stefani,"Love, Angel, Music, Baby",2026-07-04T17:43:05+00:00
/mnt/d/Music,music/Pop/Jermain Dupri,/mnt/d/Music/music/Pop/Jermain Dupri,/mnt/d/Music/music/Pop,Jermain Dupri,2026-07-04T17:43:05+00:00
/mnt/d/Music,music/Pop/Jermain Dupri/Pop Mix,/mnt/d/Music/music/Pop/Jermain Dupri/Pop Mix,/mnt/d/Music/music/Pop/Jermain Dupri,Pop Mix,2026-07-04T17:43:05+00:00
/mnt/d/Music,music/Pop/Jessica Simpson,/mnt/d/Music/music/Pop/Jessica Simpson,/mnt/d/Music/music/Pop,Jessica Simpson,2026-07-04T17:43:05+00:00
/mnt/d/Music,music/Pop/Jessica Simpson/Now 17,/mnt/d/Music/music/Pop/Jessica Simpson/Now 17,/mnt/d/Music/music/Pop/Jessica Simpson,Now 17,2026-07-04T17:43:05+00:00
/mnt/d/Music,music/Pop/Jewel,/mnt/d/Music/music/Pop/Jewel,/mnt/d/Music/music/Pop,Jewel,2026-07-04T17:43:05+00:00
/mnt/d/Music,music/Pop/Jewel/Pieces Of You,/mnt/d/Music/music/Pop/Jewel/Pieces Of You,/mnt/d/Music/music/Pop/Jewel,Pieces Of You,2026-07-04T17:43:05+00:00
/mnt/d/Music,music/Pop/Justin Timberlake,/mnt/d/Music/music/Pop/Justin Timberlake,/mnt/d/Music/music/Pop,Justin Timberlake,2026-07-04T17:43:06+00:00
/mnt/d/Music,music/Pop/Justin Timberlake/Justified,/mnt/d/Music/music/Pop/Justin Timberlake/Justified,/mnt/d/Music/music/Pop/Justin Timberlake,Justified,2026-07-04T17:43:07+00:00
/mnt/d/Music,music/Pop/LL Cool J,/mnt/d/Music/music/Pop/LL Cool J,/mnt/d/Music/music/Pop,LL Cool J,2026-07-04T17:43:07+00:00
/mnt/d/Music,music/Pop/LL Cool J/Pop Mix,/mnt/d/Music/music/Pop/LL Cool J/Pop Mix,/mnt/d/Music/music/Pop/LL Cool J,Pop Mix,2026-07-04T17:43:07+00:00
/mnt/d/Music,music/Pop/Lou Bega,/mnt/d/Music/music/Pop/Lou Bega,/mnt/d/Music/music/Pop,Lou Bega,2026-07-04T17:43:07+00:00
/mnt/d/Music,music/Pop/Lou Bega/No album info,/mnt/d/Music/music/Pop/Lou Bega/No album info,/mnt/d/Music/music/Pop/Lou Bega,No album info,2026-07-04T17:43:07+00:00
/mnt/d/Music,music/Pop/Madonna,/mnt/d/Music/music/Pop/Madonna,/mnt/d/Music/music/Pop,Madonna,2026-07-04T17:43:08+00:00
/mnt/d/Music,music/Pop/Madonna/Immaculate Collection_Something to Remember (1 of 2),/mnt/d/Music/music/Pop/Madonna/Immaculate Collection_Something to Remember (1 of 2),/mnt/d/Music/music/Pop/Madonna,Immaculate Collection_Something to Remember (1 of 2),2026-07-04T17:43:07+00:00
/mnt/d/Music,music/Pop/Madonna/Music,/mnt/d/Music/music/Pop/Madonna/Music,/mnt/d/Music/music/Pop/Madonna,Music,2026-07-04T17:43:08+00:00
/mnt/d/Music,music/Pop/Madonna/No album info,/mnt/d/Music/music/Pop/Madonna/No album info,/mnt/d/Music/music/Pop/Madonna,No album info,2026-07-04T17:43:08+00:00
/mnt/d/Music,music/Pop/Meredith Brooks,/mnt/d/Music/music/Pop/Meredith Brooks,/mnt/d/Music/music/Pop,Meredith Brooks,2026-07-04T17:43:08+00:00
/mnt/d/Music,music/Pop/Meredith Brooks/No album info,/mnt/d/Music/music/Pop/Meredith Brooks/No album info,/mnt/d/Music/music/Pop/Meredith Brooks,No album info,2026-07-04T17:43:08+00:00
/mnt/d/Music,music/Pop/Michael Jackson,/mnt/d/Music/music/Pop/Michael Jackson,/mnt/d/Music/music/Pop,Michael Jackson,2026-07-04T17:43:08+00:00
/mnt/d/Music,music/Pop/Michael Jackson/Number Ones,/mnt/d/Music/music/Pop/Michael Jackson/Number Ones,/mnt/d/Music/music/Pop/Michael Jackson,Number Ones,2026-07-04T17:43:10+00:00
/mnt/d/Music,music/Pop/Michelle Branch,/mnt/d/Music/music/Pop/Michelle Branch,/mnt/d/Music/music/Pop,Michelle Branch,2026-07-04T17:43:10+00:00
/mnt/d/Music,music/Pop/Michelle Branch/No album info,/mnt/d/Music/music/Pop/Michelle Branch/No album info,/mnt/d/Music/music/Pop/Michelle Branch,No album info,2026-07-04T17:43:11+00:00
/mnt/d/Music,music/Pop/Nelly Furtado,/mnt/d/Music/music/Pop/Nelly Furtado,/mnt/d/Music/music/Pop,Nelly Furtado,2026-07-04T17:43:11+00:00
/mnt/d/Music,music/Pop/Nelly Furtado/No album info,/mnt/d/Music/music/Pop/Nelly Furtado/No album info,/mnt/d/Music/music/Pop/Nelly Furtado,No album info,2026-07-04T17:43:11+00:00
/mnt/d/Music,music/Pop/No Doubt,/mnt/d/Music/music/Pop/No Doubt,/mnt/d/Music/music/Pop,No Doubt,2026-07-04T17:43:11+00:00
/mnt/d/Music,music/Pop/No Doubt/Tragic Kingdom,/mnt/d/Music/music/Pop/No Doubt/Tragic Kingdom,/mnt/d/Music/music/Pop/No Doubt,Tragic Kingdom,2026-07-04T17:43:11+00:00
/mnt/d/Music,music/Pop/Norah Jones,/mnt/d/Music/music/Pop/Norah Jones,/mnt/d/Music/music/Pop,Norah Jones,2026-07-04T17:43:11+00:00
/mnt/d/Music,music/Pop/Norah Jones/No album info,/mnt/d/Music/music/Pop/Norah Jones/No album info,/mnt/d/Music/music/Pop/Norah Jones,No album info,2026-07-04T17:43:11+00:00
/mnt/d/Music,music/Pop/Paula Cole,/mnt/d/Music/music/Pop/Paula Cole,/mnt/d/Music/music/Pop,Paula Cole,2026-07-04T17:43:11+00:00
/mnt/d/Music,music/Pop/Paula Cole/No album info,/mnt/d/Music/music/Pop/Paula Cole/No album info,/mnt/d/Music/music/Pop/Paula Cole,No album info,2026-07-04T17:43:11+00:00
/mnt/d/Music,music/Pop/Quad City DJ's,/mnt/d/Music/music/Pop/Quad City DJ's,/mnt/d/Music/music/Pop,Quad City DJ's,2026-07-04T17:43:11+00:00
/mnt/d/Music,music/Pop/Quad City DJ's/Pop Mix,/mnt/d/Music/music/Pop/Quad City DJ's/Pop Mix,/mnt/d/Music/music/Pop/Quad City DJ's,Pop Mix,2026-07-04T17:43:11+00:00
/mnt/d/Music,music/Pop/Right Said Fred,/mnt/d/Music/music/Pop/Right Said Fred,/mnt/d/Music/music/Pop,Right Said Fred,2026-07-04T17:43:12+00:00
/mnt/d/Music,music/Pop/Right Said Fred/No album info,/mnt/d/Music/music/Pop/Right Said Fred/No album info,/mnt/d/Music/music/Pop/Right Said Fred,No album info,2026-07-04T17:43:12+00:00
/mnt/d/Music,music/Pop/Santana,/mnt/d/Music/music/Pop/Santana,/mnt/d/Music/music/Pop,Santana,2026-07-04T17:43:12+00:00
/mnt/d/Music,music/Pop/Santana/Supernatural,/mnt/d/Music/music/Pop/Santana/Supernatural,/mnt/d/Music/music/Pop/Santana,Supernatural,2026-07-04T17:43:12+00:00
/mnt/d/Music,music/Pop/Sarah McLachlan,/mnt/d/Music/music/Pop/Sarah McLachlan,/mnt/d/Music/music/Pop,Sarah McLachlan,2026-07-04T17:43:12+00:00
/mnt/d/Music,music/Pop/Sarah McLachlan/No album info,/mnt/d/Music/music/Pop/Sarah McLachlan/No album info,/mnt/d/Music/music/Pop/Sarah McLachlan,No album info,2026-07-04T17:43:12+00:00
/mnt/d/Music,music/Pop/Seal,/mnt/d/Music/music/Pop/Seal,/mnt/d/Music/music/Pop,Seal,2026-07-04T17:43:12+00:00
/mnt/d/Music,music/Pop/Seal/No album info,/mnt/d/Music/music/Pop/Seal/No album info,/mnt/d/Music/music/Pop/Seal,No album info,2026-07-04T17:43:12+00:00
/mnt/d/Music,music/Pop/Shakira,/mnt/d/Music/music/Pop/Shakira,/mnt/d/Music/music/Pop,Shakira,2026-07-04T17:43:12+00:00
/mnt/d/Music,music/Pop/Shakira/No album info,/mnt/d/Music/music/Pop/Shakira/No album info,/mnt/d/Music/music/Pop/Shakira,No album info,2026-07-04T17:43:12+00:00
/mnt/d/Music,music/Pop/Sheryl Crow,/mnt/d/Music/music/Pop/Sheryl Crow,/mnt/d/Music/music/Pop,Sheryl Crow,2026-07-04T17:43:13+00:00
/mnt/d/Music,music/Pop/Sheryl Crow/No album info,/mnt/d/Music/music/Pop/Sheryl Crow/No album info,/mnt/d/Music/music/Pop/Sheryl Crow,No album info,2026-07-04T17:43:12+00:00
/mnt/d/Music,music/Pop/Sheryl Crow/Tuesday Night Music Club,/mnt/d/Music/music/Pop/Sheryl Crow/Tuesday Night Music Club,/mnt/d/Music/music/Pop/Sheryl Crow,Tuesday Night Music Club,2026-07-04T17:43:13+00:00
/mnt/d/Music,music/Pop/The Beatles,/mnt/d/Music/music/Pop/The Beatles,/mnt/d/Music/music/Pop,The Beatles,2026-07-04T17:43:13+00:00
/mnt/d/Music,music/Pop/The Beatles/1,/mnt/d/Music/music/Pop/The Beatles/1,/mnt/d/Music/music/Pop/The Beatles,1,2026-07-04T17:43:13+00:00
/mnt/d/Music,music/Pop/The Cranberries,/mnt/d/Music/music/Pop/The Cranberries,/mnt/d/Music/music/Pop,The Cranberries,2026-07-04T17:43:13+00:00
/mnt/d/Music,"music/Pop/The Cranberries/Everybody Else Is Doing It, So Why Can't We_","/mnt/d/Music/music/Pop/The Cranberries/Everybody Else Is Doing It, So Why Can't We_",/mnt/d/Music/music/Pop/The Cranberries,"Everybody Else Is Doing It, So Why Can't We_",2026-07-04T17:43:13+00:00
/mnt/d/Music,music/Pop/The Cranberries/No Need to Argue,/mnt/d/Music/music/Pop/The Cranberries/No Need to Argue,/mnt/d/Music/music/Pop/The Cranberries,No Need to Argue,2026-07-04T17:43:13+00:00
/mnt/d/Music,music/Pop/Vanessa Carlton,/mnt/d/Music/music/Pop/Vanessa Carlton,/mnt/d/Music/music/Pop,Vanessa Carlton,2026-07-04T17:43:13+00:00
/mnt/d/Music,music/Pop/Vanessa Carlton/Legally Blonde,/mnt/d/Music/music/Pop/Vanessa Carlton/Legally Blonde,/mnt/d/Music/music/Pop/Vanessa Carlton,Legally Blonde,2026-07-04T17:43:13+00:00
/mnt/d/Music,music/Pop/Vitamin C,/mnt/d/Music/music/Pop/Vitamin C,/mnt/d/Music/music/Pop,Vitamin C,2026-07-04T17:43:13+00:00
/mnt/d/Music,music/Pop/Vitamin C/No album info,/mnt/d/Music/music/Pop/Vitamin C/No album info,/mnt/d/Music/music/Pop/Vitamin C,No album info,2026-07-04T17:43:13+00:00
/mnt/d/Music,music/Porcupine Tree,/mnt/d/Music/music/Porcupine Tree,/mnt/d/Music/music,Porcupine Tree,2026-07-04T17:34:32+00:00
/mnt/d/Music,music/Porcupine Tree/'Deadwing' Album,/mnt/d/Music/music/Porcupine Tree/'Deadwing' Album,/mnt/d/Music/music/Porcupine Tree,'Deadwing' Album,2026-07-04T17:34:32+00:00
/mnt/d/Music,music/Porcupine Tree/_Deadwing_ Album,/mnt/d/Music/music/Porcupine Tree/_Deadwing_ Album,/mnt/d/Music/music/Porcupine Tree,_Deadwing_ Album,2026-07-04T17:34:34+00:00
/mnt/d/Music,music/Powerman 5000,/mnt/d/Music/music/Powerman 5000,/mnt/d/Music/music,Powerman 5000,2026-07-04T17:45:02+00:00
/mnt/d/Music,music/Powerman 5000/Tonight the Stars Revolt,/mnt/d/Music/music/Powerman 5000/Tonight the Stars Revolt,/mnt/d/Music/music/Powerman 5000,Tonight the Stars Revolt,2026-07-04T17:45:02+00:00
/mnt/d/Music,music/President's of the United States,/mnt/d/Music/music/President's of the United States,/mnt/d/Music/music,President's of the United States,2026-07-04T17:37:41+00:00
/mnt/d/Music,music/President's of the United States/No album info,/mnt/d/Music/music/President's of the United States/No album info,/mnt/d/Music/music/President's of the United States,No album info,2026-07-04T17:37:41+00:00
/mnt/d/Music,music/Primitive Radio Gods,/mnt/d/Music/music/Primitive Radio Gods,/mnt/d/Music/music,Primitive Radio Gods,2026-07-04T17:37:41+00:00
/mnt/d/Music,music/Primitive Radio Gods/Rocket,/mnt/d/Music/music/Primitive Radio Gods/Rocket,/mnt/d/Music/music/Primitive Radio Gods,Rocket,2026-07-04T17:37:41+00:00
/mnt/d/Music,music/Progress,/mnt/d/Music/music/Progress,/mnt/d/Music/music,Progress,2026-07-04T17:34:43+00:00
/mnt/d/Music,music/Puddle of Mudd,/mnt/d/Music/music/Puddle of Mudd,/mnt/d/Music/music,Puddle of Mudd,2026-07-04T17:37:42+00:00
/mnt/d/Music,music/Puddle of Mudd/Come Clean,/mnt/d/Music/music/Puddle of Mudd/Come Clean,/mnt/d/Music/music/Puddle of Mudd,Come Clean,2026-07-04T17:37:42+00:00
/mnt/d/Music,music/Queen,/mnt/d/Music/music/Queen,/mnt/d/Music/music,Queen,2026-07-04T17:37:44+00:00
/mnt/d/Music,music/Queen Of The Damned,/mnt/d/Music/music/Queen Of The Damned,/mnt/d/Music/music,Queen Of The Damned,2026-07-04T17:37:44+00:00
/mnt/d/Music,music/Queen Of The Damned/Queen Of The Damned,/mnt/d/Music/music/Queen Of The Damned/Queen Of The Damned,/mnt/d/Music/music/Queen Of The Damned,Queen Of The Damned,2026-07-04T17:37:44+00:00
/mnt/d/Music,music/Queen/Classic Queen,/mnt/d/Music/music/Queen/Classic Queen,/mnt/d/Music/music/Queen,Classic Queen,2026-07-04T17:37:42+00:00
/mnt/d/Music,music/Queen/No album info,/mnt/d/Music/music/Queen/No album info,/mnt/d/Music/music/Queen,No album info,2026-07-04T17:37:42+00:00
/mnt/d/Music,music/Queen/Queen_ Greatest Hits,/mnt/d/Music/music/Queen/Queen_ Greatest Hits,/mnt/d/Music/music/Queen,Queen_ Greatest Hits,2026-07-04T17:37:44+00:00
/mnt/d/Music,music/Queen/The Game,/mnt/d/Music/music/Queen/The Game,/mnt/d/Music/music/Queen,The Game,2026-07-04T17:37:44+00:00
/mnt/d/Music,music/Queensryche,/mnt/d/Music/music/Queensryche,/mnt/d/Music/music,Queensryche,2026-07-04T17:37:45+00:00
/mnt/d/Music,music/Queensryche/No album info,/mnt/d/Music/music/Queensryche/No album info,/mnt/d/Music/music/Queensryche,No album info,2026-07-04T17:37:45+00:00
/mnt/d/Music,music/R&B,/mnt/d/Music/music/R&B,/mnt/d/Music/music,R&B,2026-07-04T17:43:34+00:00
/mnt/d/Music,music/R&B/Afroman,/mnt/d/Music/music/R&B/Afroman,/mnt/d/Music/music/R&B,Afroman,2026-07-04T17:43:14+00:00
/mnt/d/Music,music/R&B/Afroman/No album info,/mnt/d/Music/music/R&B/Afroman/No album info,/mnt/d/Music/music/R&B/Afroman,No album info,2026-07-04T17:43:14+00:00
/mnt/d/Music,music/R&B/Black Eyed Peas,/mnt/d/Music/music/R&B/Black Eyed Peas,/mnt/d/Music/music/R&B,Black Eyed Peas,2026-07-04T17:43:14+00:00
/mnt/d/Music,music/R&B/Black Eyed Peas/Now 17,/mnt/d/Music/music/R&B/Black Eyed Peas/Now 17,/mnt/d/Music/music/R&B/Black Eyed Peas,Now 17,2026-07-04T17:43:14+00:00
/mnt/d/Music,music/R&B/Bobby Valentino,/mnt/d/Music/music/R&B/Bobby Valentino,/mnt/d/Music/music/R&B,Bobby Valentino,2026-07-04T17:43:14+00:00
/mnt/d/Music,music/R&B/Bobby Valentino/R&B,/mnt/d/Music/music/R&B/Bobby Valentino/R&B,/mnt/d/Music/music/R&B/Bobby Valentino,R&B,2026-07-04T17:43:14+00:00
/mnt/d/Music,music/R&B/Boyz II Men,/mnt/d/Music/music/R&B/Boyz II Men,/mnt/d/Music/music/R&B,Boyz II Men,2026-07-04T17:43:14+00:00
/mnt/d/Music,music/R&B/Boyz II Men/Legacy,/mnt/d/Music/music/R&B/Boyz II Men/Legacy,/mnt/d/Music/music/R&B/Boyz II Men,Legacy,2026-07-04T17:43:15+00:00
/mnt/d/Music,music/R&B/Craig David,/mnt/d/Music/music/R&B/Craig David,/mnt/d/Music/music/R&B,Craig David,2026-07-04T17:43:16+00:00
/mnt/d/Music,music/R&B/Craig David/Born To Do It,/mnt/d/Music/music/R&B/Craig David/Born To Do It,/mnt/d/Music/music/R&B/Craig David,Born To Do It,2026-07-04T17:43:17+00:00
/mnt/d/Music,music/R&B/Destiny's Child,/mnt/d/Music/music/R&B/Destiny's Child,/mnt/d/Music/music/R&B,Destiny's Child,2026-07-04T17:43:19+00:00
/mnt/d/Music,music/R&B/Destiny's Child/Survivor,/mnt/d/Music/music/R&B/Destiny's Child/Survivor,/mnt/d/Music/music/R&B/Destiny's Child,Survivor,2026-07-04T17:43:19+00:00
/mnt/d/Music,music/R&B/Destiny's Child/The Writing's On The Wall,/mnt/d/Music/music/R&B/Destiny's Child/The Writing's On The Wall,/mnt/d/Music/music/R&B/Destiny's Child,The Writing's On The Wall,2026-07-04T17:43:21+00:00
/mnt/d/Music,music/R&B/Diddy,/mnt/d/Music/music/R&B/Diddy,/mnt/d/Music/music/R&B,Diddy,2026-07-04T17:43:23+00:00
/mnt/d/Music,music/R&B/Diddy/Press Play,/mnt/d/Music/music/R&B/Diddy/Press Play,/mnt/d/Music/music/R&B/Diddy,Press Play,2026-07-04T17:43:23+00:00
/mnt/d/Music,music/R&B/Diddy/R&B,/mnt/d/Music/music/R&B/Diddy/R&B,/mnt/d/Music/music/R&B/Diddy,R&B,2026-07-04T17:43:23+00:00
/mnt/d/Music,music/R&B/Dr. Dre,/mnt/d/Music/music/R&B/Dr. Dre,/mnt/d/Music/music/R&B,Dr. Dre,2026-07-04T17:43:23+00:00
/mnt/d/Music,music/R&B/Dr. Dre/title,/mnt/d/Music/music/R&B/Dr. Dre/title,/mnt/d/Music/music/R&B/Dr. Dre,title,2026-07-04T17:43:23+00:00
/mnt/d/Music,music/R&B/Eve,/mnt/d/Music/music/R&B/Eve,/mnt/d/Music/music/R&B,Eve,2026-07-04T17:43:23+00:00
/mnt/d/Music,music/R&B/Eve/Scorpion,/mnt/d/Music/music/R&B/Eve/Scorpion,/mnt/d/Music/music/R&B/Eve,Scorpion,2026-07-04T17:43:23+00:00
/mnt/d/Music,music/R&B/Fabolous,/mnt/d/Music/music/R&B/Fabolous,/mnt/d/Music/music/R&B,Fabolous,2026-07-04T17:43:23+00:00
/mnt/d/Music,music/R&B/Fabolous/R&B,/mnt/d/Music/music/R&B/Fabolous/R&B,/mnt/d/Music/music/R&B/Fabolous,R&B,2026-07-04T17:43:23+00:00
/mnt/d/Music,music/R&B/Field Mobb,/mnt/d/Music/music/R&B/Field Mobb,/mnt/d/Music/music/R&B,Field Mobb,2026-07-04T17:43:23+00:00
/mnt/d/Music,music/R&B/Field Mobb/R&B,/mnt/d/Music/music/R&B/Field Mobb/R&B,/mnt/d/Music/music/R&B/Field Mobb,R&B,2026-07-04T17:43:23+00:00
/mnt/d/Music,music/R&B/G-Unit,/mnt/d/Music/music/R&B/G-Unit,/mnt/d/Music/music/R&B,G-Unit,2026-07-04T17:43:23+00:00
/mnt/d/Music,music/R&B/G-Unit/R&B,/mnt/d/Music/music/R&B/G-Unit/R&B,/mnt/d/Music/music/R&B/G-Unit,R&B,2026-07-04T17:43:23+00:00
/mnt/d/Music,music/R&B/Genuwine,/mnt/d/Music/music/R&B/Genuwine,/mnt/d/Music/music/R&B,Genuwine,2026-07-04T17:43:24+00:00
/mnt/d/Music,music/R&B/Genuwine/R&B,/mnt/d/Music/music/R&B/Genuwine/R&B,/mnt/d/Music/music/R&B/Genuwine,R&B,2026-07-04T17:43:24+00:00
/mnt/d/Music,music/R&B/Jagged Edge,/mnt/d/Music/music/R&B/Jagged Edge,/mnt/d/Music/music/R&B,Jagged Edge,2026-07-04T17:43:25+00:00
/mnt/d/Music,music/R&B/Jagged Edge/Hard,/mnt/d/Music/music/R&B/Jagged Edge/Hard,/mnt/d/Music/music/R&B/Jagged Edge,Hard,2026-07-04T17:43:25+00:00
/mnt/d/Music,music/R&B/Jagged Edge/Jagged Edge,/mnt/d/Music/music/R&B/Jagged Edge/Jagged Edge,/mnt/d/Music/music/R&B/Jagged Edge,Jagged Edge,2026-07-04T17:43:26+00:00
/mnt/d/Music,music/R&B/Jay Z,/mnt/d/Music/music/R&B/Jay Z,/mnt/d/Music/music/R&B,Jay Z,2026-07-04T17:43:26+00:00
/mnt/d/Music,music/R&B/Jay Z/No album info,/mnt/d/Music/music/R&B/Jay Z/No album info,/mnt/d/Music/music/R&B/Jay Z,No album info,2026-07-04T17:43:26+00:00
/mnt/d/Music,music/R&B/Jennifer Lopez,/mnt/d/Music/music/R&B/Jennifer Lopez,/mnt/d/Music/music/R&B,Jennifer Lopez,2026-07-04T17:43:28+00:00
/mnt/d/Music,music/R&B/Jennifer Lopez and Ja Rule,/mnt/d/Music/music/R&B/Jennifer Lopez and Ja Rule,/mnt/d/Music/music/R&B,Jennifer Lopez and Ja Rule,2026-07-04T17:43:29+00:00
/mnt/d/Music,music/R&B/Jennifer Lopez and Ja Rule/No album info,/mnt/d/Music/music/R&B/Jennifer Lopez and Ja Rule/No album info,/mnt/d/Music/music/R&B/Jennifer Lopez and Ja Rule,No album info,2026-07-04T17:43:29+00:00
/mnt/d/Music,music/R&B/Jennifer Lopez/J. Lo,/mnt/d/Music/music/R&B/Jennifer Lopez/J. Lo,/mnt/d/Music/music/R&B/Jennifer Lopez,J. Lo,2026-07-04T17:43:27+00:00
/mnt/d/Music,music/R&B/Jennifer Lopez/This Is Me... Then,/mnt/d/Music/music/R&B/Jennifer Lopez/This Is Me... Then,/mnt/d/Music/music/R&B/Jennifer Lopez,This Is Me... Then,2026-07-04T17:43:29+00:00
/mnt/d/Music,music/R&B/Keith Sweat,/mnt/d/Music/music/R&B/Keith Sweat,/mnt/d/Music/music/R&B,Keith Sweat,2026-07-04T17:43:29+00:00
/mnt/d/Music,music/R&B/Keith Sweat/Keith Sweat,/mnt/d/Music/music/R&B/Keith Sweat/Keith Sweat,/mnt/d/Music/music/R&B/Keith Sweat,Keith Sweat,2026-07-04T17:43:29+00:00
/mnt/d/Music,music/R&B/Mariah Carey,/mnt/d/Music/music/R&B/Mariah Carey,/mnt/d/Music/music/R&B,Mariah Carey,2026-07-04T17:43:29+00:00
/mnt/d/Music,music/R&B/Mariah Carey/Daydream,/mnt/d/Music/music/R&B/Mariah Carey/Daydream,/mnt/d/Music/music/R&B/Mariah Carey,Daydream,2026-07-04T17:43:29+00:00
/mnt/d/Music,music/R&B/Mariah Carey/No album info,/mnt/d/Music/music/R&B/Mariah Carey/No album info,/mnt/d/Music/music/R&B/Mariah Carey,No album info,2026-07-04T17:43:30+00:00
/mnt/d/Music,music/R&B/Marques Houston,/mnt/d/Music/music/R&B/Marques Houston,/mnt/d/Music/music/R&B,Marques Houston,2026-07-04T17:43:30+00:00
/mnt/d/Music,music/R&B/Marques Houston/R&B,/mnt/d/Music/music/R&B/Marques Houston/R&B,/mnt/d/Music/music/R&B/Marques Houston,R&B,2026-07-04T17:43:30+00:00
/mnt/d/Music,music/R&B/Missy Elliott,/mnt/d/Music/music/R&B/Missy Elliott,/mnt/d/Music/music/R&B,Missy Elliott,2026-07-04T17:43:30+00:00
/mnt/d/Music,music/R&B/Missy Elliott/No album info,/mnt/d/Music/music/R&B/Missy Elliott/No album info,/mnt/d/Music/music/R&B/Missy Elliott,No album info,2026-07-04T17:43:30+00:00
/mnt/d/Music,music/R&B/Montell Jordan,/mnt/d/Music/music/R&B/Montell Jordan,/mnt/d/Music/music/R&B,Montell Jordan,2026-07-04T17:43:30+00:00
/mnt/d/Music,music/R&B/Montell Jordan/R&B,/mnt/d/Music/music/R&B/Montell Jordan/R&B,/mnt/d/Music/music/R&B/Montell Jordan,R&B,2026-07-04T17:43:30+00:00
/mnt/d/Music,music/R&B/Mya,/mnt/d/Music/music/R&B/Mya,/mnt/d/Music/music/R&B,Mya,2026-07-04T17:43:32+00:00
/mnt/d/Music,music/R&B/Mya/Fear Of Flying,/mnt/d/Music/music/R&B/Mya/Fear Of Flying,/mnt/d/Music/music/R&B/Mya,Fear Of Flying,2026-07-04T17:43:32+00:00
/mnt/d/Music,music/R&B/Mya/R&B,/mnt/d/Music/music/R&B/Mya/R&B,/mnt/d/Music/music/R&B/Mya,R&B,2026-07-04T17:43:32+00:00
/mnt/d/Music,music/R&B/Nelly,/mnt/d/Music/music/R&B/Nelly,/mnt/d/Music/music/R&B,Nelly,2026-07-04T17:43:32+00:00
/mnt/d/Music,music/R&B/Nelly/No album info,/mnt/d/Music/music/R&B/Nelly/No album info,/mnt/d/Music/music/R&B/Nelly,No album info,2026-07-04T17:43:32+00:00
/mnt/d/Music,music/R&B/Next,/mnt/d/Music/music/R&B/Next,/mnt/d/Music/music/R&B,Next,2026-07-04T17:43:32+00:00
/mnt/d/Music,music/R&B/Next/R&B,/mnt/d/Music/music/R&B/Next/R&B,/mnt/d/Music/music/R&B/Next,R&B,2026-07-04T17:43:33+00:00
/mnt/d/Music,music/R&B/Omarion,/mnt/d/Music/music/R&B/Omarion,/mnt/d/Music/music/R&B,Omarion,2026-07-04T17:43:33+00:00
/mnt/d/Music,music/R&B/Omarion/21,/mnt/d/Music/music/R&B/Omarion/21,/mnt/d/Music/music/R&B/Omarion,21,2026-07-04T17:43:33+00:00
/mnt/d/Music,music/R&B/Outkast,/mnt/d/Music/music/R&B/Outkast,/mnt/d/Music/music/R&B,Outkast,2026-07-04T17:43:33+00:00
/mnt/d/Music,music/R&B/Outkast/No album info,/mnt/d/Music/music/R&B/Outkast/No album info,/mnt/d/Music/music/R&B/Outkast,No album info,2026-07-04T17:43:33+00:00
/mnt/d/Music,music/R&B/Pretty Ricky,/mnt/d/Music/music/R&B/Pretty Ricky,/mnt/d/Music/music/R&B,Pretty Ricky,2026-07-04T17:43:33+00:00
/mnt/d/Music,music/R&B/Pretty Ricky/R&B,/mnt/d/Music/music/R&B/Pretty Ricky/R&B,/mnt/d/Music/music/R&B/Pretty Ricky,R&B,2026-07-04T17:43:33+00:00
/mnt/d/Music,music/R&B/R. Kelly,/mnt/d/Music/music/R&B/R. Kelly,/mnt/d/Music/music/R&B,R. Kelly,2026-07-04T17:43:33+00:00
/mnt/d/Music,music/R&B/R. Kelly/R&B,/mnt/d/Music/music/R&B/R. Kelly/R&B,/mnt/d/Music/music/R&B/R. Kelly,R&B,2026-07-04T17:43:33+00:00
/mnt/d/Music,music/R&B/Ricksta,/mnt/d/Music/music/R&B/Ricksta,/mnt/d/Music/music/R&B,Ricksta,2026-07-04T17:43:33+00:00
/mnt/d/Music,music/R&B/Ricksta/No album info,/mnt/d/Music/music/R&B/Ricksta/No album info,/mnt/d/Music/music/R&B/Ricksta,No album info,2026-07-04T17:43:33+00:00
/mnt/d/Music,music/R&B/Salt 'N' Pepa,/mnt/d/Music/music/R&B/Salt 'N' Pepa,/mnt/d/Music/music/R&B,Salt 'N' Pepa,2026-07-04T17:43:33+00:00
/mnt/d/Music,music/R&B/Salt 'N' Pepa/Shoop (CD Single),/mnt/d/Music/music/R&B/Salt 'N' Pepa/Shoop (CD Single),/mnt/d/Music/music/R&B/Salt 'N' Pepa,Shoop (CD Single),2026-07-04T17:43:33+00:00
/mnt/d/Music,music/R&B/Shaggy,/mnt/d/Music/music/R&B/Shaggy,/mnt/d/Music/music/R&B,Shaggy,2026-07-04T17:43:33+00:00
/mnt/d/Music,music/R&B/Shaggy/Shaggy,/mnt/d/Music/music/R&B/Shaggy/Shaggy,/mnt/d/Music/music/R&B/Shaggy,Shaggy,2026-07-04T17:43:33+00:00
/mnt/d/Music,music/R&B/Sir Mix A Lot,/mnt/d/Music/music/R&B/Sir Mix A Lot,/mnt/d/Music/music/R&B,Sir Mix A Lot,2026-07-04T17:43:34+00:00
/mnt/d/Music,music/R&B/Sir Mix A Lot/MTV Party To Go (Vol 3),/mnt/d/Music/music/R&B/Sir Mix A Lot/MTV Party To Go (Vol 3),/mnt/d/Music/music/R&B/Sir Mix A Lot,MTV Party To Go (Vol 3),2026-07-04T17:43:34+00:00
/mnt/d/Music,music/R&B/Sisqo,/mnt/d/Music/music/R&B/Sisqo,/mnt/d/Music/music/R&B,Sisqo,2026-07-04T17:43:34+00:00
/mnt/d/Music,music/R&B/Sisqo/R&B,/mnt/d/Music/music/R&B/Sisqo/R&B,/mnt/d/Music/music/R&B/Sisqo,R&B,2026-07-04T17:43:34+00:00
/mnt/d/Music,music/R&B/Smilez And Southstar,/mnt/d/Music/music/R&B/Smilez And Southstar,/mnt/d/Music/music/R&B,Smilez And Southstar,2026-07-04T17:43:34+00:00
/mnt/d/Music,music/R&B/Smilez And Southstar/R&B,/mnt/d/Music/music/R&B/Smilez And Southstar/R&B,/mnt/d/Music/music/R&B/Smilez And Southstar,R&B,2026-07-04T17:43:34+00:00
/mnt/d/Music,music/R&B/T-Pain,/mnt/d/Music/music/R&B/T-Pain,/mnt/d/Music/music/R&B,T-Pain,2026-07-04T17:43:34+00:00
/mnt/d/Music,music/R&B/T-Pain/R&B,/mnt/d/Music/music/R&B/T-Pain/R&B,/mnt/d/Music/music/R&B/T-Pain,R&B,2026-07-04T17:43:34+00:00
/mnt/d/Music,music/R&B/The Fugees,/mnt/d/Music/music/R&B/The Fugees,/mnt/d/Music/music/R&B,The Fugees,2026-07-04T17:43:34+00:00
/mnt/d/Music,music/R&B/The Fugees/The Score,/mnt/d/Music/music/R&B/The Fugees/The Score,/mnt/d/Music/music/R&B/The Fugees,The Score,2026-07-04T17:43:34+00:00
/mnt/d/Music,music/R&B/Tony Rich Project,/mnt/d/Music/music/R&B/Tony Rich Project,/mnt/d/Music/music/R&B,Tony Rich Project,2026-07-04T17:43:34+00:00
/mnt/d/Music,music/R&B/Tony Rich Project/Nobody Knows (Single),/mnt/d/Music/music/R&B/Tony Rich Project/Nobody Knows (Single),/mnt/d/Music/music/R&B/Tony Rich Project,Nobody Knows (Single),2026-07-04T17:43:34+00:00
/mnt/d/Music,music/R&B/Usher,/mnt/d/Music/music/R&B/Usher,/mnt/d/Music/music/R&B,Usher,2026-07-04T17:43:34+00:00
/mnt/d/Music,music/R&B/Usher/8701,/mnt/d/Music/music/R&B/Usher/8701,/mnt/d/Music/music/R&B/Usher,8701,2026-07-04T17:43:36+00:00
/mnt/d/Music,music/R.E.M,/mnt/d/Music/music/R.E.M,/mnt/d/Music/music,R.E.M,2026-07-04T17:37:45+00:00
/mnt/d/Music,music/R.E.M/Document,/mnt/d/Music/music/R.E.M/Document,/mnt/d/Music/music/R.E.M,Document,2026-07-04T17:37:45+00:00
/mnt/d/Music,music/R.E.M/Out of Time,/mnt/d/Music/music/R.E.M/Out of Time,/mnt/d/Music/music/R.E.M,Out of Time,2026-07-04T17:37:45+00:00
/mnt/d/Music,music/REM,/mnt/d/Music/music/REM,/mnt/d/Music/music,REM,2026-07-04T17:37:46+00:00
/mnt/d/Music,music/REM/No album info,/mnt/d/Music/music/REM/No album info,/mnt/d/Music/music/REM,No album info,2026-07-04T17:37:46+00:00
/mnt/d/Music,music/Rage Against The Machine,/mnt/d/Music/music/Rage Against The Machine,/mnt/d/Music/music,Rage Against The Machine,2026-07-04T17:34:45+00:00
/mnt/d/Music,music/Rage Against The Machine/Rage Against The Machine,/mnt/d/Music/music/Rage Against The Machine/Rage Against The Machine,/mnt/d/Music/music/Rage Against The Machine,Rage Against The Machine,2026-07-04T17:34:47+00:00
/mnt/d/Music,music/Rage Against The Machine/The Battle Of Los Angeles,/mnt/d/Music/music/Rage Against The Machine/The Battle Of Los Angeles,/mnt/d/Music/music/Rage Against The Machine,The Battle Of Los Angeles,2026-07-04T17:34:45+00:00
/mnt/d/Music,music/Rammstein,/mnt/d/Music/music/Rammstein,/mnt/d/Music/music,Rammstein,2026-07-04T17:34:47+00:00
/mnt/d/Music,music/Rammstein/Mutter,/mnt/d/Music/music/Rammstein/Mutter,/mnt/d/Music/music/Rammstein,Mutter,2026-07-04T17:34:49+00:00
/mnt/d/Music,music/Ramones,/mnt/d/Music/music/Ramones,/mnt/d/Music/music,Ramones,2026-07-04T17:37:45+00:00
/mnt/d/Music,music/Ramones/RAMONESmania,/mnt/d/Music/music/Ramones/RAMONESmania,/mnt/d/Music/music/Ramones,RAMONESmania,2026-07-04T17:37:45+00:00
/mnt/d/Music,music/Rap,/mnt/d/Music/music/Rap,/mnt/d/Music/music,Rap,2026-07-04T17:43:40+00:00
/mnt/d/Music,music/Rap & Hip Hop,/mnt/d/Music/music/Rap & Hip Hop,/mnt/d/Music/music,Rap & Hip Hop,2026-07-04T17:43:40+00:00
/mnt/d/Music,music/Rap & Hip Hop/Jim Jones,/mnt/d/Music/music/Rap & Hip Hop/Jim Jones,/mnt/d/Music/music/Rap & Hip Hop,Jim Jones,2026-07-04T17:43:40+00:00
/mnt/d/Music,music/Rap & Hip Hop/Jim Jones/Rap Mix 1,/mnt/d/Music/music/Rap & Hip Hop/Jim Jones/Rap Mix 1,/mnt/d/Music/music/Rap & Hip Hop/Jim Jones,Rap Mix 1,2026-07-04T17:43:40+00:00
/mnt/d/Music,music/Rap & Hip-Hop,/mnt/d/Music/music/Rap & Hip-Hop,/mnt/d/Music/music,Rap & Hip-Hop,2026-07-04T17:43:40+00:00
/mnt/d/Music,music/Rap & Hip-Hop/Wyclef Jean,/mnt/d/Music/music/Rap & Hip-Hop/Wyclef Jean,/mnt/d/Music/music/Rap & Hip-Hop,Wyclef Jean,2026-07-04T17:43:40+00:00
/mnt/d/Music,music/Rap & Hip-Hop/Wyclef Jean/Carnival,/mnt/d/Music/music/Rap & Hip-Hop/Wyclef Jean/Carnival,/mnt/d/Music/music/Rap & Hip-Hop/Wyclef Jean,Carnival,2026-07-04T17:43:40+00:00
/mnt/d/Music,music/Rap/Baby Boy,/mnt/d/Music/music/Rap/Baby Boy,/mnt/d/Music/music/Rap,Baby Boy,2026-07-04T17:43:36+00:00
/mnt/d/Music,music/Rap/Baby Boy/Rap Mix 1,/mnt/d/Music/music/Rap/Baby Boy/Rap Mix 1,/mnt/d/Music/music/Rap/Baby Boy,Rap Mix 1,2026-07-04T17:43:36+00:00
/mnt/d/Music,music/Rap/Beastie Boys,/mnt/d/Music/music/Rap/Beastie Boys,/mnt/d/Music/music/Rap,Beastie Boys,2026-07-04T17:43:36+00:00
/mnt/d/Music,music/Rap/Beastie Boys/No album info,/mnt/d/Music/music/Rap/Beastie Boys/No album info,/mnt/d/Music/music/Rap/Beastie Boys,No album info,2026-07-04T17:43:36+00:00
/mnt/d/Music,music/Rap/Bow Wow,/mnt/d/Music/music/Rap/Bow Wow,/mnt/d/Music/music/Rap,Bow Wow,2026-07-04T17:43:36+00:00
/mnt/d/Music,music/Rap/Bow Wow/Rap Mix 1,/mnt/d/Music/music/Rap/Bow Wow/Rap Mix 1,/mnt/d/Music/music/Rap/Bow Wow,Rap Mix 1,2026-07-04T17:43:36+00:00
/mnt/d/Music,music/Rap/Coolio,/mnt/d/Music/music/Rap/Coolio,/mnt/d/Music/music/Rap,Coolio,2026-07-04T17:43:36+00:00
/mnt/d/Music,music/Rap/Coolio/Rap Mix 1,/mnt/d/Music/music/Rap/Coolio/Rap Mix 1,/mnt/d/Music/music/Rap/Coolio,Rap Mix 1,2026-07-04T17:43:36+00:00
/mnt/d/Music,music/Rap/D4L,/mnt/d/Music/music/Rap/D4L,/mnt/d/Music/music/Rap,D4L,2026-07-04T17:43:37+00:00
/mnt/d/Music,music/Rap/D4L/Rap Mix 1,/mnt/d/Music/music/Rap/D4L/Rap Mix 1,/mnt/d/Music/music/Rap/D4L,Rap Mix 1,2026-07-04T17:43:37+00:00
/mnt/d/Music,music/Rap/Halfbreed,/mnt/d/Music/music/Rap/Halfbreed,/mnt/d/Music/music/Rap,Halfbreed,2026-07-04T17:43:37+00:00
/mnt/d/Music,music/Rap/Halfbreed/Rage of the Plague,/mnt/d/Music/music/Rap/Halfbreed/Rage of the Plague,/mnt/d/Music/music/Rap/Halfbreed,Rage of the Plague,2026-07-04T17:43:37+00:00
/mnt/d/Music,music/Rap/Halfbreed/kontamiNATION,/mnt/d/Music/music/Rap/Halfbreed/kontamiNATION,/mnt/d/Music/music/Rap/Halfbreed,kontamiNATION,2026-07-04T17:43:37+00:00
/mnt/d/Music,music/Rap/Joe Budden,/mnt/d/Music/music/Rap/Joe Budden,/mnt/d/Music/music/Rap,Joe Budden,2026-07-04T17:43:37+00:00
/mnt/d/Music,music/Rap/Joe Budden/Rap Mix 1,/mnt/d/Music/music/Rap/Joe Budden/Rap Mix 1,/mnt/d/Music/music/Rap/Joe Budden,Rap Mix 1,2026-07-04T17:43:37+00:00
/mnt/d/Music,music/Rap/Lil Jon & The East Side Boyz,/mnt/d/Music/music/Rap/Lil Jon & The East Side Boyz,/mnt/d/Music/music/Rap,Lil Jon & The East Side Boyz,2026-07-04T17:43:37+00:00
/mnt/d/Music,music/Rap/Lil Jon & The East Side Boyz/Rap Mix 1,/mnt/d/Music/music/Rap/Lil Jon & The East Side Boyz/Rap Mix 1,/mnt/d/Music/music/Rap/Lil Jon & The East Side Boyz,Rap Mix 1,2026-07-04T17:43:37+00:00
/mnt/d/Music,music/Rap/Mobb Deep,/mnt/d/Music/music/Rap/Mobb Deep,/mnt/d/Music/music/Rap,Mobb Deep,2026-07-04T17:43:38+00:00
/mnt/d/Music,music/Rap/Mobb Deep/Rap Mix 1,/mnt/d/Music/music/Rap/Mobb Deep/Rap Mix 1,/mnt/d/Music/music/Rap/Mobb Deep,Rap Mix 1,2026-07-04T17:43:38+00:00
/mnt/d/Music,music/Rap/Notorious B.I.G,/mnt/d/Music/music/Rap/Notorious B.I.G,/mnt/d/Music/music/Rap,Notorious B.I.G,2026-07-04T17:43:38+00:00
/mnt/d/Music,music/Rap/Notorious B.I.G/Rap Mix 1,/mnt/d/Music/music/Rap/Notorious B.I.G/Rap Mix 1,/mnt/d/Music/music/Rap/Notorious B.I.G,Rap Mix 1,2026-07-04T17:43:38+00:00
/mnt/d/Music,music/Rap/Papoose,/mnt/d/Music/music/Rap/Papoose,/mnt/d/Music/music/Rap,Papoose,2026-07-04T17:43:38+00:00
/mnt/d/Music,music/Rap/Papoose/Freestyles,/mnt/d/Music/music/Rap/Papoose/Freestyles,/mnt/d/Music/music/Rap/Papoose,Freestyles,2026-07-04T17:43:39+00:00
/mnt/d/Music,music/Rap/Pastor Troy,/mnt/d/Music/music/Rap/Pastor Troy,/mnt/d/Music/music/Rap,Pastor Troy,2026-07-04T17:43:39+00:00
/mnt/d/Music,music/Rap/Pastor Troy/Rap Mix 1,/mnt/d/Music/music/Rap/Pastor Troy/Rap Mix 1,/mnt/d/Music/music/Rap/Pastor Troy,Rap Mix 1,2026-07-04T17:43:39+00:00
/mnt/d/Music,music/Rap/Project Pat,/mnt/d/Music/music/Rap/Project Pat,/mnt/d/Music/music/Rap,Project Pat,2026-07-04T17:43:39+00:00
/mnt/d/Music,music/Rap/Project Pat/Rap Mix 1,/mnt/d/Music/music/Rap/Project Pat/Rap Mix 1,/mnt/d/Music/music/Rap/Project Pat,Rap Mix 1,2026-07-04T17:43:39+00:00
/mnt/d/Music,music/Rap/Rich Boy,/mnt/d/Music/music/Rap/Rich Boy,/mnt/d/Music/music/Rap,Rich Boy,2026-07-04T17:43:39+00:00
/mnt/d/Music,music/Rap/Rich Boy/Rap Mix 1,/mnt/d/Music/music/Rap/Rich Boy/Rap Mix 1,/mnt/d/Music/music/Rap/Rich Boy,Rap Mix 1,2026-07-04T17:43:39+00:00
/mnt/d/Music,music/Rap/The Fugees,/mnt/d/Music/music/Rap/The Fugees,/mnt/d/Music/music/Rap,The Fugees,2026-07-04T17:43:39+00:00
/mnt/d/Music,music/Rap/The Fugees/The Score,/mnt/d/Music/music/Rap/The Fugees/The Score,/mnt/d/Music/music/Rap/The Fugees,The Score,2026-07-04T17:43:39+00:00
/mnt/d/Music,music/Rap/Wyclef Jean,/mnt/d/Music/music/Rap/Wyclef Jean,/mnt/d/Music/music/Rap,Wyclef Jean,2026-07-04T17:43:39+00:00
/mnt/d/Music,music/Rap/Wyclef Jean/Carnival,/mnt/d/Music/music/Rap/Wyclef Jean/Carnival,/mnt/d/Music/music/Rap/Wyclef Jean,Carnival,2026-07-04T17:43:40+00:00
/mnt/d/Music,music/Rap/Young B,/mnt/d/Music/music/Rap/Young B,/mnt/d/Music/music/Rap,Young B,2026-07-04T17:43:40+00:00
/mnt/d/Music,music/Rap/Young B/Rap Mix 1,/mnt/d/Music/music/Rap/Young B/Rap Mix 1,/mnt/d/Music/music/Rap/Young B,Rap Mix 1,2026-07-04T17:43:40+00:00
/mnt/d/Music,music/Rap_R&B,/mnt/d/Music/music/Rap_R&B,/mnt/d/Music/music,Rap_R&B,2026-07-04T17:43:40+00:00
/mnt/d/Music,music/Rap_R&B/Papoose,/mnt/d/Music/music/Rap_R&B/Papoose,/mnt/d/Music/music/Rap_R&B,Papoose,2026-07-04T17:43:40+00:00
/mnt/d/Music,music/Rap_R&B/Papoose/Freestyles,/mnt/d/Music/music/Rap_R&B/Papoose/Freestyles,/mnt/d/Music/music/Rap_R&B/Papoose,Freestyles,2026-07-04T17:43:40+00:00
/mnt/d/Music,music/Red Hot Chili Peppers,/mnt/d/Music/music/Red Hot Chili Peppers,/mnt/d/Music/music,Red Hot Chili Peppers,2026-07-04T17:37:46+00:00
/mnt/d/Music,music/Red Hot Chili Peppers/Blood Sugar Sex Magik (Bonus Version),/mnt/d/Music/music/Red Hot Chili Peppers/Blood Sugar Sex Magik (Bonus Version),/mnt/d/Music/music/Red Hot Chili Peppers,Blood Sugar Sex Magik (Bonus Version),2026-07-04T17:37:46+00:00
/mnt/d/Music,music/Red Hot Chili Peppers/Californication,/mnt/d/Music/music/Red Hot Chili Peppers/Californication,/mnt/d/Music/music/Red Hot Chili Peppers,Californication,2026-07-04T17:37:45+00:00
/mnt/d/Music,music/Red Hot Chili Peppers/Stadium Arcadium,/mnt/d/Music/music/Red Hot Chili Peppers/Stadium Arcadium,/mnt/d/Music/music/Red Hot Chili Peppers,Stadium Arcadium,2026-07-04T17:37:46+00:00
/mnt/d/Music,music/Red Hot Chilli Peppers,/mnt/d/Music/music/Red Hot Chilli Peppers,/mnt/d/Music/music,Red Hot Chilli Peppers,2026-07-04T17:37:46+00:00
/mnt/d/Music,music/Red Hot Chilli Peppers/Alternative Mix,/mnt/d/Music/music/Red Hot Chilli Peppers/Alternative Mix,/mnt/d/Music/music/Red Hot Chilli Peppers,Alternative Mix,2026-07-04T17:37:46+00:00
/mnt/d/Music,music/Red Hot Chilli Peppers/No album info,/mnt/d/Music/music/Red Hot Chilli Peppers/No album info,/mnt/d/Music/music/Red Hot Chilli Peppers,No album info,2026-07-04T17:37:46+00:00
/mnt/d/Music,music/Reggae,/mnt/d/Music/music/Reggae,/mnt/d/Music/music,Reggae,2026-07-04T17:43:45+00:00
/mnt/d/Music,music/Reggae/Bob Marley,/mnt/d/Music/music/Reggae/Bob Marley,/mnt/d/Music/music/Reggae,Bob Marley,2026-07-04T17:43:42+00:00
/mnt/d/Music,music/Reggae/Bob Marley/Legend,/mnt/d/Music/music/Reggae/Bob Marley/Legend,/mnt/d/Music/music/Reggae/Bob Marley,Legend,2026-07-04T17:43:42+00:00
/mnt/d/Music,music/Reggae/Bob Marley/No album info,/mnt/d/Music/music/Reggae/Bob Marley/No album info,/mnt/d/Music/music/Reggae/Bob Marley,No album info,2026-07-04T17:43:42+00:00
/mnt/d/Music,music/Reggae/Sean Paul,/mnt/d/Music/music/Reggae/Sean Paul,/mnt/d/Music/music/Reggae,Sean Paul,2026-07-04T17:43:42+00:00
/mnt/d/Music,music/Reggae/Sean Paul/The Trinity,/mnt/d/Music/music/Reggae/Sean Paul/The Trinity,/mnt/d/Music/music/Reggae/Sean Paul,The Trinity,2026-07-04T17:43:42+00:00
/mnt/d/Music,music/Reggae/Shaggy,/mnt/d/Music/music/Reggae/Shaggy,/mnt/d/Music/music/Reggae,Shaggy,2026-07-04T17:43:42+00:00
/mnt/d/Music,music/Reggae/Shaggy/Angel,/mnt/d/Music/music/Reggae/Shaggy/Angel,/mnt/d/Music/music/Reggae/Shaggy,Angel,2026-07-04T17:43:42+00:00
/mnt/d/Music,music/Reggae/Shaggy/_Unknown_,/mnt/d/Music/music/Reggae/Shaggy/_Unknown_,/mnt/d/Music/music/Reggae/Shaggy,_Unknown_,2026-07-04T17:43:42+00:00
/mnt/d/Music,music/Reggae/Sublime,/mnt/d/Music/music/Reggae/Sublime,/mnt/d/Music/music/Reggae,Sublime,2026-07-04T17:43:42+00:00
/mnt/d/Music,music/Reggae/Sublime/Sublime Gold,/mnt/d/Music/music/Reggae/Sublime/Sublime Gold,/mnt/d/Music/music/Reggae/Sublime,Sublime Gold,2026-07-04T17:43:44+00:00
/mnt/d/Music,music/Reggae/Wayne Wonder,/mnt/d/Music/music/Reggae/Wayne Wonder,/mnt/d/Music/music/Reggae,Wayne Wonder,2026-07-04T17:43:45+00:00
/mnt/d/Music,music/Reggae/Wayne Wonder/R&B,/mnt/d/Music/music/Reggae/Wayne Wonder/R&B,/mnt/d/Music/music/Reggae/Wayne Wonder,R&B,2026-07-04T17:43:45+00:00
/mnt/d/Music,music/Rob Zombie,/mnt/d/Music/music/Rob Zombie,/mnt/d/Music/music,Rob Zombie,2026-07-04T17:34:52+00:00
/mnt/d/Music,music/Rob Zombie/Hellbilly Deluxe,/mnt/d/Music/music/Rob Zombie/Hellbilly Deluxe,/mnt/d/Music/music/Rob Zombie,Hellbilly Deluxe,2026-07-04T17:34:52+00:00
/mnt/d/Music,"music/Rob Zombie/Past, Present & Future","/mnt/d/Music/music/Rob Zombie/Past, Present & Future",/mnt/d/Music/music/Rob Zombie,"Past, Present & Future",2026-07-04T17:34:54+00:00
/mnt/d/Music,music/Robert Plant,/mnt/d/Music/music/Robert Plant,/mnt/d/Music/music,Robert Plant,2026-07-04T17:37:47+00:00
/mnt/d/Music,music/Robert Plant/Wayne's World 2,/mnt/d/Music/music/Robert Plant/Wayne's World 2,/mnt/d/Music/music/Robert Plant,Wayne's World 2,2026-07-04T17:37:47+00:00
/mnt/d/Music,music/Robin Williams,/mnt/d/Music/music/Robin Williams,/mnt/d/Music/music,Robin Williams,2026-07-04T17:37:47+00:00
/mnt/d/Music,music/Robin Williams/Live 2002,/mnt/d/Music/music/Robin Williams/Live 2002,/mnt/d/Music/music/Robin Williams,Live 2002,2026-07-04T17:37:49+00:00
/mnt/d/Music,music/Rodrigo y Gabriela,/mnt/d/Music/music/Rodrigo y Gabriela,/mnt/d/Music/music,Rodrigo y Gabriela,2026-07-04T17:45:02+00:00
/mnt/d/Music,music/Rodrigo y Gabriela/Rodrigo y Gabriela,/mnt/d/Music/music/Rodrigo y Gabriela/Rodrigo y Gabriela,/mnt/d/Music/music/Rodrigo y Gabriela,Rodrigo y Gabriela,2026-07-04T17:45:02+00:00
/mnt/d/Music,music/Roger Love,/mnt/d/Music/music/Roger Love,/mnt/d/Music/music,Roger Love,2026-07-04T17:45:02+00:00
/mnt/d/Music,music/Roger Love/Set Your Voice Free,/mnt/d/Music/music/Roger Love/Set Your Voice Free,/mnt/d/Music/music/Roger Love,Set Your Voice Free,2026-07-04T17:45:04+00:00
/mnt/d/Music,music/Rolling Stones,/mnt/d/Music/music/Rolling Stones,/mnt/d/Music/music,Rolling Stones,2026-07-04T17:37:49+00:00
/mnt/d/Music,music/Rolling Stones/No album info,/mnt/d/Music/music/Rolling Stones/No album info,/mnt/d/Music/music/Rolling Stones,No album info,2026-07-04T17:37:49+00:00
/mnt/d/Music,music/Roy Orbison,/mnt/d/Music/music/Roy Orbison,/mnt/d/Music/music,Roy Orbison,2026-07-04T17:37:49+00:00
/mnt/d/Music,music/Roy Orbison/No album info,/mnt/d/Music/music/Roy Orbison/No album info,/mnt/d/Music/music/Roy Orbison,No album info,2026-07-04T17:37:49+00:00
/mnt/d/Music,music/Rush,/mnt/d/Music/music/Rush,/mnt/d/Music/music,Rush,2026-07-04T17:37:50+00:00
/mnt/d/Music,music/Rush/Chronicles [Disc 1],/mnt/d/Music/music/Rush/Chronicles [Disc 1],/mnt/d/Music/music/Rush,Chronicles [Disc 1],2026-07-04T17:37:51+00:00
/mnt/d/Music,music/Rush/Moving Pictures,/mnt/d/Music/music/Rush/Moving Pictures,/mnt/d/Music/music/Rush,Moving Pictures,2026-07-04T17:37:49+00:00
/mnt/d/Music,music/Saliva,/mnt/d/Music/music/Saliva,/mnt/d/Music/music,Saliva,2026-07-04T17:37:52+00:00
/mnt/d/Music,music/Saliva/Always (Promo CDS),/mnt/d/Music/music/Saliva/Always (Promo CDS),/mnt/d/Music/music/Saliva,Always (Promo CDS),2026-07-04T17:37:52+00:00
/mnt/d/Music,music/Saliva/Every Six Seconds,/mnt/d/Music/music/Saliva/Every Six Seconds,/mnt/d/Music/music/Saliva,Every Six Seconds,2026-07-04T17:37:52+00:00
/mnt/d/Music,music/Sam The Sham & The Pharohs,/mnt/d/Music/music/Sam The Sham & The Pharohs,/mnt/d/Music/music,Sam The Sham & The Pharohs,2026-07-04T17:37:52+00:00
/mnt/d/Music,music/Sam The Sham & The Pharohs/No album info,/mnt/d/Music/music/Sam The Sham & The Pharohs/No album info,/mnt/d/Music/music/Sam The Sham & The Pharohs,No album info,2026-07-04T17:37:52+00:00
/mnt/d/Music,music/Sam The Sham & The Pharohs/Rock 'n Roll Relix 1964-1965,/mnt/d/Music/music/Sam The Sham & The Pharohs/Rock 'n Roll Relix 1964-1965,/mnt/d/Music/music/Sam The Sham & The Pharohs,Rock 'n Roll Relix 1964-1965,2026-07-04T17:37:52+00:00
/mnt/d/Music,music/Santana,/mnt/d/Music/music/Santana,/mnt/d/Music/music,Santana,2026-07-04T17:37:52+00:00
/mnt/d/Music,music/Santana/Supernatural,/mnt/d/Music/music/Santana/Supernatural,/mnt/d/Music/music/Santana,Supernatural,2026-07-04T17:37:52+00:00
/mnt/d/Music,music/Savage Garden,/mnt/d/Music/music/Savage Garden,/mnt/d/Music/music,Savage Garden,2026-07-04T17:37:53+00:00
/mnt/d/Music,music/Savage Garden/Savage Garden,/mnt/d/Music/music/Savage Garden/Savage Garden,/mnt/d/Music/music/Savage Garden,Savage Garden,2026-07-04T17:37:54+00:00
/mnt/d/Music,music/Screamin' Cheetah Wheelies,/mnt/d/Music/music/Screamin' Cheetah Wheelies,/mnt/d/Music/music,Screamin' Cheetah Wheelies,2026-07-04T17:37:54+00:00
/mnt/d/Music,music/Screamin' Cheetah Wheelies/The Screamin' Cheetah Wheelies,/mnt/d/Music/music/Screamin' Cheetah Wheelies/The Screamin' Cheetah Wheelies,/mnt/d/Music/music/Screamin' Cheetah Wheelies,The Screamin' Cheetah Wheelies,2026-07-04T17:37:54+00:00
/mnt/d/Music,music/Seether,/mnt/d/Music/music/Seether,/mnt/d/Music/music,Seether,2026-07-04T17:37:55+00:00
/mnt/d/Music,music/Seether feat. Amy Lee,/mnt/d/Music/music/Seether feat. Amy Lee,/mnt/d/Music/music,Seether feat. Amy Lee,2026-07-04T17:37:55+00:00
/mnt/d/Music,music/Seether feat. Amy Lee/The Punisher,/mnt/d/Music/music/Seether feat. Amy Lee/The Punisher,/mnt/d/Music/music/Seether feat. Amy Lee,The Punisher,2026-07-04T17:37:55+00:00
/mnt/d/Music,music/Seether/Disclaimer,/mnt/d/Music/music/Seether/Disclaimer,/mnt/d/Music/music/Seether,Disclaimer,2026-07-04T17:37:54+00:00
/mnt/d/Music,music/Seether/No album info,/mnt/d/Music/music/Seether/No album info,/mnt/d/Music/music/Seether,No album info,2026-07-04T17:37:55+00:00
/mnt/d/Music,music/Semisonic,/mnt/d/Music/music/Semisonic,/mnt/d/Music/music,Semisonic,2026-07-04T17:37:55+00:00
/mnt/d/Music,music/Semisonic/Feeling Strangely Fine,/mnt/d/Music/music/Semisonic/Feeling Strangely Fine,/mnt/d/Music/music/Semisonic,Feeling Strangely Fine,2026-07-04T17:37:55+00:00
/mnt/d/Music,music/Seven Mary Three,/mnt/d/Music/music/Seven Mary Three,/mnt/d/Music/music,Seven Mary Three,2026-07-04T17:37:55+00:00
/mnt/d/Music,music/Seven Mary Three/American Standard,/mnt/d/Music/music/Seven Mary Three/American Standard,/mnt/d/Music/music/Seven Mary Three,American Standard,2026-07-04T17:37:56+00:00
/mnt/d/Music,music/Shadows Fall,/mnt/d/Music/music/Shadows Fall,/mnt/d/Music/music,Shadows Fall,2026-07-04T17:34:58+00:00
/mnt/d/Music,music/Shadows Fall/The Art Of Balance,/mnt/d/Music/music/Shadows Fall/The Art Of Balance,/mnt/d/Music/music/Shadows Fall,The Art Of Balance,2026-07-04T17:34:59+00:00
/mnt/d/Music,music/Shadows Fall/The War Within,/mnt/d/Music/music/Shadows Fall/The War Within,/mnt/d/Music/music/Shadows Fall,The War Within,2026-07-04T17:34:57+00:00
/mnt/d/Music,music/Shadows Fall/Threads Of Life,/mnt/d/Music/music/Shadows Fall/Threads Of Life,/mnt/d/Music/music/Shadows Fall,Threads Of Life,2026-07-04T17:34:56+00:00
/mnt/d/Music,music/Silverchair,/mnt/d/Music/music/Silverchair,/mnt/d/Music/music,Silverchair,2026-07-04T17:37:56+00:00
/mnt/d/Music,music/Silverchair/Frogstomp,/mnt/d/Music/music/Silverchair/Frogstomp,/mnt/d/Music/music/Silverchair,Frogstomp,2026-07-04T17:37:56+00:00
/mnt/d/Music,music/Simple Plan,/mnt/d/Music/music/Simple Plan,/mnt/d/Music/music,Simple Plan,2026-07-04T17:37:56+00:00
/mnt/d/Music,"music/Simple Plan/No Pads, No Helmets...Just Bal","/mnt/d/Music/music/Simple Plan/No Pads, No Helmets...Just Bal",/mnt/d/Music/music/Simple Plan,"No Pads, No Helmets...Just Bal",2026-07-04T17:37:56+00:00
/mnt/d/Music,"music/Simple Plan/No Pads, No Helmets...Just Balls","/mnt/d/Music/music/Simple Plan/No Pads, No Helmets...Just Balls",/mnt/d/Music/music/Simple Plan,"No Pads, No Helmets...Just Balls",2026-07-04T17:37:56+00:00
/mnt/d/Music,music/Sister Hazel,/mnt/d/Music/music/Sister Hazel,/mnt/d/Music/music,Sister Hazel,2026-07-04T17:37:56+00:00
/mnt/d/Music,music/Sister Hazel/...Somewhere More Familiar,/mnt/d/Music/music/Sister Hazel/...Somewhere More Familiar,/mnt/d/Music/music/Sister Hazel,...Somewhere More Familiar,2026-07-04T17:37:56+00:00
/mnt/d/Music,music/Skid Row,/mnt/d/Music/music/Skid Row,/mnt/d/Music/music,Skid Row,2026-07-04T17:37:57+00:00
/mnt/d/Music,music/Skid Row/40 Seasons - The Best of Skid Row,/mnt/d/Music/music/Skid Row/40 Seasons - The Best of Skid Row,/mnt/d/Music/music/Skid Row,40 Seasons - The Best of Skid Row,2026-07-04T17:37:56+00:00
/mnt/d/Music,music/Skid Row/No album info,/mnt/d/Music/music/Skid Row/No album info,/mnt/d/Music/music/Skid Row,No album info,2026-07-04T17:37:57+00:00
/mnt/d/Music,music/Slaughter,/mnt/d/Music/music/Slaughter,/mnt/d/Music/music,Slaughter,2026-07-04T17:37:57+00:00
/mnt/d/Music,music/Slaughter/Monsters Of Rock (Disc 2),/mnt/d/Music/music/Slaughter/Monsters Of Rock (Disc 2),/mnt/d/Music/music/Slaughter,Monsters Of Rock (Disc 2),2026-07-04T17:37:57+00:00
/mnt/d/Music,music/Slayer,/mnt/d/Music/music/Slayer,/mnt/d/Music/music,Slayer,2026-07-04T17:45:05+00:00
/mnt/d/Music,music/Slayer/Seasons In the Abyss,/mnt/d/Music/music/Slayer/Seasons In the Abyss,/mnt/d/Music/music/Slayer,Seasons In the Abyss,2026-07-04T17:45:05+00:00
/mnt/d/Music,music/Slipknot,/mnt/d/Music/music/Slipknot,/mnt/d/Music/music,Slipknot,2026-07-04T17:30:28+00:00
/mnt/d/Music,music/Slipknot/9.0_ Live,/mnt/d/Music/music/Slipknot/9.0_ Live,/mnt/d/Music/music/Slipknot,9.0_ Live,2026-07-04T17:30:28+00:00
/mnt/d/Music,music/Slipknot/Iowa,/mnt/d/Music/music/Slipknot/Iowa,/mnt/d/Music/music/Slipknot,Iowa,2026-07-04T17:30:25+00:00
/mnt/d/Music,music/Slipknot/Unknown Album,/mnt/d/Music/music/Slipknot/Unknown Album,/mnt/d/Music/music/Slipknot,Unknown Album,2026-07-04T17:30:31+00:00
/mnt/d/Music,music/Smash Mouth,/mnt/d/Music/music/Smash Mouth,/mnt/d/Music/music,Smash Mouth,2026-07-04T17:37:57+00:00
/mnt/d/Music,music/Smash Mouth/Astro Lounge,/mnt/d/Music/music/Smash Mouth/Astro Lounge,/mnt/d/Music/music/Smash Mouth,Astro Lounge,2026-07-04T17:37:57+00:00
/mnt/d/Music,music/Smashing Pumpkins,/mnt/d/Music/music/Smashing Pumpkins,/mnt/d/Music/music,Smashing Pumpkins,2026-07-04T17:37:57+00:00
/mnt/d/Music,music/Smashing Pumpkins/No album info,/mnt/d/Music/music/Smashing Pumpkins/No album info,/mnt/d/Music/music/Smashing Pumpkins,No album info,2026-07-04T17:37:57+00:00
/mnt/d/Music,music/Smashing Pumpkins/_Unknown_,/mnt/d/Music/music/Smashing Pumpkins/_Unknown_,/mnt/d/Music/music/Smashing Pumpkins,_Unknown_,2026-07-04T17:37:57+00:00
/mnt/d/Music,music/Soundgarden,/mnt/d/Music/music/Soundgarden,/mnt/d/Music/music,Soundgarden,2026-07-04T17:37:58+00:00
/mnt/d/Music,music/Soundgarden/A-Sides,/mnt/d/Music/music/Soundgarden/A-Sides,/mnt/d/Music/music/Soundgarden,A-Sides,2026-07-04T17:37:58+00:00
/mnt/d/Music,music/Soundgarden/No album info,/mnt/d/Music/music/Soundgarden/No album info,/mnt/d/Music/music/Soundgarden,No album info,2026-07-04T17:37:58+00:00
/mnt/d/Music,music/Soundtrack,/mnt/d/Music/music/Soundtrack,/mnt/d/Music/music,Soundtrack,2026-07-04T17:43:48+00:00
/mnt/d/Music,music/Soundtrack/Cash Money Millionaires,/mnt/d/Music/music/Soundtrack/Cash Money Millionaires,/mnt/d/Music/music/Soundtrack,Cash Money Millionaires,2026-07-04T17:43:45+00:00
/mnt/d/Music,music/Soundtrack/Cash Money Millionaires/Baller Blockin',/mnt/d/Music/music/Soundtrack/Cash Money Millionaires/Baller Blockin',/mnt/d/Music/music/Soundtrack/Cash Money Millionaires,Baller Blockin',2026-07-04T17:43:47+00:00
/mnt/d/Music,music/Soundtrack/Queen Of The Damned,/mnt/d/Music/music/Soundtrack/Queen Of The Damned,/mnt/d/Music/music/Soundtrack,Queen Of The Damned,2026-07-04T17:43:47+00:00
/mnt/d/Music,music/Soundtrack/Queen Of The Damned/Queen Of The Damned,/mnt/d/Music/music/Soundtrack/Queen Of The Damned/Queen Of The Damned,/mnt/d/Music/music/Soundtrack/Queen Of The Damned,Queen Of The Damned,2026-07-04T17:43:47+00:00
/mnt/d/Music,music/Soundtrack/Save The Last Dance,/mnt/d/Music/music/Soundtrack/Save The Last Dance,/mnt/d/Music/music/Soundtrack,Save The Last Dance,2026-07-04T17:43:47+00:00
/mnt/d/Music,music/Soundtrack/Save The Last Dance/Save The Last Dance,/mnt/d/Music/music/Soundtrack/Save The Last Dance/Save The Last Dance,/mnt/d/Music/music/Soundtrack/Save The Last Dance,Save The Last Dance,2026-07-04T17:43:48+00:00
/mnt/d/Music,music/Soundtrack/TV Cartoon Theme,/mnt/d/Music/music/Soundtrack/TV Cartoon Theme,/mnt/d/Music/music/Soundtrack,TV Cartoon Theme,2026-07-04T17:43:48+00:00
/mnt/d/Music,music/Soundtrack/TV Cartoon Theme/Music From And Inspired By Spider-Man,/mnt/d/Music/music/Soundtrack/TV Cartoon Theme/Music From And Inspired By Spider-Man,/mnt/d/Music/music/Soundtrack/TV Cartoon Theme,Music From And Inspired By Spider-Man,2026-07-04T17:43:48+00:00
/mnt/d/Music,music/Spiderbait,/mnt/d/Music/music/Spiderbait,/mnt/d/Music/music,Spiderbait,2026-07-04T17:37:58+00:00
/mnt/d/Music,music/Spiderbait/100 Tonight Alright,/mnt/d/Music/music/Spiderbait/100 Tonight Alright,/mnt/d/Music/music/Spiderbait,100 Tonight Alright,2026-07-04T17:37:58+00:00
/mnt/d/Music,music/Spin Doctors,/mnt/d/Music/music/Spin Doctors,/mnt/d/Music/music,Spin Doctors,2026-07-04T17:37:59+00:00
/mnt/d/Music,music/Spin Doctors/No album info,/mnt/d/Music/music/Spin Doctors/No album info,/mnt/d/Music/music/Spin Doctors,No album info,2026-07-04T17:37:59+00:00
/mnt/d/Music,music/Staind,/mnt/d/Music/music/Staind,/mnt/d/Music/music,Staind,2026-07-04T17:38:00+00:00
/mnt/d/Music,music/Staind/Break The Cycle,/mnt/d/Music/music/Staind/Break The Cycle,/mnt/d/Music/music/Staind,Break The Cycle,2026-07-04T17:38:00+00:00
/mnt/d/Music,music/Staind/Chapter V,/mnt/d/Music/music/Staind/Chapter V,/mnt/d/Music/music/Staind,Chapter V,2026-07-04T17:38:02+00:00
/mnt/d/Music,music/Static-X,/mnt/d/Music/music/Static-X,/mnt/d/Music/music,Static-X,2026-07-04T17:45:05+00:00
/mnt/d/Music,music/Static-X/Wisconsin Death Trip,/mnt/d/Music/music/Static-X/Wisconsin Death Trip,/mnt/d/Music/music/Static-X,Wisconsin Death Trip,2026-07-04T17:45:06+00:00
/mnt/d/Music,music/Steppenwolf,/mnt/d/Music/music/Steppenwolf,/mnt/d/Music/music,Steppenwolf,2026-07-04T17:38:02+00:00
/mnt/d/Music,music/Steppenwolf/No album info,/mnt/d/Music/music/Steppenwolf/No album info,/mnt/d/Music/music/Steppenwolf,No album info,2026-07-04T17:38:02+00:00
/mnt/d/Music,music/Steve Miller Band,/mnt/d/Music/music/Steve Miller Band,/mnt/d/Music/music,Steve Miller Band,2026-07-04T17:38:02+00:00
/mnt/d/Music,music/Steve Miller Band/Greatest Hits,/mnt/d/Music/music/Steve Miller Band/Greatest Hits,/mnt/d/Music/music/Steve Miller Band,Greatest Hits,2026-07-04T17:38:03+00:00
/mnt/d/Music,music/Steve Vai,/mnt/d/Music/music/Steve Vai,/mnt/d/Music/music,Steve Vai,2026-07-04T17:45:08+00:00
/mnt/d/Music,music/Steve Vai/Fire Garden,/mnt/d/Music/music/Steve Vai/Fire Garden,/mnt/d/Music/music/Steve Vai,Fire Garden,2026-07-04T17:45:08+00:00
/mnt/d/Music,music/Steve Vai/Flex-Able,/mnt/d/Music/music/Steve Vai/Flex-Able,/mnt/d/Music/music/Steve Vai,Flex-Able,2026-07-04T17:45:09+00:00
/mnt/d/Music,music/Stevie Nicks,/mnt/d/Music/music/Stevie Nicks,/mnt/d/Music/music,Stevie Nicks,2026-07-04T17:38:03+00:00
/mnt/d/Music,music/Stevie Nicks/Guitar Rock The Early '80s,/mnt/d/Music/music/Stevie Nicks/Guitar Rock The Early '80s,/mnt/d/Music/music/Stevie Nicks,Guitar Rock The Early '80s,2026-07-04T17:38:03+00:00
/mnt/d/Music,music/Stevie Ray Vaughan & Double Trouble,/mnt/d/Music/music/Stevie Ray Vaughan & Double Trouble,/mnt/d/Music/music,Stevie Ray Vaughan & Double Trouble,2026-07-04T17:38:03+00:00
/mnt/d/Music,music/Stevie Ray Vaughan & Double Trouble/Blues At Sunrise,/mnt/d/Music/music/Stevie Ray Vaughan & Double Trouble/Blues At Sunrise,/mnt/d/Music/music/Stevie Ray Vaughan & Double Trouble,Blues At Sunrise,2026-07-04T17:38:03+00:00
/mnt/d/Music,music/Stone Sour,/mnt/d/Music/music/Stone Sour,/mnt/d/Music/music,Stone Sour,2026-07-04T17:45:09+00:00
/mnt/d/Music,music/Stone Sour/Come What(Ever) May,/mnt/d/Music/music/Stone Sour/Come What(Ever) May,/mnt/d/Music/music/Stone Sour,Come What(Ever) May,2026-07-04T17:45:10+00:00
/mnt/d/Music,music/Stone Temple Pilots,/mnt/d/Music/music/Stone Temple Pilots,/mnt/d/Music/music,Stone Temple Pilots,2026-07-04T17:30:34+00:00
/mnt/d/Music,music/Stone Temple Pilots/Core,/mnt/d/Music/music/Stone Temple Pilots/Core,/mnt/d/Music/music/Stone Temple Pilots,Core,2026-07-04T17:30:34+00:00
/mnt/d/Music,music/Stone Temple Pilots/Purple,/mnt/d/Music/music/Stone Temple Pilots/Purple,/mnt/d/Music/music/Stone Temple Pilots,Purple,2026-07-04T17:30:34+00:00
/mnt/d/Music,music/Stone Temple Pilots/Thank You,/mnt/d/Music/music/Stone Temple Pilots/Thank You,/mnt/d/Music/music/Stone Temple Pilots,Thank You,2026-07-04T17:30:33+00:00
/mnt/d/Music,music/Strapping Young Lad,/mnt/d/Music/music/Strapping Young Lad,/mnt/d/Music/music,Strapping Young Lad,2026-07-04T17:30:34+00:00
/mnt/d/Music,music/Strapping Young Lad/Syl,/mnt/d/Music/music/Strapping Young Lad/Syl,/mnt/d/Music/music/Strapping Young Lad,Syl,2026-07-04T17:30:36+00:00
/mnt/d/Music,music/Stroke 9,/mnt/d/Music/music/Stroke 9,/mnt/d/Music/music,Stroke 9,2026-07-04T17:38:03+00:00
/mnt/d/Music,music/Stroke 9/Nasty Little Thoughts,/mnt/d/Music/music/Stroke 9/Nasty Little Thoughts,/mnt/d/Music/music/Stroke 9,Nasty Little Thoughts,2026-07-04T17:38:03+00:00
/mnt/d/Music,music/Styx,/mnt/d/Music/music/Styx,/mnt/d/Music/music,Styx,2026-07-04T17:38:03+00:00
/mnt/d/Music,music/Styx/title,/mnt/d/Music/music/Styx/title,/mnt/d/Music/music/Styx,title,2026-07-04T17:38:03+00:00
/mnt/d/Music,music/Sublime,/mnt/d/Music/music/Sublime,/mnt/d/Music/music,Sublime,2026-07-04T17:38:04+00:00
/mnt/d/Music,music/Sublime/No album info,/mnt/d/Music/music/Sublime/No album info,/mnt/d/Music/music/Sublime,No album info,2026-07-04T17:38:04+00:00
/mnt/d/Music,music/Sublime/Sublime,/mnt/d/Music/music/Sublime/Sublime,/mnt/d/Music/music/Sublime,Sublime,2026-07-04T17:38:04+00:00
/mnt/d/Music,music/Sugar Ray,/mnt/d/Music/music/Sugar Ray,/mnt/d/Music/music,Sugar Ray,2026-07-04T17:38:04+00:00
/mnt/d/Music,music/Sugar Ray/14-59,/mnt/d/Music/music/Sugar Ray/14-59,/mnt/d/Music/music/Sugar Ray,14-59,2026-07-04T17:38:04+00:00
/mnt/d/Music,music/Sugar Ray/When Its Over(Promo CDS),/mnt/d/Music/music/Sugar Ray/When Its Over(Promo CDS),/mnt/d/Music/music/Sugar Ray,When Its Over(Promo CDS),2026-07-04T17:38:04+00:00
/mnt/d/Music,music/Sum 41,/mnt/d/Music/music/Sum 41,/mnt/d/Music/music,Sum 41,2026-07-04T17:38:04+00:00
/mnt/d/Music,music/Sum 41/All Killer No Filler,/mnt/d/Music/music/Sum 41/All Killer No Filler,/mnt/d/Music/music/Sum 41,All Killer No Filler,2026-07-04T17:38:04+00:00
/mnt/d/Music,"music/Sum 41/All Killer, No Filler","/mnt/d/Music/music/Sum 41/All Killer, No Filler",/mnt/d/Music/music/Sum 41,"All Killer, No Filler",2026-07-04T17:38:04+00:00
/mnt/d/Music,music/Swing,/mnt/d/Music/music/Swing,/mnt/d/Music/music,Swing,2026-07-04T17:43:50+00:00
/mnt/d/Music,music/Swing/Benny Goodman,/mnt/d/Music/music/Swing/Benny Goodman,/mnt/d/Music/music/Swing,Benny Goodman,2026-07-04T17:43:50+00:00
/mnt/d/Music,music/Swing/Benny Goodman/No album info,/mnt/d/Music/music/Swing/Benny Goodman/No album info,/mnt/d/Music/music/Swing/Benny Goodman,No album info,2026-07-04T17:43:50+00:00
/mnt/d/Music,music/Swing/Big Bad Voodoo Daddy,/mnt/d/Music/music/Swing/Big Bad Voodoo Daddy,/mnt/d/Music/music/Swing,Big Bad Voodoo Daddy,2026-07-04T17:43:50+00:00
/mnt/d/Music,music/Swing/Big Bad Voodoo Daddy/Swingers,/mnt/d/Music/music/Swing/Big Bad Voodoo Daddy/Swingers,/mnt/d/Music/music/Swing/Big Bad Voodoo Daddy,Swingers,2026-07-04T17:43:50+00:00
/mnt/d/Music,music/Switchfoot,/mnt/d/Music/music/Switchfoot,/mnt/d/Music/music,Switchfoot,2026-07-04T17:38:04+00:00
/mnt/d/Music,music/Switchfoot/Now 17,/mnt/d/Music/music/Switchfoot/Now 17,/mnt/d/Music/music/Switchfoot,Now 17,2026-07-04T17:38:04+00:00
/mnt/d/Music,music/System Of A Down,/mnt/d/Music/music/System Of A Down,/mnt/d/Music/music,System Of A Down,2026-07-04T17:30:46+00:00
/mnt/d/Music,music/System Of A Down/Hypnotize,/mnt/d/Music/music/System Of A Down/Hypnotize,/mnt/d/Music/music/System Of A Down,Hypnotize,2026-07-04T17:30:45+00:00
/mnt/d/Music,music/System Of A Down/Mezmerize,/mnt/d/Music/music/System Of A Down/Mezmerize,/mnt/d/Music/music/System Of A Down,Mezmerize,2026-07-04T17:30:43+00:00
/mnt/d/Music,music/System Of A Down/Steal This Album,/mnt/d/Music/music/System Of A Down/Steal This Album,/mnt/d/Music/music/System Of A Down,Steal This Album,2026-07-04T17:30:45+00:00
/mnt/d/Music,music/System Of A Down/Steal This Album!,/mnt/d/Music/music/System Of A Down/Steal This Album!,/mnt/d/Music/music/System Of A Down,Steal This Album!,2026-07-04T17:30:40+00:00
/mnt/d/Music,music/System Of A Down/System Of A Down,/mnt/d/Music/music/System Of A Down/System Of A Down,/mnt/d/Music/music/System Of A Down,System Of A Down,2026-07-04T17:30:46+00:00
/mnt/d/Music,music/System Of A Down/Toxicity,/mnt/d/Music/music/System Of A Down/Toxicity,/mnt/d/Music/music/System Of A Down,Toxicity,2026-07-04T17:30:47+00:00
/mnt/d/Music,music/TV,/mnt/d/Music/music/TV,/mnt/d/Music/music,TV,2026-07-04T17:38:18+00:00
/mnt/d/Music,music/TV/Elton John,/mnt/d/Music/music/TV/Elton John,/mnt/d/Music/music/TV,Elton John,2026-07-04T17:38:16+00:00
/mnt/d/Music,music/TV/Elton John/The Lion King,/mnt/d/Music/music/TV/Elton John/The Lion King,/mnt/d/Music/music/TV/Elton John,The Lion King,2026-07-04T17:38:16+00:00
/mnt/d/Music,music/TV/Footloose,/mnt/d/Music/music/TV/Footloose,/mnt/d/Music/music/TV,Footloose,2026-07-04T17:38:16+00:00
/mnt/d/Music,music/TV/Footloose/No album info,/mnt/d/Music/music/TV/Footloose/No album info,/mnt/d/Music/music/TV/Footloose,No album info,2026-07-04T17:38:16+00:00
/mnt/d/Music,music/TV/Grease,/mnt/d/Music/music/TV/Grease,/mnt/d/Music/music/TV,Grease,2026-07-04T17:38:16+00:00
/mnt/d/Music,music/TV/Grease/Grease,/mnt/d/Music/music/TV/Grease/Grease,/mnt/d/Music/music/TV/Grease,Grease,2026-07-04T17:38:16+00:00
/mnt/d/Music,music/TV/Harold Faltermeyer & Steve Stevens,/mnt/d/Music/music/TV/Harold Faltermeyer & Steve Stevens,/mnt/d/Music/music/TV,Harold Faltermeyer & Steve Stevens,2026-07-04T17:38:16+00:00
/mnt/d/Music,music/TV/Harold Faltermeyer & Steve Stevens/Top Gun,/mnt/d/Music/music/TV/Harold Faltermeyer & Steve Stevens/Top Gun,/mnt/d/Music/music/TV/Harold Faltermeyer & Steve Stevens,Top Gun,2026-07-04T17:38:16+00:00
/mnt/d/Music,music/TV/James Horner,/mnt/d/Music/music/TV/James Horner,/mnt/d/Music/music/TV,James Horner,2026-07-04T17:38:17+00:00
/mnt/d/Music,music/TV/James Horner/Titanic Soundtrack,/mnt/d/Music/music/TV/James Horner/Titanic Soundtrack,/mnt/d/Music/music/TV/James Horner,Titanic Soundtrack,2026-07-04T17:38:17+00:00
/mnt/d/Music,music/TV/James Horner_Sissel,/mnt/d/Music/music/TV/James Horner_Sissel,/mnt/d/Music/music/TV,James Horner_Sissel,2026-07-04T17:38:17+00:00
/mnt/d/Music,music/TV/James Horner_Sissel/Titanic Soundtrack,/mnt/d/Music/music/TV/James Horner_Sissel/Titanic Soundtrack,/mnt/d/Music/music/TV/James Horner_Sissel,Titanic Soundtrack,2026-07-04T17:38:18+00:00
/mnt/d/Music,music/TV/Kenny Loggins,/mnt/d/Music/music/TV/Kenny Loggins,/mnt/d/Music/music/TV,Kenny Loggins,2026-07-04T17:38:18+00:00
/mnt/d/Music,music/TV/Kenny Loggins/Top Gun,/mnt/d/Music/music/TV/Kenny Loggins/Top Gun,/mnt/d/Music/music/TV/Kenny Loggins,Top Gun,2026-07-04T17:38:18+00:00
/mnt/d/Music,music/TV/Randy Newman,/mnt/d/Music/music/TV/Randy Newman,/mnt/d/Music/music/TV,Randy Newman,2026-07-04T17:38:18+00:00
/mnt/d/Music,music/TV/Randy Newman/No album info,/mnt/d/Music/music/TV/Randy Newman/No album info,/mnt/d/Music/music/TV/Randy Newman,No album info,2026-07-04T17:38:18+00:00
/mnt/d/Music,music/TV/Survivor,/mnt/d/Music/music/TV/Survivor,/mnt/d/Music/music/TV,Survivor,2026-07-04T17:38:18+00:00
/mnt/d/Music,music/TV/Survivor/No album info,/mnt/d/Music/music/TV/Survivor/No album info,/mnt/d/Music/music/TV/Survivor,No album info,2026-07-04T17:38:18+00:00
/mnt/d/Music,music/TV/The Rembrandts,/mnt/d/Music/music/TV/The Rembrandts,/mnt/d/Music/music/TV,The Rembrandts,2026-07-04T17:38:18+00:00
/mnt/d/Music,music/TV/The Rembrandts/L.P,/mnt/d/Music/music/TV/The Rembrandts/L.P,/mnt/d/Music/music/TV/The Rembrandts,L.P,2026-07-04T17:38:18+00:00
/mnt/d/Music,music/TV/Trevor Rabin,/mnt/d/Music/music/TV/Trevor Rabin,/mnt/d/Music/music/TV,Trevor Rabin,2026-07-04T17:38:18+00:00
/mnt/d/Music,music/TV/Trevor Rabin/No album info,/mnt/d/Music/music/TV/Trevor Rabin/No album info,/mnt/d/Music/music/TV/Trevor Rabin,No album info,2026-07-04T17:38:18+00:00
/mnt/d/Music,music/Tantric,/mnt/d/Music/music/Tantric,/mnt/d/Music/music,Tantric,2026-07-04T17:38:04+00:00
/mnt/d/Music,music/Tantric/No album info,/mnt/d/Music/music/Tantric/No album info,/mnt/d/Music/music/Tantric,No album info,2026-07-04T17:38:04+00:00
/mnt/d/Music,music/Team America,/mnt/d/Music/music/Team America,/mnt/d/Music/music,Team America,2026-07-04T17:45:11+00:00
/mnt/d/Music,music/Team America/Team America - World Police,/mnt/d/Music/music/Team America/Team America - World Police,/mnt/d/Music/music/Team America,Team America - World Police,2026-07-04T17:45:11+00:00
/mnt/d/Music,music/Techno,/mnt/d/Music/music/Techno,/mnt/d/Music/music,Techno,2026-07-04T17:38:06+00:00
/mnt/d/Music,music/Techno/ATB,/mnt/d/Music/music/Techno/ATB,/mnt/d/Music/music/Techno,ATB,2026-07-04T17:38:05+00:00
/mnt/d/Music,music/Techno/ATB/Techno Mix,/mnt/d/Music/music/Techno/ATB/Techno Mix,/mnt/d/Music/music/Techno/ATB,Techno Mix,2026-07-04T17:38:05+00:00
/mnt/d/Music,music/Techno/Alice Deejay,/mnt/d/Music/music/Techno/Alice Deejay,/mnt/d/Music/music/Techno,Alice Deejay,2026-07-04T17:38:04+00:00
/mnt/d/Music,music/Techno/Alice Deejay/Techno Mix,/mnt/d/Music/music/Techno/Alice Deejay/Techno Mix,/mnt/d/Music/music/Techno/Alice Deejay,Techno Mix,2026-07-04T17:38:04+00:00
/mnt/d/Music,music/Techno/Amber,/mnt/d/Music/music/Techno/Amber,/mnt/d/Music/music/Techno,Amber,2026-07-04T17:38:05+00:00
/mnt/d/Music,music/Techno/Amber/Techno Mix,/mnt/d/Music/music/Techno/Amber/Techno Mix,/mnt/d/Music/music/Techno/Amber,Techno Mix,2026-07-04T17:38:05+00:00
/mnt/d/Music,music/Techno/DHT,/mnt/d/Music/music/Techno/DHT,/mnt/d/Music/music/Techno,DHT,2026-07-04T17:38:05+00:00
/mnt/d/Music,music/Techno/DHT/Techno Mix,/mnt/d/Music/music/Techno/DHT/Techno Mix,/mnt/d/Music/music/Techno/DHT,Techno Mix,2026-07-04T17:38:05+00:00
/mnt/d/Music,music/Techno/DJ Mystic,/mnt/d/Music/music/Techno/DJ Mystic,/mnt/d/Music/music/Techno,DJ Mystic,2026-07-04T17:38:05+00:00
/mnt/d/Music,music/Techno/DJ Mystic/Techno Mix,/mnt/d/Music/music/Techno/DJ Mystic/Techno Mix,/mnt/d/Music/music/Techno/DJ Mystic,Techno Mix,2026-07-04T17:38:06+00:00
/mnt/d/Music,music/Techno/DJ Sammy,/mnt/d/Music/music/Techno/DJ Sammy,/mnt/d/Music/music/Techno,DJ Sammy,2026-07-04T17:38:06+00:00
/mnt/d/Music,music/Techno/DJ Sammy/Techno Mix,/mnt/d/Music/music/Techno/DJ Sammy/Techno Mix,/mnt/d/Music/music/Techno/DJ Sammy,Techno Mix,2026-07-04T17:38:06+00:00
/mnt/d/Music,music/Techno/La Bouche,/mnt/d/Music/music/Techno/La Bouche,/mnt/d/Music/music/Techno,La Bouche,2026-07-04T17:38:06+00:00
/mnt/d/Music,music/Techno/La Bouche/Techno Mix,/mnt/d/Music/music/Techno/La Bouche/Techno Mix,/mnt/d/Music/music/Techno/La Bouche,Techno Mix,2026-07-04T17:38:06+00:00
/mnt/d/Music,music/Techno/Melanie C,/mnt/d/Music/music/Techno/Melanie C,/mnt/d/Music/music/Techno,Melanie C,2026-07-04T17:38:06+00:00
/mnt/d/Music,music/Techno/Melanie C/Techno Mix,/mnt/d/Music/music/Techno/Melanie C/Techno Mix,/mnt/d/Music/music/Techno/Melanie C,Techno Mix,2026-07-04T17:38:06+00:00
/mnt/d/Music,music/Techno/Robert Miles,/mnt/d/Music/music/Techno/Robert Miles,/mnt/d/Music/music/Techno,Robert Miles,2026-07-04T17:38:06+00:00
/mnt/d/Music,music/Techno/Robert Miles/Techno Mix,/mnt/d/Music/music/Techno/Robert Miles/Techno Mix,/mnt/d/Music/music/Techno/Robert Miles,Techno Mix,2026-07-04T17:38:06+00:00
/mnt/d/Music,music/Techno/Roxbury,/mnt/d/Music/music/Techno/Roxbury,/mnt/d/Music/music/Techno,Roxbury,2026-07-04T17:38:06+00:00
/mnt/d/Music,music/Techno/Roxbury/Techno Mix,/mnt/d/Music/music/Techno/Roxbury/Techno Mix,/mnt/d/Music/music/Techno/Roxbury,Techno Mix,2026-07-04T17:38:06+00:00
/mnt/d/Music,music/Techno/Sonique,/mnt/d/Music/music/Techno/Sonique,/mnt/d/Music/music/Techno,Sonique,2026-07-04T17:38:06+00:00
/mnt/d/Music,music/Techno/Sonique/Techno Mix,/mnt/d/Music/music/Techno/Sonique/Techno Mix,/mnt/d/Music/music/Techno/Sonique,Techno Mix,2026-07-04T17:38:06+00:00
/mnt/d/Music,music/Ted Nugent,/mnt/d/Music/music/Ted Nugent,/mnt/d/Music/music,Ted Nugent,2026-07-04T17:38:06+00:00
/mnt/d/Music,music/Ted Nugent/The Best Of Ted Nugent Great Gonzos,/mnt/d/Music/music/Ted Nugent/The Best Of Ted Nugent Great Gonzos,/mnt/d/Music/music/Ted Nugent,The Best Of Ted Nugent Great Gonzos,2026-07-04T17:38:06+00:00
/mnt/d/Music,music/Temple Of The Dog,/mnt/d/Music/music/Temple Of The Dog,/mnt/d/Music/music,Temple Of The Dog,2026-07-04T17:38:07+00:00
/mnt/d/Music,music/Temple Of The Dog/Temple Of The Dog,/mnt/d/Music/music/Temple Of The Dog/Temple Of The Dog,/mnt/d/Music/music/Temple Of The Dog,Temple Of The Dog,2026-07-04T17:38:07+00:00
/mnt/d/Music,music/Tenacious D,/mnt/d/Music/music/Tenacious D,/mnt/d/Music/music,Tenacious D,2026-07-04T17:38:07+00:00
/mnt/d/Music,music/Tenacious D/No album info,/mnt/d/Music/music/Tenacious D/No album info,/mnt/d/Music/music/Tenacious D,No album info,2026-07-04T17:38:07+00:00
/mnt/d/Music,music/Tenacious D/Tenacious D,/mnt/d/Music/music/Tenacious D/Tenacious D,/mnt/d/Music/music/Tenacious D,Tenacious D,2026-07-04T17:38:08+00:00
/mnt/d/Music,music/The Bee Gees,/mnt/d/Music/music/The Bee Gees,/mnt/d/Music/music,The Bee Gees,2026-07-04T17:38:08+00:00
/mnt/d/Music,music/The Bee Gees/Saturday Night Fever Soundtrac,/mnt/d/Music/music/The Bee Gees/Saturday Night Fever Soundtrac,/mnt/d/Music/music/The Bee Gees,Saturday Night Fever Soundtrac,2026-07-04T17:38:08+00:00
/mnt/d/Music,music/The Blues Brothers,/mnt/d/Music/music/The Blues Brothers,/mnt/d/Music/music,The Blues Brothers,2026-07-04T17:38:08+00:00
/mnt/d/Music,music/The Blues Brothers/The Definitive Collection,/mnt/d/Music/music/The Blues Brothers/The Definitive Collection,/mnt/d/Music/music/The Blues Brothers,The Definitive Collection,2026-07-04T17:38:08+00:00
/mnt/d/Music,music/The Calling,/mnt/d/Music/music/The Calling,/mnt/d/Music/music,The Calling,2026-07-04T17:38:08+00:00
/mnt/d/Music,music/The Calling/Camino Palmero,/mnt/d/Music/music/The Calling/Camino Palmero,/mnt/d/Music/music/The Calling,Camino Palmero,2026-07-04T17:38:08+00:00
/mnt/d/Music,music/The Charlie Daniels Band,/mnt/d/Music/music/The Charlie Daniels Band,/mnt/d/Music/music,The Charlie Daniels Band,2026-07-04T17:38:08+00:00
/mnt/d/Music,music/The Charlie Daniels Band/No album info,/mnt/d/Music/music/The Charlie Daniels Band/No album info,/mnt/d/Music/music/The Charlie Daniels Band,No album info,2026-07-04T17:38:08+00:00
/mnt/d/Music,music/The Clash,/mnt/d/Music/music/The Clash,/mnt/d/Music/music,The Clash,2026-07-04T17:38:08+00:00
/mnt/d/Music,music/The Clash/Combat Rock,/mnt/d/Music/music/The Clash/Combat Rock,/mnt/d/Music/music/The Clash,Combat Rock,2026-07-04T17:38:08+00:00
/mnt/d/Music,music/The Clash/The Essential Clash,/mnt/d/Music/music/The Clash/The Essential Clash,/mnt/d/Music/music/The Clash,The Essential Clash,2026-07-04T17:38:08+00:00
/mnt/d/Music,music/The Doobie Brothers,/mnt/d/Music/music/The Doobie Brothers,/mnt/d/Music/music,The Doobie Brothers,2026-07-04T17:38:08+00:00
/mnt/d/Music,music/The Doobie Brothers/Goin' South,/mnt/d/Music/music/The Doobie Brothers/Goin' South,/mnt/d/Music/music/The Doobie Brothers,Goin' South,2026-07-04T17:38:08+00:00
/mnt/d/Music,music/The Doobie Brothers/No album info,/mnt/d/Music/music/The Doobie Brothers/No album info,/mnt/d/Music/music/The Doobie Brothers,No album info,2026-07-04T17:38:08+00:00
/mnt/d/Music,music/The Doors,/mnt/d/Music/music/The Doors,/mnt/d/Music/music,The Doors,2026-07-04T17:38:09+00:00
/mnt/d/Music,music/The Doors/Legacy_ The Absolute Best (Disc 1),/mnt/d/Music/music/The Doors/Legacy_ The Absolute Best (Disc 1),/mnt/d/Music/music/The Doors,Legacy_ The Absolute Best (Disc 1),2026-07-04T17:38:09+00:00
/mnt/d/Music,music/The Doors/Legacy_ The Absolute Best (Disc 2),/mnt/d/Music/music/The Doors/Legacy_ The Absolute Best (Disc 2),/mnt/d/Music/music/The Doors,Legacy_ The Absolute Best (Disc 2),2026-07-04T17:38:09+00:00
/mnt/d/Music,music/The Doors/No album info,/mnt/d/Music/music/The Doors/No album info,/mnt/d/Music/music/The Doors,No album info,2026-07-04T17:38:09+00:00
/mnt/d/Music,music/The Eagles,/mnt/d/Music/music/The Eagles,/mnt/d/Music/music,The Eagles,2026-07-04T17:38:09+00:00
/mnt/d/Music,music/The Eagles/Hell Freezes Over,/mnt/d/Music/music/The Eagles/Hell Freezes Over,/mnt/d/Music/music/The Eagles,Hell Freezes Over,2026-07-04T17:38:09+00:00
/mnt/d/Music,music/The Eagles/Hotel California_Desperado Disc 1,/mnt/d/Music/music/The Eagles/Hotel California_Desperado Disc 1,/mnt/d/Music/music/The Eagles,Hotel California_Desperado Disc 1,2026-07-04T17:38:09+00:00
/mnt/d/Music,music/The Eagles/No album info,/mnt/d/Music/music/The Eagles/No album info,/mnt/d/Music/music/The Eagles,No album info,2026-07-04T17:38:09+00:00
/mnt/d/Music,music/The Eagles/Their Greatest Hits (1971-1975),/mnt/d/Music/music/The Eagles/Their Greatest Hits (1971-1975),/mnt/d/Music/music/The Eagles,Their Greatest Hits (1971-1975),2026-07-04T17:38:10+00:00
/mnt/d/Music,music/The Fray,/mnt/d/Music/music/The Fray,/mnt/d/Music/music,The Fray,2026-07-04T17:38:10+00:00
/mnt/d/Music,music/The Fray/How to Save a Life,/mnt/d/Music/music/The Fray/How to Save a Life,/mnt/d/Music/music/The Fray,How to Save a Life,2026-07-04T17:38:10+00:00
/mnt/d/Music,music/The Haunted,/mnt/d/Music/music/The Haunted,/mnt/d/Music/music,The Haunted,2026-07-04T17:30:54+00:00
/mnt/d/Music,music/The Haunted/One Kill Wonder,/mnt/d/Music/music/The Haunted/One Kill Wonder,/mnt/d/Music/music/The Haunted,One Kill Wonder,2026-07-04T17:30:51+00:00
/mnt/d/Music,music/The Haunted/Revolver,/mnt/d/Music/music/The Haunted/Revolver,/mnt/d/Music/music/The Haunted,Revolver,2026-07-04T17:30:54+00:00
/mnt/d/Music,music/The Haunted/The Dead Eye limited edition,/mnt/d/Music/music/The Haunted/The Dead Eye limited edition,/mnt/d/Music/music/The Haunted,The Dead Eye limited edition,2026-07-04T17:30:50+00:00
/mnt/d/Music,music/The Haunted/Unknown Album,/mnt/d/Music/music/The Haunted/Unknown Album,/mnt/d/Music/music/The Haunted,Unknown Album,2026-07-04T17:30:55+00:00
/mnt/d/Music,music/The Jimi Hendrix Experience,/mnt/d/Music/music/The Jimi Hendrix Experience,/mnt/d/Music/music,The Jimi Hendrix Experience,2026-07-04T17:45:14+00:00
/mnt/d/Music,music/The Jimi Hendrix Experience/Are You Experienced_,/mnt/d/Music/music/The Jimi Hendrix Experience/Are You Experienced_,/mnt/d/Music/music/The Jimi Hendrix Experience,Are You Experienced_,2026-07-04T17:45:12+00:00
/mnt/d/Music,music/The Jimi Hendrix Experience/Axis_ Bold As Love,/mnt/d/Music/music/The Jimi Hendrix Experience/Axis_ Bold As Love,/mnt/d/Music/music/The Jimi Hendrix Experience,Axis_ Bold As Love,2026-07-04T17:45:13+00:00
/mnt/d/Music,music/The Jimi Hendrix Experience/Axis_ Bold As Love (Remastered),/mnt/d/Music/music/The Jimi Hendrix Experience/Axis_ Bold As Love (Remastered),/mnt/d/Music/music/The Jimi Hendrix Experience,Axis_ Bold As Love (Remastered),2026-07-04T17:45:14+00:00
/mnt/d/Music,music/The Jimi Hendrix Experience/Electric Ladyland,/mnt/d/Music/music/The Jimi Hendrix Experience/Electric Ladyland,/mnt/d/Music/music/The Jimi Hendrix Experience,Electric Ladyland,2026-07-04T17:45:16+00:00
/mnt/d/Music,music/The Mars Volta,/mnt/d/Music/music/The Mars Volta,/mnt/d/Music/music,The Mars Volta,2026-07-04T17:30:56+00:00
/mnt/d/Music,music/The Mars Volta/Frances The Mute,/mnt/d/Music/music/The Mars Volta/Frances The Mute,/mnt/d/Music/music/The Mars Volta,Frances The Mute,2026-07-04T17:30:59+00:00
/mnt/d/Music,music/The Mighty Mighty Bosstones,/mnt/d/Music/music/The Mighty Mighty Bosstones,/mnt/d/Music/music,The Mighty Mighty Bosstones,2026-07-04T17:38:10+00:00
/mnt/d/Music,music/The Mighty Mighty Bosstones/Let's Face It,/mnt/d/Music/music/The Mighty Mighty Bosstones/Let's Face It,/mnt/d/Music/music/The Mighty Mighty Bosstones,Let's Face It,2026-07-04T17:38:10+00:00
/mnt/d/Music,music/The Offspring,/mnt/d/Music/music/The Offspring,/mnt/d/Music/music,The Offspring,2026-07-04T17:38:10+00:00
/mnt/d/Music,music/The Offspring/Americana,/mnt/d/Music/music/The Offspring/Americana,/mnt/d/Music/music/The Offspring,Americana,2026-07-04T17:38:10+00:00
/mnt/d/Music,music/The String Tribute To Tool,/mnt/d/Music/music/The String Tribute To Tool,/mnt/d/Music/music,The String Tribute To Tool,2026-07-04T17:30:59+00:00
/mnt/d/Music,music/The String Tribute To Tool/Third Eye Open,/mnt/d/Music/music/The String Tribute To Tool/Third Eye Open,/mnt/d/Music/music/The String Tribute To Tool,Third Eye Open,2026-07-04T17:31:01+00:00
/mnt/d/Music,music/The Verve Pipe,/mnt/d/Music/music/The Verve Pipe,/mnt/d/Music/music,The Verve Pipe,2026-07-04T17:38:10+00:00
/mnt/d/Music,music/The Verve Pipe/Villains,/mnt/d/Music/music/The Verve Pipe/Villains,/mnt/d/Music/music/The Verve Pipe,Villains,2026-07-04T17:38:10+00:00
/mnt/d/Music,music/The Wallflowers,/mnt/d/Music/music/The Wallflowers,/mnt/d/Music/music,The Wallflowers,2026-07-04T17:38:10+00:00
/mnt/d/Music,music/The Wallflowers/Bringing Down the Horse,/mnt/d/Music/music/The Wallflowers/Bringing Down the Horse,/mnt/d/Music/music/The Wallflowers,Bringing Down the Horse,2026-07-04T17:38:11+00:00
/mnt/d/Music,music/The Who,/mnt/d/Music/music/The Who,/mnt/d/Music/music,The Who,2026-07-04T17:38:11+00:00
/mnt/d/Music,music/The Who/Who's Next,/mnt/d/Music/music/The Who/Who's Next,/mnt/d/Music/music/The Who,Who's Next,2026-07-04T17:38:11+00:00
/mnt/d/Music,music/These Dreams,/mnt/d/Music/music/These Dreams,/mnt/d/Music/music,These Dreams,2026-07-04T17:38:11+00:00
/mnt/d/Music,music/These Dreams/Rock Classics,/mnt/d/Music/music/These Dreams/Rock Classics,/mnt/d/Music/music/These Dreams,Rock Classics,2026-07-04T17:38:11+00:00
/mnt/d/Music,music/Third Day,/mnt/d/Music/music/Third Day,/mnt/d/Music/music,Third Day,2026-07-04T17:38:11+00:00
/mnt/d/Music,music/Third Day/Wherever You Are,/mnt/d/Music/music/Third Day/Wherever You Are,/mnt/d/Music/music/Third Day,Wherever You Are,2026-07-04T17:38:11+00:00
/mnt/d/Music,music/Third Eye Blind,/mnt/d/Music/music/Third Eye Blind,/mnt/d/Music/music,Third Eye Blind,2026-07-04T17:38:11+00:00
/mnt/d/Music,music/Third Eye Blind/Third Eye Blind,/mnt/d/Music/music/Third Eye Blind/Third Eye Blind,/mnt/d/Music/music/Third Eye Blind,Third Eye Blind,2026-07-04T17:38:12+00:00
/mnt/d/Music,music/Three Days Grace,/mnt/d/Music/music/Three Days Grace,/mnt/d/Music/music,Three Days Grace,2026-07-04T17:38:12+00:00
/mnt/d/Music,music/Three Days Grace/Alternative Mix,/mnt/d/Music/music/Three Days Grace/Alternative Mix,/mnt/d/Music/music/Three Days Grace,Alternative Mix,2026-07-04T17:38:12+00:00
/mnt/d/Music,music/Three Dog Night,/mnt/d/Music/music/Three Dog Night,/mnt/d/Music/music,Three Dog Night,2026-07-04T17:38:12+00:00
/mnt/d/Music,music/Three Dog Night/No album info,/mnt/d/Music/music/Three Dog Night/No album info,/mnt/d/Music/music/Three Dog Night,No album info,2026-07-04T17:38:12+00:00
/mnt/d/Music,music/Timbuk 3,/mnt/d/Music/music/Timbuk 3,/mnt/d/Music/music,Timbuk 3,2026-07-04T17:38:12+00:00
/mnt/d/Music,music/Timbuk 3/No album info,/mnt/d/Music/music/Timbuk 3/No album info,/mnt/d/Music/music/Timbuk 3,No album info,2026-07-04T17:38:12+00:00
/mnt/d/Music,music/Tom Petty & the Heartbreakers,/mnt/d/Music/music/Tom Petty & the Heartbreakers,/mnt/d/Music/music,Tom Petty & the Heartbreakers,2026-07-04T17:38:12+00:00
/mnt/d/Music,music/Tom Petty & the Heartbreakers/Greatest Hits,/mnt/d/Music/music/Tom Petty & the Heartbreakers/Greatest Hits,/mnt/d/Music/music/Tom Petty & the Heartbreakers,Greatest Hits,2026-07-04T17:38:12+00:00
/mnt/d/Music,music/Tonic,/mnt/d/Music/music/Tonic,/mnt/d/Music/music,Tonic,2026-07-04T17:38:13+00:00
/mnt/d/Music,music/Tonic/Lemon Parade,/mnt/d/Music/music/Tonic/Lemon Parade,/mnt/d/Music/music/Tonic,Lemon Parade,2026-07-04T17:38:13+00:00
/mnt/d/Music,music/Tool,/mnt/d/Music/music/Tool,/mnt/d/Music/music,Tool,2026-07-04T17:31:09+00:00
/mnt/d/Music,music/Tool/Lateralus,/mnt/d/Music/music/Tool/Lateralus,/mnt/d/Music/music/Tool,Lateralus,2026-07-04T17:31:13+00:00
/mnt/d/Music,music/Tool/Opiate,/mnt/d/Music/music/Tool/Opiate,/mnt/d/Music/music/Tool,Opiate,2026-07-04T17:31:09+00:00
/mnt/d/Music,music/Tool/Undertow,/mnt/d/Music/music/Tool/Undertow,/mnt/d/Music/music/Tool,Undertow,2026-07-04T17:31:07+00:00
/mnt/d/Music,music/Tool/Ænima,/mnt/d/Music/music/Tool/Ænima,/mnt/d/Music/music/Tool,Ænima,2026-07-04T17:31:04+00:00
/mnt/d/Music,music/Trapt,/mnt/d/Music/music/Trapt,/mnt/d/Music/music,Trapt,2026-07-04T17:38:15+00:00
/mnt/d/Music,music/Trapt/Someone In Control,/mnt/d/Music/music/Trapt/Someone In Control,/mnt/d/Music/music/Trapt,Someone In Control,2026-07-04T17:38:15+00:00
/mnt/d/Music,music/Trapt/Trapt,/mnt/d/Music/music/Trapt/Trapt,/mnt/d/Music/music/Trapt,Trapt,2026-07-04T17:38:16+00:00
/mnt/d/Music,music/Trivium,/mnt/d/Music/music/Trivium,/mnt/d/Music/music,Trivium,2026-07-04T17:31:21+00:00
/mnt/d/Music,music/Trivium/Acsendency,/mnt/d/Music/music/Trivium/Acsendency,/mnt/d/Music/music/Trivium,Acsendency,2026-07-04T17:31:19+00:00
/mnt/d/Music,music/Trivium/Shogun,/mnt/d/Music/music/Trivium/Shogun,/mnt/d/Music/music/Trivium,Shogun,2026-07-04T17:31:20+00:00
/mnt/d/Music,music/Trivium/The Crusade,/mnt/d/Music/music/Trivium/The Crusade,/mnt/d/Music/music/Trivium,The Crusade,2026-07-04T17:31:21+00:00
/mnt/d/Music,music/Twilight of the Thunder God [CD-DVD] Disc 1,/mnt/d/Music/music/Twilight of the Thunder God [CD-DVD] Disc 1,/mnt/d/Music/music,Twilight of the Thunder God [CD-DVD] Disc 1,2026-07-04T17:43:52+00:00
/mnt/d/Music,music/Twisted Sister,/mnt/d/Music/music/Twisted Sister,/mnt/d/Music/music,Twisted Sister,2026-07-04T17:38:18+00:00
/mnt/d/Music,music/Twisted Sister/No album info,/mnt/d/Music/music/Twisted Sister/No album info,/mnt/d/Music/music/Twisted Sister,No album info,2026-07-04T17:38:18+00:00
/mnt/d/Music,music/U2,/mnt/d/Music/music/U2,/mnt/d/Music/music,U2,2026-07-04T17:38:19+00:00
/mnt/d/Music,music/U2/No album info,/mnt/d/Music/music/U2/No album info,/mnt/d/Music/music/U2,No album info,2026-07-04T17:38:19+00:00
/mnt/d/Music,music/U2/The Joshua Tree,/mnt/d/Music/music/U2/The Joshua Tree,/mnt/d/Music/music/U2,The Joshua Tree,2026-07-04T17:38:19+00:00
/mnt/d/Music,music/U2/_Unknown_,/mnt/d/Music/music/U2/_Unknown_,/mnt/d/Music/music/U2,_Unknown_,2026-07-04T17:38:19+00:00
/mnt/d/Music,music/Ugly Kid Joe,/mnt/d/Music/music/Ugly Kid Joe,/mnt/d/Music/music,Ugly Kid Joe,2026-07-04T17:38:19+00:00
/mnt/d/Music,music/Ugly Kid Joe/No album info,/mnt/d/Music/music/Ugly Kid Joe/No album info,/mnt/d/Music/music/Ugly Kid Joe,No album info,2026-07-04T17:38:19+00:00
/mnt/d/Music,music/Unearth,/mnt/d/Music/music/Unearth,/mnt/d/Music/music,Unearth,2026-07-04T17:31:21+00:00
/mnt/d/Music,music/Unearth/The Oncoming Storm,/mnt/d/Music/music/Unearth/The Oncoming Storm,/mnt/d/Music/music/Unearth,The Oncoming Storm,2026-07-04T17:31:23+00:00
/mnt/d/Music,music/Unknown Artist,/mnt/d/Music/music/Unknown Artist,/mnt/d/Music/music,Unknown Artist,2026-07-04T17:45:16+00:00
/mnt/d/Music,music/Unknown Artist/Unknown Album,/mnt/d/Music/music/Unknown Artist/Unknown Album,/mnt/d/Music/music/Unknown Artist,Unknown Album,2026-07-04T17:45:58+00:00
/mnt/d/Music,music/Unkown artist,/mnt/d/Music/music/Unkown artist,/mnt/d/Music/music,Unkown artist,2026-07-04T17:38:19+00:00
/mnt/d/Music,music/Unkown artist/No album info,/mnt/d/Music/music/Unkown artist/No album info,/mnt/d/Music/music/Unkown artist,No album info,2026-07-04T17:38:19+00:00
/mnt/d/Music,music/Van Halen,/mnt/d/Music/music/Van Halen,/mnt/d/Music/music,Van Halen,2026-07-04T17:38:25+00:00
/mnt/d/Music,music/Van Halen/1984,/mnt/d/Music/music/Van Halen/1984,/mnt/d/Music/music/Van Halen,1984,2026-07-04T17:38:21+00:00
/mnt/d/Music,music/Van Halen/5150,/mnt/d/Music/music/Van Halen/5150,/mnt/d/Music/music/Van Halen,5150,2026-07-04T17:38:21+00:00
/mnt/d/Music,music/Van Halen/Balance,/mnt/d/Music/music/Van Halen/Balance,/mnt/d/Music/music/Van Halen,Balance,2026-07-04T17:38:21+00:00
/mnt/d/Music,music/Van Halen/Diver Down,/mnt/d/Music/music/Van Halen/Diver Down,/mnt/d/Music/music/Van Halen,Diver Down,2026-07-04T17:38:21+00:00
/mnt/d/Music,music/Van Halen/For Unlawful Carnal Knowledge,/mnt/d/Music/music/Van Halen/For Unlawful Carnal Knowledge,/mnt/d/Music/music/Van Halen,For Unlawful Carnal Knowledge,2026-07-04T17:38:22+00:00
/mnt/d/Music,"music/Van Halen/The Best Of Van Halen, Vol. I","/mnt/d/Music/music/Van Halen/The Best Of Van Halen, Vol. I",/mnt/d/Music/music/Van Halen,"The Best Of Van Halen, Vol. I",2026-07-04T17:38:24+00:00
/mnt/d/Music,music/Van Halen/Van Halen,/mnt/d/Music/music/Van Halen/Van Halen,/mnt/d/Music/music/Van Halen,Van Halen,2026-07-04T17:38:22+00:00
/mnt/d/Music,music/Van Halen/Van Halen II,/mnt/d/Music/music/Van Halen/Van Halen II,/mnt/d/Music/music/Van Halen,Van Halen II,2026-07-04T17:38:25+00:00
/mnt/d/Music,music/Van Halen/Van Halen III,/mnt/d/Music/music/Van Halen/Van Halen III,/mnt/d/Music/music/Van Halen,Van Halen III,2026-07-04T17:38:27+00:00
/mnt/d/Music,music/Various Artists,/mnt/d/Music/music/Various Artists,/mnt/d/Music/music,Various Artists,2026-07-04T17:38:27+00:00
/mnt/d/Music,music/Various Artists/Jay and Silent Bob Strike Back,/mnt/d/Music/music/Various Artists/Jay and Silent Bob Strike Back,/mnt/d/Music/music/Various Artists,Jay and Silent Bob Strike Back,2026-07-04T17:38:27+00:00
/mnt/d/Music,music/Velvet Revolver,/mnt/d/Music/music/Velvet Revolver,/mnt/d/Music/music,Velvet Revolver,2026-07-04T17:38:27+00:00
/mnt/d/Music,music/Velvet Revolver/Contraband,/mnt/d/Music/music/Velvet Revolver/Contraband,/mnt/d/Music/music/Velvet Revolver,Contraband,2026-07-04T17:38:27+00:00
/mnt/d/Music,music/Velvet Underground,/mnt/d/Music/music/Velvet Underground,/mnt/d/Music/music,Velvet Underground,2026-07-04T17:38:27+00:00
/mnt/d/Music,music/Velvet Underground/No album info,/mnt/d/Music/music/Velvet Underground/No album info,/mnt/d/Music/music/Velvet Underground,No album info,2026-07-04T17:38:27+00:00
/mnt/d/Music,music/Vertical Horizon,/mnt/d/Music/music/Vertical Horizon,/mnt/d/Music/music,Vertical Horizon,2026-07-04T17:38:27+00:00
/mnt/d/Music,music/Vertical Horizon/Everything You Want,/mnt/d/Music/music/Vertical Horizon/Everything You Want,/mnt/d/Music/music/Vertical Horizon,Everything You Want,2026-07-04T17:38:27+00:00
/mnt/d/Music,music/Voilent Femmes,/mnt/d/Music/music/Voilent Femmes,/mnt/d/Music/music,Voilent Femmes,2026-07-04T17:38:28+00:00
/mnt/d/Music,music/Voilent Femmes/Add it up (1981-1993),/mnt/d/Music/music/Voilent Femmes/Add it up (1981-1993),/mnt/d/Music/music/Voilent Femmes,Add it up (1981-1993),2026-07-04T17:38:28+00:00
/mnt/d/Music,music/War,/mnt/d/Music/music/War,/mnt/d/Music/music,War,2026-07-04T17:38:28+00:00
/mnt/d/Music,music/War/Dazed and Confused,/mnt/d/Music/music/War/Dazed and Confused,/mnt/d/Music/music/War,Dazed and Confused,2026-07-04T17:38:28+00:00
/mnt/d/Music,music/Warrant,/mnt/d/Music/music/Warrant,/mnt/d/Music/music,Warrant,2026-07-04T17:38:28+00:00
/mnt/d/Music,music/Warrant/No album info,/mnt/d/Music/music/Warrant/No album info,/mnt/d/Music/music/Warrant,No album info,2026-07-04T17:38:28+00:00
/mnt/d/Music,music/Weezer,/mnt/d/Music/music/Weezer,/mnt/d/Music/music,Weezer,2026-07-04T17:38:28+00:00
/mnt/d/Music,music/Weezer/Weezer,/mnt/d/Music/music/Weezer/Weezer,/mnt/d/Music/music/Weezer,Weezer,2026-07-04T17:38:28+00:00
/mnt/d/Music,music/Weird Al Yankovich,/mnt/d/Music/music/Weird Al Yankovich,/mnt/d/Music/music,Weird Al Yankovich,2026-07-04T17:38:28+00:00
/mnt/d/Music,music/Weird Al Yankovich/Comedy,/mnt/d/Music/music/Weird Al Yankovich/Comedy,/mnt/d/Music/music/Weird Al Yankovich,Comedy,2026-07-04T17:38:29+00:00
/mnt/d/Music,music/White Zombie,/mnt/d/Music/music/White Zombie,/mnt/d/Music/music,White Zombie,2026-07-04T17:38:30+00:00
/mnt/d/Music,music/White Zombie/La Sexorcisto - Devil Music Vol. 1,/mnt/d/Music/music/White Zombie/La Sexorcisto - Devil Music Vol. 1,/mnt/d/Music/music/White Zombie,La Sexorcisto - Devil Music Vol. 1,2026-07-04T17:38:30+00:00
/mnt/d/Music,music/White Zombie/No album info,/mnt/d/Music/music/White Zombie/No album info,/mnt/d/Music/music/White Zombie,No album info,2026-07-04T17:38:29+00:00
/mnt/d/Music,"music/White Zombie/Past, Present & Future","/mnt/d/Music/music/White Zombie/Past, Present & Future",/mnt/d/Music/music/White Zombie,"Past, Present & Future",2026-07-04T17:38:30+00:00
/mnt/d/Music,music/Whitesnake,/mnt/d/Music/music/Whitesnake,/mnt/d/Music/music,Whitesnake,2026-07-04T17:38:30+00:00
/mnt/d/Music,music/Whitesnake/Whitesnake,/mnt/d/Music/music/Whitesnake/Whitesnake,/mnt/d/Music/music/Whitesnake,Whitesnake,2026-07-04T17:38:31+00:00
/mnt/d/Music,music/Wild strawberries,/mnt/d/Music/music/Wild strawberries,/mnt/d/Music/music,Wild strawberries,2026-07-04T17:45:58+00:00
/mnt/d/Music,music/Wild strawberries/Unknown Album,/mnt/d/Music/music/Wild strawberries/Unknown Album,/mnt/d/Music/music/Wild strawberries,Unknown Album,2026-07-04T17:46:00+00:00
/mnt/d/Music,music/With Oden on Our Side Disc 1,/mnt/d/Music/music/With Oden on Our Side Disc 1,/mnt/d/Music/music,With Oden on Our Side Disc 1,2026-07-04T17:43:53+00:00
/mnt/d/Music,music/Young Jock,/mnt/d/Music/music/Young Jock,/mnt/d/Music/music,Young Jock,2026-07-04T17:38:31+00:00
/mnt/d/Music,music/Young Jock/Rap Mix 1,/mnt/d/Music/music/Young Jock/Rap Mix 1,/mnt/d/Music/music/Young Jock,Rap Mix 1,2026-07-04T17:38:31+00:00
/mnt/d/Music,music/ZZ Top,/mnt/d/Music/music/ZZ Top,/mnt/d/Music/music,ZZ Top,2026-07-04T17:38:31+00:00
/mnt/d/Music,music/ZZ Top/No album info,/mnt/d/Music/music/ZZ Top/No album info,/mnt/d/Music/music/ZZ Top,No album info,2026-07-04T17:38:31+00:00
/mnt/d/Music,music/Zabranjeno Pusenje (1999),/mnt/d/Music/music/Zabranjeno Pusenje (1999),/mnt/d/Music/music,Zabranjeno Pusenje (1999),2026-07-04T17:46:00+00:00
/mnt/d/Music,music/Zabranjeno Pusenje (1999)/Agent tajne sile,/mnt/d/Music/music/Zabranjeno Pusenje (1999)/Agent tajne sile,/mnt/d/Music/music/Zabranjeno Pusenje (1999),Agent tajne sile,2026-07-04T17:46:00+00:00
/mnt/d/Music,music/katatonia,/mnt/d/Music/music/katatonia,/mnt/d/Music/music,katatonia,2026-07-04T17:33:11+00:00
/mnt/d/Music,music/katatonia/katatonia,/mnt/d/Music/music/katatonia/katatonia,/mnt/d/Music/music/katatonia,katatonia,2026-07-04T17:33:14+00:00
/mnt/d/Music,music/katatonia/unlableed,/mnt/d/Music/music/katatonia/unlableed,/mnt/d/Music/music/katatonia,unlableed,2026-07-04T17:33:11+00:00
/mnt/d/Music,music/kimera,/mnt/d/Music/music/kimera,/mnt/d/Music/music,kimera,2026-07-04T17:44:37+00:00
/mnt/d/Music,music/kimera/Unknown Album,/mnt/d/Music/music/kimera/Unknown Album,/mnt/d/Music/music/kimera,Unknown Album,2026-07-04T17:44:38+00:00
/mnt/d/Music,music/kodo,/mnt/d/Music/music/kodo,/mnt/d/Music/music,kodo,2026-07-04T17:33:14+00:00
/mnt/d/Music,music/kodo/best of kodo,/mnt/d/Music/music/kodo/best of kodo,/mnt/d/Music/music/kodo,best of kodo,2026-07-04T17:33:17+00:00
/mnt/d/Music,music/lambofgod,/mnt/d/Music/music/lambofgod,/mnt/d/Music/music,lambofgod,2026-07-04T17:44:38+00:00
/mnt/d/Music,music/lambofgod/Unknown Album,/mnt/d/Music/music/lambofgod/Unknown Album,/mnt/d/Music/music/lambofgod,Unknown Album,2026-07-04T17:44:41+00:00
/mnt/d/Music,music/primus,/mnt/d/Music/music/primus,/mnt/d/Music/music,primus,2026-07-04T17:34:39+00:00
/mnt/d/Music,music/primus/Antipop,/mnt/d/Music/music/primus/Antipop,/mnt/d/Music/music/primus,Antipop,2026-07-04T17:34:41+00:00
/mnt/d/Music,music/primus/Frizzle Fry [Bonus Track],/mnt/d/Music/music/primus/Frizzle Fry [Bonus Track],/mnt/d/Music/music/primus,Frizzle Fry [Bonus Track],2026-07-04T17:34:39+00:00
/mnt/d/Music,music/primus/Sailing The Seas Of Cheese,/mnt/d/Music/music/primus/Sailing The Seas Of Cheese,/mnt/d/Music/music/primus,Sailing The Seas Of Cheese,2026-07-04T17:34:36+00:00
/mnt/d/Music,music/shadowfalls,/mnt/d/Music/music/shadowfalls,/mnt/d/Music/music,shadowfalls,2026-07-04T17:45:04+00:00
/mnt/d/Music,music/shadowfalls/Unknown Album,/mnt/d/Music/music/shadowfalls/Unknown Album,/mnt/d/Music/music/shadowfalls,Unknown Album,2026-07-04T17:45:05+00:00
/mnt/d/Music,music/strappingyounglad,/mnt/d/Music/music/strappingyounglad,/mnt/d/Music/music,strappingyounglad,2026-07-04T17:43:49+00:00
/mnt/d/Music,music/strappingyounglad/Unknown Album,/mnt/d/Music/music/strappingyounglad/Unknown Album,/mnt/d/Music/music/strappingyounglad,Unknown Album,2026-07-04T17:43:50+00:00
/mnt/d/Music,music/toolio,/mnt/d/Music/music/toolio,/mnt/d/Music/music,toolio,2026-07-04T17:31:14+00:00
/mnt/d/Music,music/toolio/Untitled - 04-16-06 (1),/mnt/d/Music/music/toolio/Untitled - 04-16-06 (1),/mnt/d/Music/music/toolio,Untitled - 04-16-06 (1),2026-07-04T17:31:16+00:00
