file_id,action,reason,duplicate_key,artist,album,title,size_bytes,source_path,keep_path,quarantine_path
3665,keep,largest file in duplicate metadata group,3 doors down | alternative mix | when i'm gone,3 Doors Down,Alternative Mix,When I'm Gone,4072495,/mnt/d/Music/_Sorted_By_Artist/3 Doors Down/3 doors down -When I'm Gone.m4a,/mnt/d/Music/_Sorted_By_Artist/3 Doors Down/3 doors down -When I'm Gone.m4a,
4008,quarantine,"same metadata artist, album, and title as kept file",3 doors down | alternative mix | when i'm gone,3 Doors Down,Alternative Mix,When I'm Gone,4072495,/mnt/d/Music/_Sorted_By_Artist/3 Doors Down/UBFK.m4a,/mnt/d/Music/_Sorted_By_Artist/3 Doors Down/3 doors down -When I'm Gone.m4a,/mnt/d/Music/_Duplicate_Quarantine/UBFK.m4a
3776,quarantine,"same metadata artist, album, and title as kept file",3 doors down | seventeen days | behind those eyes,3 Doors Down,Seventeen Days,Behind Those Eyes,4187359,/mnt/d/Music/_Sorted_By_Artist/3 Doors Down/NTCK.m4a,/mnt/d/Music/_Sorted_By_Artist/3 Doors Down/GEEK.m4a,/mnt/d/Music/_Duplicate_Quarantine/NTCK.m4a
4179,keep,largest file in duplicate metadata group,3 doors down | seventeen days | behind those eyes,3 Doors Down,Seventeen Days,Behind Those Eyes,4187441,/mnt/d/Music/_Sorted_By_Artist/3 Doors Down/GEEK.m4a,/mnt/d/Music/_Sorted_By_Artist/3 Doors Down/GEEK.m4a,
3775,keep,largest file in duplicate metadata group,3 doors down | seventeen days | here by me,3 Doors Down,Seventeen Days,Here By Me,3699256,/mnt/d/Music/_Sorted_By_Artist/3 Doors Down/LYOC.m4a,/mnt/d/Music/_Sorted_By_Artist/3 Doors Down/LYOC.m4a,
4187,quarantine,"same metadata artist, album, and title as kept file",3 doors down | seventeen days | here by me,3 Doors Down,Seventeen Days,Here By Me,3699007,/mnt/d/Music/_Sorted_By_Artist/3 Doors Down/VKEE.m4a,/mnt/d/Music/_Sorted_By_Artist/3 Doors Down/LYOC.m4a,/mnt/d/Music/_Duplicate_Quarantine/VKEE.m4a
3777,quarantine,"same metadata artist, album, and title as kept file",3 doors down | seventeen days | let me go,3 Doors Down,Seventeen Days,Let Me Go,3772130,/mnt/d/Music/_Sorted_By_Artist/3 Doors Down/VXCF.m4a,/mnt/d/Music/_Sorted_By_Artist/3 Doors Down/WQDM.m4a,/mnt/d/Music/_Duplicate_Quarantine/VXCF.m4a
4188,keep,largest file in duplicate metadata group,3 doors down | seventeen days | let me go,3 Doors Down,Seventeen Days,Let Me Go,3772599,/mnt/d/Music/_Sorted_By_Artist/3 Doors Down/WQDM.m4a,/mnt/d/Music/_Sorted_By_Artist/3 Doors Down/WQDM.m4a,
3666,keep,largest file in duplicate metadata group,30 seconds to mars | a beautiful lie | the kill,30 Seconds To Mars,A Beautiful Lie,The Kill,3693448,/mnt/d/Music/_Sorted_By_Artist/30 Seconds To Mars/Thirty secounds to Mars-The Kill.m4a,/mnt/d/Music/_Sorted_By_Artist/30 Seconds To Mars/Thirty secounds to Mars-The Kill.m4a,
3788,quarantine,"same metadata artist, album, and title as kept file",30 seconds to mars | a beautiful lie | the kill,30 Seconds To Mars,A Beautiful Lie,The Kill,3693448,/mnt/d/Music/_Sorted_By_Artist/30 Seconds To Mars/UAWN.m4a,/mnt/d/Music/_Sorted_By_Artist/30 Seconds To Mars/Thirty secounds to Mars-The Kill.m4a,/mnt/d/Music/_Duplicate_Quarantine/UAWN.m4a
3791,keep,largest file in duplicate metadata group,311 | 311 | all mixed up,311,311,All Mixed Up,2964461,/mnt/d/Music/_Sorted_By_Artist/311/LWDX.m4a,/mnt/d/Music/_Sorted_By_Artist/311/LWDX.m4a,
4011,quarantine,"same metadata artist, album, and title as kept file",311 | 311 | all mixed up,311,311,All Mixed Up,2929666,/mnt/d/Music/_Sorted_By_Artist/311/PFZD.m4a,/mnt/d/Music/_Sorted_By_Artist/311/LWDX.m4a,/mnt/d/Music/_Duplicate_Quarantine/PFZD.m4a
2672,quarantine,"same metadata artist, album, and title as kept file",a perfect circle | mer de noms | 3 libras,A Perfect Circle,Mer de Noms,3 Libras,5276611,/mnt/d/Music/_Sorted_By_Artist/A Perfect Circle/06 - 3 Libras.mp3,/mnt/d/Music/_Sorted_By_Artist/A Perfect Circle/06 - 3 Libras (2).mp3,/mnt/d/Music/_Duplicate_Quarantine/06 - 3 Libras.mp3
3894,keep,largest file in duplicate metadata group,a perfect circle | mer de noms | 3 libras,A Perfect Circle,Mer de Noms,3 Libras,5276611,/mnt/d/Music/_Sorted_By_Artist/A Perfect Circle/06 - 3 Libras (2).mp3,/mnt/d/Music/_Sorted_By_Artist/A Perfect Circle/06 - 3 Libras (2).mp3,
2677,quarantine,"same metadata artist, album, and title as kept file",a perfect circle | mer de noms | brena,A Perfect Circle,Mer de Noms,Brena,6351184,/mnt/d/Music/_Sorted_By_Artist/A Perfect Circle/11 - Brena.mp3,/mnt/d/Music/_Sorted_By_Artist/A Perfect Circle/11 - Brena (2).mp3,/mnt/d/Music/_Duplicate_Quarantine/11 - Brena.mp3
3899,keep,largest file in duplicate metadata group,a perfect circle | mer de noms | brena,A Perfect Circle,Mer de Noms,Brena,6351184,/mnt/d/Music/_Sorted_By_Artist/A Perfect Circle/11 - Brena (2).mp3,/mnt/d/Music/_Sorted_By_Artist/A Perfect Circle/11 - Brena (2).mp3,
2670,quarantine,"same metadata artist, album, and title as kept file",a perfect circle | mer de noms | judith,A Perfect Circle,Mer de Noms,Judith,5941167,/mnt/d/Music/_Sorted_By_Artist/A Perfect Circle/04 - Judith.mp3,/mnt/d/Music/_Sorted_By_Artist/A Perfect Circle/04 - Judith (2).mp3,/mnt/d/Music/_Duplicate_Quarantine/04 - Judith.mp3
3892,keep,largest file in duplicate metadata group,a perfect circle | mer de noms | judith,A Perfect Circle,Mer de Noms,Judith,5941167,/mnt/d/Music/_Sorted_By_Artist/A Perfect Circle/04 - Judith (2).mp3,/mnt/d/Music/_Sorted_By_Artist/A Perfect Circle/04 - Judith (2).mp3,
2668,quarantine,"same metadata artist, album, and title as kept file",a perfect circle | mer de noms | magdalena,A Perfect Circle,Mer de Noms,Magdalena,5911868,/mnt/d/Music/_Sorted_By_Artist/A Perfect Circle/02 - Magdalena.mp3,/mnt/d/Music/_Sorted_By_Artist/A Perfect Circle/02 - Magdalena (2).mp3,/mnt/d/Music/_Duplicate_Quarantine/02 - Magdalena.mp3
3890,keep,largest file in duplicate metadata group,a perfect circle | mer de noms | magdalena,A Perfect Circle,Mer de Noms,Magdalena,5911868,/mnt/d/Music/_Sorted_By_Artist/A Perfect Circle/02 - Magdalena (2).mp3,/mnt/d/Music/_Sorted_By_Artist/A Perfect Circle/02 - Magdalena (2).mp3,
2671,quarantine,"same metadata artist, album, and title as kept file",a perfect circle | mer de noms | orestes,A Perfect Circle,Mer de Noms,Orestes,6928135,/mnt/d/Music/_Sorted_By_Artist/A Perfect Circle/05 - Orestes.mp3,/mnt/d/Music/_Sorted_By_Artist/A Perfect Circle/05 - Orestes (2).mp3,/mnt/d/Music/_Duplicate_Quarantine/05 - Orestes.mp3
3893,keep,largest file in duplicate metadata group,a perfect circle | mer de noms | orestes,A Perfect Circle,Mer de Noms,Orestes,6928135,/mnt/d/Music/_Sorted_By_Artist/A Perfect Circle/05 - Orestes (2).mp3,/mnt/d/Music/_Sorted_By_Artist/A Perfect Circle/05 - Orestes (2).mp3,
2678,quarantine,"same metadata artist, album, and title as kept file",a perfect circle | mer de noms | over,A Perfect Circle,Mer de Noms,Over,3395168,/mnt/d/Music/_Sorted_By_Artist/A Perfect Circle/12 - Over.mp3,/mnt/d/Music/_Sorted_By_Artist/A Perfect Circle/12 - Over (2).mp3,/mnt/d/Music/_Duplicate_Quarantine/12 - Over.mp3
3900,keep,largest file in duplicate metadata group,a perfect circle | mer de noms | over,A Perfect Circle,Mer de Noms,Over,3395168,/mnt/d/Music/_Sorted_By_Artist/A Perfect Circle/12 - Over (2).mp3,/mnt/d/Music/_Sorted_By_Artist/A Perfect Circle/12 - Over (2).mp3,
2675,quarantine,"same metadata artist, album, and title as kept file",a perfect circle | mer de noms | renholder,A Perfect Circle,Mer de Noms,Renholder,3471028,/mnt/d/Music/_Sorted_By_Artist/A Perfect Circle/09 - Renholder.mp3,/mnt/d/Music/_Sorted_By_Artist/A Perfect Circle/09 - Renholder (2).mp3,/mnt/d/Music/_Duplicate_Quarantine/09 - Renholder.mp3
3897,keep,largest file in duplicate metadata group,a perfect circle | mer de noms | renholder,A Perfect Circle,Mer de Noms,Renholder,3471028,/mnt/d/Music/_Sorted_By_Artist/A Perfect Circle/09 - Renholder (2).mp3,/mnt/d/Music/_Sorted_By_Artist/A Perfect Circle/09 - Renholder (2).mp3,
2669,quarantine,"same metadata artist, album, and title as kept file",a perfect circle | mer de noms | rose,A Perfect Circle,Mer de Noms,Rose,4946842,/mnt/d/Music/_Sorted_By_Artist/A Perfect Circle/03 - Rose.mp3,/mnt/d/Music/_Sorted_By_Artist/A Perfect Circle/03 - Rose (2).mp3,/mnt/d/Music/_Duplicate_Quarantine/03 - Rose.mp3
3891,keep,largest file in duplicate metadata group,a perfect circle | mer de noms | rose,A Perfect Circle,Mer de Noms,Rose,4946842,/mnt/d/Music/_Sorted_By_Artist/A Perfect Circle/03 - Rose (2).mp3,/mnt/d/Music/_Sorted_By_Artist/A Perfect Circle/03 - Rose (2).mp3,
2673,quarantine,"same metadata artist, album, and title as kept file",a perfect circle | mer de noms | sleeping beauty,A Perfect Circle,Mer de Noms,Sleeping Beauty,6025803,/mnt/d/Music/_Sorted_By_Artist/A Perfect Circle/07 - Sleeping Beauty.mp3,/mnt/d/Music/_Sorted_By_Artist/A Perfect Circle/07 - Sleeping Beauty (2).mp3,/mnt/d/Music/_Duplicate_Quarantine/07 - Sleeping Beauty.mp3
3895,keep,largest file in duplicate metadata group,a perfect circle | mer de noms | sleeping beauty,A Perfect Circle,Mer de Noms,Sleeping Beauty,6025803,/mnt/d/Music/_Sorted_By_Artist/A Perfect Circle/07 - Sleeping Beauty (2).mp3,/mnt/d/Music/_Sorted_By_Artist/A Perfect Circle/07 - Sleeping Beauty (2).mp3,
2667,quarantine,"same metadata artist, album, and title as kept file",a perfect circle | mer de noms | the hollow,A Perfect Circle,Mer de Noms,The Hollow,4302516,/mnt/d/Music/_Sorted_By_Artist/A Perfect Circle/01 - The Hollow.mp3,/mnt/d/Music/_Sorted_By_Artist/A Perfect Circle/01 - The Hollow (2).mp3,/mnt/d/Music/_Duplicate_Quarantine/01 - The Hollow.mp3
3889,keep,largest file in duplicate metadata group,a perfect circle | mer de noms | the hollow,A Perfect Circle,Mer de Noms,The Hollow,4302516,/mnt/d/Music/_Sorted_By_Artist/A Perfect Circle/01 - The Hollow (2).mp3,/mnt/d/Music/_Sorted_By_Artist/A Perfect Circle/01 - The Hollow (2).mp3,
2676,quarantine,"same metadata artist, album, and title as kept file",a perfect circle | mer de noms | thinking of you,A Perfect Circle,Mer de Noms,Thinking Of You,6596318,/mnt/d/Music/_Sorted_By_Artist/A Perfect Circle/10 - Thinking Of You.mp3,/mnt/d/Music/_Sorted_By_Artist/A Perfect Circle/10 - Thinking Of You (2).mp3,/mnt/d/Music/_Duplicate_Quarantine/10 - Thinking Of You.mp3
3898,keep,largest file in duplicate metadata group,a perfect circle | mer de noms | thinking of you,A Perfect Circle,Mer de Noms,Thinking Of You,6596318,/mnt/d/Music/_Sorted_By_Artist/A Perfect Circle/10 - Thinking Of You (2).mp3,/mnt/d/Music/_Sorted_By_Artist/A Perfect Circle/10 - Thinking Of You (2).mp3,
2674,quarantine,"same metadata artist, album, and title as kept file",a perfect circle | mer de noms | thomas,A Perfect Circle,Mer de Noms,Thomas,5031478,/mnt/d/Music/_Sorted_By_Artist/A Perfect Circle/08 - Thomas.mp3,/mnt/d/Music/_Sorted_By_Artist/A Perfect Circle/08 - Thomas (2).mp3,/mnt/d/Music/_Duplicate_Quarantine/08 - Thomas.mp3
3896,keep,largest file in duplicate metadata group,a perfect circle | mer de noms | thomas,A Perfect Circle,Mer de Noms,Thomas,5031478,/mnt/d/Music/_Sorted_By_Artist/A Perfect Circle/08 - Thomas (2).mp3,/mnt/d/Music/_Sorted_By_Artist/A Perfect Circle/08 - Thomas (2).mp3,
2684,quarantine,"same metadata artist, album, and title as kept file",a perfect circle | thirteenth step | a stranger,A Perfect Circle,Thirteenth Step,A Stranger,4623508,/mnt/d/Music/_Sorted_By_Artist/A Perfect Circle/06 - A Stranger.mp3,/mnt/d/Music/_Sorted_By_Artist/A Perfect Circle/06 - A Stranger (2).mp3,/mnt/d/Music/_Duplicate_Quarantine/06 - A Stranger.mp3
3906,keep,largest file in duplicate metadata group,a perfect circle | thirteenth step | a stranger,A Perfect Circle,Thirteenth Step,A Stranger,4623508,/mnt/d/Music/_Sorted_By_Artist/A Perfect Circle/06 - A Stranger (2).mp3,/mnt/d/Music/_Sorted_By_Artist/A Perfect Circle/06 - A Stranger (2).mp3,
3918,quarantine,"same metadata artist, album, and title as kept file",a perfect circle | thirteenth step | a stranger,A Perfect Circle,Thirteenth Step,A Stranger,3127114,/mnt/d/Music/_Sorted_By_Artist/A Perfect Circle/MGHJ.m4a,/mnt/d/Music/_Sorted_By_Artist/A Perfect Circle/06 - A Stranger (2).mp3,/mnt/d/Music/_Duplicate_Quarantine/MGHJ.m4a
2682,quarantine,"same metadata artist, album, and title as kept file",a perfect circle | thirteenth step | blue,A Perfect Circle,Thirteenth Step,Blue,6094307,/mnt/d/Music/_Sorted_By_Artist/A Perfect Circle/04 - Blue.mp3,/mnt/d/Music/_Sorted_By_Artist/A Perfect Circle/04 - Blue (2).mp3,/mnt/d/Music/_Duplicate_Quarantine/04 - Blue.mp3
3904,keep,largest file in duplicate metadata group,a perfect circle | thirteenth step | blue,A Perfect Circle,Thirteenth Step,Blue,6094307,/mnt/d/Music/_Sorted_By_Artist/A Perfect Circle/04 - Blue (2).mp3,/mnt/d/Music/_Sorted_By_Artist/A Perfect Circle/04 - Blue (2).mp3,
3923,quarantine,"same metadata artist, album, and title as kept file",a perfect circle | thirteenth step | blue,A Perfect Circle,Thirteenth Step,Blue,4114369,/mnt/d/Music/_Sorted_By_Artist/A Perfect Circle/XSRA.m4a,/mnt/d/Music/_Sorted_By_Artist/A Perfect Circle/04 - Blue (2).mp3,/mnt/d/Music/_Duplicate_Quarantine/XSRA.m4a
2686,quarantine,"same metadata artist, album, and title as kept file",a perfect circle | thirteenth step | crimes,A Perfect Circle,Thirteenth Step,Crimes,3726986,/mnt/d/Music/_Sorted_By_Artist/A Perfect Circle/08 - Crimes.mp3,/mnt/d/Music/_Sorted_By_Artist/A Perfect Circle/08 - Crimes (2).mp3,/mnt/d/Music/_Duplicate_Quarantine/08 - Crimes.mp3
3908,keep,largest file in duplicate metadata group,a perfect circle | thirteenth step | crimes,A Perfect Circle,Thirteenth Step,Crimes,3726986,/mnt/d/Music/_Sorted_By_Artist/A Perfect Circle/08 - Crimes (2).mp3,/mnt/d/Music/_Sorted_By_Artist/A Perfect Circle/08 - Crimes (2).mp3,
3919,quarantine,"same metadata artist, album, and title as kept file",a perfect circle | thirteenth step | crimes,A Perfect Circle,Thirteenth Step,Crimes,2528864,/mnt/d/Music/_Sorted_By_Artist/A Perfect Circle/NDSO.m4a,/mnt/d/Music/_Sorted_By_Artist/A Perfect Circle/08 - Crimes (2).mp3,/mnt/d/Music/_Duplicate_Quarantine/NDSO.m4a
2690,quarantine,"same metadata artist, album, and title as kept file",a perfect circle | thirteenth step | gravity,A Perfect Circle,Thirteenth Step,Gravity,7351946,/mnt/d/Music/_Sorted_By_Artist/A Perfect Circle/12 - Gravity.mp3,/mnt/d/Music/_Sorted_By_Artist/A Perfect Circle/12 - Gravity (2).mp3,/mnt/d/Music/_Duplicate_Quarantine/12 - Gravity.mp3
3912,keep,largest file in duplicate metadata group,a perfect circle | thirteenth step | gravity,A Perfect Circle,Thirteenth Step,Gravity,7351946,/mnt/d/Music/_Sorted_By_Artist/A Perfect Circle/12 - Gravity (2).mp3,/mnt/d/Music/_Sorted_By_Artist/A Perfect Circle/12 - Gravity (2).mp3,
3922,quarantine,"same metadata artist, album, and title as kept file",a perfect circle | thirteenth step | gravity,A Perfect Circle,Thirteenth Step,Gravity,4957952,/mnt/d/Music/_Sorted_By_Artist/A Perfect Circle/XCOY.m4a,/mnt/d/Music/_Sorted_By_Artist/A Perfect Circle/12 - Gravity (2).mp3,/mnt/d/Music/_Duplicate_Quarantine/XCOY.m4a
2689,quarantine,"same metadata artist, album, and title as kept file",a perfect circle | thirteenth step | lullaby,A Perfect Circle,Thirteenth Step,Lullaby,2933908,/mnt/d/Music/_Sorted_By_Artist/A Perfect Circle/11 - Lullaby.mp3,/mnt/d/Music/_Sorted_By_Artist/A Perfect Circle/11 - Lullaby (2).mp3,/mnt/d/Music/_Duplicate_Quarantine/11 - Lullaby.mp3
3911,keep,largest file in duplicate metadata group,a perfect circle | thirteenth step | lullaby,A Perfect Circle,Thirteenth Step,Lullaby,2933908,/mnt/d/Music/_Sorted_By_Artist/A Perfect Circle/11 - Lullaby (2).mp3,/mnt/d/Music/_Sorted_By_Artist/A Perfect Circle/11 - Lullaby (2).mp3,
3914,quarantine,"same metadata artist, album, and title as kept file",a perfect circle | thirteenth step | lullaby,A Perfect Circle,Thirteenth Step,Lullaby,2004432,/mnt/d/Music/_Sorted_By_Artist/A Perfect Circle/AUPY.m4a,/mnt/d/Music/_Sorted_By_Artist/A Perfect Circle/11 - Lullaby (2).mp3,/mnt/d/Music/_Duplicate_Quarantine/AUPY.m4a
2688,quarantine,"same metadata artist, album, and title as kept file",a perfect circle | thirteenth step | pet,A Perfect Circle,Thirteenth Step,Pet,6589588,/mnt/d/Music/_Sorted_By_Artist/A Perfect Circle/10 - Pet.mp3,/mnt/d/Music/_Sorted_By_Artist/A Perfect Circle/10 - Pet (2).mp3,/mnt/d/Music/_Duplicate_Quarantine/10 - Pet.mp3
3910,keep,largest file in duplicate metadata group,a perfect circle | thirteenth step | pet,A Perfect Circle,Thirteenth Step,Pet,6589588,/mnt/d/Music/_Sorted_By_Artist/A Perfect Circle/10 - Pet (2).mp3,/mnt/d/Music/_Sorted_By_Artist/A Perfect Circle/10 - Pet (2).mp3,
3924,quarantine,"same metadata artist, album, and title as kept file",a perfect circle | thirteenth step | pet,A Perfect Circle,Thirteenth Step,Pet,4447258,/mnt/d/Music/_Sorted_By_Artist/A Perfect Circle/YBSL.m4a,/mnt/d/Music/_Sorted_By_Artist/A Perfect Circle/10 - Pet (2).mp3,/mnt/d/Music/_Duplicate_Quarantine/YBSL.m4a
2681,quarantine,"same metadata artist, album, and title as kept file",a perfect circle | thirteenth step | the noose,A Perfect Circle,Thirteenth Step,The Noose,7044119,/mnt/d/Music/_Sorted_By_Artist/A Perfect Circle/03 - The Noose.mp3,/mnt/d/Music/_Sorted_By_Artist/A Perfect Circle/03 - The Noose (2).mp3,/mnt/d/Music/_Duplicate_Quarantine/03 - The Noose.mp3
3903,keep,largest file in duplicate metadata group,a perfect circle | thirteenth step | the noose,A Perfect Circle,Thirteenth Step,The Noose,7044119,/mnt/d/Music/_Sorted_By_Artist/A Perfect Circle/03 - The Noose (2).mp3,/mnt/d/Music/_Sorted_By_Artist/A Perfect Circle/03 - The Noose (2).mp3,
3913,quarantine,"same metadata artist, album, and title as kept file",a perfect circle | thirteenth step | the noose,A Perfect Circle,Thirteenth Step,The Noose,4752443,/mnt/d/Music/_Sorted_By_Artist/A Perfect Circle/APWG.m4a,/mnt/d/Music/_Sorted_By_Artist/A Perfect Circle/03 - The Noose (2).mp3,/mnt/d/Music/_Duplicate_Quarantine/APWG.m4a
2687,quarantine,"same metadata artist, album, and title as kept file",a perfect circle | thirteenth step | the nurse who loved me,A Perfect Circle,Thirteenth Step,The Nurse Who Loved Me,5880521,/mnt/d/Music/_Sorted_By_Artist/A Perfect Circle/09 - The Nurse Who Loved Me.mp3,/mnt/d/Music/_Sorted_By_Artist/A Perfect Circle/09 - The Nurse Who Loved Me (2).mp3,/mnt/d/Music/_Duplicate_Quarantine/09 - The Nurse Who Loved Me.mp3
3909,keep,largest file in duplicate metadata group,a perfect circle | thirteenth step | the nurse who loved me,A Perfect Circle,Thirteenth Step,The Nurse Who Loved Me,5880521,/mnt/d/Music/_Sorted_By_Artist/A Perfect Circle/09 - The Nurse Who Loved Me (2).mp3,/mnt/d/Music/_Sorted_By_Artist/A Perfect Circle/09 - The Nurse Who Loved Me (2).mp3,
3916,quarantine,"same metadata artist, album, and title as kept file",a perfect circle | thirteenth step | the nurse who loved me,A Perfect Circle,Thirteenth Step,The Nurse Who Loved Me,3971751,/mnt/d/Music/_Sorted_By_Artist/A Perfect Circle/DJYQ.m4a,/mnt/d/Music/_Sorted_By_Artist/A Perfect Circle/09 - The Nurse Who Loved Me (2).mp3,/mnt/d/Music/_Duplicate_Quarantine/DJYQ.m4a
2685,quarantine,"same metadata artist, album, and title as kept file",a perfect circle | thirteenth step | the outsider,A Perfect Circle,Thirteenth Step,The Outsider,5911868,/mnt/d/Music/_Sorted_By_Artist/A Perfect Circle/07 - The Outsider.mp3,/mnt/d/Music/_Sorted_By_Artist/A Perfect Circle/07 - The Outsider (2).mp3,/mnt/d/Music/_Duplicate_Quarantine/07 - The Outsider.mp3
3907,keep,largest file in duplicate metadata group,a perfect circle | thirteenth step | the outsider,A Perfect Circle,Thirteenth Step,The Outsider,5911868,/mnt/d/Music/_Sorted_By_Artist/A Perfect Circle/07 - The Outsider (2).mp3,/mnt/d/Music/_Sorted_By_Artist/A Perfect Circle/07 - The Outsider (2).mp3,
3920,quarantine,"same metadata artist, album, and title as kept file",a perfect circle | thirteenth step | the outsider,A Perfect Circle,Thirteenth Step,The Outsider,3985472,/mnt/d/Music/_Sorted_By_Artist/A Perfect Circle/QJPA.m4a,/mnt/d/Music/_Sorted_By_Artist/A Perfect Circle/07 - The Outsider (2).mp3,/mnt/d/Music/_Duplicate_Quarantine/QJPA.m4a
2679,quarantine,"same metadata artist, album, and title as kept file",a perfect circle | thirteenth step | the package,A Perfect Circle,Thirteenth Step,The Package,11056527,/mnt/d/Music/_Sorted_By_Artist/A Perfect Circle/01 - The Package.mp3,/mnt/d/Music/_Sorted_By_Artist/A Perfect Circle/01 - The Package (2).mp3,/mnt/d/Music/_Duplicate_Quarantine/01 - The Package.mp3
3901,keep,largest file in duplicate metadata group,a perfect circle | thirteenth step | the package,A Perfect Circle,Thirteenth Step,The Package,11056527,/mnt/d/Music/_Sorted_By_Artist/A Perfect Circle/01 - The Package (2).mp3,/mnt/d/Music/_Sorted_By_Artist/A Perfect Circle/01 - The Package (2).mp3,
3915,quarantine,"same metadata artist, album, and title as kept file",a perfect circle | thirteenth step | the package,A Perfect Circle,Thirteenth Step,The Package,7457308,/mnt/d/Music/_Sorted_By_Artist/A Perfect Circle/BNNH.m4a,/mnt/d/Music/_Sorted_By_Artist/A Perfect Circle/01 - The Package (2).mp3,/mnt/d/Music/_Duplicate_Quarantine/BNNH.m4a
2683,quarantine,"same metadata artist, album, and title as kept file",a perfect circle | thirteenth step | vanishing,A Perfect Circle,Thirteenth Step,Vanishing,7003995,/mnt/d/Music/_Sorted_By_Artist/A Perfect Circle/05 - Vanishing.mp3,/mnt/d/Music/_Sorted_By_Artist/A Perfect Circle/05 - Vanishing (2).mp3,/mnt/d/Music/_Duplicate_Quarantine/05 - Vanishing.mp3
3905,keep,largest file in duplicate metadata group,a perfect circle | thirteenth step | vanishing,A Perfect Circle,Thirteenth Step,Vanishing,7003995,/mnt/d/Music/_Sorted_By_Artist/A Perfect Circle/05 - Vanishing (2).mp3,/mnt/d/Music/_Sorted_By_Artist/A Perfect Circle/05 - Vanishing (2).mp3,
3921,quarantine,"same metadata artist, album, and title as kept file",a perfect circle | thirteenth step | vanishing,A Perfect Circle,Thirteenth Step,Vanishing,4710307,/mnt/d/Music/_Sorted_By_Artist/A Perfect Circle/QPVJ.m4a,/mnt/d/Music/_Sorted_By_Artist/A Perfect Circle/05 - Vanishing (2).mp3,/mnt/d/Music/_Duplicate_Quarantine/QPVJ.m4a
2680,quarantine,"same metadata artist, album, and title as kept file",a perfect circle | thirteenth step | weak and powerless,A Perfect Circle,Thirteenth Step,Weak And Powerless,4689964,/mnt/d/Music/_Sorted_By_Artist/A Perfect Circle/02 - Weak And Powerless.mp3,/mnt/d/Music/_Sorted_By_Artist/A Perfect Circle/02 - Weak And Powerless (2).mp3,/mnt/d/Music/_Duplicate_Quarantine/02 - Weak And Powerless.mp3
3902,keep,largest file in duplicate metadata group,a perfect circle | thirteenth step | weak and powerless,A Perfect Circle,Thirteenth Step,Weak And Powerless,4689964,/mnt/d/Music/_Sorted_By_Artist/A Perfect Circle/02 - Weak And Powerless (2).mp3,/mnt/d/Music/_Sorted_By_Artist/A Perfect Circle/02 - Weak And Powerless (2).mp3,
3917,quarantine,"same metadata artist, album, and title as kept file",a perfect circle | thirteenth step | weak and powerless,A Perfect Circle,Thirteenth Step,Weak And Powerless,3177808,/mnt/d/Music/_Sorted_By_Artist/A Perfect Circle/EGJB.m4a,/mnt/d/Music/_Sorted_By_Artist/A Perfect Circle/02 - Weak And Powerless (2).mp3,/mnt/d/Music/_Duplicate_Quarantine/EGJB.m4a
2698,quarantine,"same metadata artist, album, and title as kept file",acroma | orbitals | big karma now,Acroma,Orbitals,Big Karma Now,4668021,/mnt/d/Music/_Sorted_By_Artist/Acroma/08 - Big Karma Now.mp3,/mnt/d/Music/_Sorted_By_Artist/Acroma/08 - Big Karma Now (2).mp3,/mnt/d/Music/_Duplicate_Quarantine/08 - Big Karma Now.mp3
3947,keep,largest file in duplicate metadata group,acroma | orbitals | big karma now,Acroma,Orbitals,Big Karma Now,4668021,/mnt/d/Music/_Sorted_By_Artist/Acroma/08 - Big Karma Now (2).mp3,/mnt/d/Music/_Sorted_By_Artist/Acroma/08 - Big Karma Now (2).mp3,
2691,quarantine,"same metadata artist, album, and title as kept file",acroma | orbitals | careless ones (intro,Acroma,Orbitals,Careless Ones (Intro),4940112,/mnt/d/Music/_Sorted_By_Artist/Acroma/01 - Careless Ones (Intro).mp3,/mnt/d/Music/_Sorted_By_Artist/Acroma/01 - Careless Ones (Intro) (2).mp3,/mnt/d/Music/_Duplicate_Quarantine/01 - Careless Ones (Intro).mp3
3940,keep,largest file in duplicate metadata group,acroma | orbitals | careless ones (intro,Acroma,Orbitals,Careless Ones (Intro),4940112,/mnt/d/Music/_Sorted_By_Artist/Acroma/01 - Careless Ones (Intro) (2).mp3,/mnt/d/Music/_Sorted_By_Artist/Acroma/01 - Careless Ones (Intro) (2).mp3,
2699,quarantine,"same metadata artist, album, and title as kept file",acroma | orbitals | distance,Acroma,Orbitals,Distance,2839868,/mnt/d/Music/_Sorted_By_Artist/Acroma/09 - Distance.mp3,/mnt/d/Music/_Sorted_By_Artist/Acroma/09 - Distance (2).mp3,/mnt/d/Music/_Duplicate_Quarantine/09 - Distance.mp3
3948,keep,largest file in duplicate metadata group,acroma | orbitals | distance,Acroma,Orbitals,Distance,2839868,/mnt/d/Music/_Sorted_By_Artist/Acroma/09 - Distance (2).mp3,/mnt/d/Music/_Sorted_By_Artist/Acroma/09 - Distance (2).mp3,
2695,quarantine,"same metadata artist, album, and title as kept file",acroma | orbitals | don't think just move,Acroma,Orbitals,Don't Think Just Move,7681716,/mnt/d/Music/_Sorted_By_Artist/Acroma/05 - Don't Think Just Move.mp3,/mnt/d/Music/_Sorted_By_Artist/Acroma/05 - Don't Think Just Move (2).mp3,/mnt/d/Music/_Duplicate_Quarantine/05 - Don't Think Just Move.mp3
3944,keep,largest file in duplicate metadata group,acroma | orbitals | don't think just move,Acroma,Orbitals,Don't Think Just Move,7681716,/mnt/d/Music/_Sorted_By_Artist/Acroma/05 - Don't Think Just Move (2).mp3,/mnt/d/Music/_Sorted_By_Artist/Acroma/05 - Don't Think Just Move (2).mp3,
2696,quarantine,"same metadata artist, album, and title as kept file",acroma | orbitals | motive,Acroma,Orbitals,Motive,7561344,/mnt/d/Music/_Sorted_By_Artist/Acroma/06 - Motive.mp3,/mnt/d/Music/_Sorted_By_Artist/Acroma/06 - Motive (2).mp3,/mnt/d/Music/_Duplicate_Quarantine/06 - Motive.mp3
3945,keep,largest file in duplicate metadata group,acroma | orbitals | motive,Acroma,Orbitals,Motive,7561344,/mnt/d/Music/_Sorted_By_Artist/Acroma/06 - Motive (2).mp3,/mnt/d/Music/_Sorted_By_Artist/Acroma/06 - Motive (2).mp3,
2701,quarantine,"same metadata artist, album, and title as kept file",acroma | orbitals | on that day,Acroma,Orbitals,On That Day,5657330,/mnt/d/Music/_Sorted_By_Artist/Acroma/11 - On That Day.mp3,/mnt/d/Music/_Sorted_By_Artist/Acroma/11 - On That Day (2).mp3,/mnt/d/Music/_Duplicate_Quarantine/11 - On That Day.mp3
3950,keep,largest file in duplicate metadata group,acroma | orbitals | on that day,Acroma,Orbitals,On That Day,5657330,/mnt/d/Music/_Sorted_By_Artist/Acroma/11 - On That Day (2).mp3,/mnt/d/Music/_Sorted_By_Artist/Acroma/11 - On That Day (2).mp3,
2700,quarantine,"same metadata artist, album, and title as kept file",acroma | orbitals | orbitals,Acroma,Orbitals,Orbitals,7071077,/mnt/d/Music/_Sorted_By_Artist/Acroma/10 - Orbitals.mp3,/mnt/d/Music/_Sorted_By_Artist/Acroma/10 - Orbitals (2).mp3,/mnt/d/Music/_Duplicate_Quarantine/10 - Orbitals.mp3
3949,keep,largest file in duplicate metadata group,acroma | orbitals | orbitals,Acroma,Orbitals,Orbitals,7071077,/mnt/d/Music/_Sorted_By_Artist/Acroma/10 - Orbitals (2).mp3,/mnt/d/Music/_Sorted_By_Artist/Acroma/10 - Orbitals (2).mp3,
2697,quarantine,"same metadata artist, album, and title as kept file",acroma | orbitals | perfect,Acroma,Orbitals,Perfect,6763250,/mnt/d/Music/_Sorted_By_Artist/Acroma/07 - Perfect.mp3,/mnt/d/Music/_Sorted_By_Artist/Acroma/07 - Perfect (2).mp3,/mnt/d/Music/_Duplicate_Quarantine/07 - Perfect.mp3
3946,keep,largest file in duplicate metadata group,acroma | orbitals | perfect,Acroma,Orbitals,Perfect,6763250,/mnt/d/Music/_Sorted_By_Artist/Acroma/07 - Perfect (2).mp3,/mnt/d/Music/_Sorted_By_Artist/Acroma/07 - Perfect (2).mp3,
2702,quarantine,"same metadata artist, album, and title as kept file",acroma | orbitals | slow down,Acroma,Orbitals,Slow Down,4899988,/mnt/d/Music/_Sorted_By_Artist/Acroma/12 - Slow Down.mp3,/mnt/d/Music/_Sorted_By_Artist/Acroma/12 - Slow Down (2).mp3,/mnt/d/Music/_Duplicate_Quarantine/12 - Slow Down.mp3
3951,keep,largest file in duplicate metadata group,acroma | orbitals | slow down,Acroma,Orbitals,Slow Down,4899988,/mnt/d/Music/_Sorted_By_Artist/Acroma/12 - Slow Down (2).mp3,/mnt/d/Music/_Sorted_By_Artist/Acroma/12 - Slow Down (2).mp3,
2692,quarantine,"same metadata artist, album, and title as kept file",acroma | orbitals | sun rises down,Acroma,Orbitals,Sun Rises Down,6112488,/mnt/d/Music/_Sorted_By_Artist/Acroma/02 - Sun Rises Down.mp3,/mnt/d/Music/_Sorted_By_Artist/Acroma/02 - Sun Rises Down (2).mp3,/mnt/d/Music/_Duplicate_Quarantine/02 - Sun Rises Down.mp3
3941,keep,largest file in duplicate metadata group,acroma | orbitals | sun rises down,Acroma,Orbitals,Sun Rises Down,6112488,/mnt/d/Music/_Sorted_By_Artist/Acroma/02 - Sun Rises Down (2).mp3,/mnt/d/Music/_Sorted_By_Artist/Acroma/02 - Sun Rises Down (2).mp3,
2693,quarantine,"same metadata artist, album, and title as kept file",acroma | orbitals | sweat,Acroma,Orbitals,Sweat,7061673,/mnt/d/Music/_Sorted_By_Artist/Acroma/03 - Sweat.mp3,/mnt/d/Music/_Sorted_By_Artist/Acroma/03 - Sweat (2).mp3,/mnt/d/Music/_Duplicate_Quarantine/03 - Sweat.mp3
3942,keep,largest file in duplicate metadata group,acroma | orbitals | sweat,Acroma,Orbitals,Sweat,7061673,/mnt/d/Music/_Sorted_By_Artist/Acroma/03 - Sweat (2).mp3,/mnt/d/Music/_Sorted_By_Artist/Acroma/03 - Sweat (2).mp3,
2703,quarantine,"same metadata artist, album, and title as kept file",acroma | orbitals | take the pain,Acroma,Orbitals,Take The Pain,9946219,/mnt/d/Music/_Sorted_By_Artist/Acroma/13 - Take The Pain.mp3,/mnt/d/Music/_Sorted_By_Artist/Acroma/13 - Take The Pain (2).mp3,/mnt/d/Music/_Duplicate_Quarantine/13 - Take The Pain.mp3
3952,keep,largest file in duplicate metadata group,acroma | orbitals | take the pain,Acroma,Orbitals,Take The Pain,9946219,/mnt/d/Music/_Sorted_By_Artist/Acroma/13 - Take The Pain (2).mp3,/mnt/d/Music/_Sorted_By_Artist/Acroma/13 - Take The Pain (2).mp3,
2694,quarantine,"same metadata artist, album, and title as kept file",acroma | orbitals | wash away (some desert night,Acroma,Orbitals,Wash Away (Some Desert Night),6758862,/mnt/d/Music/_Sorted_By_Artist/Acroma/04 - Wash Away (Some Desert Night).mp3,/mnt/d/Music/_Sorted_By_Artist/Acroma/04 - Wash Away (Some Desert Night) (2).mp3,/mnt/d/Music/_Duplicate_Quarantine/04 - Wash Away (Some Desert Night).mp3
3943,keep,largest file in duplicate metadata group,acroma | orbitals | wash away (some desert night,Acroma,Orbitals,Wash Away (Some Desert Night),6758862,/mnt/d/Music/_Sorted_By_Artist/Acroma/04 - Wash Away (Some Desert Night) (2).mp3,/mnt/d/Music/_Sorted_By_Artist/Acroma/04 - Wash Away (Some Desert Night) (2).mp3,
2300,quarantine,"same metadata artist, album, and title as kept file",all that remains | this darkened heart | and death in my arms,All That Remains,This Darkened Heart,And Death In My Arms,4692338,/mnt/d/Music/_Sorted_By_Artist/All That Remains/01 And Death In My Arms.m4a,/mnt/d/Music/_Sorted_By_Artist/All That Remains/01 - And Death In My Arms (2).mp3,/mnt/d/Music/_Duplicate_Quarantine/01 And Death In My Arms.m4a
2704,quarantine,"same metadata artist, album, and title as kept file",all that remains | this darkened heart | and death in my arms,All That Remains,This Darkened Heart,And Death In My Arms,6896788,/mnt/d/Music/_Sorted_By_Artist/All That Remains/01 - And Death In My Arms.mp3,/mnt/d/Music/_Sorted_By_Artist/All That Remains/01 - And Death In My Arms (2).mp3,/mnt/d/Music/_Duplicate_Quarantine/01 - And Death In My Arms.mp3
3997,keep,largest file in duplicate metadata group,all that remains | this darkened heart | and death in my arms,All That Remains,This Darkened Heart,And Death In My Arms,6896788,/mnt/d/Music/_Sorted_By_Artist/All That Remains/01 - And Death In My Arms (2).mp3,/mnt/d/Music/_Sorted_By_Artist/All That Remains/01 - And Death In My Arms (2).mp3,
2304,quarantine,"same metadata artist, album, and title as kept file",all that remains | this darkened heart | focus shall not fail,All That Remains,This Darkened Heart,Focus Shall Not Fail,6253468,/mnt/d/Music/_Sorted_By_Artist/All That Remains/05 Focus Shall Not Fail.m4a,/mnt/d/Music/_Sorted_By_Artist/All That Remains/05 - Focus Shall Not Fail (2).mp3,/mnt/d/Music/_Duplicate_Quarantine/05 Focus Shall Not Fail.m4a
2708,quarantine,"same metadata artist, album, and title as kept file",all that remains | this darkened heart | focus shall not fail,All That Remains,This Darkened Heart,Focus Shall Not Fail,9134960,/mnt/d/Music/_Sorted_By_Artist/All That Remains/05 - Focus Shall Not Fail.mp3,/mnt/d/Music/_Sorted_By_Artist/All That Remains/05 - Focus Shall Not Fail (2).mp3,/mnt/d/Music/_Duplicate_Quarantine/05 - Focus Shall Not Fail.mp3
4001,keep,largest file in duplicate metadata group,all that remains | this darkened heart | focus shall not fail,All That Remains,This Darkened Heart,Focus Shall Not Fail,9134960,/mnt/d/Music/_Sorted_By_Artist/All That Remains/05 - Focus Shall Not Fail (2).mp3,/mnt/d/Music/_Sorted_By_Artist/All That Remains/05 - Focus Shall Not Fail (2).mp3,
2307,quarantine,"same metadata artist, album, and title as kept file",all that remains | this darkened heart | for salvation,All That Remains,This Darkened Heart,For Salvation,3789119,/mnt/d/Music/_Sorted_By_Artist/All That Remains/08 For Salvation.m4a,/mnt/d/Music/_Sorted_By_Artist/All That Remains/08 - For Salvation (2).mp3,/mnt/d/Music/_Duplicate_Quarantine/08 For Salvation.m4a
2711,quarantine,"same metadata artist, album, and title as kept file",all that remains | this darkened heart | for salvation,All That Remains,This Darkened Heart,For Salvation,5586486,/mnt/d/Music/_Sorted_By_Artist/All That Remains/08 - For Salvation.mp3,/mnt/d/Music/_Sorted_By_Artist/All That Remains/08 - For Salvation (2).mp3,/mnt/d/Music/_Duplicate_Quarantine/08 - For Salvation.mp3
4004,keep,largest file in duplicate metadata group,all that remains | this darkened heart | for salvation,All That Remains,This Darkened Heart,For Salvation,5586486,/mnt/d/Music/_Sorted_By_Artist/All That Remains/08 - For Salvation (2).mp3,/mnt/d/Music/_Sorted_By_Artist/All That Remains/08 - For Salvation (2).mp3,
2303,quarantine,"same metadata artist, album, and title as kept file",all that remains | this darkened heart | i die in degrees,All That Remains,This Darkened Heart,I Die In Degrees,3464128,/mnt/d/Music/_Sorted_By_Artist/All That Remains/04 I Die In Degrees.m4a,/mnt/d/Music/_Sorted_By_Artist/All That Remains/04 - I Die In Degrees (2).mp3,/mnt/d/Music/_Duplicate_Quarantine/04 I Die In Degrees.m4a
2707,quarantine,"same metadata artist, album, and title as kept file",all that remains | this darkened heart | i die in degrees,All That Remains,This Darkened Heart,I Die In Degrees,5100609,/mnt/d/Music/_Sorted_By_Artist/All That Remains/04 - I Die In Degrees.mp3,/mnt/d/Music/_Sorted_By_Artist/All That Remains/04 - I Die In Degrees (2).mp3,/mnt/d/Music/_Duplicate_Quarantine/04 - I Die In Degrees.mp3
4000,keep,largest file in duplicate metadata group,all that remains | this darkened heart | i die in degrees,All That Remains,This Darkened Heart,I Die In Degrees,5100609,/mnt/d/Music/_Sorted_By_Artist/All That Remains/04 - I Die In Degrees (2).mp3,/mnt/d/Music/_Sorted_By_Artist/All That Remains/04 - I Die In Degrees (2).mp3,
2306,quarantine,"same metadata artist, album, and title as kept file",all that remains | this darkened heart | passion,All That Remains,This Darkened Heart,Passion,3646996,/mnt/d/Music/_Sorted_By_Artist/All That Remains/07 Passion.m4a,/mnt/d/Music/_Sorted_By_Artist/All That Remains/07 - Passion (2).mp3,/mnt/d/Music/_Duplicate_Quarantine/07 Passion.m4a
2710,quarantine,"same metadata artist, album, and title as kept file",all that remains | this darkened heart | passion,All That Remains,This Darkened Heart,Passion,5390255,/mnt/d/Music/_Sorted_By_Artist/All That Remains/07 - Passion.mp3,/mnt/d/Music/_Sorted_By_Artist/All That Remains/07 - Passion (2).mp3,/mnt/d/Music/_Duplicate_Quarantine/07 - Passion.mp3
4003,keep,largest file in duplicate metadata group,all that remains | this darkened heart | passion,All That Remains,This Darkened Heart,Passion,5390255,/mnt/d/Music/_Sorted_By_Artist/All That Remains/07 - Passion (2).mp3,/mnt/d/Music/_Sorted_By_Artist/All That Remains/07 - Passion (2).mp3,
2305,quarantine,"same metadata artist, album, and title as kept file",all that remains | this darkened heart | regret not,All That Remains,This Darkened Heart,Regret Not,4304105,/mnt/d/Music/_Sorted_By_Artist/All That Remains/06 Regret Not.m4a,/mnt/d/Music/_Sorted_By_Artist/All That Remains/06 - Regret Not (2).mp3,/mnt/d/Music/_Duplicate_Quarantine/06 Regret Not.m4a
2709,quarantine,"same metadata artist, album, and title as kept file",all that remains | this darkened heart | regret not,All That Remains,This Darkened Heart,Regret Not,6437869,/mnt/d/Music/_Sorted_By_Artist/All That Remains/06 - Regret Not.mp3,/mnt/d/Music/_Sorted_By_Artist/All That Remains/06 - Regret Not (2).mp3,/mnt/d/Music/_Duplicate_Quarantine/06 - Regret Not.mp3
4002,keep,largest file in duplicate metadata group,all that remains | this darkened heart | regret not,All That Remains,This Darkened Heart,Regret Not,6437869,/mnt/d/Music/_Sorted_By_Artist/All That Remains/06 - Regret Not (2).mp3,/mnt/d/Music/_Sorted_By_Artist/All That Remains/06 - Regret Not (2).mp3,
2308,quarantine,"same metadata artist, album, and title as kept file",all that remains | this darkened heart | tattered on my sleeve,All That Remains,This Darkened Heart,Tattered On My Sleeve,4314265,/mnt/d/Music/_Sorted_By_Artist/All That Remains/09 Tattered On My Sleeve.m4a,/mnt/d/Music/_Sorted_By_Artist/All That Remains/09 - Tattered On My Sleeve (2).mp3,/mnt/d/Music/_Duplicate_Quarantine/09 Tattered On My Sleeve.m4a
2712,quarantine,"same metadata artist, album, and title as kept file",all that remains | this darkened heart | tattered on my sleeve,All That Remains,This Darkened Heart,Tattered On My Sleeve,6335051,/mnt/d/Music/_Sorted_By_Artist/All That Remains/09 - Tattered On My Sleeve.mp3,/mnt/d/Music/_Sorted_By_Artist/All That Remains/09 - Tattered On My Sleeve (2).mp3,/mnt/d/Music/_Duplicate_Quarantine/09 - Tattered On My Sleeve.mp3
4005,keep,largest file in duplicate metadata group,all that remains | this darkened heart | tattered on my sleeve,All That Remains,This Darkened Heart,Tattered On My Sleeve,6335051,/mnt/d/Music/_Sorted_By_Artist/All That Remains/09 - Tattered On My Sleeve (2).mp3,/mnt/d/Music/_Sorted_By_Artist/All That Remains/09 - Tattered On My Sleeve (2).mp3,
2301,quarantine,"same metadata artist, album, and title as kept file",all that remains | this darkened heart | the deepest grey,All That Remains,This Darkened Heart,The Deepest Grey,3088812,/mnt/d/Music/_Sorted_By_Artist/All That Remains/02 The Deepest Grey.m4a,/mnt/d/Music/_Sorted_By_Artist/All That Remains/02 - The Deepest Grey (2).mp3,/mnt/d/Music/_Duplicate_Quarantine/02 The Deepest Grey.m4a
2705,quarantine,"same metadata artist, album, and title as kept file",all that remains | this darkened heart | the deepest grey,All That Remains,This Darkened Heart,The Deepest Grey,4592161,/mnt/d/Music/_Sorted_By_Artist/All That Remains/02 - The Deepest Grey.mp3,/mnt/d/Music/_Sorted_By_Artist/All That Remains/02 - The Deepest Grey (2).mp3,/mnt/d/Music/_Duplicate_Quarantine/02 - The Deepest Grey.mp3
3998,keep,largest file in duplicate metadata group,all that remains | this darkened heart | the deepest grey,All That Remains,This Darkened Heart,The Deepest Grey,4592161,/mnt/d/Music/_Sorted_By_Artist/All That Remains/02 - The Deepest Grey (2).mp3,/mnt/d/Music/_Sorted_By_Artist/All That Remains/02 - The Deepest Grey (2).mp3,
2309,quarantine,"same metadata artist, album, and title as kept file",all that remains | this darkened heart | this darkened heart,All That Remains,This Darkened Heart,This Darkened Heart,3140395,/mnt/d/Music/_Sorted_By_Artist/All That Remains/10 This Darkened Heart.m4a,/mnt/d/Music/_Sorted_By_Artist/All That Remains/10 - This Darkened Heart (2).mp3,/mnt/d/Music/_Duplicate_Quarantine/10 This Darkened Heart.m4a
2713,quarantine,"same metadata artist, album, and title as kept file",all that remains | this darkened heart | this darkened heart,All That Remains,This Darkened Heart,This Darkened Heart,4649840,/mnt/d/Music/_Sorted_By_Artist/All That Remains/10 - This Darkened Heart.mp3,/mnt/d/Music/_Sorted_By_Artist/All That Remains/10 - This Darkened Heart (2).mp3,/mnt/d/Music/_Duplicate_Quarantine/10 - This Darkened Heart.mp3
4006,keep,largest file in duplicate metadata group,all that remains | this darkened heart | this darkened heart,All That Remains,This Darkened Heart,This Darkened Heart,4649840,/mnt/d/Music/_Sorted_By_Artist/All That Remains/10 - This Darkened Heart (2).mp3,/mnt/d/Music/_Sorted_By_Artist/All That Remains/10 - This Darkened Heart (2).mp3,
2302,quarantine,"same metadata artist, album, and title as kept file",all that remains | this darkened heart | vicious betrayal,All That Remains,This Darkened Heart,Vicious Betrayal,4256044,/mnt/d/Music/_Sorted_By_Artist/All That Remains/03 Vicious Betrayal.m4a,/mnt/d/Music/_Sorted_By_Artist/All That Remains/03 - Vicious Betrayal (2).mp3,/mnt/d/Music/_Duplicate_Quarantine/03 Vicious Betrayal.m4a
2706,quarantine,"same metadata artist, album, and title as kept file",all that remains | this darkened heart | vicious betrayal,All That Remains,This Darkened Heart,Vicious Betrayal,6272984,/mnt/d/Music/_Sorted_By_Artist/All That Remains/03 - Vicious Betrayal.mp3,/mnt/d/Music/_Sorted_By_Artist/All That Remains/03 - Vicious Betrayal (2).mp3,/mnt/d/Music/_Duplicate_Quarantine/03 - Vicious Betrayal.mp3
3999,keep,largest file in duplicate metadata group,all that remains | this darkened heart | vicious betrayal,All That Remains,This Darkened Heart,Vicious Betrayal,6272984,/mnt/d/Music/_Sorted_By_Artist/All That Remains/03 - Vicious Betrayal (2).mp3,/mnt/d/Music/_Sorted_By_Artist/All That Remains/03 - Vicious Betrayal (2).mp3,
2714,quarantine,"same metadata artist, album, and title as kept file",american head charge | the war of art | a violent reaction,American Head Charge,The War Of Art,A Violent Reaction,6058571,/mnt/d/Music/_Sorted_By_Artist/American Head Charge/01 - A Violent Reaction.mp3,/mnt/d/Music/_Sorted_By_Artist/American Head Charge/01 - A Violent Reaction (2).mp3,/mnt/d/Music/_Duplicate_Quarantine/01 - A Violent Reaction.mp3
4535,keep,largest file in duplicate metadata group,american head charge | the war of art | a violent reaction,American Head Charge,The War Of Art,A Violent Reaction,6058571,/mnt/d/Music/_Sorted_By_Artist/American Head Charge/01 - A Violent Reaction (2).mp3,/mnt/d/Music/_Sorted_By_Artist/American Head Charge/01 - A Violent Reaction (2).mp3,
2728,quarantine,"same metadata artist, album, and title as kept file",american head charge | the war of art | all wrapped up,American Head Charge,The War Of Art,All Wrapped Up,4993402,/mnt/d/Music/_Sorted_By_Artist/American Head Charge/15 - All Wrapped Up.mp3,/mnt/d/Music/_Sorted_By_Artist/American Head Charge/15 - All Wrapped Up (2).mp3,/mnt/d/Music/_Duplicate_Quarantine/15 - All Wrapped Up.mp3
4549,keep,largest file in duplicate metadata group,american head charge | the war of art | all wrapped up,American Head Charge,The War Of Art,All Wrapped Up,4993402,/mnt/d/Music/_Sorted_By_Artist/American Head Charge/15 - All Wrapped Up (2).mp3,/mnt/d/Music/_Sorted_By_Artist/American Head Charge/15 - All Wrapped Up (2).mp3,
2722,quarantine,"same metadata artist, album, and title as kept file",american head charge | the war of art | americunt evolving into useless psychic garbage,American Head Charge,The War Of Art,Americunt Evolving Into Useless Psychic Garbage,3686862,/mnt/d/Music/_Sorted_By_Artist/American Head Charge/09 - Americunt Evolving Into Useless Psychic Garbage.mp3,/mnt/d/Music/_Sorted_By_Artist/American Head Charge/09 - Americunt Evolving Into Useless Psychic Garbage (2).mp3,/mnt/d/Music/_Duplicate_Quarantine/09 - Americunt Evolving Into Useless Psychic Garbage.mp3
4543,keep,largest file in duplicate metadata group,american head charge | the war of art | americunt evolving into useless psychic garbage,American Head Charge,The War Of Art,Americunt Evolving Into Useless Psychic Garbage,3686862,/mnt/d/Music/_Sorted_By_Artist/American Head Charge/09 - Americunt Evolving Into Useless Psychic Garbage (2).mp3,/mnt/d/Music/_Sorted_By_Artist/American Head Charge/09 - Americunt Evolving Into Useless Psychic Garbage (2).mp3,
2725,quarantine,"same metadata artist, album, and title as kept file","american head charge | the war of art | breath in, bleed out",American Head Charge,The War Of Art,"Breath In, Bleed Out",6429092,"/mnt/d/Music/_Sorted_By_Artist/American Head Charge/12 - Breath In, Bleed Out.mp3","/mnt/d/Music/_Sorted_By_Artist/American Head Charge/12 - Breath In, Bleed Out (2).mp3","/mnt/d/Music/_Duplicate_Quarantine/12 - Breath In, Bleed Out.mp3"
4546,keep,largest file in duplicate metadata group,"american head charge | the war of art | breath in, bleed out",American Head Charge,The War Of Art,"Breath In, Bleed Out",6429092,"/mnt/d/Music/_Sorted_By_Artist/American Head Charge/12 - Breath In, Bleed Out (2).mp3","/mnt/d/Music/_Sorted_By_Artist/American Head Charge/12 - Breath In, Bleed Out (2).mp3",
2721,quarantine,"same metadata artist, album, and title as kept file",american head charge | the war of art | effigy 23,American Head Charge,The War Of Art,Effigy 23,6012011,/mnt/d/Music/_Sorted_By_Artist/American Head Charge/08 - Effigy 23.mp3,/mnt/d/Music/_Sorted_By_Artist/American Head Charge/08 - Effigy 23 (2).mp3,/mnt/d/Music/_Duplicate_Quarantine/08 - Effigy 23.mp3
4542,keep,largest file in duplicate metadata group,american head charge | the war of art | effigy 23,American Head Charge,The War Of Art,Effigy 23,6012011,/mnt/d/Music/_Sorted_By_Artist/American Head Charge/08 - Effigy 23 (2).mp3,/mnt/d/Music/_Sorted_By_Artist/American Head Charge/08 - Effigy 23 (2).mp3,
2726,quarantine,"same metadata artist, album, and title as kept file",american head charge | the war of art | fall,American Head Charge,The War Of Art,Fall,6475945,/mnt/d/Music/_Sorted_By_Artist/American Head Charge/13 - Fall.mp3,/mnt/d/Music/_Sorted_By_Artist/American Head Charge/13 - Fall (2).mp3,/mnt/d/Music/_Duplicate_Quarantine/13 - Fall.mp3
4547,keep,largest file in duplicate metadata group,american head charge | the war of art | fall,American Head Charge,The War Of Art,Fall,6475945,/mnt/d/Music/_Sorted_By_Artist/American Head Charge/13 - Fall (2).mp3,/mnt/d/Music/_Sorted_By_Artist/American Head Charge/13 - Fall (2).mp3,
2719,quarantine,"same metadata artist, album, and title as kept file",american head charge | the war of art | just so you know,American Head Charge,The War Of Art,Just So You Know,7966973,/mnt/d/Music/_Sorted_By_Artist/American Head Charge/06 - Just So You Know.mp3,/mnt/d/Music/_Sorted_By_Artist/American Head Charge/06 - Just So You Know (2).mp3,/mnt/d/Music/_Duplicate_Quarantine/06 - Just So You Know.mp3
4540,keep,largest file in duplicate metadata group,american head charge | the war of art | just so you know,American Head Charge,The War Of Art,Just So You Know,7966973,/mnt/d/Music/_Sorted_By_Artist/American Head Charge/06 - Just So You Know (2).mp3,/mnt/d/Music/_Sorted_By_Artist/American Head Charge/06 - Just So You Know (2).mp3,
2717,quarantine,"same metadata artist, album, and title as kept file",american head charge | the war of art | never get caught,American Head Charge,The War Of Art,Never Get Caught,7115590,/mnt/d/Music/_Sorted_By_Artist/American Head Charge/04 - Never Get Caught.mp3,/mnt/d/Music/_Sorted_By_Artist/American Head Charge/04 - Never Get Caught (2).mp3,/mnt/d/Music/_Duplicate_Quarantine/04 - Never Get Caught.mp3
4538,keep,largest file in duplicate metadata group,american head charge | the war of art | never get caught,American Head Charge,The War Of Art,Never Get Caught,7115590,/mnt/d/Music/_Sorted_By_Artist/American Head Charge/04 - Never Get Caught (2).mp3,/mnt/d/Music/_Sorted_By_Artist/American Head Charge/04 - Never Get Caught (2).mp3,
2729,quarantine,"same metadata artist, album, and title as kept file",american head charge | the war of art | nothing gets nothing,American Head Charge,The War Of Art,Nothing Gets Nothing,7947371,/mnt/d/Music/_Sorted_By_Artist/American Head Charge/16 - Nothing Gets Nothing.mp3,/mnt/d/Music/_Sorted_By_Artist/American Head Charge/16 - Nothing Gets Nothing (2).mp3,/mnt/d/Music/_Duplicate_Quarantine/16 - Nothing Gets Nothing.mp3
4550,keep,largest file in duplicate metadata group,american head charge | the war of art | nothing gets nothing,American Head Charge,The War Of Art,Nothing Gets Nothing,7947371,/mnt/d/Music/_Sorted_By_Artist/American Head Charge/16 - Nothing Gets Nothing (2).mp3,/mnt/d/Music/_Sorted_By_Artist/American Head Charge/16 - Nothing Gets Nothing (2).mp3,
2715,quarantine,"same metadata artist, album, and title as kept file",american head charge | the war of art | pushing the envelope,American Head Charge,The War Of Art,Pushing The Envelope,4654228,/mnt/d/Music/_Sorted_By_Artist/American Head Charge/02 - Pushing The Envelope.mp3,/mnt/d/Music/_Sorted_By_Artist/American Head Charge/02 - Pushing The Envelope (2).mp3,/mnt/d/Music/_Duplicate_Quarantine/02 - Pushing The Envelope.mp3
4536,keep,largest file in duplicate metadata group,american head charge | the war of art | pushing the envelope,American Head Charge,The War Of Art,Pushing The Envelope,4654228,/mnt/d/Music/_Sorted_By_Artist/American Head Charge/02 - Pushing The Envelope (2).mp3,/mnt/d/Music/_Sorted_By_Artist/American Head Charge/02 - Pushing The Envelope (2).mp3,
2727,quarantine,"same metadata artist, album, and title as kept file",american head charge | the war of art | reach and touch,American Head Charge,The War Of Art,Reach And Touch,5630999,/mnt/d/Music/_Sorted_By_Artist/American Head Charge/14 - Reach And Touch.mp3,/mnt/d/Music/_Sorted_By_Artist/American Head Charge/14 - Reach And Touch (2).mp3,/mnt/d/Music/_Duplicate_Quarantine/14 - Reach And Touch.mp3
4548,keep,largest file in duplicate metadata group,american head charge | the war of art | reach and touch,American Head Charge,The War Of Art,Reach And Touch,5630999,/mnt/d/Music/_Sorted_By_Artist/American Head Charge/14 - Reach And Touch (2).mp3,/mnt/d/Music/_Sorted_By_Artist/American Head Charge/14 - Reach And Touch (2).mp3,
2720,quarantine,"same metadata artist, album, and title as kept file",american head charge | the war of art | seamless,American Head Charge,The War Of Art,Seamless,6448987,/mnt/d/Music/_Sorted_By_Artist/American Head Charge/07 - Seamless.mp3,/mnt/d/Music/_Sorted_By_Artist/American Head Charge/07 - Seamless (2).mp3,/mnt/d/Music/_Duplicate_Quarantine/07 - Seamless.mp3
4541,keep,largest file in duplicate metadata group,american head charge | the war of art | seamless,American Head Charge,The War Of Art,Seamless,6448987,/mnt/d/Music/_Sorted_By_Artist/American Head Charge/07 - Seamless (2).mp3,/mnt/d/Music/_Sorted_By_Artist/American Head Charge/07 - Seamless (2).mp3,
2718,quarantine,"same metadata artist, album, and title as kept file",american head charge | the war of art | self,American Head Charge,The War Of Art,Self,6281761,/mnt/d/Music/_Sorted_By_Artist/American Head Charge/05 - Self.mp3,/mnt/d/Music/_Sorted_By_Artist/American Head Charge/05 - Self (2).mp3,/mnt/d/Music/_Duplicate_Quarantine/05 - Self.mp3
4539,keep,largest file in duplicate metadata group,american head charge | the war of art | self,American Head Charge,The War Of Art,Self,6281761,/mnt/d/Music/_Sorted_By_Artist/American Head Charge/05 - Self (2).mp3,/mnt/d/Music/_Sorted_By_Artist/American Head Charge/05 - Self (2).mp3,
2723,quarantine,"same metadata artist, album, and title as kept file",american head charge | the war of art | shutdown,American Head Charge,The War Of Art,Shutdown,7351946,/mnt/d/Music/_Sorted_By_Artist/American Head Charge/10 - Shutdown.mp3,/mnt/d/Music/_Sorted_By_Artist/American Head Charge/10 - Shutdown (2).mp3,/mnt/d/Music/_Duplicate_Quarantine/10 - Shutdown.mp3
4544,keep,largest file in duplicate metadata group,american head charge | the war of art | shutdown,American Head Charge,The War Of Art,Shutdown,7351946,/mnt/d/Music/_Sorted_By_Artist/American Head Charge/10 - Shutdown (2).mp3,/mnt/d/Music/_Sorted_By_Artist/American Head Charge/10 - Shutdown (2).mp3,
2716,quarantine,"same metadata artist, album, and title as kept file",american head charge | the war of art | song for the suspect,American Head Charge,The War Of Art,Song For The Suspect,6032240,/mnt/d/Music/_Sorted_By_Artist/American Head Charge/03 - Song For The Suspect.mp3,/mnt/d/Music/_Sorted_By_Artist/American Head Charge/03 - Song For The Suspect (2).mp3,/mnt/d/Music/_Duplicate_Quarantine/03 - Song For The Suspect.mp3
4537,keep,largest file in duplicate metadata group,american head charge | the war of art | song for the suspect,American Head Charge,The War Of Art,Song For The Suspect,6032240,/mnt/d/Music/_Sorted_By_Artist/American Head Charge/03 - Song For The Suspect (2).mp3,/mnt/d/Music/_Sorted_By_Artist/American Head Charge/03 - Song For The Suspect (2).mp3,
2724,quarantine,"same metadata artist, album, and title as kept file",american head charge | the war of art | we believe,American Head Charge,The War Of Art,We Believe,4687916,/mnt/d/Music/_Sorted_By_Artist/American Head Charge/11 - We Believe.mp3,/mnt/d/Music/_Sorted_By_Artist/American Head Charge/11 - We Believe (2).mp3,/mnt/d/Music/_Duplicate_Quarantine/11 - We Believe.mp3
4545,keep,largest file in duplicate metadata group,american head charge | the war of art | we believe,American Head Charge,The War Of Art,We Believe,4687916,/mnt/d/Music/_Sorted_By_Artist/American Head Charge/11 - We Believe (2).mp3,/mnt/d/Music/_Sorted_By_Artist/American Head Charge/11 - We Believe (2).mp3,
2734,quarantine,"same metadata artist, album, and title as kept file",arch enemy | doomsday machine | carry the cross,Arch Enemy,Doomsday Machine,Carry the Cross,6052135,/mnt/d/Music/_Sorted_By_Artist/Arch Enemy/05 - Carry the Cross.mp3,/mnt/d/Music/_Sorted_By_Artist/Arch Enemy/05 - Carry the Cross (2).mp3,/mnt/d/Music/_Duplicate_Quarantine/05 - Carry the Cross.mp3
4555,keep,largest file in duplicate metadata group,arch enemy | doomsday machine | carry the cross,Arch Enemy,Doomsday Machine,Carry the Cross,6052135,/mnt/d/Music/_Sorted_By_Artist/Arch Enemy/05 - Carry the Cross (2).mp3,/mnt/d/Music/_Sorted_By_Artist/Arch Enemy/05 - Carry the Cross (2).mp3,
2730,quarantine,"same metadata artist, album, and title as kept file",arch enemy | doomsday machine | enter the machine,Arch Enemy,Doomsday Machine,Enter the Machine,2942686,/mnt/d/Music/_Sorted_By_Artist/Arch Enemy/01 - Enter the Machine.mp3,/mnt/d/Music/_Sorted_By_Artist/Arch Enemy/01 - Enter the Machine (2).mp3,/mnt/d/Music/_Duplicate_Quarantine/01 - Enter the Machine.mp3
4551,keep,largest file in duplicate metadata group,arch enemy | doomsday machine | enter the machine,Arch Enemy,Doomsday Machine,Enter the Machine,2942686,/mnt/d/Music/_Sorted_By_Artist/Arch Enemy/01 - Enter the Machine (2).mp3,/mnt/d/Music/_Sorted_By_Artist/Arch Enemy/01 - Enter the Machine (2).mp3,
2737,quarantine,"same metadata artist, album, and title as kept file",arch enemy | doomsday machine | hybrids of steel,Arch Enemy,Doomsday Machine,Hybrids of Steel,5510627,/mnt/d/Music/_Sorted_By_Artist/Arch Enemy/08 - Hybrids of Steel.mp3,/mnt/d/Music/_Sorted_By_Artist/Arch Enemy/08 - Hybrids of Steel (2).mp3,/mnt/d/Music/_Duplicate_Quarantine/08 - Hybrids of Steel.mp3
4558,keep,largest file in duplicate metadata group,arch enemy | doomsday machine | hybrids of steel,Arch Enemy,Doomsday Machine,Hybrids of Steel,5510627,/mnt/d/Music/_Sorted_By_Artist/Arch Enemy/08 - Hybrids of Steel (2).mp3,/mnt/d/Music/_Sorted_By_Artist/Arch Enemy/08 - Hybrids of Steel (2).mp3,
2735,quarantine,"same metadata artist, album, and title as kept file",arch enemy | doomsday machine | i am legend/out for blood,Arch Enemy,Doomsday Machine,I Am Legend/Out for Blood,7171220,/mnt/d/Music/_Sorted_By_Artist/Arch Enemy/06 - I Am Legend-Out for Blood.mp3,/mnt/d/Music/_Sorted_By_Artist/Arch Enemy/06 - I Am Legend-Out for Blood (2).mp3,/mnt/d/Music/_Duplicate_Quarantine/06 - I Am Legend-Out for Blood.mp3
4556,keep,largest file in duplicate metadata group,arch enemy | doomsday machine | i am legend/out for blood,Arch Enemy,Doomsday Machine,I Am Legend/Out for Blood,7171220,/mnt/d/Music/_Sorted_By_Artist/Arch Enemy/06 - I Am Legend-Out for Blood (2).mp3,/mnt/d/Music/_Sorted_By_Artist/Arch Enemy/06 - I Am Legend-Out for Blood (2).mp3,
2739,quarantine,"same metadata artist, album, and title as kept file",arch enemy | doomsday machine | machtkampf,Arch Enemy,Doomsday Machine,Machtkampf,6154953,/mnt/d/Music/_Sorted_By_Artist/Arch Enemy/10 - Machtkampf.mp3,/mnt/d/Music/_Sorted_By_Artist/Arch Enemy/10 - Machtkampf (2).mp3,/mnt/d/Music/_Duplicate_Quarantine/10 - Machtkampf.mp3
4560,keep,largest file in duplicate metadata group,arch enemy | doomsday machine | machtkampf,Arch Enemy,Doomsday Machine,Machtkampf,6154953,/mnt/d/Music/_Sorted_By_Artist/Arch Enemy/10 - Machtkampf (2).mp3,/mnt/d/Music/_Sorted_By_Artist/Arch Enemy/10 - Machtkampf (2).mp3,
2738,quarantine,"same metadata artist, album, and title as kept file",arch enemy | doomsday machine | mechanic god creation,Arch Enemy,Doomsday Machine,Mechanic God Creation,8642646,/mnt/d/Music/_Sorted_By_Artist/Arch Enemy/09 - Mechanic God Creation.mp3,/mnt/d/Music/_Sorted_By_Artist/Arch Enemy/09 - Mechanic God Creation (2).mp3,/mnt/d/Music/_Duplicate_Quarantine/09 - Mechanic God Creation.mp3
4559,keep,largest file in duplicate metadata group,arch enemy | doomsday machine | mechanic god creation,Arch Enemy,Doomsday Machine,Mechanic God Creation,8642646,/mnt/d/Music/_Sorted_By_Artist/Arch Enemy/09 - Mechanic God Creation (2).mp3,/mnt/d/Music/_Sorted_By_Artist/Arch Enemy/09 - Mechanic God Creation (2).mp3,
2733,quarantine,"same metadata artist, album, and title as kept file",arch enemy | doomsday machine | my apocalypse,Arch Enemy,Doomsday Machine,My Apocalypse,7817594,/mnt/d/Music/_Sorted_By_Artist/Arch Enemy/04 - My Apocalypse.mp3,/mnt/d/Music/_Sorted_By_Artist/Arch Enemy/04 - My Apocalypse (2).mp3,/mnt/d/Music/_Duplicate_Quarantine/04 - My Apocalypse.mp3
4554,keep,largest file in duplicate metadata group,arch enemy | doomsday machine | my apocalypse,Arch Enemy,Doomsday Machine,My Apocalypse,7817594,/mnt/d/Music/_Sorted_By_Artist/Arch Enemy/04 - My Apocalypse (2).mp3,/mnt/d/Music/_Sorted_By_Artist/Arch Enemy/04 - My Apocalypse (2).mp3,
2732,quarantine,"same metadata artist, album, and title as kept file",arch enemy | doomsday machine | nemesis,Arch Enemy,Doomsday Machine,Nemesis,6061539,/mnt/d/Music/_Sorted_By_Artist/Arch Enemy/03 - Nemesis.mp3,/mnt/d/Music/_Sorted_By_Artist/Arch Enemy/03 - Nemesis (2).mp3,/mnt/d/Music/_Duplicate_Quarantine/03 - Nemesis.mp3
4553,keep,largest file in duplicate metadata group,arch enemy | doomsday machine | nemesis,Arch Enemy,Doomsday Machine,Nemesis,6061539,/mnt/d/Music/_Sorted_By_Artist/Arch Enemy/03 - Nemesis (2).mp3,/mnt/d/Music/_Sorted_By_Artist/Arch Enemy/03 - Nemesis (2).mp3,
2736,quarantine,"same metadata artist, album, and title as kept file",arch enemy | doomsday machine | skeleton dance,Arch Enemy,Doomsday Machine,Skeleton Dance,6578136,/mnt/d/Music/_Sorted_By_Artist/Arch Enemy/07 - Skeleton Dance.mp3,/mnt/d/Music/_Sorted_By_Artist/Arch Enemy/07 - Skeleton Dance (2).mp3,/mnt/d/Music/_Duplicate_Quarantine/07 - Skeleton Dance.mp3
4557,keep,largest file in duplicate metadata group,arch enemy | doomsday machine | skeleton dance,Arch Enemy,Doomsday Machine,Skeleton Dance,6578136,/mnt/d/Music/_Sorted_By_Artist/Arch Enemy/07 - Skeleton Dance (2).mp3,/mnt/d/Music/_Sorted_By_Artist/Arch Enemy/07 - Skeleton Dance (2).mp3,
2740,quarantine,"same metadata artist, album, and title as kept file",arch enemy | doomsday machine | slaves of yesterday,Arch Enemy,Doomsday Machine,Slaves of Yesterday,7287204,/mnt/d/Music/_Sorted_By_Artist/Arch Enemy/11 - Slaves of Yesterday.mp3,/mnt/d/Music/_Sorted_By_Artist/Arch Enemy/11 - Slaves of Yesterday (2).mp3,/mnt/d/Music/_Duplicate_Quarantine/11 - Slaves of Yesterday.mp3
4561,keep,largest file in duplicate metadata group,arch enemy | doomsday machine | slaves of yesterday,Arch Enemy,Doomsday Machine,Slaves of Yesterday,7287204,/mnt/d/Music/_Sorted_By_Artist/Arch Enemy/11 - Slaves of Yesterday (2).mp3,/mnt/d/Music/_Sorted_By_Artist/Arch Enemy/11 - Slaves of Yesterday (2).mp3,
2731,quarantine,"same metadata artist, album, and title as kept file",arch enemy | doomsday machine | taking back my soul,Arch Enemy,Doomsday Machine,Taking Back My Soul,6609483,/mnt/d/Music/_Sorted_By_Artist/Arch Enemy/02 - Taking Back My Soul.mp3,/mnt/d/Music/_Sorted_By_Artist/Arch Enemy/02 - Taking Back My Soul (2).mp3,/mnt/d/Music/_Duplicate_Quarantine/02 - Taking Back My Soul.mp3
4552,keep,largest file in duplicate metadata group,arch enemy | doomsday machine | taking back my soul,Arch Enemy,Doomsday Machine,Taking Back My Soul,6609483,/mnt/d/Music/_Sorted_By_Artist/Arch Enemy/02 - Taking Back My Soul (2).mp3,/mnt/d/Music/_Sorted_By_Artist/Arch Enemy/02 - Taking Back My Soul (2).mp3,
2323,quarantine,"same metadata artist, album, and title as kept file",avenged sevenfold | city of evil | bat country,Avenged Sevenfold,City of Evil,Bat Country,4944805,/mnt/d/Music/_Sorted_By_Artist/Avenged Sevenfold/04 Bat Country.m4a,/mnt/d/Music/_Sorted_By_Artist/Avenged Sevenfold/04 - Bat Country (2).mp3,/mnt/d/Music/_Duplicate_Quarantine/04 Bat Country.m4a
2744,quarantine,"same metadata artist, album, and title as kept file",avenged sevenfold | city of evil | bat country,Avenged Sevenfold,City Of Evil,Bat Country,7525608,/mnt/d/Music/_Sorted_By_Artist/Avenged Sevenfold/04 - Bat Country.mp3,/mnt/d/Music/_Sorted_By_Artist/Avenged Sevenfold/04 - Bat Country (2).mp3,/mnt/d/Music/_Duplicate_Quarantine/04 - Bat Country.mp3
4234,quarantine,"same metadata artist, album, and title as kept file",avenged sevenfold | city of evil | bat country,Avenged Sevenfold,City Of Evil,Bat Country,5053661,/mnt/d/Music/_Sorted_By_Artist/Avenged Sevenfold/KNKX.m4a,/mnt/d/Music/_Sorted_By_Artist/Avenged Sevenfold/04 - Bat Country (2).mp3,/mnt/d/Music/_Duplicate_Quarantine/KNKX.m4a
4613,keep,largest file in duplicate metadata group,avenged sevenfold | city of evil | bat country,Avenged Sevenfold,City Of Evil,Bat Country,7525608,/mnt/d/Music/_Sorted_By_Artist/Avenged Sevenfold/04 - Bat Country (2).mp3,/mnt/d/Music/_Sorted_By_Artist/Avenged Sevenfold/04 - Bat Country (2).mp3,
2320,keep,largest file in duplicate metadata group,avenged sevenfold | city of evil | beast and the harlot,Avenged Sevenfold,City of Evil,Beast and the Harlot,8756794,/mnt/d/Music/_Sorted_By_Artist/Avenged Sevenfold/01 Beast and the Harlot.mp3,/mnt/d/Music/_Sorted_By_Artist/Avenged Sevenfold/01 Beast and the Harlot.mp3,
2741,quarantine,"same metadata artist, album, and title as kept file",avenged sevenfold | city of evil | beast and the harlot,Avenged Sevenfold,City Of Evil,Beast And The Harlot,8185148,/mnt/d/Music/_Sorted_By_Artist/Avenged Sevenfold/01 - Beast And The Harlot.mp3,/mnt/d/Music/_Sorted_By_Artist/Avenged Sevenfold/01 Beast and the Harlot.mp3,/mnt/d/Music/_Duplicate_Quarantine/01 - Beast And The Harlot.mp3
4237,quarantine,"same metadata artist, album, and title as kept file",avenged sevenfold | city of evil | beast and the harlot,Avenged Sevenfold,City Of Evil,Beast And The Harlot,5525635,/mnt/d/Music/_Sorted_By_Artist/Avenged Sevenfold/MYOK.m4a,/mnt/d/Music/_Sorted_By_Artist/Avenged Sevenfold/01 Beast and the Harlot.mp3,/mnt/d/Music/_Duplicate_Quarantine/MYOK.m4a
4610,quarantine,"same metadata artist, album, and title as kept file",avenged sevenfold | city of evil | beast and the harlot,Avenged Sevenfold,City Of Evil,Beast And The Harlot,8185148,/mnt/d/Music/_Sorted_By_Artist/Avenged Sevenfold/01 - Beast And The Harlot (2).mp3,/mnt/d/Music/_Sorted_By_Artist/Avenged Sevenfold/01 Beast and the Harlot.mp3,/mnt/d/Music/_Duplicate_Quarantine/01 - Beast And The Harlot (2).mp3
2329,quarantine,"same metadata artist, album, and title as kept file",avenged sevenfold | city of evil | betrayed,Avenged Sevenfold,City of Evil,Betrayed,6465319,/mnt/d/Music/_Sorted_By_Artist/Avenged Sevenfold/10 Betrayed.m4a,/mnt/d/Music/_Sorted_By_Artist/Avenged Sevenfold/10 - Betrayed (2).mp3,/mnt/d/Music/_Duplicate_Quarantine/10 Betrayed.m4a
2750,quarantine,"same metadata artist, album, and title as kept file",avenged sevenfold | city of evil | betrayed,Avenged Sevenfold,City Of Evil,Betrayed,9785722,/mnt/d/Music/_Sorted_By_Artist/Avenged Sevenfold/10 - Betrayed.mp3,/mnt/d/Music/_Sorted_By_Artist/Avenged Sevenfold/10 - Betrayed (2).mp3,/mnt/d/Music/_Duplicate_Quarantine/10 - Betrayed.mp3
4235,quarantine,"same metadata artist, album, and title as kept file",avenged sevenfold | city of evil | betrayed,Avenged Sevenfold,City Of Evil,Betrayed,6586729,/mnt/d/Music/_Sorted_By_Artist/Avenged Sevenfold/KTQM.m4a,/mnt/d/Music/_Sorted_By_Artist/Avenged Sevenfold/10 - Betrayed (2).mp3,/mnt/d/Music/_Duplicate_Quarantine/KTQM.m4a
4619,keep,largest file in duplicate metadata group,avenged sevenfold | city of evil | betrayed,Avenged Sevenfold,City Of Evil,Betrayed,9785722,/mnt/d/Music/_Sorted_By_Artist/Avenged Sevenfold/10 - Betrayed (2).mp3,/mnt/d/Music/_Sorted_By_Artist/Avenged Sevenfold/10 - Betrayed (2).mp3,
2322,keep,largest file in duplicate metadata group,avenged sevenfold | city of evil | blinded in chains,Avenged Sevenfold,City of Evil,Blinded In Chains,10096444,/mnt/d/Music/_Sorted_By_Artist/Avenged Sevenfold/03 Blinded In Chains.mp3,/mnt/d/Music/_Sorted_By_Artist/Avenged Sevenfold/03 Blinded In Chains.mp3,
2743,quarantine,"same metadata artist, album, and title as kept file",avenged sevenfold | city of evil | blinded in chains,Avenged Sevenfold,City Of Evil,Blinded In Chains,9474134,/mnt/d/Music/_Sorted_By_Artist/Avenged Sevenfold/03 - Blinded In Chains.mp3,/mnt/d/Music/_Sorted_By_Artist/Avenged Sevenfold/03 Blinded In Chains.mp3,/mnt/d/Music/_Duplicate_Quarantine/03 - Blinded In Chains.mp3
4230,quarantine,"same metadata artist, album, and title as kept file",avenged sevenfold | city of evil | blinded in chains,Avenged Sevenfold,City Of Evil,Blinded In Chains,6393545,/mnt/d/Music/_Sorted_By_Artist/Avenged Sevenfold/BPHE.m4a,/mnt/d/Music/_Sorted_By_Artist/Avenged Sevenfold/03 Blinded In Chains.mp3,/mnt/d/Music/_Duplicate_Quarantine/BPHE.m4a
4612,quarantine,"same metadata artist, album, and title as kept file",avenged sevenfold | city of evil | blinded in chains,Avenged Sevenfold,City Of Evil,Blinded In Chains,9474134,/mnt/d/Music/_Sorted_By_Artist/Avenged Sevenfold/03 - Blinded In Chains (2).mp3,/mnt/d/Music/_Sorted_By_Artist/Avenged Sevenfold/03 Blinded In Chains.mp3,/mnt/d/Music/_Duplicate_Quarantine/03 - Blinded In Chains (2).mp3
2321,quarantine,"same metadata artist, album, and title as kept file",avenged sevenfold | city of evil | burn it down,Avenged Sevenfold,City of Evil,Burn It Down,5980194,/mnt/d/Music/_Sorted_By_Artist/Avenged Sevenfold/02 Burn It Down.mp3,/mnt/d/Music/_Sorted_By_Artist/Avenged Sevenfold/02 - Burn It Down (2).mp3,/mnt/d/Music/_Duplicate_Quarantine/02 Burn It Down.mp3
2742,quarantine,"same metadata artist, album, and title as kept file",avenged sevenfold | city of evil | burn it down,Avenged Sevenfold,City Of Evil,Burn It Down,7177657,/mnt/d/Music/_Sorted_By_Artist/Avenged Sevenfold/02 - Burn It Down.mp3,/mnt/d/Music/_Sorted_By_Artist/Avenged Sevenfold/02 - Burn It Down (2).mp3,/mnt/d/Music/_Duplicate_Quarantine/02 - Burn It Down.mp3
4233,quarantine,"same metadata artist, album, and title as kept file",avenged sevenfold | city of evil | burn it down,Avenged Sevenfold,City Of Evil,Burn It Down,4845296,/mnt/d/Music/_Sorted_By_Artist/Avenged Sevenfold/HIUL.m4a,/mnt/d/Music/_Sorted_By_Artist/Avenged Sevenfold/02 - Burn It Down (2).mp3,/mnt/d/Music/_Duplicate_Quarantine/HIUL.m4a
4611,keep,largest file in duplicate metadata group,avenged sevenfold | city of evil | burn it down,Avenged Sevenfold,City Of Evil,Burn It Down,7177657,/mnt/d/Music/_Sorted_By_Artist/Avenged Sevenfold/02 - Burn It Down (2).mp3,/mnt/d/Music/_Sorted_By_Artist/Avenged Sevenfold/02 - Burn It Down (2).mp3,
2330,keep,largest file in duplicate metadata group,avenged sevenfold | city of evil | m.i.a,Avenged Sevenfold,City of Evil,M.I.A.,13183818,/mnt/d/Music/_Sorted_By_Artist/Avenged Sevenfold/11 M.I.A_.mp3,/mnt/d/Music/_Sorted_By_Artist/Avenged Sevenfold/11 M.I.A_.mp3,
2751,quarantine,"same metadata artist, album, and title as kept file",avenged sevenfold | city of evil | m.i.a,Avenged Sevenfold,City Of Evil,M.I.A.,12630144,/mnt/d/Music/_Sorted_By_Artist/Avenged Sevenfold/11 - M.I.A.mp3,/mnt/d/Music/_Sorted_By_Artist/Avenged Sevenfold/11 M.I.A_.mp3,/mnt/d/Music/_Duplicate_Quarantine/11 - M.I.A.mp3
4232,quarantine,"same metadata artist, album, and title as kept file",avenged sevenfold | city of evil | m.i.a,Avenged Sevenfold,City Of Evil,M.I.A.,8510466,/mnt/d/Music/_Sorted_By_Artist/Avenged Sevenfold/GBLT.m4a,/mnt/d/Music/_Sorted_By_Artist/Avenged Sevenfold/11 M.I.A_.mp3,/mnt/d/Music/_Duplicate_Quarantine/GBLT.m4a
4620,quarantine,"same metadata artist, album, and title as kept file",avenged sevenfold | city of evil | m.i.a,Avenged Sevenfold,City Of Evil,M.I.A.,12630144,/mnt/d/Music/_Sorted_By_Artist/Avenged Sevenfold/11 - M.I.A (2).mp3,/mnt/d/Music/_Sorted_By_Artist/Avenged Sevenfold/11 M.I.A_.mp3,/mnt/d/Music/_Duplicate_Quarantine/11 - M.I.A (2).mp3
2325,quarantine,"same metadata artist, album, and title as kept file",avenged sevenfold | city of evil | seize the day,Avenged Sevenfold,City of Evil,Seize the Day,5298436,/mnt/d/Music/_Sorted_By_Artist/Avenged Sevenfold/06 Seize the Day.m4a,/mnt/d/Music/_Sorted_By_Artist/Avenged Sevenfold/06 - Seize The Day (2).mp3,/mnt/d/Music/_Duplicate_Quarantine/06 Seize the Day.m4a
2746,quarantine,"same metadata artist, album, and title as kept file",avenged sevenfold | city of evil | seize the day,Avenged Sevenfold,City Of Evil,Seize The Day,7993931,/mnt/d/Music/_Sorted_By_Artist/Avenged Sevenfold/06 - Seize The Day.mp3,/mnt/d/Music/_Sorted_By_Artist/Avenged Sevenfold/06 - Seize The Day (2).mp3,/mnt/d/Music/_Duplicate_Quarantine/06 - Seize The Day.mp3
4229,quarantine,"same metadata artist, album, and title as kept file",avenged sevenfold | city of evil | seize the day,Avenged Sevenfold,City Of Evil,Seize The Day,5395016,/mnt/d/Music/_Sorted_By_Artist/Avenged Sevenfold/BKEC.m4a,/mnt/d/Music/_Sorted_By_Artist/Avenged Sevenfold/06 - Seize The Day (2).mp3,/mnt/d/Music/_Duplicate_Quarantine/BKEC.m4a
4615,keep,largest file in duplicate metadata group,avenged sevenfold | city of evil | seize the day,Avenged Sevenfold,City Of Evil,Seize The Day,7993931,/mnt/d/Music/_Sorted_By_Artist/Avenged Sevenfold/06 - Seize The Day (2).mp3,/mnt/d/Music/_Sorted_By_Artist/Avenged Sevenfold/06 - Seize The Day (2).mp3,
2326,quarantine,"same metadata artist, album, and title as kept file",avenged sevenfold | city of evil | sidewinder,Avenged Sevenfold,City of Evil,Sidewinder,8437270,/mnt/d/Music/_Sorted_By_Artist/Avenged Sevenfold/07 Sidewinder.mp3,/mnt/d/Music/_Sorted_By_Artist/Avenged Sevenfold/07 - Sidewinder (2).mp3,/mnt/d/Music/_Duplicate_Quarantine/07 Sidewinder.mp3
2747,quarantine,"same metadata artist, album, and title as kept file",avenged sevenfold | city of evil | sidewinder,Avenged Sevenfold,City Of Evil,Sidewinder,10124896,/mnt/d/Music/_Sorted_By_Artist/Avenged Sevenfold/07 - Sidewinder.mp3,/mnt/d/Music/_Sorted_By_Artist/Avenged Sevenfold/07 - Sidewinder (2).mp3,/mnt/d/Music/_Duplicate_Quarantine/07 - Sidewinder.mp3
4238,quarantine,"same metadata artist, album, and title as kept file",avenged sevenfold | city of evil | sidewinder,Avenged Sevenfold,City Of Evil,Sidewinder,6825546,/mnt/d/Music/_Sorted_By_Artist/Avenged Sevenfold/NQSV.m4a,/mnt/d/Music/_Sorted_By_Artist/Avenged Sevenfold/07 - Sidewinder (2).mp3,/mnt/d/Music/_Duplicate_Quarantine/NQSV.m4a
4616,keep,largest file in duplicate metadata group,avenged sevenfold | city of evil | sidewinder,Avenged Sevenfold,City Of Evil,Sidewinder,10124896,/mnt/d/Music/_Sorted_By_Artist/Avenged Sevenfold/07 - Sidewinder (2).mp3,/mnt/d/Music/_Sorted_By_Artist/Avenged Sevenfold/07 - Sidewinder (2).mp3,
2328,keep,largest file in duplicate metadata group,avenged sevenfold | city of evil | strength of the world,Avenged Sevenfold,City of Evil,Strength of the World,13868714,/mnt/d/Music/_Sorted_By_Artist/Avenged Sevenfold/09 Strength of the World.mp3,/mnt/d/Music/_Sorted_By_Artist/Avenged Sevenfold/09 Strength of the World.mp3,
2749,quarantine,"same metadata artist, album, and title as kept file",avenged sevenfold | city of evil | strength of the world,Avenged Sevenfold,City Of Evil,Strength Of The World,13316641,/mnt/d/Music/_Sorted_By_Artist/Avenged Sevenfold/09 - Strength Of The World.mp3,/mnt/d/Music/_Sorted_By_Artist/Avenged Sevenfold/09 Strength of the World.mp3,/mnt/d/Music/_Duplicate_Quarantine/09 - Strength Of The World.mp3
4239,quarantine,"same metadata artist, album, and title as kept file",avenged sevenfold | city of evil | strength of the world,Avenged Sevenfold,City Of Evil,Strength Of The World,8980861,/mnt/d/Music/_Sorted_By_Artist/Avenged Sevenfold/ZSJL.m4a,/mnt/d/Music/_Sorted_By_Artist/Avenged Sevenfold/09 Strength of the World.mp3,/mnt/d/Music/_Duplicate_Quarantine/ZSJL.m4a
4618,quarantine,"same metadata artist, album, and title as kept file",avenged sevenfold | city of evil | strength of the world,Avenged Sevenfold,City Of Evil,Strength Of The World,13316641,/mnt/d/Music/_Sorted_By_Artist/Avenged Sevenfold/09 - Strength Of The World (2).mp3,/mnt/d/Music/_Sorted_By_Artist/Avenged Sevenfold/09 Strength of the World.mp3,/mnt/d/Music/_Duplicate_Quarantine/09 - Strength Of The World (2).mp3
2327,quarantine,"same metadata artist, album, and title as kept file",avenged sevenfold | city of evil | the wicked end,Avenged Sevenfold,City of Evil,The Wicked End,8621176,/mnt/d/Music/_Sorted_By_Artist/Avenged Sevenfold/08 The Wicked End.mp3,/mnt/d/Music/_Sorted_By_Artist/Avenged Sevenfold/08 - The Wicked End (2).mp3,/mnt/d/Music/_Duplicate_Quarantine/08 The Wicked End.mp3
2748,quarantine,"same metadata artist, album, and title as kept file",avenged sevenfold | city of evil | the wicked end,Avenged Sevenfold,City Of Evil,The Wicked End,10347459,/mnt/d/Music/_Sorted_By_Artist/Avenged Sevenfold/08 - The Wicked End.mp3,/mnt/d/Music/_Sorted_By_Artist/Avenged Sevenfold/08 - The Wicked End (2).mp3,/mnt/d/Music/_Duplicate_Quarantine/08 - The Wicked End.mp3
4236,quarantine,"same metadata artist, album, and title as kept file",avenged sevenfold | city of evil | the wicked end,Avenged Sevenfold,City Of Evil,The Wicked End,6970140,/mnt/d/Music/_Sorted_By_Artist/Avenged Sevenfold/LARL.m4a,/mnt/d/Music/_Sorted_By_Artist/Avenged Sevenfold/08 - The Wicked End (2).mp3,/mnt/d/Music/_Duplicate_Quarantine/LARL.m4a
4617,keep,largest file in duplicate metadata group,avenged sevenfold | city of evil | the wicked end,Avenged Sevenfold,City Of Evil,The Wicked End,10347459,/mnt/d/Music/_Sorted_By_Artist/Avenged Sevenfold/08 - The Wicked End (2).mp3,/mnt/d/Music/_Sorted_By_Artist/Avenged Sevenfold/08 - The Wicked End (2).mp3,
2324,quarantine,"same metadata artist, album, and title as kept file",avenged sevenfold | city of evil | trashed and scattered,Avenged Sevenfold,City of Evil,Trashed and Scattered,5593418,/mnt/d/Music/_Sorted_By_Artist/Avenged Sevenfold/05 Trashed and Scattered.m4a,/mnt/d/Music/_Sorted_By_Artist/Avenged Sevenfold/05 - Trashed And Scattered (2).mp3,/mnt/d/Music/_Duplicate_Quarantine/05 Trashed and Scattered.m4a
2745,quarantine,"same metadata artist, album, and title as kept file",avenged sevenfold | city of evil | trashed and scattered,Avenged Sevenfold,City Of Evil,Trashed And Scattered,8484197,/mnt/d/Music/_Sorted_By_Artist/Avenged Sevenfold/05 - Trashed And Scattered.mp3,/mnt/d/Music/_Sorted_By_Artist/Avenged Sevenfold/05 - Trashed And Scattered (2).mp3,/mnt/d/Music/_Duplicate_Quarantine/05 - Trashed And Scattered.mp3
4231,quarantine,"same metadata artist, album, and title as kept file",avenged sevenfold | city of evil | trashed and scattered,Avenged Sevenfold,City Of Evil,Trashed And Scattered,5695432,/mnt/d/Music/_Sorted_By_Artist/Avenged Sevenfold/DFUA.m4a,/mnt/d/Music/_Sorted_By_Artist/Avenged Sevenfold/05 - Trashed And Scattered (2).mp3,/mnt/d/Music/_Duplicate_Quarantine/DFUA.m4a
4614,keep,largest file in duplicate metadata group,avenged sevenfold | city of evil | trashed and scattered,Avenged Sevenfold,City Of Evil,Trashed And Scattered,8484197,/mnt/d/Music/_Sorted_By_Artist/Avenged Sevenfold/05 - Trashed And Scattered (2).mp3,/mnt/d/Music/_Sorted_By_Artist/Avenged Sevenfold/05 - Trashed And Scattered (2).mp3,
5754,quarantine,"same metadata artist, album, and title as kept file",b.g | checkmate | tyma talkin,B.G.,Checkmate,Tyma Talkin',869405,/mnt/d/Music/_Sorted_By_Artist/B.G/LRPV.m4a,/mnt/d/Music/_Sorted_By_Artist/B.G/TXLK.m4a,/mnt/d/Music/_Duplicate_Quarantine/LRPV.m4a
5761,keep,largest file in duplicate metadata group,b.g | checkmate | tyma talkin,B.G.,Checkmate,Tyma Talkin',935645,/mnt/d/Music/_Sorted_By_Artist/B.G/TXLK.m4a,/mnt/d/Music/_Sorted_By_Artist/B.G/TXLK.m4a,
5763,quarantine,"same metadata artist, album, and title as kept file",b.g | checkmate | tyma talkin,B.G.,Checkmate,Tyma Talkin',550582,/mnt/d/Music/_Sorted_By_Artist/B.G/WXFP.m4a,/mnt/d/Music/_Sorted_By_Artist/B.G/TXLK.m4a,/mnt/d/Music/_Duplicate_Quarantine/WXFP.m4a
5859,keep,largest file in duplicate metadata group,big tymers | rap mix 1 | real big,Big Tymers,Rap Mix 1,Real Big,4057498,/mnt/d/Music/_Sorted_By_Artist/Big Tymers/HICN.m4a,/mnt/d/Music/_Sorted_By_Artist/Big Tymers/HICN.m4a,
5864,quarantine,"same metadata artist, album, and title as kept file",big tymers | rap mix 1 | real big,Big Tymers,Rap Mix 1,Real Big,3723532,/mnt/d/Music/_Sorted_By_Artist/Big Tymers/XOGS.m4a,/mnt/d/Music/_Sorted_By_Artist/Big Tymers/HICN.m4a,/mnt/d/Music/_Duplicate_Quarantine/XOGS.m4a
4673,keep,largest file in duplicate metadata group,black tide | light from above | black abyss,Black Tide,Light From Above,Black Abyss,4018064,/mnt/d/Music/_Sorted_By_Artist/Black Tide/10 Black Abyss 1.m4a,/mnt/d/Music/_Sorted_By_Artist/Black Tide/10 Black Abyss 1.m4a,
4674,quarantine,"same metadata artist, album, and title as kept file",black tide | light from above | black abyss,Black Tide,Light From Above,Black Abyss,4017858,/mnt/d/Music/_Sorted_By_Artist/Black Tide/10 Black Abyss.m4a,/mnt/d/Music/_Sorted_By_Artist/Black Tide/10 Black Abyss 1.m4a,/mnt/d/Music/_Duplicate_Quarantine/10 Black Abyss.m4a
4667,keep,largest file in duplicate metadata group,black tide | light from above | enterprise,Black Tide,Light From Above,Enterprise,4442822,/mnt/d/Music/_Sorted_By_Artist/Black Tide/07 Enterprise 1.m4a,/mnt/d/Music/_Sorted_By_Artist/Black Tide/07 Enterprise 1.m4a,
4668,quarantine,"same metadata artist, album, and title as kept file",black tide | light from above | enterprise,Black Tide,Light From Above,Enterprise,4442822,/mnt/d/Music/_Sorted_By_Artist/Black Tide/07 Enterprise.m4a,/mnt/d/Music/_Sorted_By_Artist/Black Tide/07 Enterprise 1.m4a,/mnt/d/Music/_Duplicate_Quarantine/07 Enterprise.m4a
4661,keep,largest file in duplicate metadata group,black tide | light from above | give me a chance,Black Tide,Light From Above,Give Me A Chance,3525824,/mnt/d/Music/_Sorted_By_Artist/Black Tide/04 Give Me A Chance 1.m4a,/mnt/d/Music/_Sorted_By_Artist/Black Tide/04 Give Me A Chance 1.m4a,
4662,quarantine,"same metadata artist, album, and title as kept file",black tide | light from above | give me a chance,Black Tide,Light From Above,Give Me A Chance,3525824,/mnt/d/Music/_Sorted_By_Artist/Black Tide/04 Give Me A Chance.m4a,/mnt/d/Music/_Sorted_By_Artist/Black Tide/04 Give Me A Chance 1.m4a,/mnt/d/Music/_Duplicate_Quarantine/04 Give Me A Chance.m4a
4671,keep,largest file in duplicate metadata group,black tide | light from above | hit the lights,Black Tide,Light From Above,Hit The Lights,3534330,/mnt/d/Music/_Sorted_By_Artist/Black Tide/09 Hit The Lights 1.m4a,/mnt/d/Music/_Sorted_By_Artist/Black Tide/09 Hit The Lights 1.m4a,
4672,quarantine,"same metadata artist, album, and title as kept file",black tide | light from above | hit the lights,Black Tide,Light From Above,Hit The Lights,3534330,/mnt/d/Music/_Sorted_By_Artist/Black Tide/09 Hit The Lights.m4a,/mnt/d/Music/_Sorted_By_Artist/Black Tide/09 Hit The Lights 1.m4a,/mnt/d/Music/_Duplicate_Quarantine/09 Hit The Lights.m4a
4663,keep,largest file in duplicate metadata group,black tide | light from above | let me,Black Tide,Light From Above,Let Me,3441350,/mnt/d/Music/_Sorted_By_Artist/Black Tide/05 Let Me 1.m4a,/mnt/d/Music/_Sorted_By_Artist/Black Tide/05 Let Me 1.m4a,
4664,quarantine,"same metadata artist, album, and title as kept file",black tide | light from above | let me,Black Tide,Light From Above,Let Me,3441350,/mnt/d/Music/_Sorted_By_Artist/Black Tide/05 Let Me.m4a,/mnt/d/Music/_Sorted_By_Artist/Black Tide/05 Let Me 1.m4a,/mnt/d/Music/_Duplicate_Quarantine/05 Let Me.m4a
4675,quarantine,"same metadata artist, album, and title as kept file",black tide | light from above | light from above,Black Tide,Light From Above,Light From Above,5687890,/mnt/d/Music/_Sorted_By_Artist/Black Tide/11 Light From Above 1.m4a,/mnt/d/Music/_Sorted_By_Artist/Black Tide/11 Light From Above.m4a,/mnt/d/Music/_Duplicate_Quarantine/11 Light From Above 1.m4a
4676,keep,largest file in duplicate metadata group,black tide | light from above | light from above,Black Tide,Light From Above,Light From Above,5690203,/mnt/d/Music/_Sorted_By_Artist/Black Tide/11 Light From Above.m4a,/mnt/d/Music/_Sorted_By_Artist/Black Tide/11 Light From Above.m4a,
4669,keep,largest file in duplicate metadata group,black tide | light from above | live fast die young,Black Tide,Light From Above,Live Fast Die Young,2895697,/mnt/d/Music/_Sorted_By_Artist/Black Tide/08 Live Fast Die Young 1.m4a,/mnt/d/Music/_Sorted_By_Artist/Black Tide/08 Live Fast Die Young 1.m4a,
4670,quarantine,"same metadata artist, album, and title as kept file",black tide | light from above | live fast die young,Black Tide,Light From Above,Live Fast Die Young,2895697,/mnt/d/Music/_Sorted_By_Artist/Black Tide/08 Live Fast Die Young.m4a,/mnt/d/Music/_Sorted_By_Artist/Black Tide/08 Live Fast Die Young 1.m4a,/mnt/d/Music/_Duplicate_Quarantine/08 Live Fast Die Young.m4a
4655,quarantine,"same metadata artist, album, and title as kept file",black tide | light from above | shockwave,Black Tide,Light From Above,Shockwave,3521387,/mnt/d/Music/_Sorted_By_Artist/Black Tide/01 Shockwave 1.m4a,/mnt/d/Music/_Sorted_By_Artist/Black Tide/01 Shockwave.m4a,/mnt/d/Music/_Duplicate_Quarantine/01 Shockwave 1.m4a
4656,keep,largest file in duplicate metadata group,black tide | light from above | shockwave,Black Tide,Light From Above,Shockwave,3521807,/mnt/d/Music/_Sorted_By_Artist/Black Tide/01 Shockwave.m4a,/mnt/d/Music/_Sorted_By_Artist/Black Tide/01 Shockwave.m4a,
4657,keep,largest file in duplicate metadata group,black tide | light from above | shout,Black Tide,Light From Above,Shout,3284845,/mnt/d/Music/_Sorted_By_Artist/Black Tide/02 Shout 1.m4a,/mnt/d/Music/_Sorted_By_Artist/Black Tide/02 Shout 1.m4a,
4658,quarantine,"same metadata artist, album, and title as kept file",black tide | light from above | shout,Black Tide,Light From Above,Shout,3284845,/mnt/d/Music/_Sorted_By_Artist/Black Tide/02 Shout.m4a,/mnt/d/Music/_Sorted_By_Artist/Black Tide/02 Shout 1.m4a,/mnt/d/Music/_Duplicate_Quarantine/02 Shout.m4a
4665,keep,largest file in duplicate metadata group,black tide | light from above | show me the way,Black Tide,Light From Above,Show Me The Way,3914722,/mnt/d/Music/_Sorted_By_Artist/Black Tide/06 Show Me The Way 1.m4a,/mnt/d/Music/_Sorted_By_Artist/Black Tide/06 Show Me The Way 1.m4a,
4666,quarantine,"same metadata artist, album, and title as kept file",black tide | light from above | show me the way,Black Tide,Light From Above,Show Me The Way,3914722,/mnt/d/Music/_Sorted_By_Artist/Black Tide/06 Show Me The Way.m4a,/mnt/d/Music/_Sorted_By_Artist/Black Tide/06 Show Me The Way 1.m4a,/mnt/d/Music/_Duplicate_Quarantine/06 Show Me The Way.m4a
4659,quarantine,"same metadata artist, album, and title as kept file",black tide | light from above | warriors of time,Black Tide,Light From Above,Warriors Of Time,5725852,/mnt/d/Music/_Sorted_By_Artist/Black Tide/03 Warriors Of Time 1.m4a,/mnt/d/Music/_Sorted_By_Artist/Black Tide/03 Warriors Of Time.m4a,/mnt/d/Music/_Duplicate_Quarantine/03 Warriors Of Time 1.m4a
4660,keep,largest file in duplicate metadata group,black tide | light from above | warriors of time,Black Tide,Light From Above,Warriors Of Time,5725855,/mnt/d/Music/_Sorted_By_Artist/Black Tide/03 Warriors Of Time.m4a,/mnt/d/Music/_Sorted_By_Artist/Black Tide/03 Warriors Of Time.m4a,
2765,quarantine,"same metadata artist, album, and title as kept file",children of bodom | are you dead yet? [bonus track | are you dead yet,Children Of Bodom,Are You Dead Yet? [Bonus Track],Are You Dead Yet?,5644165,/mnt/d/Music/_Sorted_By_Artist/Children Of Bodom/02 - Are You Dead Yet-.mp3,/mnt/d/Music/_Sorted_By_Artist/Children Of Bodom/02 - Are You Dead Yet- (2).mp3,/mnt/d/Music/_Duplicate_Quarantine/02 - Are You Dead Yet-.mp3
4782,keep,largest file in duplicate metadata group,children of bodom | are you dead yet? [bonus track | are you dead yet,Children Of Bodom,Are You Dead Yet? [Bonus Track],Are You Dead Yet?,5644165,/mnt/d/Music/_Sorted_By_Artist/Children Of Bodom/02 - Are You Dead Yet- (2).mp3,/mnt/d/Music/_Sorted_By_Artist/Children Of Bodom/02 - Are You Dead Yet- (2).mp3,
2770,quarantine,"same metadata artist, album, and title as kept file",children of bodom | are you dead yet? [bonus track | bastards of bodom,Children Of Bodom,Are You Dead Yet? [Bonus Track],Bastards Of Bodom,5024749,/mnt/d/Music/_Sorted_By_Artist/Children Of Bodom/07 - Bastards Of Bodom.mp3,/mnt/d/Music/_Sorted_By_Artist/Children Of Bodom/07 - Bastards Of Bodom (2).mp3,/mnt/d/Music/_Duplicate_Quarantine/07 - Bastards Of Bodom.mp3
4787,keep,largest file in duplicate metadata group,children of bodom | are you dead yet? [bonus track | bastards of bodom,Children Of Bodom,Are You Dead Yet? [Bonus Track],Bastards Of Bodom,5024749,/mnt/d/Music/_Sorted_By_Artist/Children Of Bodom/07 - Bastards Of Bodom (2).mp3,/mnt/d/Music/_Sorted_By_Artist/Children Of Bodom/07 - Bastards Of Bodom (2).mp3,
2766,quarantine,"same metadata artist, album, and title as kept file",children of bodom | are you dead yet? [bonus track | if you want peace...prepare for war,Children Of Bodom,Are You Dead Yet? [Bonus Track],If You Want Peace...Prepare For War,5711247,/mnt/d/Music/_Sorted_By_Artist/Children Of Bodom/03 - If You Want Peace...Prepare For War.mp3,/mnt/d/Music/_Sorted_By_Artist/Children Of Bodom/03 - If You Want Peace...Prepare For War (2).mp3,/mnt/d/Music/_Duplicate_Quarantine/03 - If You Want Peace...Prepare For War.mp3
4783,keep,largest file in duplicate metadata group,children of bodom | are you dead yet? [bonus track | if you want peace...prepare for war,Children Of Bodom,Are You Dead Yet? [Bonus Track],If You Want Peace...Prepare For War,5711247,/mnt/d/Music/_Sorted_By_Artist/Children Of Bodom/03 - If You Want Peace...Prepare For War (2).mp3,/mnt/d/Music/_Sorted_By_Artist/Children Of Bodom/03 - If You Want Peace...Prepare For War (2).mp3,
2768,quarantine,"same metadata artist, album, and title as kept file",children of bodom | are you dead yet? [bonus track | in your face,Children Of Bodom,Are You Dead Yet? [Bonus Track],In Your Face,6148224,/mnt/d/Music/_Sorted_By_Artist/Children Of Bodom/05 - In Your Face.mp3,/mnt/d/Music/_Sorted_By_Artist/Children Of Bodom/05 - In Your Face (2).mp3,/mnt/d/Music/_Duplicate_Quarantine/05 - In Your Face.mp3
4785,keep,largest file in duplicate metadata group,children of bodom | are you dead yet? [bonus track | in your face,Children Of Bodom,Are You Dead Yet? [Bonus Track],In Your Face,6148224,/mnt/d/Music/_Sorted_By_Artist/Children Of Bodom/05 - In Your Face (2).mp3,/mnt/d/Music/_Sorted_By_Artist/Children Of Bodom/05 - In Your Face (2).mp3,
2764,quarantine,"same metadata artist, album, and title as kept file",children of bodom | are you dead yet? [bonus track | living dead beat,Children Of Bodom,Are You Dead Yet? [Bonus Track],Living Dead Beat,7641592,/mnt/d/Music/_Sorted_By_Artist/Children Of Bodom/01 - Living Dead Beat.mp3,/mnt/d/Music/_Sorted_By_Artist/Children Of Bodom/01 - Living Dead Beat (2).mp3,/mnt/d/Music/_Duplicate_Quarantine/01 - Living Dead Beat.mp3
4781,keep,largest file in duplicate metadata group,children of bodom | are you dead yet? [bonus track | living dead beat,Children Of Bodom,Are You Dead Yet? [Bonus Track],Living Dead Beat,7641592,/mnt/d/Music/_Sorted_By_Artist/Children Of Bodom/01 - Living Dead Beat (2).mp3,/mnt/d/Music/_Sorted_By_Artist/Children Of Bodom/01 - Living Dead Beat (2).mp3,
2769,quarantine,"same metadata artist, album, and title as kept file",children of bodom | are you dead yet? [bonus track | next in line,Children Of Bodom,Are You Dead Yet? [Bonus Track],Next In Line,6224083,/mnt/d/Music/_Sorted_By_Artist/Children Of Bodom/06 - Next In Line.mp3,/mnt/d/Music/_Sorted_By_Artist/Children Of Bodom/06 - Next In Line (2).mp3,/mnt/d/Music/_Duplicate_Quarantine/06 - Next In Line.mp3
4786,keep,largest file in duplicate metadata group,children of bodom | are you dead yet? [bonus track | next in line,Children Of Bodom,Are You Dead Yet? [Bonus Track],Next In Line,6224083,/mnt/d/Music/_Sorted_By_Artist/Children Of Bodom/06 - Next In Line (2).mp3,/mnt/d/Music/_Sorted_By_Artist/Children Of Bodom/06 - Next In Line (2).mp3,
2767,quarantine,"same metadata artist, album, and title as kept file",children of bodom | are you dead yet? [bonus track | punch me i bleed,Children Of Bodom,Are You Dead Yet? [Bonus Track],Punch Me I Bleed,6995218,/mnt/d/Music/_Sorted_By_Artist/Children Of Bodom/04 - Punch Me I Bleed.mp3,/mnt/d/Music/_Sorted_By_Artist/Children Of Bodom/04 - Punch Me I Bleed (2).mp3,/mnt/d/Music/_Duplicate_Quarantine/04 - Punch Me I Bleed.mp3
4784,keep,largest file in duplicate metadata group,children of bodom | are you dead yet? [bonus track | punch me i bleed,Children Of Bodom,Are You Dead Yet? [Bonus Track],Punch Me I Bleed,6995218,/mnt/d/Music/_Sorted_By_Artist/Children Of Bodom/04 - Punch Me I Bleed (2).mp3,/mnt/d/Music/_Sorted_By_Artist/Children Of Bodom/04 - Punch Me I Bleed (2).mp3,
2773,quarantine,"same metadata artist, album, and title as kept file",children of bodom | are you dead yet? [bonus track | somebody put something in my drink,Children Of Bodom,Are You Dead Yet? [Bonus Track],Somebody Put Something In My Drink,4784005,/mnt/d/Music/_Sorted_By_Artist/Children Of Bodom/10 - Somebody Put Something In My Drink.mp3,/mnt/d/Music/_Sorted_By_Artist/Children Of Bodom/10 - Somebody Put Something In My Drink (2).mp3,/mnt/d/Music/_Duplicate_Quarantine/10 - Somebody Put Something In My Drink.mp3
4790,keep,largest file in duplicate metadata group,children of bodom | are you dead yet? [bonus track | somebody put something in my drink,Children Of Bodom,Are You Dead Yet? [Bonus Track],Somebody Put Something In My Drink,4784005,/mnt/d/Music/_Sorted_By_Artist/Children Of Bodom/10 - Somebody Put Something In My Drink (2).mp3,/mnt/d/Music/_Sorted_By_Artist/Children Of Bodom/10 - Somebody Put Something In My Drink (2).mp3,
2771,quarantine,"same metadata artist, album, and title as kept file","children of bodom | are you dead yet? [bonus track | trashed, lost & strungout",Children Of Bodom,Are You Dead Yet? [Bonus Track],"Trashed, Lost & Strungout",5804661,"/mnt/d/Music/_Sorted_By_Artist/Children Of Bodom/08 - Trashed, Lost & Strungout.mp3","/mnt/d/Music/_Sorted_By_Artist/Children Of Bodom/08 - Trashed, Lost & Strungout (2).mp3","/mnt/d/Music/_Duplicate_Quarantine/08 - Trashed, Lost & Strungout.mp3"
4788,keep,largest file in duplicate metadata group,"children of bodom | are you dead yet? [bonus track | trashed, lost & strungout",Children Of Bodom,Are You Dead Yet? [Bonus Track],"Trashed, Lost & Strungout",5804661,"/mnt/d/Music/_Sorted_By_Artist/Children Of Bodom/08 - Trashed, Lost & Strungout (2).mp3","/mnt/d/Music/_Sorted_By_Artist/Children Of Bodom/08 - Trashed, Lost & Strungout (2).mp3",
2772,quarantine,"same metadata artist, album, and title as kept file",children of bodom | are you dead yet? [bonus track | we're not gonna fall,Children Of Bodom,Are You Dead Yet? [Bonus Track],We're Not Gonna Fall,4944501,/mnt/d/Music/_Sorted_By_Artist/Children Of Bodom/09 - We're Not Gonna Fall.mp3,/mnt/d/Music/_Sorted_By_Artist/Children Of Bodom/09 - We're Not Gonna Fall (2).mp3,/mnt/d/Music/_Duplicate_Quarantine/09 - We're Not Gonna Fall.mp3
4789,keep,largest file in duplicate metadata group,children of bodom | are you dead yet? [bonus track | we're not gonna fall,Children Of Bodom,Are You Dead Yet? [Bonus Track],We're Not Gonna Fall,4944501,/mnt/d/Music/_Sorted_By_Artist/Children Of Bodom/09 - We're Not Gonna Fall (2).mp3,/mnt/d/Music/_Sorted_By_Artist/Children Of Bodom/09 - We're Not Gonna Fall (2).mp3,
2781,quarantine,"same metadata artist, album, and title as kept file",chimaira | chimaira | bloodlust,Chimaira,Chimaira,Bloodlust,10530526,/mnt/d/Music/_Sorted_By_Artist/Chimaira/08 - Bloodlust.mp3,/mnt/d/Music/_Sorted_By_Artist/Chimaira/08 - Bloodlust (2).mp3,/mnt/d/Music/_Duplicate_Quarantine/08 - Bloodlust.mp3
4819,keep,largest file in duplicate metadata group,chimaira | chimaira | bloodlust,Chimaira,Chimaira,Bloodlust,10530526,/mnt/d/Music/_Sorted_By_Artist/Chimaira/08 - Bloodlust (2).mp3,/mnt/d/Music/_Sorted_By_Artist/Chimaira/08 - Bloodlust (2).mp3,
2778,quarantine,"same metadata artist, album, and title as kept file",chimaira | chimaira | comatose,Chimaira,Chimaira,Comatose,6812152,/mnt/d/Music/_Sorted_By_Artist/Chimaira/05 - Comatose.mp3,/mnt/d/Music/_Sorted_By_Artist/Chimaira/05 - Comatose (2).mp3,/mnt/d/Music/_Duplicate_Quarantine/05 - Comatose.mp3
4816,keep,largest file in duplicate metadata group,chimaira | chimaira | comatose,Chimaira,Chimaira,Comatose,6812152,/mnt/d/Music/_Sorted_By_Artist/Chimaira/05 - Comatose (2).mp3,/mnt/d/Music/_Sorted_By_Artist/Chimaira/05 - Comatose (2).mp3,
2780,quarantine,"same metadata artist, album, and title as kept file",chimaira | chimaira | everything you love,Chimaira,Chimaira,Everything You Love,9063489,/mnt/d/Music/_Sorted_By_Artist/Chimaira/07 - Everything You Love.mp3,/mnt/d/Music/_Sorted_By_Artist/Chimaira/07 - Everything You Love (2).mp3,/mnt/d/Music/_Duplicate_Quarantine/07 - Everything You Love.mp3
4818,keep,largest file in duplicate metadata group,chimaira | chimaira | everything you love,Chimaira,Chimaira,Everything You Love,9063489,/mnt/d/Music/_Sorted_By_Artist/Chimaira/07 - Everything You Love (2).mp3,/mnt/d/Music/_Sorted_By_Artist/Chimaira/07 - Everything You Love (2).mp3,
2776,quarantine,"same metadata artist, album, and title as kept file",chimaira | chimaira | inside the horror,Chimaira,Chimaira,Inside The Horror,7899890,/mnt/d/Music/_Sorted_By_Artist/Chimaira/03 - Inside The Horror.mp3,/mnt/d/Music/_Sorted_By_Artist/Chimaira/03 - Inside The Horror (2).mp3,/mnt/d/Music/_Duplicate_Quarantine/03 - Inside The Horror.mp3
4814,keep,largest file in duplicate metadata group,chimaira | chimaira | inside the horror,Chimaira,Chimaira,Inside The Horror,7899890,/mnt/d/Music/_Sorted_By_Artist/Chimaira/03 - Inside The Horror (2).mp3,/mnt/d/Music/_Sorted_By_Artist/Chimaira/03 - Inside The Horror (2).mp3,
2783,quarantine,"same metadata artist, album, and title as kept file",chimaira | chimaira | lazarus,Chimaira,Chimaira,Lazarus,10958725,/mnt/d/Music/_Sorted_By_Artist/Chimaira/10 - Lazarus.mp3,/mnt/d/Music/_Sorted_By_Artist/Chimaira/10 - Lazarus (2).mp3,/mnt/d/Music/_Duplicate_Quarantine/10 - Lazarus.mp3
4821,keep,largest file in duplicate metadata group,chimaira | chimaira | lazarus,Chimaira,Chimaira,Lazarus,10958725,/mnt/d/Music/_Sorted_By_Artist/Chimaira/10 - Lazarus (2).mp3,/mnt/d/Music/_Sorted_By_Artist/Chimaira/10 - Lazarus (2).mp3,
2779,quarantine,"same metadata artist, album, and title as kept file",chimaira | chimaira | left for dead,Chimaira,Chimaira,Left For Dead,8225272,/mnt/d/Music/_Sorted_By_Artist/Chimaira/06 - Left For Dead.mp3,/mnt/d/Music/_Sorted_By_Artist/Chimaira/06 - Left For Dead (2).mp3,/mnt/d/Music/_Duplicate_Quarantine/06 - Left For Dead.mp3
4817,keep,largest file in duplicate metadata group,chimaira | chimaira | left for dead,Chimaira,Chimaira,Left For Dead,8225272,/mnt/d/Music/_Sorted_By_Artist/Chimaira/06 - Left For Dead (2).mp3,/mnt/d/Music/_Sorted_By_Artist/Chimaira/06 - Left For Dead (2).mp3,
2774,quarantine,"same metadata artist, album, and title as kept file",chimaira | chimaira | nothing remains,Chimaira,Chimaira,Nothing Remains,8078568,/mnt/d/Music/_Sorted_By_Artist/Chimaira/01 - Nothing Remains.mp3,/mnt/d/Music/_Sorted_By_Artist/Chimaira/01 - Nothing Remains (2).mp3,/mnt/d/Music/_Duplicate_Quarantine/01 - Nothing Remains.mp3
4812,keep,largest file in duplicate metadata group,chimaira | chimaira | nothing remains,Chimaira,Chimaira,Nothing Remains,8078568,/mnt/d/Music/_Sorted_By_Artist/Chimaira/01 - Nothing Remains (2).mp3,/mnt/d/Music/_Sorted_By_Artist/Chimaira/01 - Nothing Remains (2).mp3,
2782,quarantine,"same metadata artist, album, and title as kept file",chimaira | chimaira | pray for all,Chimaira,Chimaira,Pray For All,8475420,/mnt/d/Music/_Sorted_By_Artist/Chimaira/09 - Pray For All.mp3,/mnt/d/Music/_Sorted_By_Artist/Chimaira/09 - Pray For All (2).mp3,/mnt/d/Music/_Duplicate_Quarantine/09 - Pray For All.mp3
4820,keep,largest file in duplicate metadata group,chimaira | chimaira | pray for all,Chimaira,Chimaira,Pray For All,8475420,/mnt/d/Music/_Sorted_By_Artist/Chimaira/09 - Pray For All (2).mp3,/mnt/d/Music/_Sorted_By_Artist/Chimaira/09 - Pray For All (2).mp3,
2777,quarantine,"same metadata artist, album, and title as kept file",chimaira | chimaira | salvation,Chimaira,Chimaira,Salvation,7708674,/mnt/d/Music/_Sorted_By_Artist/Chimaira/04 - Salvation.mp3,/mnt/d/Music/_Sorted_By_Artist/Chimaira/04 - Salvation (2).mp3,/mnt/d/Music/_Duplicate_Quarantine/04 - Salvation.mp3
4815,keep,largest file in duplicate metadata group,chimaira | chimaira | salvation,Chimaira,Chimaira,Salvation,7708674,/mnt/d/Music/_Sorted_By_Artist/Chimaira/04 - Salvation (2).mp3,/mnt/d/Music/_Sorted_By_Artist/Chimaira/04 - Salvation (2).mp3,
2775,quarantine,"same metadata artist, album, and title as kept file",chimaira | chimaira | save ourselves,Chimaira,Chimaira,Save Ourselves,7418401,/mnt/d/Music/_Sorted_By_Artist/Chimaira/02 - Save Ourselves.mp3,/mnt/d/Music/_Sorted_By_Artist/Chimaira/02 - Save Ourselves (2).mp3,/mnt/d/Music/_Duplicate_Quarantine/02 - Save Ourselves.mp3
4813,keep,largest file in duplicate metadata group,chimaira | chimaira | save ourselves,Chimaira,Chimaira,Save Ourselves,7418401,/mnt/d/Music/_Sorted_By_Artist/Chimaira/02 - Save Ourselves (2).mp3,/mnt/d/Music/_Sorted_By_Artist/Chimaira/02 - Save Ourselves (2).mp3,
2784,quarantine,"same metadata artist, album, and title as kept file",chimaira | the impossibility of reason | cleansation,Chimaira,The Impossibility Of Reason,Cleansation,5936151,/mnt/d/Music/_Sorted_By_Artist/Chimaira/01 - Cleansation.mp3,/mnt/d/Music/_Sorted_By_Artist/Chimaira/01 - Cleansation (2).mp3,/mnt/d/Music/_Duplicate_Quarantine/01 - Cleansation.mp3
4822,keep,largest file in duplicate metadata group,chimaira | the impossibility of reason | cleansation,Chimaira,The Impossibility Of Reason,Cleansation,5936151,/mnt/d/Music/_Sorted_By_Artist/Chimaira/01 - Cleansation (2).mp3,/mnt/d/Music/_Sorted_By_Artist/Chimaira/01 - Cleansation (2).mp3,
2791,quarantine,"same metadata artist, album, and title as kept file",chimaira | the impossibility of reason | crawl,Chimaira,The Impossibility Of Reason,Crawl,5053421,/mnt/d/Music/_Sorted_By_Artist/Chimaira/08 - Crawl.mp3,/mnt/d/Music/_Sorted_By_Artist/Chimaira/08 - Crawl (2).mp3,/mnt/d/Music/_Duplicate_Quarantine/08 - Crawl.mp3
4829,keep,largest file in duplicate metadata group,chimaira | the impossibility of reason | crawl,Chimaira,The Impossibility Of Reason,Crawl,5053421,/mnt/d/Music/_Sorted_By_Artist/Chimaira/08 - Crawl (2).mp3,/mnt/d/Music/_Sorted_By_Artist/Chimaira/08 - Crawl (2).mp3,
2788,quarantine,"same metadata artist, album, and title as kept file",chimaira | the impossibility of reason | down again,Chimaira,The Impossibility Of Reason,Down Again,6252755,/mnt/d/Music/_Sorted_By_Artist/Chimaira/05 - Down Again.mp3,/mnt/d/Music/_Sorted_By_Artist/Chimaira/05 - Down Again (2).mp3,/mnt/d/Music/_Duplicate_Quarantine/05 - Down Again.mp3
4826,keep,largest file in duplicate metadata group,chimaira | the impossibility of reason | down again,Chimaira,The Impossibility Of Reason,Down Again,6252755,/mnt/d/Music/_Sorted_By_Artist/Chimaira/05 - Down Again (2).mp3,/mnt/d/Music/_Sorted_By_Artist/Chimaira/05 - Down Again (2).mp3,
2793,quarantine,"same metadata artist, album, and title as kept file",chimaira | the impossibility of reason | eyes of a criminal,Chimaira,The Impossibility Of Reason,Eyes Of A Criminal,7608197,/mnt/d/Music/_Sorted_By_Artist/Chimaira/10 - Eyes Of A Criminal.mp3,/mnt/d/Music/_Sorted_By_Artist/Chimaira/10 - Eyes Of A Criminal (2).mp3,/mnt/d/Music/_Duplicate_Quarantine/10 - Eyes Of A Criminal.mp3
4831,keep,largest file in duplicate metadata group,chimaira | the impossibility of reason | eyes of a criminal,Chimaira,The Impossibility Of Reason,Eyes Of A Criminal,7608197,/mnt/d/Music/_Sorted_By_Artist/Chimaira/10 - Eyes Of A Criminal (2).mp3,/mnt/d/Music/_Sorted_By_Artist/Chimaira/10 - Eyes Of A Criminal (2).mp3,
2795,quarantine,"same metadata artist, album, and title as kept file",chimaira | the impossibility of reason | implements of destruction,Chimaira,The Impossibility Of Reason,Implements Of Destruction,19500139,/mnt/d/Music/_Sorted_By_Artist/Chimaira/12 - Implements Of Destruction.mp3,/mnt/d/Music/_Sorted_By_Artist/Chimaira/12 - Implements Of Destruction (2).mp3,/mnt/d/Music/_Duplicate_Quarantine/12 - Implements Of Destruction.mp3
4833,keep,largest file in duplicate metadata group,chimaira | the impossibility of reason | implements of destruction,Chimaira,The Impossibility Of Reason,Implements Of Destruction,19500139,/mnt/d/Music/_Sorted_By_Artist/Chimaira/12 - Implements Of Destruction (2).mp3,/mnt/d/Music/_Sorted_By_Artist/Chimaira/12 - Implements Of Destruction (2).mp3,
2794,quarantine,"same metadata artist, album, and title as kept file",chimaira | the impossibility of reason | overlooked,Chimaira,The Impossibility Of Reason,Overlooked,6012011,/mnt/d/Music/_Sorted_By_Artist/Chimaira/11 - Overlooked.mp3,/mnt/d/Music/_Sorted_By_Artist/Chimaira/11 - Overlooked (2).mp3,/mnt/d/Music/_Duplicate_Quarantine/11 - Overlooked.mp3
4832,keep,largest file in duplicate metadata group,chimaira | the impossibility of reason | overlooked,Chimaira,The Impossibility Of Reason,Overlooked,6012011,/mnt/d/Music/_Sorted_By_Artist/Chimaira/11 - Overlooked (2).mp3,/mnt/d/Music/_Sorted_By_Artist/Chimaira/11 - Overlooked (2).mp3,
2786,quarantine,"same metadata artist, album, and title as kept file",chimaira | the impossibility of reason | pictures in the gold room,Chimaira,The Impossibility Of Reason,Pictures In The Gold Room,6404474,/mnt/d/Music/_Sorted_By_Artist/Chimaira/03 - Pictures In The Gold Room.mp3,/mnt/d/Music/_Sorted_By_Artist/Chimaira/03 - Pictures In The Gold Room (2).mp3,/mnt/d/Music/_Duplicate_Quarantine/03 - Pictures In The Gold Room.mp3
4824,keep,largest file in duplicate metadata group,chimaira | the impossibility of reason | pictures in the gold room,Chimaira,The Impossibility Of Reason,Pictures In The Gold Room,6404474,/mnt/d/Music/_Sorted_By_Artist/Chimaira/03 - Pictures In The Gold Room (2).mp3,/mnt/d/Music/_Sorted_By_Artist/Chimaira/03 - Pictures In The Gold Room (2).mp3,
2787,quarantine,"same metadata artist, album, and title as kept file",chimaira | the impossibility of reason | power trip,Chimaira,The Impossibility Of Reason,Power Trip,4041542,/mnt/d/Music/_Sorted_By_Artist/Chimaira/04 - Power Trip.mp3,/mnt/d/Music/_Sorted_By_Artist/Chimaira/04 - Power Trip (2).mp3,/mnt/d/Music/_Duplicate_Quarantine/04 - Power Trip.mp3
4825,keep,largest file in duplicate metadata group,chimaira | the impossibility of reason | power trip,Chimaira,The Impossibility Of Reason,Power Trip,4041542,/mnt/d/Music/_Sorted_By_Artist/Chimaira/04 - Power Trip (2).mp3,/mnt/d/Music/_Sorted_By_Artist/Chimaira/04 - Power Trip (2).mp3,
2789,quarantine,"same metadata artist, album, and title as kept file",chimaira | the impossibility of reason | pure hatred,Chimaira,The Impossibility Of Reason,Pure Hatred,6212631,/mnt/d/Music/_Sorted_By_Artist/Chimaira/06 - Pure Hatred.mp3,/mnt/d/Music/_Sorted_By_Artist/Chimaira/06 - Pure Hatred (2).mp3,/mnt/d/Music/_Duplicate_Quarantine/06 - Pure Hatred.mp3
4827,keep,largest file in duplicate metadata group,chimaira | the impossibility of reason | pure hatred,Chimaira,The Impossibility Of Reason,Pure Hatred,6212631,/mnt/d/Music/_Sorted_By_Artist/Chimaira/06 - Pure Hatred (2).mp3,/mnt/d/Music/_Sorted_By_Artist/Chimaira/06 - Pure Hatred (2).mp3,
2792,quarantine,"same metadata artist, album, and title as kept file",chimaira | the impossibility of reason | stigmurder,Chimaira,The Impossibility Of Reason,Stigmurder,6680954,/mnt/d/Music/_Sorted_By_Artist/Chimaira/09 - Stigmurder.mp3,/mnt/d/Music/_Sorted_By_Artist/Chimaira/09 - Stigmurder (2).mp3,/mnt/d/Music/_Duplicate_Quarantine/09 - Stigmurder.mp3
4830,keep,largest file in duplicate metadata group,chimaira | the impossibility of reason | stigmurder,Chimaira,The Impossibility Of Reason,Stigmurder,6680954,/mnt/d/Music/_Sorted_By_Artist/Chimaira/09 - Stigmurder (2).mp3,/mnt/d/Music/_Sorted_By_Artist/Chimaira/09 - Stigmurder (2).mp3,
2790,quarantine,"same metadata artist, album, and title as kept file",chimaira | the impossibility of reason | the dehumanizing process,Chimaira,The Impossibility Of Reason,The Dehumanizing Process,6021415,/mnt/d/Music/_Sorted_By_Artist/Chimaira/07 - The Dehumanizing Process.mp3,/mnt/d/Music/_Sorted_By_Artist/Chimaira/07 - The Dehumanizing Process (2).mp3,/mnt/d/Music/_Duplicate_Quarantine/07 - The Dehumanizing Process.mp3
4828,keep,largest file in duplicate metadata group,chimaira | the impossibility of reason | the dehumanizing process,Chimaira,The Impossibility Of Reason,The Dehumanizing Process,6021415,/mnt/d/Music/_Sorted_By_Artist/Chimaira/07 - The Dehumanizing Process (2).mp3,/mnt/d/Music/_Sorted_By_Artist/Chimaira/07 - The Dehumanizing Process (2).mp3,
2785,quarantine,"same metadata artist, album, and title as kept file",chimaira | the impossibility of reason | the impossibility of reason,Chimaira,The Impossibility Of Reason,The Impossibility Of Reason,5352471,/mnt/d/Music/_Sorted_By_Artist/Chimaira/02 - The Impossibility Of Reason.mp3,/mnt/d/Music/_Sorted_By_Artist/Chimaira/02 - The Impossibility Of Reason (2).mp3,/mnt/d/Music/_Duplicate_Quarantine/02 - The Impossibility Of Reason.mp3
4823,keep,largest file in duplicate metadata group,chimaira | the impossibility of reason | the impossibility of reason,Chimaira,The Impossibility Of Reason,The Impossibility Of Reason,5352471,/mnt/d/Music/_Sorted_By_Artist/Chimaira/02 - The Impossibility Of Reason (2).mp3,/mnt/d/Music/_Sorted_By_Artist/Chimaira/02 - The Impossibility Of Reason (2).mp3,
734,quarantine,"same metadata artist, album, and title as kept file",christina aguilera | christina aguilera | come on over ( all i want is you,Christina Aguilera,Christina Aguilera,Come On Over ( All I Want Is You),3079356,/mnt/d/Music/_Sorted_By_Artist/Christina Aguilera/05 Come On Over ( All I Want Is You).m4a,/mnt/d/Music/_Sorted_By_Artist/Christina Aguilera/ETMM.m4a,/mnt/d/Music/_Duplicate_Quarantine/05 Come On Over ( All I Want Is You).m4a
9304,keep,largest file in duplicate metadata group,christina aguilera | christina aguilera | come on over ( all i want is you,Christina Aguilera,Christina Aguilera,Come On Over ( All I Want Is You),3092608,/mnt/d/Music/_Sorted_By_Artist/Christina Aguilera/ETMM.m4a,/mnt/d/Music/_Sorted_By_Artist/Christina Aguilera/ETMM.m4a,
5127,keep,largest file in duplicate metadata group,def leppard | best of [limited edition bonus disc | animal,Def Leppard,Best Of [Limited Edition Bonus Disc],Animal,3920234,/mnt/d/Music/_Sorted_By_Artist/Def Leppard/FKHW.mp3,/mnt/d/Music/_Sorted_By_Artist/Def Leppard/FKHW.mp3,
5131,quarantine,"same metadata artist, album, and title as kept file",def leppard | best of [limited edition bonus disc | animal,Def Leppard,Best Of [Limited Edition Bonus Disc],Animal,3916141,/mnt/d/Music/_Sorted_By_Artist/Def Leppard/UOZB.mp3,/mnt/d/Music/_Sorted_By_Artist/Def Leppard/FKHW.mp3,/mnt/d/Music/_Duplicate_Quarantine/UOZB.mp3
2798,quarantine,"same metadata artist, album, and title as kept file",dethklok | the dethalbum | awaken,Dethklok,The Dethalbum,Awaken,5225370,/mnt/d/Music/_Sorted_By_Artist/Dethklok/03 - Awaken.mp3,/mnt/d/Music/_Sorted_By_Artist/Dethklok/03 - Awaken (2).mp3,/mnt/d/Music/_Duplicate_Quarantine/03 - Awaken.mp3
5163,keep,largest file in duplicate metadata group,dethklok | the dethalbum | awaken,Dethklok,The Dethalbum,Awaken,5225370,/mnt/d/Music/_Sorted_By_Artist/Dethklok/03 - Awaken (2).mp3,/mnt/d/Music/_Sorted_By_Artist/Dethklok/03 - Awaken (2).mp3,
5164,quarantine,"same metadata artist, album, and title as kept file",dethklok | the dethalbum | awaken,Dethklok,The Dethalbum,Awaken,3554216,/mnt/d/Music/_Sorted_By_Artist/Dethklok/03 Awaken.m4a,/mnt/d/Music/_Sorted_By_Artist/Dethklok/03 - Awaken (2).mp3,/mnt/d/Music/_Duplicate_Quarantine/03 Awaken.m4a
2802,quarantine,"same metadata artist, album, and title as kept file",dethklok | the dethalbum | better metal snake,Dethklok,The Dethalbum,Better Metal Snake,4966444,/mnt/d/Music/_Sorted_By_Artist/Dethklok/07 - Better Metal Snake.mp3,/mnt/d/Music/_Sorted_By_Artist/Dethklok/07 - Better Metal Snake (2).mp3,/mnt/d/Music/_Duplicate_Quarantine/07 - Better Metal Snake.mp3
5171,keep,largest file in duplicate metadata group,dethklok | the dethalbum | better metal snake,Dethklok,The Dethalbum,Better Metal Snake,4966444,/mnt/d/Music/_Sorted_By_Artist/Dethklok/07 - Better Metal Snake (2).mp3,/mnt/d/Music/_Sorted_By_Artist/Dethklok/07 - Better Metal Snake (2).mp3,
5172,quarantine,"same metadata artist, album, and title as kept file",dethklok | the dethalbum | better metal snake,Dethklok,The Dethalbum,Better Metal Snake,3398802,/mnt/d/Music/_Sorted_By_Artist/Dethklok/07 Better Metal Snake.m4a,/mnt/d/Music/_Sorted_By_Artist/Dethklok/07 - Better Metal Snake (2).mp3,/mnt/d/Music/_Duplicate_Quarantine/07 Better Metal Snake.m4a
2806,quarantine,"same metadata artist, album, and title as kept file",dethklok | the dethalbum | birthday dethday,Dethklok,The Dethalbum,Birthday Dethday,4047979,/mnt/d/Music/_Sorted_By_Artist/Dethklok/11 - Birthday Dethday.mp3,/mnt/d/Music/_Sorted_By_Artist/Dethklok/11 - Birthday Dethday (2).mp3,/mnt/d/Music/_Duplicate_Quarantine/11 - Birthday Dethday.mp3
5179,keep,largest file in duplicate metadata group,dethklok | the dethalbum | birthday dethday,Dethklok,The Dethalbum,Birthday Dethday,4047979,/mnt/d/Music/_Sorted_By_Artist/Dethklok/11 - Birthday Dethday (2).mp3,/mnt/d/Music/_Sorted_By_Artist/Dethklok/11 - Birthday Dethday (2).mp3,
5180,quarantine,"same metadata artist, album, and title as kept file",dethklok | the dethalbum | birthday dethday,Dethklok,The Dethalbum,Birthday Dethday,2717137,/mnt/d/Music/_Sorted_By_Artist/Dethklok/11 Birthday Dethday.m4a,/mnt/d/Music/_Sorted_By_Artist/Dethklok/11 - Birthday Dethday (2).mp3,/mnt/d/Music/_Duplicate_Quarantine/11 Birthday Dethday.m4a
2799,quarantine,"same metadata artist, album, and title as kept file",dethklok | the dethalbum | bloodtrocuted,Dethklok,The Dethalbum,Bloodtrocuted,3339538,/mnt/d/Music/_Sorted_By_Artist/Dethklok/04 - Bloodtrocuted.mp3,/mnt/d/Music/_Sorted_By_Artist/Dethklok/04 - Bloodtrocuted (2).mp3,/mnt/d/Music/_Duplicate_Quarantine/04 - Bloodtrocuted.mp3
5165,keep,largest file in duplicate metadata group,dethklok | the dethalbum | bloodtrocuted,Dethklok,The Dethalbum,Bloodtrocuted,3339538,/mnt/d/Music/_Sorted_By_Artist/Dethklok/04 - Bloodtrocuted (2).mp3,/mnt/d/Music/_Sorted_By_Artist/Dethklok/04 - Bloodtrocuted (2).mp3,
5166,quarantine,"same metadata artist, album, and title as kept file",dethklok | the dethalbum | bloodtrocuted,Dethklok,The Dethalbum,Bloodtrocuted,2221824,/mnt/d/Music/_Sorted_By_Artist/Dethklok/04 Bloodtrocuted.m4a,/mnt/d/Music/_Sorted_By_Artist/Dethklok/04 - Bloodtrocuted (2).mp3,/mnt/d/Music/_Duplicate_Quarantine/04 Bloodtrocuted.m4a
2805,quarantine,"same metadata artist, album, and title as kept file",dethklok | the dethalbum | briefcase full of guts,Dethklok,The Dethalbum,Briefcase Full of Guts,3937010,/mnt/d/Music/_Sorted_By_Artist/Dethklok/10 - Briefcase Full of Guts.mp3,/mnt/d/Music/_Sorted_By_Artist/Dethklok/10 - Briefcase Full of Guts (2).mp3,/mnt/d/Music/_Duplicate_Quarantine/10 - Briefcase Full of Guts.mp3
5177,keep,largest file in duplicate metadata group,dethklok | the dethalbum | briefcase full of guts,Dethklok,The Dethalbum,Briefcase Full of Guts,3937010,/mnt/d/Music/_Sorted_By_Artist/Dethklok/10 - Briefcase Full of Guts (2).mp3,/mnt/d/Music/_Sorted_By_Artist/Dethklok/10 - Briefcase Full of Guts (2).mp3,
5178,quarantine,"same metadata artist, album, and title as kept file",dethklok | the dethalbum | briefcase full of guts,Dethklok,The Dethalbum,Briefcase Full Of Guts,2661880,/mnt/d/Music/_Sorted_By_Artist/Dethklok/10 Briefcase Full Of Guts.m4a,/mnt/d/Music/_Sorted_By_Artist/Dethklok/10 - Briefcase Full of Guts (2).mp3,/mnt/d/Music/_Duplicate_Quarantine/10 Briefcase Full Of Guts.m4a
2808,quarantine,"same metadata artist, album, and title as kept file",dethklok | the dethalbum | castratikron,Dethklok,The Dethalbum,Castratikron,4262392,/mnt/d/Music/_Sorted_By_Artist/Dethklok/13 - Castratikron.mp3,/mnt/d/Music/_Sorted_By_Artist/Dethklok/13 - Castratikron (2).mp3,/mnt/d/Music/_Duplicate_Quarantine/13 - Castratikron.mp3
5183,keep,largest file in duplicate metadata group,dethklok | the dethalbum | castratikron,Dethklok,The Dethalbum,Castratikron,4262392,/mnt/d/Music/_Sorted_By_Artist/Dethklok/13 - Castratikron (2).mp3,/mnt/d/Music/_Sorted_By_Artist/Dethklok/13 - Castratikron (2).mp3,
5184,quarantine,"same metadata artist, album, and title as kept file",dethklok | the dethalbum | castratikron,Dethklok,The Dethalbum,Castratikron,2853062,/mnt/d/Music/_Sorted_By_Artist/Dethklok/13 Castratikron.m4a,/mnt/d/Music/_Sorted_By_Artist/Dethklok/13 - Castratikron (2).mp3,/mnt/d/Music/_Duplicate_Quarantine/13 Castratikron.m4a
2810,quarantine,"same metadata artist, album, and title as kept file",dethklok | the dethalbum | dethharmonic,Dethklok,The Dethalbum,Dethharmonic,6509340,/mnt/d/Music/_Sorted_By_Artist/Dethklok/15 - Dethharmonic.mp3,/mnt/d/Music/_Sorted_By_Artist/Dethklok/15 - Dethharmonic (2).mp3,/mnt/d/Music/_Duplicate_Quarantine/15 - Dethharmonic.mp3
5187,keep,largest file in duplicate metadata group,dethklok | the dethalbum | dethharmonic,Dethklok,The Dethalbum,Dethharmonic,6509340,/mnt/d/Music/_Sorted_By_Artist/Dethklok/15 - Dethharmonic (2).mp3,/mnt/d/Music/_Sorted_By_Artist/Dethklok/15 - Dethharmonic (2).mp3,
5188,quarantine,"same metadata artist, album, and title as kept file",dethklok | the dethalbum | dethharmonic,Dethklok,The Dethalbum,Dethharmonic,4347652,/mnt/d/Music/_Sorted_By_Artist/Dethklok/15 Dethharmonic.m4a,/mnt/d/Music/_Sorted_By_Artist/Dethklok/15 - Dethharmonic (2).mp3,/mnt/d/Music/_Duplicate_Quarantine/15 Dethharmonic.m4a
2811,quarantine,"same metadata artist, album, and title as kept file",dethklok | the dethalbum | deththeme,Dethklok,The Dethalbum,Deththeme,824886,/mnt/d/Music/_Sorted_By_Artist/Dethklok/16 - Deththeme.mp3,/mnt/d/Music/_Sorted_By_Artist/Dethklok/16 - Deththeme (2).mp3,/mnt/d/Music/_Duplicate_Quarantine/16 - Deththeme.mp3
5189,keep,largest file in duplicate metadata group,dethklok | the dethalbum | deththeme,Dethklok,The Dethalbum,Deththeme,824886,/mnt/d/Music/_Sorted_By_Artist/Dethklok/16 - Deththeme (2).mp3,/mnt/d/Music/_Sorted_By_Artist/Dethklok/16 - Deththeme (2).mp3,
5190,quarantine,"same metadata artist, album, and title as kept file",dethklok | the dethalbum | deththeme,Dethklok,The Dethalbum,Deththeme,564728,/mnt/d/Music/_Sorted_By_Artist/Dethklok/16 Deththeme.m4a,/mnt/d/Music/_Sorted_By_Artist/Dethklok/16 - Deththeme (2).mp3,/mnt/d/Music/_Duplicate_Quarantine/16 Deththeme.m4a
2809,quarantine,"same metadata artist, album, and title as kept file",dethklok | the dethalbum | face fisted (aka new phrygian,Dethklok,The Dethalbum,Face Fisted (aka New Phrygian,6176896,/mnt/d/Music/_Sorted_By_Artist/Dethklok/14 - Face Fisted (aka New Phrygian.mp3,/mnt/d/Music/_Sorted_By_Artist/Dethklok/14 - Face Fisted (aka New Phrygian (2).mp3,/mnt/d/Music/_Duplicate_Quarantine/14 - Face Fisted (aka New Phrygian.mp3
5185,keep,largest file in duplicate metadata group,dethklok | the dethalbum | face fisted (aka new phrygian,Dethklok,The Dethalbum,Face Fisted (aka New Phrygian,6176896,/mnt/d/Music/_Sorted_By_Artist/Dethklok/14 - Face Fisted (aka New Phrygian (2).mp3,/mnt/d/Music/_Sorted_By_Artist/Dethklok/14 - Face Fisted (aka New Phrygian (2).mp3,
2801,quarantine,"same metadata artist, album, and title as kept file",dethklok | the dethalbum | fansong,Dethklok,The Dethalbum,Fansong,4155185,/mnt/d/Music/_Sorted_By_Artist/Dethklok/06 - Fansong.mp3,/mnt/d/Music/_Sorted_By_Artist/Dethklok/06 - Fansong (2).mp3,/mnt/d/Music/_Duplicate_Quarantine/06 - Fansong.mp3
5169,keep,largest file in duplicate metadata group,dethklok | the dethalbum | fansong,Dethklok,The Dethalbum,Fansong,4155185,/mnt/d/Music/_Sorted_By_Artist/Dethklok/06 - Fansong (2).mp3,/mnt/d/Music/_Sorted_By_Artist/Dethklok/06 - Fansong (2).mp3,
5170,quarantine,"same metadata artist, album, and title as kept file",dethklok | the dethalbum | fansong,Dethklok,The Dethalbum,Fansong,2817769,/mnt/d/Music/_Sorted_By_Artist/Dethklok/06 Fansong.m4a,/mnt/d/Music/_Sorted_By_Artist/Dethklok/06 - Fansong (2).mp3,/mnt/d/Music/_Duplicate_Quarantine/06 Fansong.m4a
2800,quarantine,"same metadata artist, album, and title as kept file",dethklok | the dethalbum | go forth & die,Dethklok,The Dethalbum,Go Forth & Die,6286150,/mnt/d/Music/_Sorted_By_Artist/Dethklok/05 - Go Forth & Die.mp3,/mnt/d/Music/_Sorted_By_Artist/Dethklok/05 - Go Forth & Die (2).mp3,/mnt/d/Music/_Duplicate_Quarantine/05 - Go Forth & Die.mp3
5167,keep,largest file in duplicate metadata group,dethklok | the dethalbum | go forth & die,Dethklok,The Dethalbum,Go Forth & Die,6286150,/mnt/d/Music/_Sorted_By_Artist/Dethklok/05 - Go Forth & Die (2).mp3,/mnt/d/Music/_Sorted_By_Artist/Dethklok/05 - Go Forth & Die (2).mp3,
2797,quarantine,"same metadata artist, album, and title as kept file",dethklok | the dethalbum | go into the water,Dethklok,The Dethalbum,Go Into The Water,6250415,/mnt/d/Music/_Sorted_By_Artist/Dethklok/02 - Go Into The Water.mp3,/mnt/d/Music/_Sorted_By_Artist/Dethklok/02 - Go Into The Water (2).mp3,/mnt/d/Music/_Duplicate_Quarantine/02 - Go Into The Water.mp3
5161,keep,largest file in duplicate metadata group,dethklok | the dethalbum | go into the water,Dethklok,The Dethalbum,Go Into The Water,6250415,/mnt/d/Music/_Sorted_By_Artist/Dethklok/02 - Go Into The Water (2).mp3,/mnt/d/Music/_Sorted_By_Artist/Dethklok/02 - Go Into The Water (2).mp3,
5162,quarantine,"same metadata artist, album, and title as kept file",dethklok | the dethalbum | go into the water,Dethklok,The Dethalbum,Go Into The Water,4266332,/mnt/d/Music/_Sorted_By_Artist/Dethklok/02 Go Into The Water.m4a,/mnt/d/Music/_Sorted_By_Artist/Dethklok/02 - Go Into The Water (2).mp3,/mnt/d/Music/_Duplicate_Quarantine/02 Go Into The Water.m4a
2807,quarantine,"same metadata artist, album, and title as kept file",dethklok | the dethalbum | hatredcopter,Dethklok,The Dethalbum,Hatredcopter,4231045,/mnt/d/Music/_Sorted_By_Artist/Dethklok/12 - Hatredcopter.mp3,/mnt/d/Music/_Sorted_By_Artist/Dethklok/12 - Hatredcopter (2).mp3,/mnt/d/Music/_Duplicate_Quarantine/12 - Hatredcopter.mp3
5181,keep,largest file in duplicate metadata group,dethklok | the dethalbum | hatredcopter,Dethklok,The Dethalbum,Hatredcopter,4231045,/mnt/d/Music/_Sorted_By_Artist/Dethklok/12 - Hatredcopter (2).mp3,/mnt/d/Music/_Sorted_By_Artist/Dethklok/12 - Hatredcopter (2).mp3,
5182,quarantine,"same metadata artist, album, and title as kept file",dethklok | the dethalbum | hatredcopter,Dethklok,The Dethalbum,Hatredcopter,2911033,/mnt/d/Music/_Sorted_By_Artist/Dethklok/12 Hatredcopter.m4a,/mnt/d/Music/_Sorted_By_Artist/Dethklok/12 - Hatredcopter (2).mp3,/mnt/d/Music/_Duplicate_Quarantine/12 Hatredcopter.m4a
2796,quarantine,"same metadata artist, album, and title as kept file",dethklok | the dethalbum | murmaider,Dethklok,The Dethalbum,Murmaider,4913154,/mnt/d/Music/_Sorted_By_Artist/Dethklok/01 - Murmaider.mp3,/mnt/d/Music/_Sorted_By_Artist/Dethklok/01 - Murmaider (2).mp3,/mnt/d/Music/_Duplicate_Quarantine/01 - Murmaider.mp3
5159,keep,largest file in duplicate metadata group,dethklok | the dethalbum | murmaider,Dethklok,The Dethalbum,Murmaider,4913154,/mnt/d/Music/_Sorted_By_Artist/Dethklok/01 - Murmaider (2).mp3,/mnt/d/Music/_Sorted_By_Artist/Dethklok/01 - Murmaider (2).mp3,
5160,quarantine,"same metadata artist, album, and title as kept file",dethklok | the dethalbum | murmaider,Dethklok,The Dethalbum,Murmaider,3339712,/mnt/d/Music/_Sorted_By_Artist/Dethklok/01 Murmaider.m4a,/mnt/d/Music/_Sorted_By_Artist/Dethklok/01 - Murmaider (2).mp3,/mnt/d/Music/_Duplicate_Quarantine/01 Murmaider.m4a
2803,quarantine,"same metadata artist, album, and title as kept file",dethklok | the dethalbum | the lost vikings,Dethklok,The Dethalbum,The Lost Vikings,6397745,/mnt/d/Music/_Sorted_By_Artist/Dethklok/08 - The Lost Vikings.mp3,/mnt/d/Music/_Sorted_By_Artist/Dethklok/08 - The Lost Vikings (2).mp3,/mnt/d/Music/_Duplicate_Quarantine/08 - The Lost Vikings.mp3
5173,keep,largest file in duplicate metadata group,dethklok | the dethalbum | the lost vikings,Dethklok,The Dethalbum,The Lost Vikings,6397745,/mnt/d/Music/_Sorted_By_Artist/Dethklok/08 - The Lost Vikings (2).mp3,/mnt/d/Music/_Sorted_By_Artist/Dethklok/08 - The Lost Vikings (2).mp3,
5174,quarantine,"same metadata artist, album, and title as kept file",dethklok | the dethalbum | the lost vikings,Dethklok,The Dethalbum,The Lost Vikings,4297996,/mnt/d/Music/_Sorted_By_Artist/Dethklok/08 The Lost Vikings.m4a,/mnt/d/Music/_Sorted_By_Artist/Dethklok/08 - The Lost Vikings (2).mp3,/mnt/d/Music/_Duplicate_Quarantine/08 The Lost Vikings.m4a
2804,quarantine,"same metadata artist, album, and title as kept file",dethklok | the dethalbum | thunderhorse,Dethklok,The Dethalbum,Thunderhorse,3990300,/mnt/d/Music/_Sorted_By_Artist/Dethklok/09 - Thunderhorse.mp3,/mnt/d/Music/_Sorted_By_Artist/Dethklok/09 - Thunderhorse (2).mp3,/mnt/d/Music/_Duplicate_Quarantine/09 - Thunderhorse.mp3
5175,keep,largest file in duplicate metadata group,dethklok | the dethalbum | thunderhorse,Dethklok,The Dethalbum,Thunderhorse,3990300,/mnt/d/Music/_Sorted_By_Artist/Dethklok/09 - Thunderhorse (2).mp3,/mnt/d/Music/_Sorted_By_Artist/Dethklok/09 - Thunderhorse (2).mp3,
5176,quarantine,"same metadata artist, album, and title as kept file",dethklok | the dethalbum | thunderhorse,Dethklok,The Dethalbum,Thunderhorse,2737051,/mnt/d/Music/_Sorted_By_Artist/Dethklok/09 Thunderhorse.m4a,/mnt/d/Music/_Sorted_By_Artist/Dethklok/09 - Thunderhorse (2).mp3,/mnt/d/Music/_Duplicate_Quarantine/09 Thunderhorse.m4a
2825,quarantine,"same metadata artist, album, and title as kept file",disturbed | ten thousand fists | avarice,Disturbed,Ten Thousand Fists,Avarice,4248599,/mnt/d/Music/_Sorted_By_Artist/Disturbed/14 - Avarice.mp3,/mnt/d/Music/_Sorted_By_Artist/Disturbed/14 - Avarice (2).mp3,/mnt/d/Music/_Duplicate_Quarantine/14 - Avarice.mp3
5244,keep,largest file in duplicate metadata group,disturbed | ten thousand fists | avarice,Disturbed,Ten Thousand Fists,Avarice,4248599,/mnt/d/Music/_Sorted_By_Artist/Disturbed/14 - Avarice (2).mp3,/mnt/d/Music/_Sorted_By_Artist/Disturbed/14 - Avarice (2).mp3,
5249,quarantine,"same metadata artist, album, and title as kept file",disturbed | ten thousand fists | avarice,Disturbed,Ten Thousand Fists,Avarice,2880699,/mnt/d/Music/_Sorted_By_Artist/Disturbed/KLXP.m4a,/mnt/d/Music/_Sorted_By_Artist/Disturbed/14 - Avarice (2).mp3,/mnt/d/Music/_Duplicate_Quarantine/KLXP.m4a
2820,quarantine,"same metadata artist, album, and title as kept file",disturbed | ten thousand fists | decadence,Disturbed,Ten Thousand Fists,Decadence,4975221,/mnt/d/Music/_Sorted_By_Artist/Disturbed/09 - Decadence.mp3,/mnt/d/Music/_Sorted_By_Artist/Disturbed/09 - Decadence (2).mp3,/mnt/d/Music/_Duplicate_Quarantine/09 - Decadence.mp3
5239,keep,largest file in duplicate metadata group,disturbed | ten thousand fists | decadence,Disturbed,Ten Thousand Fists,Decadence,4975221,/mnt/d/Music/_Sorted_By_Artist/Disturbed/09 - Decadence (2).mp3,/mnt/d/Music/_Sorted_By_Artist/Disturbed/09 - Decadence (2).mp3,
5253,quarantine,"same metadata artist, album, and title as kept file",disturbed | ten thousand fists | decadence,Disturbed,Ten Thousand Fists,Decadence,3364319,/mnt/d/Music/_Sorted_By_Artist/Disturbed/PPSM.m4a,/mnt/d/Music/_Sorted_By_Artist/Disturbed/09 - Decadence (2).mp3,/mnt/d/Music/_Duplicate_Quarantine/PPSM.m4a
2815,quarantine,"same metadata artist, album, and title as kept file",disturbed | ten thousand fists | deify,Disturbed,Ten Thousand Fists,Deify,6205902,/mnt/d/Music/_Sorted_By_Artist/Disturbed/04 - Deify.mp3,/mnt/d/Music/_Sorted_By_Artist/Disturbed/04 - Deify (2).mp3,/mnt/d/Music/_Duplicate_Quarantine/04 - Deify.mp3
5234,keep,largest file in duplicate metadata group,disturbed | ten thousand fists | deify,Disturbed,Ten Thousand Fists,Deify,6205902,/mnt/d/Music/_Sorted_By_Artist/Disturbed/04 - Deify (2).mp3,/mnt/d/Music/_Sorted_By_Artist/Disturbed/04 - Deify (2).mp3,
5256,quarantine,"same metadata artist, album, and title as kept file",disturbed | ten thousand fists | deify,Disturbed,Ten Thousand Fists,Deify,4184060,/mnt/d/Music/_Sorted_By_Artist/Disturbed/WWXF.m4a,/mnt/d/Music/_Sorted_By_Artist/Disturbed/04 - Deify (2).mp3,/mnt/d/Music/_Duplicate_Quarantine/WWXF.m4a
2821,quarantine,"same metadata artist, album, and title as kept file",disturbed | ten thousand fists | forgiven,Disturbed,Ten Thousand Fists,Forgiven,6130042,/mnt/d/Music/_Sorted_By_Artist/Disturbed/10 - Forgiven.mp3,/mnt/d/Music/_Sorted_By_Artist/Disturbed/10 - Forgiven (2).mp3,/mnt/d/Music/_Duplicate_Quarantine/10 - Forgiven.mp3
5240,keep,largest file in duplicate metadata group,disturbed | ten thousand fists | forgiven,Disturbed,Ten Thousand Fists,Forgiven,6130042,/mnt/d/Music/_Sorted_By_Artist/Disturbed/10 - Forgiven (2).mp3,/mnt/d/Music/_Sorted_By_Artist/Disturbed/10 - Forgiven (2).mp3,
5250,quarantine,"same metadata artist, album, and title as kept file",disturbed | ten thousand fists | forgiven,Disturbed,Ten Thousand Fists,Forgiven,4131579,/mnt/d/Music/_Sorted_By_Artist/Disturbed/NKKM.m4a,/mnt/d/Music/_Sorted_By_Artist/Disturbed/10 - Forgiven (2).mp3,/mnt/d/Music/_Duplicate_Quarantine/NKKM.m4a
2814,quarantine,"same metadata artist, album, and title as kept file",disturbed | ten thousand fists | guarded,Disturbed,Ten Thousand Fists,Guarded,4868641,/mnt/d/Music/_Sorted_By_Artist/Disturbed/03 - Guarded.mp3,/mnt/d/Music/_Sorted_By_Artist/Disturbed/03 - Guarded (2).mp3,/mnt/d/Music/_Duplicate_Quarantine/03 - Guarded.mp3
5233,keep,largest file in duplicate metadata group,disturbed | ten thousand fists | guarded,Disturbed,Ten Thousand Fists,Guarded,4868641,/mnt/d/Music/_Sorted_By_Artist/Disturbed/03 - Guarded (2).mp3,/mnt/d/Music/_Sorted_By_Artist/Disturbed/03 - Guarded (2).mp3,
5255,quarantine,"same metadata artist, album, and title as kept file",disturbed | ten thousand fists | guarded,Disturbed,Ten Thousand Fists,Guarded,3292148,/mnt/d/Music/_Sorted_By_Artist/Disturbed/VQJY.m4a,/mnt/d/Music/_Sorted_By_Artist/Disturbed/03 - Guarded (2).mp3,/mnt/d/Music/_Duplicate_Quarantine/VQJY.m4a
2817,quarantine,"same metadata artist, album, and title as kept file",disturbed | ten thousand fists | i'm alive,Disturbed,Ten Thousand Fists,I'm Alive,6776416,/mnt/d/Music/_Sorted_By_Artist/Disturbed/06 - I'm Alive.mp3,/mnt/d/Music/_Sorted_By_Artist/Disturbed/06 - I'm Alive (2).mp3,/mnt/d/Music/_Duplicate_Quarantine/06 - I'm Alive.mp3
5236,keep,largest file in duplicate metadata group,disturbed | ten thousand fists | i'm alive,Disturbed,Ten Thousand Fists,I'm Alive,6776416,/mnt/d/Music/_Sorted_By_Artist/Disturbed/06 - I'm Alive (2).mp3,/mnt/d/Music/_Sorted_By_Artist/Disturbed/06 - I'm Alive (2).mp3,
5254,quarantine,"same metadata artist, album, and title as kept file",disturbed | ten thousand fists | i'm alive,Disturbed,Ten Thousand Fists,I'm Alive,4571797,/mnt/d/Music/_Sorted_By_Artist/Disturbed/UZQT.m4a,/mnt/d/Music/_Sorted_By_Artist/Disturbed/06 - I'm Alive (2).mp3,/mnt/d/Music/_Duplicate_Quarantine/UZQT.m4a
2813,quarantine,"same metadata artist, album, and title as kept file",disturbed | ten thousand fists | just stop,Disturbed,Ten Thousand Fists,Just Stop,5434767,/mnt/d/Music/_Sorted_By_Artist/Disturbed/02 - Just Stop.mp3,/mnt/d/Music/_Sorted_By_Artist/Disturbed/02 - Just Stop (2).mp3,/mnt/d/Music/_Duplicate_Quarantine/02 - Just Stop.mp3
5232,keep,largest file in duplicate metadata group,disturbed | ten thousand fists | just stop,Disturbed,Ten Thousand Fists,Just Stop,5434767,/mnt/d/Music/_Sorted_By_Artist/Disturbed/02 - Just Stop (2).mp3,/mnt/d/Music/_Sorted_By_Artist/Disturbed/02 - Just Stop (2).mp3,
5248,quarantine,"same metadata artist, album, and title as kept file",disturbed | ten thousand fists | just stop,Disturbed,Ten Thousand Fists,Just Stop,3671034,/mnt/d/Music/_Sorted_By_Artist/Disturbed/GQSA.m4a,/mnt/d/Music/_Sorted_By_Artist/Disturbed/02 - Just Stop (2).mp3,/mnt/d/Music/_Duplicate_Quarantine/GQSA.m4a
2822,quarantine,"same metadata artist, album, and title as kept file",disturbed | ten thousand fists | land of confusion,Disturbed,Ten Thousand Fists,Land of Confusion,6968259,/mnt/d/Music/_Sorted_By_Artist/Disturbed/11 - Land of Confusion.mp3,/mnt/d/Music/_Sorted_By_Artist/Disturbed/11 - Land of Confusion (2).mp3,/mnt/d/Music/_Duplicate_Quarantine/11 - Land of Confusion.mp3
5241,keep,largest file in duplicate metadata group,disturbed | ten thousand fists | land of confusion,Disturbed,Ten Thousand Fists,Land of Confusion,6968259,/mnt/d/Music/_Sorted_By_Artist/Disturbed/11 - Land of Confusion (2).mp3,/mnt/d/Music/_Sorted_By_Artist/Disturbed/11 - Land of Confusion (2).mp3,
5247,quarantine,"same metadata artist, album, and title as kept file",disturbed | ten thousand fists | land of confusion,Disturbed,Ten Thousand Fists,Land Of Confusion,4699314,/mnt/d/Music/_Sorted_By_Artist/Disturbed/FLUY.m4a,/mnt/d/Music/_Sorted_By_Artist/Disturbed/11 - Land of Confusion (2).mp3,/mnt/d/Music/_Duplicate_Quarantine/FLUY.m4a
2819,quarantine,"same metadata artist, album, and title as kept file",disturbed | ten thousand fists | overburdened,Disturbed,Ten Thousand Fists,Overburdened,8631528,/mnt/d/Music/_Sorted_By_Artist/Disturbed/08 - Overburdened.mp3,/mnt/d/Music/_Sorted_By_Artist/Disturbed/08 - Overburdened (2).mp3,/mnt/d/Music/_Duplicate_Quarantine/08 - Overburdened.mp3
5238,keep,largest file in duplicate metadata group,disturbed | ten thousand fists | overburdened,Disturbed,Ten Thousand Fists,Overburdened,8631528,/mnt/d/Music/_Sorted_By_Artist/Disturbed/08 - Overburdened (2).mp3,/mnt/d/Music/_Sorted_By_Artist/Disturbed/08 - Overburdened (2).mp3,
5257,quarantine,"same metadata artist, album, and title as kept file",disturbed | ten thousand fists | overburdened,Disturbed,Ten Thousand Fists,Overburdened,5819874,/mnt/d/Music/_Sorted_By_Artist/Disturbed/YDJD.m4a,/mnt/d/Music/_Sorted_By_Artist/Disturbed/08 - Overburdened (2).mp3,/mnt/d/Music/_Duplicate_Quarantine/YDJD.m4a
2824,quarantine,"same metadata artist, album, and title as kept file",disturbed | ten thousand fists | pain redefined,Disturbed,Ten Thousand Fists,Pain Redefined,6005281,/mnt/d/Music/_Sorted_By_Artist/Disturbed/13 - Pain Redefined.mp3,/mnt/d/Music/_Sorted_By_Artist/Disturbed/13 - Pain Redefined (2).mp3,/mnt/d/Music/_Duplicate_Quarantine/13 - Pain Redefined.mp3
5243,keep,largest file in duplicate metadata group,disturbed | ten thousand fists | pain redefined,Disturbed,Ten Thousand Fists,Pain Redefined,6005281,/mnt/d/Music/_Sorted_By_Artist/Disturbed/13 - Pain Redefined (2).mp3,/mnt/d/Music/_Sorted_By_Artist/Disturbed/13 - Pain Redefined (2).mp3,
5245,quarantine,"same metadata artist, album, and title as kept file",disturbed | ten thousand fists | pain redefined,Disturbed,Ten Thousand Fists,Pain Redefined,4049066,/mnt/d/Music/_Sorted_By_Artist/Disturbed/EQNX.m4a,/mnt/d/Music/_Sorted_By_Artist/Disturbed/13 - Pain Redefined (2).mp3,/mnt/d/Music/_Duplicate_Quarantine/EQNX.m4a
2823,quarantine,"same metadata artist, album, and title as kept file",disturbed | ten thousand fists | sacred lie,Disturbed,Ten Thousand Fists,Sacred Lie,4520690,/mnt/d/Music/_Sorted_By_Artist/Disturbed/12 - Sacred Lie.mp3,/mnt/d/Music/_Sorted_By_Artist/Disturbed/12 - Sacred Lie (2).mp3,/mnt/d/Music/_Duplicate_Quarantine/12 - Sacred Lie.mp3
5242,keep,largest file in duplicate metadata group,disturbed | ten thousand fists | sacred lie,Disturbed,Ten Thousand Fists,Sacred Lie,4520690,/mnt/d/Music/_Sorted_By_Artist/Disturbed/12 - Sacred Lie (2).mp3,/mnt/d/Music/_Sorted_By_Artist/Disturbed/12 - Sacred Lie (2).mp3,
5252,quarantine,"same metadata artist, album, and title as kept file",disturbed | ten thousand fists | sacred lie,Disturbed,Ten Thousand Fists,Sacred Lie,3059101,/mnt/d/Music/_Sorted_By_Artist/Disturbed/PGTV.m4a,/mnt/d/Music/_Sorted_By_Artist/Disturbed/12 - Sacred Lie (2).mp3,/mnt/d/Music/_Duplicate_Quarantine/PGTV.m4a
2818,quarantine,"same metadata artist, album, and title as kept file",disturbed | ten thousand fists | sons of plunder,Disturbed,Ten Thousand Fists,Sons of Plunder,5541974,/mnt/d/Music/_Sorted_By_Artist/Disturbed/07 - Sons of Plunder.mp3,/mnt/d/Music/_Sorted_By_Artist/Disturbed/07 - Sons of Plunder (2).mp3,/mnt/d/Music/_Duplicate_Quarantine/07 - Sons of Plunder.mp3
5237,keep,largest file in duplicate metadata group,disturbed | ten thousand fists | sons of plunder,Disturbed,Ten Thousand Fists,Sons of Plunder,5541974,/mnt/d/Music/_Sorted_By_Artist/Disturbed/07 - Sons of Plunder (2).mp3,/mnt/d/Music/_Sorted_By_Artist/Disturbed/07 - Sons of Plunder (2).mp3,
5258,quarantine,"same metadata artist, album, and title as kept file",disturbed | ten thousand fists | sons of plunder,Disturbed,Ten Thousand Fists,Sons Of Plunder,3739575,/mnt/d/Music/_Sorted_By_Artist/Disturbed/ZDFR.m4a,/mnt/d/Music/_Sorted_By_Artist/Disturbed/07 - Sons of Plunder (2).mp3,/mnt/d/Music/_Duplicate_Quarantine/ZDFR.m4a
2816,quarantine,"same metadata artist, album, and title as kept file",disturbed | ten thousand fists | stricken,Disturbed,Ten Thousand Fists,Stricken,5938199,/mnt/d/Music/_Sorted_By_Artist/Disturbed/05 - Stricken.mp3,/mnt/d/Music/_Sorted_By_Artist/Disturbed/05 - Stricken (2).mp3,/mnt/d/Music/_Duplicate_Quarantine/05 - Stricken.mp3
5235,keep,largest file in duplicate metadata group,disturbed | ten thousand fists | stricken,Disturbed,Ten Thousand Fists,Stricken,5938199,/mnt/d/Music/_Sorted_By_Artist/Disturbed/05 - Stricken (2).mp3,/mnt/d/Music/_Sorted_By_Artist/Disturbed/05 - Stricken (2).mp3,
5246,quarantine,"same metadata artist, album, and title as kept file",disturbed | ten thousand fists | stricken,Disturbed,Ten Thousand Fists,Stricken,4008199,/mnt/d/Music/_Sorted_By_Artist/Disturbed/EVTO.m4a,/mnt/d/Music/_Sorted_By_Artist/Disturbed/05 - Stricken (2).mp3,/mnt/d/Music/_Duplicate_Quarantine/EVTO.m4a
2812,quarantine,"same metadata artist, album, and title as kept file",disturbed | ten thousand fists | ten thousand fists,Disturbed,Ten Thousand Fists,Ten Thousand Fists,5126940,/mnt/d/Music/_Sorted_By_Artist/Disturbed/01 - Ten Thousand Fists.mp3,/mnt/d/Music/_Sorted_By_Artist/Disturbed/01 - Ten Thousand Fists (2).mp3,/mnt/d/Music/_Duplicate_Quarantine/01 - Ten Thousand Fists.mp3
5231,keep,largest file in duplicate metadata group,disturbed | ten thousand fists | ten thousand fists,Disturbed,Ten Thousand Fists,Ten Thousand Fists,5126940,/mnt/d/Music/_Sorted_By_Artist/Disturbed/01 - Ten Thousand Fists (2).mp3,/mnt/d/Music/_Sorted_By_Artist/Disturbed/01 - Ten Thousand Fists (2).mp3,
5251,quarantine,"same metadata artist, album, and title as kept file",disturbed | ten thousand fists | ten thousand fists,Disturbed,Ten Thousand Fists,Ten Thousand Fists,3464842,/mnt/d/Music/_Sorted_By_Artist/Disturbed/OSEA.m4a,/mnt/d/Music/_Sorted_By_Artist/Disturbed/01 - Ten Thousand Fists (2).mp3,/mnt/d/Music/_Duplicate_Quarantine/OSEA.m4a
5268,quarantine,"same metadata artist, album, and title as kept file",disturbed | the sickness | down with the sickness,Disturbed,The Sickness,Down With The Sickness,4460672,/mnt/d/Music/_Sorted_By_Artist/Disturbed/IYCM.mp3,/mnt/d/Music/_Sorted_By_Artist/Disturbed/LCMF.m4a,/mnt/d/Music/_Duplicate_Quarantine/IYCM.mp3
5270,keep,largest file in duplicate metadata group,disturbed | the sickness | down with the sickness,Disturbed,The Sickness,Down With the Sickness,4514203,/mnt/d/Music/_Sorted_By_Artist/Disturbed/LCMF.m4a,/mnt/d/Music/_Sorted_By_Artist/Disturbed/LCMF.m4a,
5260,keep,largest file in duplicate metadata group,disturbed | the sickness | stupify,Disturbed,The Sickness,Stupify,6585085,/mnt/d/Music/_Sorted_By_Artist/Disturbed/ALFR.mp3,/mnt/d/Music/_Sorted_By_Artist/Disturbed/ALFR.mp3,
5262,quarantine,"same metadata artist, album, and title as kept file",disturbed | the sickness | stupify,Disturbed,The Sickness,Stupify,4427447,/mnt/d/Music/_Sorted_By_Artist/Disturbed/BTKF.m4a,/mnt/d/Music/_Sorted_By_Artist/Disturbed/ALFR.mp3,/mnt/d/Music/_Duplicate_Quarantine/BTKF.m4a
2837,quarantine,"same metadata artist, album, and title as kept file",dope | life | dope - crazy,Dope,Life,Dope - Crazy,4447171,/mnt/d/Music/_Sorted_By_Artist/Dope/11 - Dope - Crazy.mp3,/mnt/d/Music/_Sorted_By_Artist/Dope/11 - Dope - Crazy (2).mp3,/mnt/d/Music/_Duplicate_Quarantine/11 - Dope - Crazy.mp3
5303,keep,largest file in duplicate metadata group,dope | life | dope - crazy,Dope,Life,Dope - Crazy,4447171,/mnt/d/Music/_Sorted_By_Artist/Dope/11 - Dope - Crazy (2).mp3,/mnt/d/Music/_Sorted_By_Artist/Dope/11 - Dope - Crazy (2).mp3,
2826,quarantine,"same metadata artist, album, and title as kept file",dope | life | dope - die mf die,Dope,Life,Dope - Die MF Die,4471789,/mnt/d/Music/_Sorted_By_Artist/Dope/dope.mp3,/mnt/d/Music/_Sorted_By_Artist/Dope/06 - Dope - Die MF Die (2).mp3,/mnt/d/Music/_Duplicate_Quarantine/dope.mp3
2832,quarantine,"same metadata artist, album, and title as kept file",dope | life | dope - die mf die,Dope,Life,Dope - Die MF Die,4471789,/mnt/d/Music/_Sorted_By_Artist/Dope/06 - Dope - Die MF Die.mp3,/mnt/d/Music/_Sorted_By_Artist/Dope/06 - Dope - Die MF Die (2).mp3,/mnt/d/Music/_Duplicate_Quarantine/06 - Dope - Die MF Die.mp3
5292,quarantine,"same metadata artist, album, and title as kept file",dope | life | dope - die mf die,Dope,Life,Dope - Die MF Die,4471789,/mnt/d/Music/_Sorted_By_Artist/Dope/dope (2).mp3,/mnt/d/Music/_Sorted_By_Artist/Dope/06 - Dope - Die MF Die (2).mp3,/mnt/d/Music/_Duplicate_Quarantine/dope (2).mp3
5298,keep,largest file in duplicate metadata group,dope | life | dope - die mf die,Dope,Life,Dope - Die MF Die,4471789,/mnt/d/Music/_Sorted_By_Artist/Dope/06 - Dope - Die MF Die (2).mp3,/mnt/d/Music/_Sorted_By_Artist/Dope/06 - Dope - Die MF Die (2).mp3,
2835,quarantine,"same metadata artist, album, and title as kept file",dope | life | dope - jenny's cryin,Dope,Life,Dope - Jenny's Cryin',4598891,/mnt/d/Music/_Sorted_By_Artist/Dope/09 - Dope - Jenny's Cryin'.mp3,/mnt/d/Music/_Sorted_By_Artist/Dope/09 - Dope - Jenny's Cryin' (2).mp3,/mnt/d/Music/_Duplicate_Quarantine/09 - Dope - Jenny's Cryin'.mp3
5301,keep,largest file in duplicate metadata group,dope | life | dope - jenny's cryin,Dope,Life,Dope - Jenny's Cryin',4598891,/mnt/d/Music/_Sorted_By_Artist/Dope/09 - Dope - Jenny's Cryin' (2).mp3,/mnt/d/Music/_Sorted_By_Artist/Dope/09 - Dope - Jenny's Cryin' (2).mp3,
2839,quarantine,"same metadata artist, album, and title as kept file",dope | life | dope - march of hope,Dope,Life,Dope - March Of Hope,10773611,/mnt/d/Music/_Sorted_By_Artist/Dope/13 - Dope - March Of Hope.mp3,/mnt/d/Music/_Sorted_By_Artist/Dope/13 - Dope - March Of Hope (2).mp3,/mnt/d/Music/_Duplicate_Quarantine/13 - Dope - March Of Hope.mp3
5305,keep,largest file in duplicate metadata group,dope | life | dope - march of hope,Dope,Life,Dope - March Of Hope,10773611,/mnt/d/Music/_Sorted_By_Artist/Dope/13 - Dope - March Of Hope (2).mp3,/mnt/d/Music/_Sorted_By_Artist/Dope/13 - Dope - March Of Hope (2).mp3,
2834,quarantine,"same metadata artist, album, and title as kept file",dope | life | dope - move it,Dope,Life,Dope - Move It,4032765,/mnt/d/Music/_Sorted_By_Artist/Dope/08 - Dope - Move It.mp3,/mnt/d/Music/_Sorted_By_Artist/Dope/08 - Dope - Move It (2).mp3,/mnt/d/Music/_Duplicate_Quarantine/08 - Dope - Move It.mp3
5300,keep,largest file in duplicate metadata group,dope | life | dope - move it,Dope,Life,Dope - Move It,4032765,/mnt/d/Music/_Sorted_By_Artist/Dope/08 - Dope - Move It (2).mp3,/mnt/d/Music/_Sorted_By_Artist/Dope/08 - Dope - Move It (2).mp3,
2829,quarantine,"same metadata artist, album, and title as kept file",dope | life | dope - nothing (why,Dope,Life,Dope - Nothing (Why),5753712,/mnt/d/Music/_Sorted_By_Artist/Dope/03 - Dope - Nothing (Why).mp3,/mnt/d/Music/_Sorted_By_Artist/Dope/03 - Dope - Nothing (Why) (2).mp3,/mnt/d/Music/_Duplicate_Quarantine/03 - Dope - Nothing (Why).mp3
5295,keep,largest file in duplicate metadata group,dope | life | dope - nothing (why,Dope,Life,Dope - Nothing (Why),5753712,/mnt/d/Music/_Sorted_By_Artist/Dope/03 - Dope - Nothing (Why) (2).mp3,/mnt/d/Music/_Sorted_By_Artist/Dope/03 - Dope - Nothing (Why) (2).mp3,
2828,quarantine,"same metadata artist, album, and title as kept file",dope | life | dope - now or never,Dope,Life,Dope - Now Or Never,4966444,/mnt/d/Music/_Sorted_By_Artist/Dope/02 - Dope - Now Or Never.mp3,/mnt/d/Music/_Sorted_By_Artist/Dope/02 - Dope - Now Or Never (2).mp3,/mnt/d/Music/_Duplicate_Quarantine/02 - Dope - Now Or Never.mp3
5294,keep,largest file in duplicate metadata group,dope | life | dope - now or never,Dope,Life,Dope - Now Or Never,4966444,/mnt/d/Music/_Sorted_By_Artist/Dope/02 - Dope - Now Or Never (2).mp3,/mnt/d/Music/_Sorted_By_Artist/Dope/02 - Dope - Now Or Never (2).mp3,
2838,quarantine,"same metadata artist, album, and title as kept file",dope | life | dope - slipping away,Dope,Life,Dope - Slipping Away,4385104,/mnt/d/Music/_Sorted_By_Artist/Dope/12 - Dope - Slipping Away.mp3,/mnt/d/Music/_Sorted_By_Artist/Dope/12 - Dope - Slipping Away (2).mp3,/mnt/d/Music/_Duplicate_Quarantine/12 - Dope - Slipping Away.mp3
5304,keep,largest file in duplicate metadata group,dope | life | dope - slipping away,Dope,Life,Dope - Slipping Away,4385104,/mnt/d/Music/_Sorted_By_Artist/Dope/12 - Dope - Slipping Away (2).mp3,/mnt/d/Music/_Sorted_By_Artist/Dope/12 - Dope - Slipping Away (2).mp3,
2830,quarantine,"same metadata artist, album, and title as kept file",dope | life | dope - stop,Dope,Life,Dope - Stop,4090443,/mnt/d/Music/_Sorted_By_Artist/Dope/04 - Dope - Stop.mp3,/mnt/d/Music/_Sorted_By_Artist/Dope/04 - Dope - Stop (2).mp3,/mnt/d/Music/_Duplicate_Quarantine/04 - Dope - Stop.mp3
5296,keep,largest file in duplicate metadata group,dope | life | dope - stop,Dope,Life,Dope - Stop,4090443,/mnt/d/Music/_Sorted_By_Artist/Dope/04 - Dope - Stop (2).mp3,/mnt/d/Music/_Sorted_By_Artist/Dope/04 - Dope - Stop (2).mp3,
2827,quarantine,"same metadata artist, album, and title as kept file",dope | life | dope - take your best shot,Dope,Life,Dope - Take Your Best Shot,4064112,/mnt/d/Music/_Sorted_By_Artist/Dope/01 - Dope - Take Your Best Shot.mp3,/mnt/d/Music/_Sorted_By_Artist/Dope/01 - Dope - Take Your Best Shot (2).mp3,/mnt/d/Music/_Duplicate_Quarantine/01 - Dope - Take Your Best Shot.mp3
5293,keep,largest file in duplicate metadata group,dope | life | dope - take your best shot,Dope,Life,Dope - Take Your Best Shot,4064112,/mnt/d/Music/_Sorted_By_Artist/Dope/01 - Dope - Take Your Best Shot (2).mp3,/mnt/d/Music/_Sorted_By_Artist/Dope/01 - Dope - Take Your Best Shot (2).mp3,
2831,quarantine,"same metadata artist, album, and title as kept file",dope | life | dope - thanks for nothing,Dope,Life,Dope - Thanks For Nothing,4092491,/mnt/d/Music/_Sorted_By_Artist/Dope/05 - Dope - Thanks For Nothing.mp3,/mnt/d/Music/_Sorted_By_Artist/Dope/05 - Dope - Thanks For Nothing (2).mp3,/mnt/d/Music/_Duplicate_Quarantine/05 - Dope - Thanks For Nothing.mp3
5297,keep,largest file in duplicate metadata group,dope | life | dope - thanks for nothing,Dope,Life,Dope - Thanks For Nothing,4092491,/mnt/d/Music/_Sorted_By_Artist/Dope/05 - Dope - Thanks For Nothing (2).mp3,/mnt/d/Music/_Sorted_By_Artist/Dope/05 - Dope - Thanks For Nothing (2).mp3,
2833,quarantine,"same metadata artist, album, and title as kept file",dope | life | dope - what about,Dope,Life,Dope - What About...,4884148,/mnt/d/Music/_Sorted_By_Artist/Dope/07 - Dope - What About.mp3,/mnt/d/Music/_Sorted_By_Artist/Dope/07 - Dope - What About (2).mp3,/mnt/d/Music/_Duplicate_Quarantine/07 - Dope - What About.mp3
5299,keep,largest file in duplicate metadata group,dope | life | dope - what about,Dope,Life,Dope - What About...,4884148,/mnt/d/Music/_Sorted_By_Artist/Dope/07 - Dope - What About (2).mp3,/mnt/d/Music/_Sorted_By_Artist/Dope/07 - Dope - What About (2).mp3,
2836,quarantine,"same metadata artist, album, and title as kept file",dope | life | dope - with or without you,Dope,Life,Dope - With Or Without You,5205140,/mnt/d/Music/_Sorted_By_Artist/Dope/10 - Dope - With Or Without You.mp3,/mnt/d/Music/_Sorted_By_Artist/Dope/10 - Dope - With Or Without You (2).mp3,/mnt/d/Music/_Duplicate_Quarantine/10 - Dope - With Or Without You.mp3
5302,keep,largest file in duplicate metadata group,dope | life | dope - with or without you,Dope,Life,Dope - With Or Without You,5205140,/mnt/d/Music/_Sorted_By_Artist/Dope/10 - Dope - With Or Without You (2).mp3,/mnt/d/Music/_Sorted_By_Artist/Dope/10 - Dope - With Or Without You (2).mp3,
2842,quarantine,"same metadata artist, album, and title as kept file",downthesun | downthesun | enslaved,Downthesun,Downthesun,Enslaved,5143073,/mnt/d/Music/_Sorted_By_Artist/Downthesun/03 - Enslaved.mp3,/mnt/d/Music/_Sorted_By_Artist/Downthesun/03 - Enslaved (2).mp3,/mnt/d/Music/_Duplicate_Quarantine/03 - Enslaved.mp3
5308,keep,largest file in duplicate metadata group,downthesun | downthesun | enslaved,Downthesun,Downthesun,Enslaved,5143073,/mnt/d/Music/_Sorted_By_Artist/Downthesun/03 - Enslaved (2).mp3,/mnt/d/Music/_Sorted_By_Artist/Downthesun/03 - Enslaved (2).mp3,
2849,quarantine,"same metadata artist, album, and title as kept file",downthesun | downthesun | eye confide,Downthesun,Downthesun,Eye Confide,6583152,/mnt/d/Music/_Sorted_By_Artist/Downthesun/10 - Eye Confide.mp3,/mnt/d/Music/_Sorted_By_Artist/Downthesun/10 - Eye Confide (2).mp3,/mnt/d/Music/_Duplicate_Quarantine/10 - Eye Confide.mp3
5315,keep,largest file in duplicate metadata group,downthesun | downthesun | eye confide,Downthesun,Downthesun,Eye Confide,6583152,/mnt/d/Music/_Sorted_By_Artist/Downthesun/10 - Eye Confide (2).mp3,/mnt/d/Music/_Sorted_By_Artist/Downthesun/10 - Eye Confide (2).mp3,
2850,quarantine,"same metadata artist, album, and title as kept file",downthesun | downthesun | jars,Downthesun,Downthesun,Jars,5223322,/mnt/d/Music/_Sorted_By_Artist/Downthesun/11 - Jars.mp3,/mnt/d/Music/_Sorted_By_Artist/Downthesun/11 - Jars (2).mp3,/mnt/d/Music/_Duplicate_Quarantine/11 - Jars.mp3
5316,keep,largest file in duplicate metadata group,downthesun | downthesun | jars,Downthesun,Downthesun,Jars,5223322,/mnt/d/Music/_Sorted_By_Artist/Downthesun/11 - Jars (2).mp3,/mnt/d/Music/_Sorted_By_Artist/Downthesun/11 - Jars (2).mp3,
2848,quarantine,"same metadata artist, album, and title as kept file",downthesun | downthesun | listen,Downthesun,Downthesun,Listen,7015113,/mnt/d/Music/_Sorted_By_Artist/Downthesun/09 - Listen.mp3,/mnt/d/Music/_Sorted_By_Artist/Downthesun/09 - Listen (2).mp3,/mnt/d/Music/_Duplicate_Quarantine/09 - Listen.mp3
5314,keep,largest file in duplicate metadata group,downthesun | downthesun | listen,Downthesun,Downthesun,Listen,7015113,/mnt/d/Music/_Sorted_By_Artist/Downthesun/09 - Listen (2).mp3,/mnt/d/Music/_Sorted_By_Artist/Downthesun/09 - Listen (2).mp3,
2843,quarantine,"same metadata artist, album, and title as kept file",downthesun | downthesun | lucas toole,Downthesun,Downthesun,Lucas Toole,6596318,/mnt/d/Music/_Sorted_By_Artist/Downthesun/04 - Lucas Toole.mp3,/mnt/d/Music/_Sorted_By_Artist/Downthesun/04 - Lucas Toole (2).mp3,/mnt/d/Music/_Duplicate_Quarantine/04 - Lucas Toole.mp3
5309,keep,largest file in duplicate metadata group,downthesun | downthesun | lucas toole,Downthesun,Downthesun,Lucas Toole,6596318,/mnt/d/Music/_Sorted_By_Artist/Downthesun/04 - Lucas Toole (2).mp3,/mnt/d/Music/_Sorted_By_Artist/Downthesun/04 - Lucas Toole (2).mp3,
2840,quarantine,"same metadata artist, album, and title as kept file",downthesun | downthesun | medicated,Downthesun,Downthesun,Medicated,5534910,/mnt/d/Music/_Sorted_By_Artist/Downthesun/01 - Medicated.mp3,/mnt/d/Music/_Sorted_By_Artist/Downthesun/01 - Medicated (2).mp3,/mnt/d/Music/_Duplicate_Quarantine/01 - Medicated.mp3
5306,keep,largest file in duplicate metadata group,downthesun | downthesun | medicated,Downthesun,Downthesun,Medicated,5534910,/mnt/d/Music/_Sorted_By_Artist/Downthesun/01 - Medicated (2).mp3,/mnt/d/Music/_Sorted_By_Artist/Downthesun/01 - Medicated (2).mp3,
2846,quarantine,"same metadata artist, album, and title as kept file",downthesun | downthesun | pitiful,Downthesun,Downthesun,Pitiful,3158812,/mnt/d/Music/_Sorted_By_Artist/Downthesun/07 - Pitiful.mp3,/mnt/d/Music/_Sorted_By_Artist/Downthesun/07 - Pitiful (2).mp3,/mnt/d/Music/_Duplicate_Quarantine/07 - Pitiful.mp3
5312,keep,largest file in duplicate metadata group,downthesun | downthesun | pitiful,Downthesun,Downthesun,Pitiful,3158812,/mnt/d/Music/_Sorted_By_Artist/Downthesun/07 - Pitiful (2).mp3,/mnt/d/Music/_Sorted_By_Artist/Downthesun/07 - Pitiful (2).mp3,
2845,quarantine,"same metadata artist, album, and title as kept file",downthesun | downthesun | pure american filth,Downthesun,Downthesun,Pure American Filth,4951230,/mnt/d/Music/_Sorted_By_Artist/Downthesun/06 - Pure American Filth.mp3,/mnt/d/Music/_Sorted_By_Artist/Downthesun/06 - Pure American Filth (2).mp3,/mnt/d/Music/_Duplicate_Quarantine/06 - Pure American Filth.mp3
5311,keep,largest file in duplicate metadata group,downthesun | downthesun | pure american filth,Downthesun,Downthesun,Pure American Filth,4951230,/mnt/d/Music/_Sorted_By_Artist/Downthesun/06 - Pure American Filth (2).mp3,/mnt/d/Music/_Sorted_By_Artist/Downthesun/06 - Pure American Filth (2).mp3,
2851,quarantine,"same metadata artist, album, and title as kept file",downthesun | downthesun | revelations,Downthesun,Downthesun,Revelations,22387024,/mnt/d/Music/_Sorted_By_Artist/Downthesun/12 - Revelations.mp3,/mnt/d/Music/_Sorted_By_Artist/Downthesun/12 - Revelations (2).mp3,/mnt/d/Music/_Duplicate_Quarantine/12 - Revelations.mp3
5317,keep,largest file in duplicate metadata group,downthesun | downthesun | revelations,Downthesun,Downthesun,Revelations,22387024,/mnt/d/Music/_Sorted_By_Artist/Downthesun/12 - Revelations (2).mp3,/mnt/d/Music/_Sorted_By_Artist/Downthesun/12 - Revelations (2).mp3,
2847,quarantine,"same metadata artist, album, and title as kept file",downthesun | downthesun | scapegoat,Downthesun,Downthesun,Scapegoat,4269121,/mnt/d/Music/_Sorted_By_Artist/Downthesun/08 - Scapegoat.mp3,/mnt/d/Music/_Sorted_By_Artist/Downthesun/08 - Scapegoat (2).mp3,/mnt/d/Music/_Duplicate_Quarantine/08 - Scapegoat.mp3
5313,keep,largest file in duplicate metadata group,downthesun | downthesun | scapegoat,Downthesun,Downthesun,Scapegoat,4269121,/mnt/d/Music/_Sorted_By_Artist/Downthesun/08 - Scapegoat (2).mp3,/mnt/d/Music/_Sorted_By_Artist/Downthesun/08 - Scapegoat (2).mp3,
2841,quarantine,"same metadata artist, album, and title as kept file",downthesun | downthesun | we all die,Downthesun,Downthesun,We All Die,4897940,/mnt/d/Music/_Sorted_By_Artist/Downthesun/02 - We All Die.mp3,/mnt/d/Music/_Sorted_By_Artist/Downthesun/02 - We All Die (2).mp3,/mnt/d/Music/_Duplicate_Quarantine/02 - We All Die.mp3
5307,keep,largest file in duplicate metadata group,downthesun | downthesun | we all die,Downthesun,Downthesun,We All Die,4897940,/mnt/d/Music/_Sorted_By_Artist/Downthesun/02 - We All Die (2).mp3,/mnt/d/Music/_Sorted_By_Artist/Downthesun/02 - We All Die (2).mp3,
2844,quarantine,"same metadata artist, album, and title as kept file",downthesun | downthesun | zero,Downthesun,Downthesun,Zero,725036,/mnt/d/Music/_Sorted_By_Artist/Downthesun/05 - Zero.mp3,/mnt/d/Music/_Sorted_By_Artist/Downthesun/05 - Zero (2).mp3,/mnt/d/Music/_Duplicate_Quarantine/05 - Zero.mp3
5310,keep,largest file in duplicate metadata group,downthesun | downthesun | zero,Downthesun,Downthesun,Zero,725036,/mnt/d/Music/_Sorted_By_Artist/Downthesun/05 - Zero (2).mp3,/mnt/d/Music/_Sorted_By_Artist/Downthesun/05 - Zero (2).mp3,
2855,quarantine,"same metadata artist, album, and title as kept file",dream theater | octavarium | i walk beside you - dream theater,Dream Theater,Octavarium,I Walk Beside You - Dream Theater,6467168,/mnt/d/Music/_Sorted_By_Artist/Dream Theater/04 - I Walk Beside You - Dream Theater.mp3,/mnt/d/Music/_Sorted_By_Artist/Dream Theater/04 - I Walk Beside You - Dream Theater (2).mp3,/mnt/d/Music/_Duplicate_Quarantine/04 - I Walk Beside You - Dream Theater.mp3
5348,keep,largest file in duplicate metadata group,dream theater | octavarium | i walk beside you - dream theater,Dream Theater,Octavarium,I Walk Beside You - Dream Theater,6467168,/mnt/d/Music/_Sorted_By_Artist/Dream Theater/04 - I Walk Beside You - Dream Theater (2).mp3,/mnt/d/Music/_Sorted_By_Artist/Dream Theater/04 - I Walk Beside You - Dream Theater (2).mp3,
2857,quarantine,"same metadata artist, album, and title as kept file",dream theater | octavarium | never enough - dream theater,Dream Theater,Octavarium,Never Enough - Dream Theater,9763779,/mnt/d/Music/_Sorted_By_Artist/Dream Theater/06 - Never Enough - Dream Theater.mp3,/mnt/d/Music/_Sorted_By_Artist/Dream Theater/06 - Never Enough - Dream Theater (2).mp3,/mnt/d/Music/_Duplicate_Quarantine/06 - Never Enough - Dream Theater.mp3
5350,keep,largest file in duplicate metadata group,dream theater | octavarium | never enough - dream theater,Dream Theater,Octavarium,Never Enough - Dream Theater,9763779,/mnt/d/Music/_Sorted_By_Artist/Dream Theater/06 - Never Enough - Dream Theater (2).mp3,/mnt/d/Music/_Sorted_By_Artist/Dream Theater/06 - Never Enough - Dream Theater (2).mp3,
2859,quarantine,"same metadata artist, album, and title as kept file",dream theater | octavarium | octavarium - dream theater,Dream Theater,Octavarium,Octavarium - Dream Theater,34562802,/mnt/d/Music/_Sorted_By_Artist/Dream Theater/08 - Octavarium - Dream Theater.mp3,/mnt/d/Music/_Sorted_By_Artist/Dream Theater/08 - Octavarium - Dream Theater (2).mp3,/mnt/d/Music/_Duplicate_Quarantine/08 - Octavarium - Dream Theater.mp3
5352,keep,largest file in duplicate metadata group,dream theater | octavarium | octavarium - dream theater,Dream Theater,Octavarium,Octavarium - Dream Theater,34562802,/mnt/d/Music/_Sorted_By_Artist/Dream Theater/08 - Octavarium - Dream Theater (2).mp3,/mnt/d/Music/_Sorted_By_Artist/Dream Theater/08 - Octavarium - Dream Theater (2).mp3,
2856,quarantine,"same metadata artist, album, and title as kept file",dream theater | octavarium | panic attack - dream theater,Dream Theater,Octavarium,Panic Attack - Dream Theater,11841455,/mnt/d/Music/_Sorted_By_Artist/Dream Theater/05 - Panic Attack - Dream Theater.mp3,/mnt/d/Music/_Sorted_By_Artist/Dream Theater/05 - Panic Attack - Dream Theater (2).mp3,/mnt/d/Music/_Duplicate_Quarantine/05 - Panic Attack - Dream Theater.mp3
5349,keep,largest file in duplicate metadata group,dream theater | octavarium | panic attack - dream theater,Dream Theater,Octavarium,Panic Attack - Dream Theater,11841455,/mnt/d/Music/_Sorted_By_Artist/Dream Theater/05 - Panic Attack - Dream Theater (2).mp3,/mnt/d/Music/_Sorted_By_Artist/Dream Theater/05 - Panic Attack - Dream Theater (2).mp3,
2858,quarantine,"same metadata artist, album, and title as kept file",dream theater | octavarium | sacrificed sons - dream theater,Dream Theater,Octavarium,Sacrificed Sons - Dream Theater,15436781,/mnt/d/Music/_Sorted_By_Artist/Dream Theater/07 - Sacrificed Sons - Dream Theater.mp3,/mnt/d/Music/_Sorted_By_Artist/Dream Theater/07 - Sacrificed Sons - Dream Theater (2).mp3,/mnt/d/Music/_Duplicate_Quarantine/07 - Sacrificed Sons - Dream Theater.mp3
5351,keep,largest file in duplicate metadata group,dream theater | octavarium | sacrificed sons - dream theater,Dream Theater,Octavarium,Sacrificed Sons - Dream Theater,15436781,/mnt/d/Music/_Sorted_By_Artist/Dream Theater/07 - Sacrificed Sons - Dream Theater (2).mp3,/mnt/d/Music/_Sorted_By_Artist/Dream Theater/07 - Sacrificed Sons - Dream Theater (2).mp3,
2853,quarantine,"same metadata artist, album, and title as kept file",dream theater | octavarium | the answer lies within - dream theater,Dream Theater,Octavarium,The Answer Lies Within - Dream Theater,8000660,/mnt/d/Music/_Sorted_By_Artist/Dream Theater/02 - The Answer Lies Within - Dream Theater.mp3,/mnt/d/Music/_Sorted_By_Artist/Dream Theater/02 - The Answer Lies Within - Dream Theater (2).mp3,/mnt/d/Music/_Duplicate_Quarantine/02 - The Answer Lies Within - Dream Theater.mp3
5346,keep,largest file in duplicate metadata group,dream theater | octavarium | the answer lies within - dream theater,Dream Theater,Octavarium,The Answer Lies Within - Dream Theater,8000660,/mnt/d/Music/_Sorted_By_Artist/Dream Theater/02 - The Answer Lies Within - Dream Theater (2).mp3,/mnt/d/Music/_Sorted_By_Artist/Dream Theater/02 - The Answer Lies Within - Dream Theater (2).mp3,
2852,quarantine,"same metadata artist, album, and title as kept file",dream theater | octavarium | the root of all evil - dream theater,Dream Theater,Octavarium,The Root Of All Evil - Dream Theater,12137829,/mnt/d/Music/_Sorted_By_Artist/Dream Theater/01 - The Root Of All Evil - Dream Theater.mp3,/mnt/d/Music/_Sorted_By_Artist/Dream Theater/01 - The Root Of All Evil - Dream Theater (2).mp3,/mnt/d/Music/_Duplicate_Quarantine/01 - The Root Of All Evil - Dream Theater.mp3
5345,keep,largest file in duplicate metadata group,dream theater | octavarium | the root of all evil - dream theater,Dream Theater,Octavarium,The Root Of All Evil - Dream Theater,12137829,/mnt/d/Music/_Sorted_By_Artist/Dream Theater/01 - The Root Of All Evil - Dream Theater (2).mp3,/mnt/d/Music/_Sorted_By_Artist/Dream Theater/01 - The Root Of All Evil - Dream Theater (2).mp3,
2854,quarantine,"same metadata artist, album, and title as kept file",dream theater | octavarium | these walls - dream theater,Dream Theater,Octavarium,These Walls - Dream Theater,10949321,/mnt/d/Music/_Sorted_By_Artist/Dream Theater/03 - These Walls - Dream Theater.mp3,/mnt/d/Music/_Sorted_By_Artist/Dream Theater/03 - These Walls - Dream Theater (2).mp3,/mnt/d/Music/_Duplicate_Quarantine/03 - These Walls - Dream Theater.mp3
5347,keep,largest file in duplicate metadata group,dream theater | octavarium | these walls - dream theater,Dream Theater,Octavarium,These Walls - Dream Theater,10949321,/mnt/d/Music/_Sorted_By_Artist/Dream Theater/03 - These Walls - Dream Theater (2).mp3,/mnt/d/Music/_Sorted_By_Artist/Dream Theater/03 - These Walls - Dream Theater (2).mp3,
2862,quarantine,"same metadata artist, album, and title as kept file",dream theater | systematic chaos | constant motion - dream theater,Dream Theater,Systematic Chaos,Constant Motion - Dream Theater,9977566,/mnt/d/Music/_Sorted_By_Artist/Dream Theater/03 - Constant Motion - Dream Theater.mp3,/mnt/d/Music/_Sorted_By_Artist/Dream Theater/03 - Constant Motion - Dream Theater (2).mp3,/mnt/d/Music/_Duplicate_Quarantine/03 - Constant Motion - Dream Theater.mp3
5355,keep,largest file in duplicate metadata group,dream theater | systematic chaos | constant motion - dream theater,Dream Theater,Systematic Chaos,Constant Motion - Dream Theater,9977566,/mnt/d/Music/_Sorted_By_Artist/Dream Theater/03 - Constant Motion - Dream Theater (2).mp3,/mnt/d/Music/_Sorted_By_Artist/Dream Theater/03 - Constant Motion - Dream Theater (2).mp3,
2861,quarantine,"same metadata artist, album, and title as kept file",dream theater | systematic chaos | forsaken - dream theater,Dream Theater,Systematic Chaos,Forsaken - Dream Theater,8060387,/mnt/d/Music/_Sorted_By_Artist/Dream Theater/02 - Forsaken - Dream Theater.mp3,/mnt/d/Music/_Sorted_By_Artist/Dream Theater/02 - Forsaken - Dream Theater (2).mp3,/mnt/d/Music/_Duplicate_Quarantine/02 - Forsaken - Dream Theater.mp3
5354,keep,largest file in duplicate metadata group,dream theater | systematic chaos | forsaken - dream theater,Dream Theater,Systematic Chaos,Forsaken - Dream Theater,8060387,/mnt/d/Music/_Sorted_By_Artist/Dream Theater/02 - Forsaken - Dream Theater (2).mp3,/mnt/d/Music/_Sorted_By_Artist/Dream Theater/02 - Forsaken - Dream Theater (2).mp3,
2860,quarantine,"same metadata artist, album, and title as kept file",dream theater | systematic chaos | in the presence of enemies pt. 1 - dream theater,Dream Theater,Systematic Chaos,In The Presence Of Enemies Pt. 1 - Dream Theater,12969317,/mnt/d/Music/_Sorted_By_Artist/Dream Theater/01 - In The Presence Of Enemies Pt. 1 - Dream Theater.mp3,/mnt/d/Music/_Sorted_By_Artist/Dream Theater/01 - In The Presence Of Enemies Pt. 1 - Dream Theater (2).mp3,/mnt/d/Music/_Duplicate_Quarantine/01 - In The Presence Of Enemies Pt. 1 - Dream Theater.mp3
5353,keep,largest file in duplicate metadata group,dream theater | systematic chaos | in the presence of enemies pt. 1 - dream theater,Dream Theater,Systematic Chaos,In The Presence Of Enemies Pt. 1 - Dream Theater,12969317,/mnt/d/Music/_Sorted_By_Artist/Dream Theater/01 - In The Presence Of Enemies Pt. 1 - Dream Theater (2).mp3,/mnt/d/Music/_Sorted_By_Artist/Dream Theater/01 - In The Presence Of Enemies Pt. 1 - Dream Theater (2).mp3,
2867,quarantine,"same metadata artist, album, and title as kept file",dream theater | systematic chaos | in the presence of enemies pt. 2 - dream theater,Dream Theater,Systematic Chaos,In The Presence Of Enemies Pt. 2 - Dream Theater,23967704,/mnt/d/Music/_Sorted_By_Artist/Dream Theater/08 - In The Presence Of Enemies Pt. 2 - Dream Theater.mp3,/mnt/d/Music/_Sorted_By_Artist/Dream Theater/08 - In The Presence Of Enemies Pt. 2 - Dream Theater (2).mp3,/mnt/d/Music/_Duplicate_Quarantine/08 - In The Presence Of Enemies Pt. 2 - Dream Theater.mp3
5360,keep,largest file in duplicate metadata group,dream theater | systematic chaos | in the presence of enemies pt. 2 - dream theater,Dream Theater,Systematic Chaos,In The Presence Of Enemies Pt. 2 - Dream Theater,23967704,/mnt/d/Music/_Sorted_By_Artist/Dream Theater/08 - In The Presence Of Enemies Pt. 2 - Dream Theater (2).mp3,/mnt/d/Music/_Sorted_By_Artist/Dream Theater/08 - In The Presence Of Enemies Pt. 2 - Dream Theater (2).mp3,
2865,quarantine,"same metadata artist, album, and title as kept file",dream theater | systematic chaos | prophets of war - dream theater,Dream Theater,Systematic Chaos,Prophets Of War - Dream Theater,8662248,/mnt/d/Music/_Sorted_By_Artist/Dream Theater/06 - Prophets Of War - Dream Theater.mp3,/mnt/d/Music/_Sorted_By_Artist/Dream Theater/06 - Prophets Of War - Dream Theater (2).mp3,/mnt/d/Music/_Duplicate_Quarantine/06 - Prophets Of War - Dream Theater.mp3
5358,keep,largest file in duplicate metadata group,dream theater | systematic chaos | prophets of war - dream theater,Dream Theater,Systematic Chaos,Prophets Of War - Dream Theater,8662248,/mnt/d/Music/_Sorted_By_Artist/Dream Theater/06 - Prophets Of War - Dream Theater (2).mp3,/mnt/d/Music/_Sorted_By_Artist/Dream Theater/06 - Prophets Of War - Dream Theater (2).mp3,
2864,quarantine,"same metadata artist, album, and title as kept file",dream theater | systematic chaos | repentance - dream theater,Dream Theater,Systematic Chaos,Repentance - Dream Theater,15447606,/mnt/d/Music/_Sorted_By_Artist/Dream Theater/05 - Repentance - Dream Theater.mp3,/mnt/d/Music/_Sorted_By_Artist/Dream Theater/05 - Repentance - Dream Theater (2).mp3,/mnt/d/Music/_Duplicate_Quarantine/05 - Repentance - Dream Theater.mp3
5357,keep,largest file in duplicate metadata group,dream theater | systematic chaos | repentance - dream theater,Dream Theater,Systematic Chaos,Repentance - Dream Theater,15447606,/mnt/d/Music/_Sorted_By_Artist/Dream Theater/05 - Repentance - Dream Theater (2).mp3,/mnt/d/Music/_Sorted_By_Artist/Dream Theater/05 - Repentance - Dream Theater (2).mp3,
2863,quarantine,"same metadata artist, album, and title as kept file",dream theater | systematic chaos | the dark eternal night - dream theater,Dream Theater,Systematic Chaos,The Dark Eternal Night - Dream Theater,12813210,/mnt/d/Music/_Sorted_By_Artist/Dream Theater/04 - The Dark Eternal Night - Dream Theater.mp3,/mnt/d/Music/_Sorted_By_Artist/Dream Theater/04 - The Dark Eternal Night - Dream Theater (2).mp3,/mnt/d/Music/_Duplicate_Quarantine/04 - The Dark Eternal Night - Dream Theater.mp3
5356,keep,largest file in duplicate metadata group,dream theater | systematic chaos | the dark eternal night - dream theater,Dream Theater,Systematic Chaos,The Dark Eternal Night - Dream Theater,12813210,/mnt/d/Music/_Sorted_By_Artist/Dream Theater/04 - The Dark Eternal Night - Dream Theater (2).mp3,/mnt/d/Music/_Sorted_By_Artist/Dream Theater/04 - The Dark Eternal Night - Dream Theater (2).mp3,
2866,quarantine,"same metadata artist, album, and title as kept file",dream theater | systematic chaos | the ministry of lost souls - dream theater,Dream Theater,Systematic Chaos,The Ministry Of Lost Souls - Dream Theater,21537690,/mnt/d/Music/_Sorted_By_Artist/Dream Theater/07 - The Ministry Of Lost Souls - Dream Theater.mp3,/mnt/d/Music/_Sorted_By_Artist/Dream Theater/07 - The Ministry Of Lost Souls - Dream Theater (2).mp3,/mnt/d/Music/_Duplicate_Quarantine/07 - The Ministry Of Lost Souls - Dream Theater.mp3
5359,keep,largest file in duplicate metadata group,dream theater | systematic chaos | the ministry of lost souls - dream theater,Dream Theater,Systematic Chaos,The Ministry Of Lost Souls - Dream Theater,21537690,/mnt/d/Music/_Sorted_By_Artist/Dream Theater/07 - The Ministry Of Lost Souls - Dream Theater (2).mp3,/mnt/d/Music/_Sorted_By_Artist/Dream Theater/07 - The Ministry Of Lost Souls - Dream Theater (2).mp3,
2868,quarantine,"same metadata artist, album, and title as kept file",dream theater | train of thought | as i am,Dream Theater,Train Of Thought,As I Am,11234578,/mnt/d/Music/_Sorted_By_Artist/Dream Theater/01 - As I Am.mp3,/mnt/d/Music/_Sorted_By_Artist/Dream Theater/01 - As I Am (2).mp3,/mnt/d/Music/_Duplicate_Quarantine/01 - As I Am.mp3
5361,keep,largest file in duplicate metadata group,dream theater | train of thought | as i am,Dream Theater,Train Of Thought,As I Am,11234578,/mnt/d/Music/_Sorted_By_Artist/Dream Theater/01 - As I Am (2).mp3,/mnt/d/Music/_Sorted_By_Artist/Dream Theater/01 - As I Am (2).mp3,
2870,quarantine,"same metadata artist, album, and title as kept file",dream theater | train of thought | endless sacrifice,Dream Theater,Train Of Thought,Endless Sacrifice,16433154,/mnt/d/Music/_Sorted_By_Artist/Dream Theater/03 - Endless Sacrifice.mp3,/mnt/d/Music/_Sorted_By_Artist/Dream Theater/03 - Endless Sacrifice (2).mp3,/mnt/d/Music/_Duplicate_Quarantine/03 - Endless Sacrifice.mp3
5363,keep,largest file in duplicate metadata group,dream theater | train of thought | endless sacrifice,Dream Theater,Train Of Thought,Endless Sacrifice,16433154,/mnt/d/Music/_Sorted_By_Artist/Dream Theater/03 - Endless Sacrifice (2).mp3,/mnt/d/Music/_Sorted_By_Artist/Dream Theater/03 - Endless Sacrifice (2).mp3,
2871,quarantine,"same metadata artist, album, and title as kept file",dream theater | train of thought | honor thy father,Dream Theater,Train Of Thought,Honor Thy Father,14747943,/mnt/d/Music/_Sorted_By_Artist/Dream Theater/04 - Honor Thy Father.mp3,/mnt/d/Music/_Sorted_By_Artist/Dream Theater/04 - Honor Thy Father (2).mp3,/mnt/d/Music/_Duplicate_Quarantine/04 - Honor Thy Father.mp3
5364,keep,largest file in duplicate metadata group,dream theater | train of thought | honor thy father,Dream Theater,Train Of Thought,Honor Thy Father,14747943,/mnt/d/Music/_Sorted_By_Artist/Dream Theater/04 - Honor Thy Father (2).mp3,/mnt/d/Music/_Sorted_By_Artist/Dream Theater/04 - Honor Thy Father (2).mp3,
2874,quarantine,"same metadata artist, album, and title as kept file",dream theater | train of thought | in the name of god,Dream Theater,Train Of Thought,In The Name Of God,20565935,/mnt/d/Music/_Sorted_By_Artist/Dream Theater/07 - In The Name Of God.mp3,/mnt/d/Music/_Sorted_By_Artist/Dream Theater/07 - In The Name Of God (2).mp3,/mnt/d/Music/_Duplicate_Quarantine/07 - In The Name Of God.mp3
5367,keep,largest file in duplicate metadata group,dream theater | train of thought | in the name of god,Dream Theater,Train Of Thought,In The Name Of God,20565935,/mnt/d/Music/_Sorted_By_Artist/Dream Theater/07 - In The Name Of God (2).mp3,/mnt/d/Music/_Sorted_By_Artist/Dream Theater/07 - In The Name Of God (2).mp3,
2873,quarantine,"same metadata artist, album, and title as kept file",dream theater | train of thought | stream of consciousness,Dream Theater,Train Of Thought,Stream Of Consciousness,16236922,/mnt/d/Music/_Sorted_By_Artist/Dream Theater/06 - Stream Of Consciousness.mp3,/mnt/d/Music/_Sorted_By_Artist/Dream Theater/06 - Stream Of Consciousness (2).mp3,/mnt/d/Music/_Duplicate_Quarantine/06 - Stream Of Consciousness.mp3
5366,keep,largest file in duplicate metadata group,dream theater | train of thought | stream of consciousness,Dream Theater,Train Of Thought,Stream Of Consciousness,16236922,/mnt/d/Music/_Sorted_By_Artist/Dream Theater/06 - Stream Of Consciousness (2).mp3,/mnt/d/Music/_Sorted_By_Artist/Dream Theater/06 - Stream Of Consciousness (2).mp3,
2869,quarantine,"same metadata artist, album, and title as kept file",dream theater | train of thought | this dying soul,Dream Theater,Train Of Thought,This Dying Soul,16504625,/mnt/d/Music/_Sorted_By_Artist/Dream Theater/02 - This Dying Soul.mp3,/mnt/d/Music/_Sorted_By_Artist/Dream Theater/02 - This Dying Soul (2).mp3,/mnt/d/Music/_Duplicate_Quarantine/02 - This Dying Soul.mp3
5362,keep,largest file in duplicate metadata group,dream theater | train of thought | this dying soul,Dream Theater,Train Of Thought,This Dying Soul,16504625,/mnt/d/Music/_Sorted_By_Artist/Dream Theater/02 - This Dying Soul (2).mp3,/mnt/d/Music/_Sorted_By_Artist/Dream Theater/02 - This Dying Soul (2).mp3,
2872,quarantine,"same metadata artist, album, and title as kept file",dream theater | train of thought | vacant,Dream Theater,Train Of Thought,Vacant,4262392,/mnt/d/Music/_Sorted_By_Artist/Dream Theater/05 - Vacant.mp3,/mnt/d/Music/_Sorted_By_Artist/Dream Theater/05 - Vacant (2).mp3,/mnt/d/Music/_Duplicate_Quarantine/05 - Vacant.mp3
5365,keep,largest file in duplicate metadata group,dream theater | train of thought | vacant,Dream Theater,Train Of Thought,Vacant,4262392,/mnt/d/Music/_Sorted_By_Artist/Dream Theater/05 - Vacant (2).mp3,/mnt/d/Music/_Sorted_By_Artist/Dream Theater/05 - Vacant (2).mp3,
5394,keep,largest file in duplicate metadata group,evanescence | fallen [bonus track | my immortal,Evanescence,Fallen [Bonus Track],My Immortal,4425981,/mnt/d/Music/_Sorted_By_Artist/Evanescence/SJYQ.m4a,/mnt/d/Music/_Sorted_By_Artist/Evanescence/SJYQ.m4a,
5397,quarantine,"same metadata artist, album, and title as kept file",evanescence | fallen [bonus track | my immortal,Evanescence,Fallen [Bonus Track],My Immortal,4282024,/mnt/d/Music/_Sorted_By_Artist/Evanescence/ZENA.m4a,/mnt/d/Music/_Sorted_By_Artist/Evanescence/SJYQ.m4a,/mnt/d/Music/_Duplicate_Quarantine/ZENA.m4a
2876,quarantine,"same metadata artist, album, and title as kept file",flaw | endangered species | endangered species,Flaw,Endangered Species,Endangered Species,5410149,/mnt/d/Music/_Sorted_By_Artist/Flaw/02 - Endangered Species.mp3,/mnt/d/Music/_Sorted_By_Artist/Flaw/02 - Endangered Species (2).mp3,/mnt/d/Music/_Duplicate_Quarantine/02 - Endangered Species.mp3
5442,keep,largest file in duplicate metadata group,flaw | endangered species | endangered species,Flaw,Endangered Species,Endangered Species,5410149,/mnt/d/Music/_Sorted_By_Artist/Flaw/02 - Endangered Species (2).mp3,/mnt/d/Music/_Sorted_By_Artist/Flaw/02 - Endangered Species (2).mp3,
2879,quarantine,"same metadata artist, album, and title as kept file",flaw | endangered species | many faces,Flaw,Endangered Species,Many Faces,5749323,/mnt/d/Music/_Sorted_By_Artist/Flaw/05 - Many Faces.mp3,/mnt/d/Music/_Sorted_By_Artist/Flaw/05 - Many Faces (2).mp3,/mnt/d/Music/_Duplicate_Quarantine/05 - Many Faces.mp3
5445,keep,largest file in duplicate metadata group,flaw | endangered species | many faces,Flaw,Endangered Species,Many Faces,5749323,/mnt/d/Music/_Sorted_By_Artist/Flaw/05 - Many Faces (2).mp3,/mnt/d/Music/_Sorted_By_Artist/Flaw/05 - Many Faces (2).mp3,
2875,quarantine,"same metadata artist, album, and title as kept file",flaw | endangered species | medicate,Flaw,Endangered Species,Medicate,5071602,/mnt/d/Music/_Sorted_By_Artist/Flaw/01 - Medicate.mp3,/mnt/d/Music/_Sorted_By_Artist/Flaw/01 - Medicate (2).mp3,/mnt/d/Music/_Duplicate_Quarantine/01 - Medicate.mp3
5441,keep,largest file in duplicate metadata group,flaw | endangered species | medicate,Flaw,Endangered Species,Medicate,5071602,/mnt/d/Music/_Sorted_By_Artist/Flaw/01 - Medicate (2).mp3,/mnt/d/Music/_Sorted_By_Artist/Flaw/01 - Medicate (2).mp3,
2877,quarantine,"same metadata artist, album, and title as kept file",flaw | endangered species | recognize,Flaw,Endangered Species,Recognize,6025803,/mnt/d/Music/_Sorted_By_Artist/Flaw/03 - Recognize.mp3,/mnt/d/Music/_Sorted_By_Artist/Flaw/03 - Recognize (2).mp3,/mnt/d/Music/_Duplicate_Quarantine/03 - Recognize.mp3
5443,keep,largest file in duplicate metadata group,flaw | endangered species | recognize,Flaw,Endangered Species,Recognize,6025803,/mnt/d/Music/_Sorted_By_Artist/Flaw/03 - Recognize (2).mp3,/mnt/d/Music/_Sorted_By_Artist/Flaw/03 - Recognize (2).mp3,
2878,quarantine,"same metadata artist, album, and title as kept file",flaw | endangered species | wait for me,Flaw,Endangered Species,Wait For Me,6551805,/mnt/d/Music/_Sorted_By_Artist/Flaw/04 - Wait For Me.mp3,/mnt/d/Music/_Sorted_By_Artist/Flaw/04 - Wait For Me (2).mp3,/mnt/d/Music/_Duplicate_Quarantine/04 - Wait For Me.mp3
5444,keep,largest file in duplicate metadata group,flaw | endangered species | wait for me,Flaw,Endangered Species,Wait For Me,6551805,/mnt/d/Music/_Sorted_By_Artist/Flaw/04 - Wait For Me (2).mp3,/mnt/d/Music/_Sorted_By_Artist/Flaw/04 - Wait For Me (2).mp3,
2886,quarantine,"same metadata artist, album, and title as kept file",flaw | through the eyes | amendment,Flaw,Through The Eyes,Amendment,7694881,/mnt/d/Music/_Sorted_By_Artist/Flaw/06 - Amendment.mp3,/mnt/d/Music/_Sorted_By_Artist/Flaw/06 - Amendment (2).mp3,/mnt/d/Music/_Duplicate_Quarantine/06 - Amendment.mp3
5452,keep,largest file in duplicate metadata group,flaw | through the eyes | amendment,Flaw,Through The Eyes,Amendment,7694881,/mnt/d/Music/_Sorted_By_Artist/Flaw/06 - Amendment (2).mp3,/mnt/d/Music/_Sorted_By_Artist/Flaw/06 - Amendment (2).mp3,
2890,quarantine,"same metadata artist, album, and title as kept file",flaw | through the eyes | best i am,Flaw,Through The Eyes,Best I Am,6629712,/mnt/d/Music/_Sorted_By_Artist/Flaw/10 - Best I Am.mp3,/mnt/d/Music/_Sorted_By_Artist/Flaw/10 - Best I Am (2).mp3,/mnt/d/Music/_Duplicate_Quarantine/10 - Best I Am.mp3
5456,keep,largest file in duplicate metadata group,flaw | through the eyes | best i am,Flaw,Through The Eyes,Best I Am,6629712,/mnt/d/Music/_Sorted_By_Artist/Flaw/10 - Best I Am (2).mp3,/mnt/d/Music/_Sorted_By_Artist/Flaw/10 - Best I Am (2).mp3,
2884,quarantine,"same metadata artist, album, and title as kept file",flaw | through the eyes | get up again,Flaw,Through The Eyes,Get Up Again,4244210,/mnt/d/Music/_Sorted_By_Artist/Flaw/04 - Get Up Again.mp3,/mnt/d/Music/_Sorted_By_Artist/Flaw/04 - Get Up Again (2).mp3,/mnt/d/Music/_Duplicate_Quarantine/04 - Get Up Again.mp3
5450,keep,largest file in duplicate metadata group,flaw | through the eyes | get up again,Flaw,Through The Eyes,Get Up Again,4244210,/mnt/d/Music/_Sorted_By_Artist/Flaw/04 - Get Up Again (2).mp3,/mnt/d/Music/_Sorted_By_Artist/Flaw/04 - Get Up Again (2).mp3,
2889,quarantine,"same metadata artist, album, and title as kept file",flaw | through the eyes | inner strength,Flaw,Through The Eyes,Inner Strength,5358908,/mnt/d/Music/_Sorted_By_Artist/Flaw/09 - Inner Strength.mp3,/mnt/d/Music/_Sorted_By_Artist/Flaw/09 - Inner Strength (2).mp3,/mnt/d/Music/_Duplicate_Quarantine/09 - Inner Strength.mp3
5455,keep,largest file in duplicate metadata group,flaw | through the eyes | inner strength,Flaw,Through The Eyes,Inner Strength,5358908,/mnt/d/Music/_Sorted_By_Artist/Flaw/09 - Inner Strength (2).mp3,/mnt/d/Music/_Sorted_By_Artist/Flaw/09 - Inner Strength (2).mp3,
2883,quarantine,"same metadata artist, album, and title as kept file",flaw | through the eyes | my letter,Flaw,Through The Eyes,My Letter,6620308,/mnt/d/Music/_Sorted_By_Artist/Flaw/03 - My Letter.mp3,/mnt/d/Music/_Sorted_By_Artist/Flaw/03 - My Letter (2).mp3,/mnt/d/Music/_Duplicate_Quarantine/03 - My Letter.mp3
5449,keep,largest file in duplicate metadata group,flaw | through the eyes | my letter,Flaw,Through The Eyes,My Letter,6620308,/mnt/d/Music/_Sorted_By_Artist/Flaw/03 - My Letter (2).mp3,/mnt/d/Music/_Sorted_By_Artist/Flaw/03 - My Letter (2).mp3,
2893,quarantine,"same metadata artist, album, and title as kept file",flaw | through the eyes | one more time,Flaw,Through The Eyes,One More Time,16067649,/mnt/d/Music/_Sorted_By_Artist/Flaw/13 - One More Time.mp3,/mnt/d/Music/_Sorted_By_Artist/Flaw/13 - One More Time (2).mp3,/mnt/d/Music/_Duplicate_Quarantine/13 - One More Time.mp3
5459,keep,largest file in duplicate metadata group,flaw | through the eyes | one more time,Flaw,Through The Eyes,One More Time,16067649,/mnt/d/Music/_Sorted_By_Artist/Flaw/13 - One More Time (2).mp3,/mnt/d/Music/_Sorted_By_Artist/Flaw/13 - One More Time (2).mp3,
2881,quarantine,"same metadata artist, album, and title as kept file",flaw | through the eyes | only the strong,Flaw,Through The Eyes,Only the Strong,6264207,/mnt/d/Music/_Sorted_By_Artist/Flaw/01 - Only the Strong.mp3,/mnt/d/Music/_Sorted_By_Artist/Flaw/01 - Only the Strong (2).mp3,/mnt/d/Music/_Duplicate_Quarantine/01 - Only the Strong.mp3
5447,keep,largest file in duplicate metadata group,flaw | through the eyes | only the strong,Flaw,Through The Eyes,Only the Strong,6264207,/mnt/d/Music/_Sorted_By_Artist/Flaw/01 - Only the Strong (2).mp3,/mnt/d/Music/_Sorted_By_Artist/Flaw/01 - Only the Strong (2).mp3,
2891,quarantine,"same metadata artist, album, and title as kept file",flaw | through the eyes | out of whack,Flaw,Through The Eyes,Out of Whack,5479280,/mnt/d/Music/_Sorted_By_Artist/Flaw/11 - Out of Whack.mp3,/mnt/d/Music/_Sorted_By_Artist/Flaw/11 - Out of Whack (2).mp3,/mnt/d/Music/_Duplicate_Quarantine/11 - Out of Whack.mp3
5457,keep,largest file in duplicate metadata group,flaw | through the eyes | out of whack,Flaw,Through The Eyes,Out of Whack,5479280,/mnt/d/Music/_Sorted_By_Artist/Flaw/11 - Out of Whack (2).mp3,/mnt/d/Music/_Sorted_By_Artist/Flaw/11 - Out of Whack (2).mp3,
2882,quarantine,"same metadata artist, album, and title as kept file",flaw | through the eyes | payback,Flaw,Through The Eyes,Payback,5809050,/mnt/d/Music/_Sorted_By_Artist/Flaw/02 - Payback.mp3,/mnt/d/Music/_Sorted_By_Artist/Flaw/02 - Payback (2).mp3,/mnt/d/Music/_Duplicate_Quarantine/02 - Payback.mp3
5448,keep,largest file in duplicate metadata group,flaw | through the eyes | payback,Flaw,Through The Eyes,Payback,5809050,/mnt/d/Music/_Sorted_By_Artist/Flaw/02 - Payback (2).mp3,/mnt/d/Music/_Sorted_By_Artist/Flaw/02 - Payback (2).mp3,
2892,quarantine,"same metadata artist, album, and title as kept file",flaw | through the eyes | reliance,Flaw,Through The Eyes,Reliance,4957667,/mnt/d/Music/_Sorted_By_Artist/Flaw/12 - Reliance.mp3,/mnt/d/Music/_Sorted_By_Artist/Flaw/12 - Reliance (2).mp3,/mnt/d/Music/_Duplicate_Quarantine/12 - Reliance.mp3
5458,keep,largest file in duplicate metadata group,flaw | through the eyes | reliance,Flaw,Through The Eyes,Reliance,4957667,/mnt/d/Music/_Sorted_By_Artist/Flaw/12 - Reliance (2).mp3,/mnt/d/Music/_Sorted_By_Artist/Flaw/12 - Reliance (2).mp3,
2887,quarantine,"same metadata artist, album, and title as kept file",flaw | through the eyes | scheme,Flaw,Through The Eyes,Scheme,5479280,/mnt/d/Music/_Sorted_By_Artist/Flaw/07 - Scheme.mp3,/mnt/d/Music/_Sorted_By_Artist/Flaw/07 - Scheme (2).mp3,/mnt/d/Music/_Duplicate_Quarantine/07 - Scheme.mp3
5453,keep,largest file in duplicate metadata group,flaw | through the eyes | scheme,Flaw,Through The Eyes,Scheme,5479280,/mnt/d/Music/_Sorted_By_Artist/Flaw/07 - Scheme (2).mp3,/mnt/d/Music/_Sorted_By_Artist/Flaw/07 - Scheme (2).mp3,
2888,quarantine,"same metadata artist, album, and title as kept file",flaw | through the eyes | what i have to do,Flaw,Through The Eyes,What I Have to Do,8180759,/mnt/d/Music/_Sorted_By_Artist/Flaw/08 - What I Have to Do.mp3,/mnt/d/Music/_Sorted_By_Artist/Flaw/08 - What I Have to Do (2).mp3,/mnt/d/Music/_Duplicate_Quarantine/08 - What I Have to Do.mp3
5454,keep,largest file in duplicate metadata group,flaw | through the eyes | what i have to do,Flaw,Through The Eyes,What I Have to Do,8180759,/mnt/d/Music/_Sorted_By_Artist/Flaw/08 - What I Have to Do (2).mp3,/mnt/d/Music/_Sorted_By_Artist/Flaw/08 - What I Have to Do (2).mp3,
2885,quarantine,"same metadata artist, album, and title as kept file",flaw | through the eyes | whole,Flaw,Through The Eyes,Whole,5577082,/mnt/d/Music/_Sorted_By_Artist/Flaw/05 - Whole.mp3,/mnt/d/Music/_Sorted_By_Artist/Flaw/05 - Whole (2).mp3,/mnt/d/Music/_Duplicate_Quarantine/05 - Whole.mp3
5451,keep,largest file in duplicate metadata group,flaw | through the eyes | whole,Flaw,Through The Eyes,Whole,5577082,/mnt/d/Music/_Sorted_By_Artist/Flaw/05 - Whole (2).mp3,/mnt/d/Music/_Sorted_By_Artist/Flaw/05 - Whole (2).mp3,
1340,quarantine,"same metadata artist, album, and title as kept file",garth brooks | the ultimate hits | leave a light on,Garth Brooks,The Ultimate Hits,leave a light on,8935,/mnt/d/Music/_Sorted_By_Artist/Garth Brooks/17 leave a light on.m4a,/mnt/d/Music/_Sorted_By_Artist/Garth Brooks/19 leave a light on.m4a,/mnt/d/Music/_Duplicate_Quarantine/17 leave a light on.m4a
1342,keep,largest file in duplicate metadata group,garth brooks | the ultimate hits | leave a light on,Garth Brooks,The Ultimate Hits,leave a light on,3592449,/mnt/d/Music/_Sorted_By_Artist/Garth Brooks/19 leave a light on.m4a,/mnt/d/Music/_Sorted_By_Artist/Garth Brooks/19 leave a light on.m4a,
5538,keep,largest file in duplicate metadata group,guns n' roses | appetite for destruction | mr. brownstone,Guns N' Roses,Appetite for Destruction,Mr. Brownstone,7952897,/mnt/d/Music/_Sorted_By_Artist/Guns N' Roses/05 Mr. Brownstone 1.m4a,/mnt/d/Music/_Sorted_By_Artist/Guns N' Roses/05 Mr. Brownstone 1.m4a,
5539,quarantine,"same metadata artist, album, and title as kept file",guns n' roses | appetite for destruction | mr. brownstone,Guns N' Roses,Appetite for Destruction,Mr. Brownstone,7952897,/mnt/d/Music/_Sorted_By_Artist/Guns N' Roses/05 Mr. Brownstone.m4a,/mnt/d/Music/_Sorted_By_Artist/Guns N' Roses/05 Mr. Brownstone 1.m4a,/mnt/d/Music/_Duplicate_Quarantine/05 Mr. Brownstone.m4a
5536,keep,largest file in duplicate metadata group,guns n' roses | appetite for destruction | nightrain,Guns N' Roses,Appetite for Destruction,Nightrain,9235933,/mnt/d/Music/_Sorted_By_Artist/Guns N' Roses/03 Nightrain 1.m4a,/mnt/d/Music/_Sorted_By_Artist/Guns N' Roses/03 Nightrain 1.m4a,
5537,quarantine,"same metadata artist, album, and title as kept file",guns n' roses | appetite for destruction | nightrain,Guns N' Roses,Appetite for Destruction,Nightrain,9235933,/mnt/d/Music/_Sorted_By_Artist/Guns N' Roses/03 Nightrain.m4a,/mnt/d/Music/_Sorted_By_Artist/Guns N' Roses/03 Nightrain 1.m4a,/mnt/d/Music/_Duplicate_Quarantine/03 Nightrain.m4a
5542,keep,largest file in duplicate metadata group,guns n' roses | appetite for destruction | rocket queen,Guns N' Roses,Appetite for Destruction,Rocket Queen,12732978,/mnt/d/Music/_Sorted_By_Artist/Guns N' Roses/12 Rocket Queen 1.m4a,/mnt/d/Music/_Sorted_By_Artist/Guns N' Roses/12 Rocket Queen 1.m4a,
5543,quarantine,"same metadata artist, album, and title as kept file",guns n' roses | appetite for destruction | rocket queen,Guns N' Roses,Appetite for Destruction,Rocket Queen,12732978,/mnt/d/Music/_Sorted_By_Artist/Guns N' Roses/12 Rocket Queen.m4a,/mnt/d/Music/_Sorted_By_Artist/Guns N' Roses/12 Rocket Queen 1.m4a,/mnt/d/Music/_Duplicate_Quarantine/12 Rocket Queen.m4a
5540,keep,largest file in duplicate metadata group,guns n' roses | appetite for destruction | you're crazy,Guns N' Roses,Appetite for Destruction,You're Crazy,6971697,/mnt/d/Music/_Sorted_By_Artist/Guns N' Roses/10 You're Crazy 1.m4a,/mnt/d/Music/_Sorted_By_Artist/Guns N' Roses/10 You're Crazy 1.m4a,
5541,quarantine,"same metadata artist, album, and title as kept file",guns n' roses | appetite for destruction | you're crazy,Guns N' Roses,Appetite for Destruction,You're Crazy,6971697,/mnt/d/Music/_Sorted_By_Artist/Guns N' Roses/10 You're Crazy.m4a,/mnt/d/Music/_Sorted_By_Artist/Guns N' Roses/10 You're Crazy 1.m4a,/mnt/d/Music/_Duplicate_Quarantine/10 You're Crazy.m4a
5544,keep,largest file in duplicate metadata group,guns n' roses | g n' r lies | used to love her,Guns N' Roses,G N' R Lies,Used to Love Her,6829967,/mnt/d/Music/_Sorted_By_Artist/Guns N' Roses/06 Used to Love Her 1.m4a,/mnt/d/Music/_Sorted_By_Artist/Guns N' Roses/06 Used to Love Her 1.m4a,
5545,quarantine,"same metadata artist, album, and title as kept file",guns n' roses | g n' r lies | used to love her,Guns N' Roses,G N' R Lies,Used to Love Her,6829967,/mnt/d/Music/_Sorted_By_Artist/Guns N' Roses/06 Used to Love Her.m4a,/mnt/d/Music/_Sorted_By_Artist/Guns N' Roses/06 Used to Love Her 1.m4a,/mnt/d/Music/_Duplicate_Quarantine/06 Used to Love Her.m4a
4933,keep,largest file in duplicate metadata group,guns n' roses | guns n' roses: greatest hits | patience,Guns N' Roses,Guns N' Roses: Greatest Hits,Patience,12137524,/mnt/d/Music/_Sorted_By_Artist/Guns N' Roses/03 Patience 1.m4a,/mnt/d/Music/_Sorted_By_Artist/Guns N' Roses/03 Patience 1.m4a,
4934,quarantine,"same metadata artist, album, and title as kept file",guns n' roses | guns n' roses: greatest hits | patience,Guns N' Roses,Guns N' Roses: Greatest Hits,Patience,12137524,/mnt/d/Music/_Sorted_By_Artist/Guns N' Roses/03 Patience.m4a,/mnt/d/Music/_Sorted_By_Artist/Guns N' Roses/03 Patience 1.m4a,/mnt/d/Music/_Duplicate_Quarantine/03 Patience.m4a
4935,keep,largest file in duplicate metadata group,guns n' roses | guns n' roses: greatest hits | yesterdays,Guns N' Roses,Guns N' Roses: Greatest Hits,Yesterdays,6835293,/mnt/d/Music/_Sorted_By_Artist/Guns N' Roses/11 Yesterdays 1.m4a,/mnt/d/Music/_Sorted_By_Artist/Guns N' Roses/11 Yesterdays 1.m4a,
4936,quarantine,"same metadata artist, album, and title as kept file",guns n' roses | guns n' roses: greatest hits | yesterdays,Guns N' Roses,Guns N' Roses: Greatest Hits,Yesterdays,6835293,/mnt/d/Music/_Sorted_By_Artist/Guns N' Roses/11 Yesterdays.m4a,/mnt/d/Music/_Sorted_By_Artist/Guns N' Roses/11 Yesterdays 1.m4a,/mnt/d/Music/_Duplicate_Quarantine/11 Yesterdays.m4a
5572,keep,largest file in duplicate metadata group,guns n' roses | use your illusion ii | estranged,Guns N' Roses,Use Your Illusion II,Estranged,18949138,/mnt/d/Music/_Sorted_By_Artist/Guns N' Roses/11 Estranged 1.m4a,/mnt/d/Music/_Sorted_By_Artist/Guns N' Roses/11 Estranged 1.m4a,
5573,quarantine,"same metadata artist, album, and title as kept file",guns n' roses | use your illusion ii | estranged,Guns N' Roses,Use Your Illusion II,Estranged,18949138,/mnt/d/Music/_Sorted_By_Artist/Guns N' Roses/11 Estranged.m4a,/mnt/d/Music/_Sorted_By_Artist/Guns N' Roses/11 Estranged 1.m4a,/mnt/d/Music/_Duplicate_Quarantine/11 Estranged.m4a
5574,keep,largest file in duplicate metadata group,guns n' roses | use your illusion ii | you could be mine,Guns N' Roses,Use Your Illusion II,You Could Be Mine,11763921,/mnt/d/Music/_Sorted_By_Artist/Guns N' Roses/12 You Could Be Mine 1.m4a,/mnt/d/Music/_Sorted_By_Artist/Guns N' Roses/12 You Could Be Mine 1.m4a,
5575,quarantine,"same metadata artist, album, and title as kept file",guns n' roses | use your illusion ii | you could be mine,Guns N' Roses,Use Your Illusion II,You Could Be Mine,11763921,/mnt/d/Music/_Sorted_By_Artist/Guns N' Roses/12 You Could Be Mine.m4a,/mnt/d/Music/_Sorted_By_Artist/Guns N' Roses/12 You Could Be Mine 1.m4a,/mnt/d/Music/_Duplicate_Quarantine/12 You Could Be Mine.m4a
2896,quarantine,"same metadata artist, album, and title as kept file",gwar | violence has arrived | abyss of woe,Gwar,Violence Has Arrived,Abyss Of Woe,5240876,/mnt/d/Music/_Sorted_By_Artist/Gwar/03 - Abyss Of Woe.mp3,/mnt/d/Music/_Sorted_By_Artist/Gwar/03 - Abyss Of Woe (2).mp3,/mnt/d/Music/_Duplicate_Quarantine/03 - Abyss Of Woe.mp3
5579,keep,largest file in duplicate metadata group,gwar | violence has arrived | abyss of woe,Gwar,Violence Has Arrived,Abyss Of Woe,5240876,/mnt/d/Music/_Sorted_By_Artist/Gwar/03 - Abyss Of Woe (2).mp3,/mnt/d/Music/_Sorted_By_Artist/Gwar/03 - Abyss Of Woe (2).mp3,
2897,quarantine,"same metadata artist, album, and title as kept file",gwar | violence has arrived | anti anti-christ,Gwar,Violence Has Arrived,Anti Anti-Christ,4674750,/mnt/d/Music/_Sorted_By_Artist/Gwar/04 - Anti Anti-Christ.mp3,/mnt/d/Music/_Sorted_By_Artist/Gwar/04 - Anti Anti-Christ (2).mp3,/mnt/d/Music/_Duplicate_Quarantine/04 - Anti Anti-Christ.mp3
5580,keep,largest file in duplicate metadata group,gwar | violence has arrived | anti anti-christ,Gwar,Violence Has Arrived,Anti Anti-Christ,4674750,/mnt/d/Music/_Sorted_By_Artist/Gwar/04 - Anti Anti-Christ (2).mp3,/mnt/d/Music/_Sorted_By_Artist/Gwar/04 - Anti Anti-Christ (2).mp3,
2895,quarantine,"same metadata artist, album, and title as kept file",gwar | violence has arrived | battle lust,Gwar,Violence Has Arrived,Battle Lust,4385104,/mnt/d/Music/_Sorted_By_Artist/Gwar/02 - Battle Lust.mp3,/mnt/d/Music/_Sorted_By_Artist/Gwar/02 - Battle Lust (2).mp3,/mnt/d/Music/_Duplicate_Quarantine/02 - Battle Lust.mp3
5578,keep,largest file in duplicate metadata group,gwar | violence has arrived | battle lust,Gwar,Violence Has Arrived,Battle Lust,4385104,/mnt/d/Music/_Sorted_By_Artist/Gwar/02 - Battle Lust (2).mp3,/mnt/d/Music/_Sorted_By_Artist/Gwar/02 - Battle Lust (2).mp3,
2900,quarantine,"same metadata artist, album, and title as kept file",gwar | violence has arrived | beauteous rot,Gwar,Violence Has Arrived,Beauteous Rot,4206427,/mnt/d/Music/_Sorted_By_Artist/Gwar/07 - Beauteous Rot.mp3,/mnt/d/Music/_Sorted_By_Artist/Gwar/07 - Beauteous Rot (2).mp3,/mnt/d/Music/_Duplicate_Quarantine/07 - Beauteous Rot.mp3
5583,keep,largest file in duplicate metadata group,gwar | violence has arrived | beauteous rot,Gwar,Violence Has Arrived,Beauteous Rot,4206427,/mnt/d/Music/_Sorted_By_Artist/Gwar/07 - Beauteous Rot (2).mp3,/mnt/d/Music/_Sorted_By_Artist/Gwar/07 - Beauteous Rot (2).mp3,
2903,quarantine,"same metadata artist, album, and title as kept file",gwar | violence has arrived | biledriver,Gwar,Violence Has Arrived,Biledriver,3881046,/mnt/d/Music/_Sorted_By_Artist/Gwar/10 - Biledriver.mp3,/mnt/d/Music/_Sorted_By_Artist/Gwar/10 - Biledriver (2).mp3,/mnt/d/Music/_Duplicate_Quarantine/10 - Biledriver.mp3
5586,keep,largest file in duplicate metadata group,gwar | violence has arrived | biledriver,Gwar,Violence Has Arrived,Biledriver,3881046,/mnt/d/Music/_Sorted_By_Artist/Gwar/10 - Biledriver (2).mp3,/mnt/d/Music/_Sorted_By_Artist/Gwar/10 - Biledriver (2).mp3,
2902,quarantine,"same metadata artist, album, and title as kept file",gwar | violence has arrived | bloody mary,Gwar,Violence Has Arrived,Bloody Mary,5945555,/mnt/d/Music/_Sorted_By_Artist/Gwar/09 - Bloody Mary.mp3,/mnt/d/Music/_Sorted_By_Artist/Gwar/09 - Bloody Mary (2).mp3,/mnt/d/Music/_Duplicate_Quarantine/09 - Bloody Mary.mp3
5585,keep,largest file in duplicate metadata group,gwar | violence has arrived | bloody mary,Gwar,Violence Has Arrived,Bloody Mary,5945555,/mnt/d/Music/_Sorted_By_Artist/Gwar/09 - Bloody Mary (2).mp3,/mnt/d/Music/_Sorted_By_Artist/Gwar/09 - Bloody Mary (2).mp3,
2906,quarantine,"same metadata artist, album, and title as kept file",gwar | violence has arrived | happy death-day,Gwar,Violence Has Arrived,Happy Death-Day,6201513,/mnt/d/Music/_Sorted_By_Artist/Gwar/13 - Happy Death-Day.mp3,/mnt/d/Music/_Sorted_By_Artist/Gwar/13 - Happy Death-Day (2).mp3,/mnt/d/Music/_Duplicate_Quarantine/13 - Happy Death-Day.mp3
5589,keep,largest file in duplicate metadata group,gwar | violence has arrived | happy death-day,Gwar,Violence Has Arrived,Happy Death-Day,6201513,/mnt/d/Music/_Sorted_By_Artist/Gwar/13 - Happy Death-Day (2).mp3,/mnt/d/Music/_Sorted_By_Artist/Gwar/13 - Happy Death-Day (2).mp3,
2894,quarantine,"same metadata artist, album, and title as kept file",gwar | violence has arrived | hell intro,Gwar,Violence Has Arrived,Hell Intro,1456047,/mnt/d/Music/_Sorted_By_Artist/Gwar/01 - Hell Intro.mp3,/mnt/d/Music/_Sorted_By_Artist/Gwar/01 - Hell Intro (2).mp3,/mnt/d/Music/_Duplicate_Quarantine/01 - Hell Intro.mp3
5577,keep,largest file in duplicate metadata group,gwar | violence has arrived | hell intro,Gwar,Violence Has Arrived,Hell Intro,1456047,/mnt/d/Music/_Sorted_By_Artist/Gwar/01 - Hell Intro (2).mp3,/mnt/d/Music/_Sorted_By_Artist/Gwar/01 - Hell Intro (2).mp3,
2899,quarantine,"same metadata artist, album, and title as kept file",gwar | violence has arrived | immortal corrupter,Gwar,Violence Has Arrived,Immortal Corrupter,8045173,/mnt/d/Music/_Sorted_By_Artist/Gwar/06 - Immortal Corrupter.mp3,/mnt/d/Music/_Sorted_By_Artist/Gwar/06 - Immortal Corrupter (2).mp3,/mnt/d/Music/_Duplicate_Quarantine/06 - Immortal Corrupter.mp3
5582,keep,largest file in duplicate metadata group,gwar | violence has arrived | immortal corrupter,Gwar,Violence Has Arrived,Immortal Corrupter,8045173,/mnt/d/Music/_Sorted_By_Artist/Gwar/06 - Immortal Corrupter (2).mp3,/mnt/d/Music/_Sorted_By_Artist/Gwar/06 - Immortal Corrupter (2).mp3,
2901,quarantine,"same metadata artist, album, and title as kept file",gwar | violence has arrived | licksore,Gwar,Violence Has Arrived,Licksore,2440967,/mnt/d/Music/_Sorted_By_Artist/Gwar/08 - Licksore.mp3,/mnt/d/Music/_Sorted_By_Artist/Gwar/08 - Licksore (2).mp3,/mnt/d/Music/_Duplicate_Quarantine/08 - Licksore.mp3
5584,keep,largest file in duplicate metadata group,gwar | violence has arrived | licksore,Gwar,Violence Has Arrived,Licksore,2440967,/mnt/d/Music/_Sorted_By_Artist/Gwar/08 - Licksore (2).mp3,/mnt/d/Music/_Sorted_By_Artist/Gwar/08 - Licksore (2).mp3,
2898,quarantine,"same metadata artist, album, and title as kept file",gwar | violence has arrived | the apes of wrath,Gwar,Violence Has Arrived,The Apes Of Wrath,4683527,/mnt/d/Music/_Sorted_By_Artist/Gwar/05 - The Apes Of Wrath.mp3,/mnt/d/Music/_Sorted_By_Artist/Gwar/05 - The Apes Of Wrath (2).mp3,/mnt/d/Music/_Duplicate_Quarantine/05 - The Apes Of Wrath.mp3
5581,keep,largest file in duplicate metadata group,gwar | violence has arrived | the apes of wrath,Gwar,Violence Has Arrived,The Apes Of Wrath,4683527,/mnt/d/Music/_Sorted_By_Artist/Gwar/05 - The Apes Of Wrath (2).mp3,/mnt/d/Music/_Sorted_By_Artist/Gwar/05 - The Apes Of Wrath (2).mp3,
2905,quarantine,"same metadata artist, album, and title as kept file",gwar | violence has arrived | the song of words,Gwar,Violence Has Arrived,The Song Of Words,5107338,/mnt/d/Music/_Sorted_By_Artist/Gwar/12 - The Song Of Words.mp3,/mnt/d/Music/_Sorted_By_Artist/Gwar/12 - The Song Of Words (2).mp3,/mnt/d/Music/_Duplicate_Quarantine/12 - The Song Of Words.mp3
5588,keep,largest file in duplicate metadata group,gwar | violence has arrived | the song of words,Gwar,Violence Has Arrived,The Song Of Words,5107338,/mnt/d/Music/_Sorted_By_Artist/Gwar/12 - The Song Of Words (2).mp3,/mnt/d/Music/_Sorted_By_Artist/Gwar/12 - The Song Of Words (2).mp3,
2904,quarantine,"same metadata artist, album, and title as kept file",gwar | violence has arrived | the wheel,Gwar,Violence Has Arrived,The Wheel,5499802,/mnt/d/Music/_Sorted_By_Artist/Gwar/11 - The Wheel.mp3,/mnt/d/Music/_Sorted_By_Artist/Gwar/11 - The Wheel (2).mp3,/mnt/d/Music/_Duplicate_Quarantine/11 - The Wheel.mp3
5587,keep,largest file in duplicate metadata group,gwar | violence has arrived | the wheel,Gwar,Violence Has Arrived,The Wheel,5499802,/mnt/d/Music/_Sorted_By_Artist/Gwar/11 - The Wheel (2).mp3,/mnt/d/Music/_Sorted_By_Artist/Gwar/11 - The Wheel (2).mp3,
2911,quarantine,"same metadata artist, album, and title as kept file",hellyeah | hellyeah | alcohaulin' ass,HELLYEAH,HELLYEAH,Alcohaulin' Ass,5626610,/mnt/d/Music/_Sorted_By_Artist/HELLYEAH/05 - Alcohaulin' Ass.mp3,/mnt/d/Music/_Sorted_By_Artist/HELLYEAH/05 - Alcohaulin' Ass (2).mp3,/mnt/d/Music/_Duplicate_Quarantine/05 - Alcohaulin' Ass.mp3
5595,keep,largest file in duplicate metadata group,hellyeah | hellyeah | alcohaulin' ass,HELLYEAH,HELLYEAH,Alcohaulin' Ass,5626610,/mnt/d/Music/_Sorted_By_Artist/HELLYEAH/05 - Alcohaulin' Ass (2).mp3,/mnt/d/Music/_Sorted_By_Artist/HELLYEAH/05 - Alcohaulin' Ass (2).mp3,
2912,quarantine,"same metadata artist, album, and title as kept file",hellyeah | hellyeah | goddamn,HELLYEAH,HELLYEAH,GodDamn,4819740,/mnt/d/Music/_Sorted_By_Artist/HELLYEAH/06 - GodDamn.mp3,/mnt/d/Music/_Sorted_By_Artist/HELLYEAH/06 - GodDamn (2).mp3,/mnt/d/Music/_Duplicate_Quarantine/06 - GodDamn.mp3
5596,keep,largest file in duplicate metadata group,hellyeah | hellyeah | goddamn,HELLYEAH,HELLYEAH,GodDamn,4819740,/mnt/d/Music/_Sorted_By_Artist/HELLYEAH/06 - GodDamn (2).mp3,/mnt/d/Music/_Sorted_By_Artist/HELLYEAH/06 - GodDamn (2).mp3,
2907,quarantine,"same metadata artist, album, and title as kept file",hellyeah | hellyeah | hellyeah,HELLYEAH,HELLYEAH,HELLYEAH,5051081,/mnt/d/Music/_Sorted_By_Artist/HELLYEAH/01 - HELLYEAH.mp3,/mnt/d/Music/_Sorted_By_Artist/HELLYEAH/01 - HELLYEAH (2).mp3,/mnt/d/Music/_Duplicate_Quarantine/01 - HELLYEAH.mp3
5591,keep,largest file in duplicate metadata group,hellyeah | hellyeah | hellyeah,HELLYEAH,HELLYEAH,HELLYEAH,5051081,/mnt/d/Music/_Sorted_By_Artist/HELLYEAH/01 - HELLYEAH (2).mp3,/mnt/d/Music/_Sorted_By_Artist/HELLYEAH/01 - HELLYEAH (2).mp3,
2913,quarantine,"same metadata artist, album, and title as kept file",hellyeah | hellyeah | in the mood,HELLYEAH,HELLYEAH,In the Mood,1422359,/mnt/d/Music/_Sorted_By_Artist/HELLYEAH/07 - In the Mood.mp3,/mnt/d/Music/_Sorted_By_Artist/HELLYEAH/07 - In the Mood (2).mp3,/mnt/d/Music/_Duplicate_Quarantine/07 - In the Mood.mp3
5597,keep,largest file in duplicate metadata group,hellyeah | hellyeah | in the mood,HELLYEAH,HELLYEAH,In the Mood,1422359,/mnt/d/Music/_Sorted_By_Artist/HELLYEAH/07 - In the Mood (2).mp3,/mnt/d/Music/_Sorted_By_Artist/HELLYEAH/07 - In the Mood (2).mp3,
2909,quarantine,"same metadata artist, album, and title as kept file",hellyeah | hellyeah | matter of time,HELLYEAH,HELLYEAH,Matter of Time,5430379,/mnt/d/Music/_Sorted_By_Artist/HELLYEAH/03 - Matter of Time.mp3,/mnt/d/Music/_Sorted_By_Artist/HELLYEAH/03 - Matter of Time (2).mp3,/mnt/d/Music/_Duplicate_Quarantine/03 - Matter of Time.mp3
5593,keep,largest file in duplicate metadata group,hellyeah | hellyeah | matter of time,HELLYEAH,HELLYEAH,Matter of Time,5430379,/mnt/d/Music/_Sorted_By_Artist/HELLYEAH/03 - Matter of Time (2).mp3,/mnt/d/Music/_Sorted_By_Artist/HELLYEAH/03 - Matter of Time (2).mp3,
2917,quarantine,"same metadata artist, album, and title as kept file",hellyeah | hellyeah | nausea,HELLYEAH,HELLYEAH,Nausea,7200227,/mnt/d/Music/_Sorted_By_Artist/HELLYEAH/11 - Nausea.mp3,/mnt/d/Music/_Sorted_By_Artist/HELLYEAH/11 - Nausea (2).mp3,/mnt/d/Music/_Duplicate_Quarantine/11 - Nausea.mp3
5601,keep,largest file in duplicate metadata group,hellyeah | hellyeah | nausea,HELLYEAH,HELLYEAH,Nausea,7200227,/mnt/d/Music/_Sorted_By_Artist/HELLYEAH/11 - Nausea (2).mp3,/mnt/d/Music/_Sorted_By_Artist/HELLYEAH/11 - Nausea (2).mp3,
2918,quarantine,"same metadata artist, album, and title as kept file",hellyeah | hellyeah | one thing,HELLYEAH,HELLYEAH,One Thing,5550751,/mnt/d/Music/_Sorted_By_Artist/HELLYEAH/12 - One Thing.mp3,/mnt/d/Music/_Sorted_By_Artist/HELLYEAH/12 - One Thing (2).mp3,/mnt/d/Music/_Duplicate_Quarantine/12 - One Thing.mp3
5602,keep,largest file in duplicate metadata group,hellyeah | hellyeah | one thing,HELLYEAH,HELLYEAH,One Thing,5550751,/mnt/d/Music/_Sorted_By_Artist/HELLYEAH/12 - One Thing (2).mp3,/mnt/d/Music/_Sorted_By_Artist/HELLYEAH/12 - One Thing (2).mp3,
2915,quarantine,"same metadata artist, album, and title as kept file",hellyeah | hellyeah | rotten to the core,HELLYEAH,HELLYEAH,Rotten to the Core,5590875,/mnt/d/Music/_Sorted_By_Artist/HELLYEAH/09 - Rotten to the Core.mp3,/mnt/d/Music/_Sorted_By_Artist/HELLYEAH/09 - Rotten to the Core (2).mp3,/mnt/d/Music/_Duplicate_Quarantine/09 - Rotten to the Core.mp3
5599,keep,largest file in duplicate metadata group,hellyeah | hellyeah | rotten to the core,HELLYEAH,HELLYEAH,Rotten to the Core,5590875,/mnt/d/Music/_Sorted_By_Artist/HELLYEAH/09 - Rotten to the Core (2).mp3,/mnt/d/Music/_Sorted_By_Artist/HELLYEAH/09 - Rotten to the Core (2).mp3,
2914,quarantine,"same metadata artist, album, and title as kept file",hellyeah | hellyeah | star,HELLYEAH,HELLYEAH,Star,5336338,/mnt/d/Music/_Sorted_By_Artist/HELLYEAH/08 - Star.mp3,/mnt/d/Music/_Sorted_By_Artist/HELLYEAH/08 - Star (2).mp3,/mnt/d/Music/_Duplicate_Quarantine/08 - Star.mp3
5598,keep,largest file in duplicate metadata group,hellyeah | hellyeah | star,HELLYEAH,HELLYEAH,Star,5336338,/mnt/d/Music/_Sorted_By_Artist/HELLYEAH/08 - Star (2).mp3,/mnt/d/Music/_Sorted_By_Artist/HELLYEAH/08 - Star (2).mp3,
2916,quarantine,"same metadata artist, album, and title as kept file",hellyeah | hellyeah | thank you,HELLYEAH,HELLYEAH,Thank You,6526895,/mnt/d/Music/_Sorted_By_Artist/HELLYEAH/10 - Thank You.mp3,/mnt/d/Music/_Sorted_By_Artist/HELLYEAH/10 - Thank You (2).mp3,/mnt/d/Music/_Duplicate_Quarantine/10 - Thank You.mp3
5600,keep,largest file in duplicate metadata group,hellyeah | hellyeah | thank you,HELLYEAH,HELLYEAH,Thank You,6526895,/mnt/d/Music/_Sorted_By_Artist/HELLYEAH/10 - Thank You (2).mp3,/mnt/d/Music/_Sorted_By_Artist/HELLYEAH/10 - Thank You (2).mp3,
2910,quarantine,"same metadata artist, album, and title as kept file",hellyeah | hellyeah | waging war,HELLYEAH,HELLYEAH,Waging War,4458624,/mnt/d/Music/_Sorted_By_Artist/HELLYEAH/04 - Waging War.mp3,/mnt/d/Music/_Sorted_By_Artist/HELLYEAH/04 - Waging War (2).mp3,/mnt/d/Music/_Duplicate_Quarantine/04 - Waging War.mp3
5594,keep,largest file in duplicate metadata group,hellyeah | hellyeah | waging war,HELLYEAH,HELLYEAH,Waging War,4458624,/mnt/d/Music/_Sorted_By_Artist/HELLYEAH/04 - Waging War (2).mp3,/mnt/d/Music/_Sorted_By_Artist/HELLYEAH/04 - Waging War (2).mp3,
2908,quarantine,"same metadata artist, album, and title as kept file",hellyeah | hellyeah | you wouldn't know,HELLYEAH,HELLYEAH,You Wouldn't Know,6201513,/mnt/d/Music/_Sorted_By_Artist/HELLYEAH/02 - You Wouldn't Know.mp3,/mnt/d/Music/_Sorted_By_Artist/HELLYEAH/02 - You Wouldn't Know (2).mp3,/mnt/d/Music/_Duplicate_Quarantine/02 - You Wouldn't Know.mp3
5592,keep,largest file in duplicate metadata group,hellyeah | hellyeah | you wouldn't know,HELLYEAH,HELLYEAH,You Wouldn't Know,6201513,/mnt/d/Music/_Sorted_By_Artist/HELLYEAH/02 - You Wouldn't Know (2).mp3,/mnt/d/Music/_Sorted_By_Artist/HELLYEAH/02 - You Wouldn't Know (2).mp3,
2345,quarantine,"same metadata artist, album, and title as kept file",high on fire | death is this communion | death is this communion,High On Fire,Death Is This Communion,Death Is This Communion,8237468,/mnt/d/Music/_Sorted_By_Artist/High On Fire/03 Death Is This Communion.m4a,/mnt/d/Music/_Sorted_By_Artist/High On Fire/03 Death Is This Communion (2).m4a,/mnt/d/Music/_Duplicate_Quarantine/03 Death Is This Communion.m4a
5629,keep,largest file in duplicate metadata group,high on fire | death is this communion | death is this communion,High On Fire,Death Is This Communion,Death Is This Communion,8237468,/mnt/d/Music/_Sorted_By_Artist/High On Fire/03 Death Is This Communion (2).m4a,/mnt/d/Music/_Sorted_By_Artist/High On Fire/03 Death Is This Communion (2).m4a,
2343,quarantine,"same metadata artist, album, and title as kept file",high on fire | death is this communion | fury whip,High On Fire,Death Is This Communion,Fury Whip,5957513,/mnt/d/Music/_Sorted_By_Artist/High On Fire/01 Fury Whip.m4a,/mnt/d/Music/_Sorted_By_Artist/High On Fire/01 Fury Whip (2).m4a,/mnt/d/Music/_Duplicate_Quarantine/01 Fury Whip.m4a
5627,keep,largest file in duplicate metadata group,high on fire | death is this communion | fury whip,High On Fire,Death Is This Communion,Fury Whip,5957513,/mnt/d/Music/_Sorted_By_Artist/High On Fire/01 Fury Whip (2).m4a,/mnt/d/Music/_Sorted_By_Artist/High On Fire/01 Fury Whip (2).m4a,
2346,quarantine,"same metadata artist, album, and title as kept file",high on fire | death is this communion | khanrad's wall,High On Fire,Death Is This Communion,Khanrad's Wall,2335714,/mnt/d/Music/_Sorted_By_Artist/High On Fire/04 Khanrad's Wall.m4a,/mnt/d/Music/_Sorted_By_Artist/High On Fire/04 Khanrad's Wall (2).m4a,/mnt/d/Music/_Duplicate_Quarantine/04 Khanrad's Wall.m4a
5630,keep,largest file in duplicate metadata group,high on fire | death is this communion | khanrad's wall,High On Fire,Death Is This Communion,Khanrad's Wall,2335714,/mnt/d/Music/_Sorted_By_Artist/High On Fire/04 Khanrad's Wall (2).m4a,/mnt/d/Music/_Sorted_By_Artist/High On Fire/04 Khanrad's Wall (2).m4a,
2347,quarantine,"same metadata artist, album, and title as kept file",high on fire | death is this communion | turk,High On Fire,Death Is This Communion,Turk,4794659,/mnt/d/Music/_Sorted_By_Artist/High On Fire/05 Turk.m4a,/mnt/d/Music/_Sorted_By_Artist/High On Fire/05 Turk (2).m4a,/mnt/d/Music/_Duplicate_Quarantine/05 Turk.m4a
5631,keep,largest file in duplicate metadata group,high on fire | death is this communion | turk,High On Fire,Death Is This Communion,Turk,4794659,/mnt/d/Music/_Sorted_By_Artist/High On Fire/05 Turk (2).m4a,/mnt/d/Music/_Sorted_By_Artist/High On Fire/05 Turk (2).m4a,
2344,quarantine,"same metadata artist, album, and title as kept file",high on fire | death is this communion | waste of tiamat,High On Fire,Death Is This Communion,Waste Of Tiamat,5549676,/mnt/d/Music/_Sorted_By_Artist/High On Fire/02 Waste Of Tiamat.m4a,/mnt/d/Music/_Sorted_By_Artist/High On Fire/02 Waste Of Tiamat (2).m4a,/mnt/d/Music/_Duplicate_Quarantine/02 Waste Of Tiamat.m4a
5628,keep,largest file in duplicate metadata group,high on fire | death is this communion | waste of tiamat,High On Fire,Death Is This Communion,Waste Of Tiamat,5549676,/mnt/d/Music/_Sorted_By_Artist/High On Fire/02 Waste Of Tiamat (2).m4a,/mnt/d/Music/_Sorted_By_Artist/High On Fire/02 Waste Of Tiamat (2).m4a,
2930,quarantine,"same metadata artist, album, and title as kept file",in flames | clayman | another day in quicksand,In Flames,Clayman,Another Day In Quicksand,5679900,/mnt/d/Music/_Sorted_By_Artist/In Flames/11 - Another Day In Quicksand.mp3,/mnt/d/Music/_Sorted_By_Artist/In Flames/11 - Another Day In Quicksand (2).mp3,/mnt/d/Music/_Duplicate_Quarantine/11 - Another Day In Quicksand.mp3
7922,keep,largest file in duplicate metadata group,in flames | clayman | another day in quicksand,In Flames,Clayman,Another Day In Quicksand,5679900,/mnt/d/Music/_Sorted_By_Artist/In Flames/11 - Another Day In Quicksand (2).mp3,/mnt/d/Music/_Sorted_By_Artist/In Flames/11 - Another Day In Quicksand (2).mp3,
7925,quarantine,"same metadata artist, album, and title as kept file",in flames | clayman | another day in quicksand,In Flames,Clayman,Another Day In Quicksand,3838078,/mnt/d/Music/_Sorted_By_Artist/In Flames/EUBS.m4a,/mnt/d/Music/_Sorted_By_Artist/In Flames/11 - Another Day In Quicksand (2).mp3,/mnt/d/Music/_Duplicate_Quarantine/EUBS.m4a
2923,quarantine,"same metadata artist, album, and title as kept file",in flames | clayman | as the future repeats today,In Flames,Clayman,As The Future Repeats Today,4997791,/mnt/d/Music/_Sorted_By_Artist/In Flames/04 - As The Future Repeats Today.mp3,/mnt/d/Music/_Sorted_By_Artist/In Flames/04 - As The Future Repeats Today (2).mp3,/mnt/d/Music/_Duplicate_Quarantine/04 - As The Future Repeats Today.mp3
7915,keep,largest file in duplicate metadata group,in flames | clayman | as the future repeats today,In Flames,Clayman,As The Future Repeats Today,4997791,/mnt/d/Music/_Sorted_By_Artist/In Flames/04 - As The Future Repeats Today (2).mp3,/mnt/d/Music/_Sorted_By_Artist/In Flames/04 - As The Future Repeats Today (2).mp3,
7926,quarantine,"same metadata artist, album, and title as kept file",in flames | clayman | as the future repeats today,In Flames,Clayman,As The Future Repeats Today,3381638,/mnt/d/Music/_Sorted_By_Artist/In Flames/FTLY.m4a,/mnt/d/Music/_Sorted_By_Artist/In Flames/04 - As The Future Repeats Today (2).mp3,/mnt/d/Music/_Duplicate_Quarantine/FTLY.m4a
2927,quarantine,"same metadata artist, album, and title as kept file",in flames | clayman | brush the dust away,In Flames,Clayman,Brush The Dust Away,4739492,/mnt/d/Music/_Sorted_By_Artist/In Flames/08 - Brush The Dust Away.mp3,/mnt/d/Music/_Sorted_By_Artist/In Flames/08 - Brush The Dust Away (2).mp3,/mnt/d/Music/_Duplicate_Quarantine/08 - Brush The Dust Away.mp3
7919,keep,largest file in duplicate metadata group,in flames | clayman | brush the dust away,In Flames,Clayman,Brush The Dust Away,4739492,/mnt/d/Music/_Sorted_By_Artist/In Flames/08 - Brush The Dust Away (2).mp3,/mnt/d/Music/_Sorted_By_Artist/In Flames/08 - Brush The Dust Away (2).mp3,
7932,quarantine,"same metadata artist, album, and title as kept file",in flames | clayman | brush the dust away,In Flames,Clayman,Brush The Dust Away,3147873,/mnt/d/Music/_Sorted_By_Artist/In Flames/TLUR.m4a,/mnt/d/Music/_Sorted_By_Artist/In Flames/08 - Brush The Dust Away (2).mp3,/mnt/d/Music/_Duplicate_Quarantine/TLUR.m4a
2920,quarantine,"same metadata artist, album, and title as kept file",in flames | clayman | bullet ride,In Flames,Clayman,Bullet Ride,6785820,/mnt/d/Music/_Sorted_By_Artist/In Flames/01 - Bullet Ride.mp3,/mnt/d/Music/_Sorted_By_Artist/In Flames/01 - Bullet Ride (2).mp3,/mnt/d/Music/_Duplicate_Quarantine/01 - Bullet Ride.mp3
7912,keep,largest file in duplicate metadata group,in flames | clayman | bullet ride,In Flames,Clayman,Bullet Ride,6785820,/mnt/d/Music/_Sorted_By_Artist/In Flames/01 - Bullet Ride (2).mp3,/mnt/d/Music/_Sorted_By_Artist/In Flames/01 - Bullet Ride (2).mp3,
7930,quarantine,"same metadata artist, album, and title as kept file",in flames | clayman | bullet ride,In Flames,Clayman,Bullet Ride,4539758,/mnt/d/Music/_Sorted_By_Artist/In Flames/POPU.m4a,/mnt/d/Music/_Sorted_By_Artist/In Flames/01 - Bullet Ride (2).mp3,/mnt/d/Music/_Duplicate_Quarantine/POPU.m4a
2925,quarantine,"same metadata artist, album, and title as kept file",in flames | clayman | clay man,In Flames,Clayman,Clay Man,5020361,/mnt/d/Music/_Sorted_By_Artist/In Flames/06 - Clay Man.mp3,/mnt/d/Music/_Sorted_By_Artist/In Flames/06 - Clay Man (2).mp3,/mnt/d/Music/_Duplicate_Quarantine/06 - Clay Man.mp3
7917,keep,largest file in duplicate metadata group,in flames | clayman | clay man,In Flames,Clayman,Clay Man,5020361,/mnt/d/Music/_Sorted_By_Artist/In Flames/06 - Clay Man (2).mp3,/mnt/d/Music/_Sorted_By_Artist/In Flames/06 - Clay Man (2).mp3,
7929,quarantine,"same metadata artist, album, and title as kept file",in flames | clayman | clay man,In Flames,Clayman,Clay Man,3346965,/mnt/d/Music/_Sorted_By_Artist/In Flames/OKEA.m4a,/mnt/d/Music/_Sorted_By_Artist/In Flames/06 - Clay Man (2).mp3,/mnt/d/Music/_Duplicate_Quarantine/OKEA.m4a
2922,quarantine,"same metadata artist, album, and title as kept file",in flames | clayman | only for the weak,In Flames,Clayman,Only For The Weak,7093020,/mnt/d/Music/_Sorted_By_Artist/In Flames/03 - Only For The Weak.mp3,/mnt/d/Music/_Sorted_By_Artist/In Flames/03 - Only For The Weak (2).mp3,/mnt/d/Music/_Duplicate_Quarantine/03 - Only For The Weak.mp3
7914,keep,largest file in duplicate metadata group,in flames | clayman | only for the weak,In Flames,Clayman,Only For The Weak,7093020,/mnt/d/Music/_Sorted_By_Artist/In Flames/03 - Only For The Weak (2).mp3,/mnt/d/Music/_Sorted_By_Artist/In Flames/03 - Only For The Weak (2).mp3,
7927,quarantine,"same metadata artist, album, and title as kept file",in flames | clayman | only for the weak,In Flames,Clayman,Only For The Weak,4754587,/mnt/d/Music/_Sorted_By_Artist/In Flames/NHGT.m4a,/mnt/d/Music/_Sorted_By_Artist/In Flames/03 - Only For The Weak (2).mp3,/mnt/d/Music/_Duplicate_Quarantine/NHGT.m4a
2921,quarantine,"same metadata artist, album, and title as kept file",in flames | clayman | pinball map,In Flames,Clayman,Pinball Map,5965157,/mnt/d/Music/_Sorted_By_Artist/In Flames/02 - Pinball Map.mp3,/mnt/d/Music/_Sorted_By_Artist/In Flames/02 - Pinball Map (2).mp3,/mnt/d/Music/_Duplicate_Quarantine/02 - Pinball Map.mp3
7913,keep,largest file in duplicate metadata group,in flames | clayman | pinball map,In Flames,Clayman,Pinball Map,5965157,/mnt/d/Music/_Sorted_By_Artist/In Flames/02 - Pinball Map (2).mp3,/mnt/d/Music/_Sorted_By_Artist/In Flames/02 - Pinball Map (2).mp3,
7923,quarantine,"same metadata artist, album, and title as kept file",in flames | clayman | pinball map,In Flames,Clayman,Pinball Map,3989876,/mnt/d/Music/_Sorted_By_Artist/In Flames/AUNQ.m4a,/mnt/d/Music/_Sorted_By_Artist/In Flames/02 - Pinball Map (2).mp3,/mnt/d/Music/_Duplicate_Quarantine/AUNQ.m4a
2926,quarantine,"same metadata artist, album, and title as kept file",in flames | clayman | satellites and astronauts,In Flames,Clayman,Satellites And Astronauts,7227185,/mnt/d/Music/_Sorted_By_Artist/In Flames/07 - Satellites And Astronauts.mp3,/mnt/d/Music/_Sorted_By_Artist/In Flames/07 - Satellites And Astronauts (2).mp3,/mnt/d/Music/_Duplicate_Quarantine/07 - Satellites And Astronauts.mp3
7918,keep,largest file in duplicate metadata group,in flames | clayman | satellites and astronauts,In Flames,Clayman,Satellites And Astronauts,7227185,/mnt/d/Music/_Sorted_By_Artist/In Flames/07 - Satellites And Astronauts (2).mp3,/mnt/d/Music/_Sorted_By_Artist/In Flames/07 - Satellites And Astronauts (2).mp3,
7924,quarantine,"same metadata artist, album, and title as kept file",in flames | clayman | satellites and astronauts,In Flames,Clayman,Satellites And Astronauts,4877273,/mnt/d/Music/_Sorted_By_Artist/In Flames/EOQX.m4a,/mnt/d/Music/_Sorted_By_Artist/In Flames/07 - Satellites And Astronauts (2).mp3,/mnt/d/Music/_Duplicate_Quarantine/EOQX.m4a
2924,quarantine,"same metadata artist, album, and title as kept file",in flames | clayman | square nothing,In Flames,Clayman,Square Nothing,5711247,/mnt/d/Music/_Sorted_By_Artist/In Flames/05 - Square Nothing.mp3,/mnt/d/Music/_Sorted_By_Artist/In Flames/05 - Square Nothing (2).mp3,/mnt/d/Music/_Duplicate_Quarantine/05 - Square Nothing.mp3
7916,keep,largest file in duplicate metadata group,in flames | clayman | square nothing,In Flames,Clayman,Square Nothing,5711247,/mnt/d/Music/_Sorted_By_Artist/In Flames/05 - Square Nothing (2).mp3,/mnt/d/Music/_Sorted_By_Artist/In Flames/05 - Square Nothing (2).mp3,
7931,quarantine,"same metadata artist, album, and title as kept file",in flames | clayman | square nothing,In Flames,Clayman,Square Nothing,3804958,/mnt/d/Music/_Sorted_By_Artist/In Flames/RDVI.m4a,/mnt/d/Music/_Sorted_By_Artist/In Flames/05 - Square Nothing (2).mp3,/mnt/d/Music/_Duplicate_Quarantine/RDVI.m4a
2929,quarantine,"same metadata artist, album, and title as kept file",in flames | clayman | suburban me,In Flames,Clayman,Suburban Me,5189634,/mnt/d/Music/_Sorted_By_Artist/In Flames/10 - Suburban Me.mp3,/mnt/d/Music/_Sorted_By_Artist/In Flames/10 - Suburban Me (2).mp3,/mnt/d/Music/_Duplicate_Quarantine/10 - Suburban Me.mp3
7921,keep,largest file in duplicate metadata group,in flames | clayman | suburban me,In Flames,Clayman,Suburban Me,5189634,/mnt/d/Music/_Sorted_By_Artist/In Flames/10 - Suburban Me (2).mp3,/mnt/d/Music/_Sorted_By_Artist/In Flames/10 - Suburban Me (2).mp3,
7933,quarantine,"same metadata artist, album, and title as kept file",in flames | clayman | suburban me,In Flames,Clayman,Suburban Me,3460150,/mnt/d/Music/_Sorted_By_Artist/In Flames/UZEQ.m4a,/mnt/d/Music/_Sorted_By_Artist/In Flames/10 - Suburban Me (2).mp3,/mnt/d/Music/_Duplicate_Quarantine/UZEQ.m4a
2928,quarantine,"same metadata artist, album, and title as kept file",in flames | clayman | swim,In Flames,Clayman,Swim,4668021,/mnt/d/Music/_Sorted_By_Artist/In Flames/09 - Swim.mp3,/mnt/d/Music/_Sorted_By_Artist/In Flames/09 - Swim (2).mp3,/mnt/d/Music/_Duplicate_Quarantine/09 - Swim.mp3
7920,keep,largest file in duplicate metadata group,in flames | clayman | swim,In Flames,Clayman,Swim,4668021,/mnt/d/Music/_Sorted_By_Artist/In Flames/09 - Swim (2).mp3,/mnt/d/Music/_Sorted_By_Artist/In Flames/09 - Swim (2).mp3,
7928,quarantine,"same metadata artist, album, and title as kept file",in flames | clayman | swim,In Flames,Clayman,Swim,3112118,/mnt/d/Music/_Sorted_By_Artist/In Flames/NRQT.m4a,/mnt/d/Music/_Sorted_By_Artist/In Flames/09 - Swim (2).mp3,/mnt/d/Music/_Duplicate_Quarantine/NRQT.m4a
2939,quarantine,"same metadata artist, album, and title as kept file",in flames | colony | behind space `99,In Flames,Colony,Behind Space `99,5715636,/mnt/d/Music/_Sorted_By_Artist/In Flames/09 - Behind Space `99.mp3,/mnt/d/Music/_Sorted_By_Artist/In Flames/09 - Behind Space `99 (2).mp3,/mnt/d/Music/_Duplicate_Quarantine/09 - Behind Space `99.mp3
7942,keep,largest file in duplicate metadata group,in flames | colony | behind space `99,In Flames,Colony,Behind Space `99,5715636,/mnt/d/Music/_Sorted_By_Artist/In Flames/09 - Behind Space `99 (2).mp3,/mnt/d/Music/_Sorted_By_Artist/In Flames/09 - Behind Space `99 (2).mp3,
2937,quarantine,"same metadata artist, album, and title as kept file",in flames | colony | coerced coexistence,In Flames,Colony,Coerced Coexistence,6067975,/mnt/d/Music/_Sorted_By_Artist/In Flames/07 - Coerced Coexistence.mp3,/mnt/d/Music/_Sorted_By_Artist/In Flames/07 - Coerced Coexistence (2).mp3,/mnt/d/Music/_Duplicate_Quarantine/07 - Coerced Coexistence.mp3
7940,keep,largest file in duplicate metadata group,in flames | colony | coerced coexistence,In Flames,Colony,Coerced Coexistence,6067975,/mnt/d/Music/_Sorted_By_Artist/In Flames/07 - Coerced Coexistence (2).mp3,/mnt/d/Music/_Sorted_By_Artist/In Flames/07 - Coerced Coexistence (2).mp3,
7956,quarantine,"same metadata artist, album, and title as kept file",in flames | colony | coerced coexistence,In Flames,Colony,Coerced Coexistence,4119305,/mnt/d/Music/_Sorted_By_Artist/In Flames/VNYA.m4a,/mnt/d/Music/_Sorted_By_Artist/In Flames/07 - Coerced Coexistence (2).mp3,/mnt/d/Music/_Duplicate_Quarantine/VNYA.m4a
2934,quarantine,"same metadata artist, album, and title as kept file",in flames | colony | colony,In Flames,Colony,Colony,6669837,/mnt/d/Music/_Sorted_By_Artist/In Flames/04 - Colony.mp3,/mnt/d/Music/_Sorted_By_Artist/In Flames/04 - Colony (2).mp3,/mnt/d/Music/_Duplicate_Quarantine/04 - Colony.mp3
7937,keep,largest file in duplicate metadata group,in flames | colony | colony,In Flames,Colony,Colony,6669837,/mnt/d/Music/_Sorted_By_Artist/In Flames/04 - Colony (2).mp3,/mnt/d/Music/_Sorted_By_Artist/In Flames/04 - Colony (2).mp3,
7953,quarantine,"same metadata artist, album, and title as kept file",in flames | colony | colony,In Flames,Colony,Colony,4529110,/mnt/d/Music/_Sorted_By_Artist/In Flames/QYSU.m4a,/mnt/d/Music/_Sorted_By_Artist/In Flames/04 - Colony (2).mp3,/mnt/d/Music/_Duplicate_Quarantine/QYSU.m4a
2931,quarantine,"same metadata artist, album, and title as kept file",in flames | colony | embody the invisible,In Flames,Colony,Embody The Invisible,5238535,/mnt/d/Music/_Sorted_By_Artist/In Flames/01 - Embody The Invisible.mp3,/mnt/d/Music/_Sorted_By_Artist/In Flames/01 - Embody The Invisible (2).mp3,/mnt/d/Music/_Duplicate_Quarantine/01 - Embody The Invisible.mp3
7934,keep,largest file in duplicate metadata group,in flames | colony | embody the invisible,In Flames,Colony,Embody The Invisible,5238535,/mnt/d/Music/_Sorted_By_Artist/In Flames/01 - Embody The Invisible (2).mp3,/mnt/d/Music/_Sorted_By_Artist/In Flames/01 - Embody The Invisible (2).mp3,
7950,quarantine,"same metadata artist, album, and title as kept file",in flames | colony | embody the invisible,In Flames,Colony,Embody The Invisible,3538071,/mnt/d/Music/_Sorted_By_Artist/In Flames/FUAW.m4a,/mnt/d/Music/_Sorted_By_Artist/In Flames/01 - Embody The Invisible (2).mp3,/mnt/d/Music/_Duplicate_Quarantine/FUAW.m4a
2940,quarantine,"same metadata artist, album, and title as kept file",in flames | colony | insipid 2000,In Flames,Colony,Insipid 2000,5381477,/mnt/d/Music/_Sorted_By_Artist/In Flames/10 - Insipid 2000.mp3,/mnt/d/Music/_Sorted_By_Artist/In Flames/10 - Insipid 2000 (2).mp3,/mnt/d/Music/_Duplicate_Quarantine/10 - Insipid 2000.mp3
7943,keep,largest file in duplicate metadata group,in flames | colony | insipid 2000,In Flames,Colony,Insipid 2000,5381477,/mnt/d/Music/_Sorted_By_Artist/In Flames/10 - Insipid 2000 (2).mp3,/mnt/d/Music/_Sorted_By_Artist/In Flames/10 - Insipid 2000 (2).mp3,
7947,quarantine,"same metadata artist, album, and title as kept file",in flames | colony | insipid 2000,In Flames,Colony,Insipid 2000,3658265,/mnt/d/Music/_Sorted_By_Artist/In Flames/CWDX.m4a,/mnt/d/Music/_Sorted_By_Artist/In Flames/10 - Insipid 2000 (2).mp3,/mnt/d/Music/_Duplicate_Quarantine/CWDX.m4a
2942,quarantine,"same metadata artist, album, and title as kept file",in flames | colony | man made god,In Flames,Colony,Man Made God,6081141,/mnt/d/Music/_Sorted_By_Artist/In Flames/12 - Man Made God.mp3,/mnt/d/Music/_Sorted_By_Artist/In Flames/12 - Man Made God (2).mp3,/mnt/d/Music/_Duplicate_Quarantine/12 - Man Made God.mp3
7945,keep,largest file in duplicate metadata group,in flames | colony | man made god,In Flames,Colony,Man Made God,6081141,/mnt/d/Music/_Sorted_By_Artist/In Flames/12 - Man Made God (2).mp3,/mnt/d/Music/_Sorted_By_Artist/In Flames/12 - Man Made God (2).mp3,
2932,quarantine,"same metadata artist, album, and title as kept file",in flames | colony | ordinary story,In Flames,Colony,Ordinary Story,6161389,/mnt/d/Music/_Sorted_By_Artist/In Flames/02 - Ordinary Story.mp3,/mnt/d/Music/_Sorted_By_Artist/In Flames/02 - Ordinary Story (2).mp3,/mnt/d/Music/_Duplicate_Quarantine/02 - Ordinary Story.mp3
7935,keep,largest file in duplicate metadata group,in flames | colony | ordinary story,In Flames,Colony,Ordinary Story,6161389,/mnt/d/Music/_Sorted_By_Artist/In Flames/02 - Ordinary Story (2).mp3,/mnt/d/Music/_Sorted_By_Artist/In Flames/02 - Ordinary Story (2).mp3,
7951,quarantine,"same metadata artist, album, and title as kept file",in flames | colony | ordinary story,In Flames,Colony,Ordinary Story,4157613,/mnt/d/Music/_Sorted_By_Artist/In Flames/MKZN.m4a,/mnt/d/Music/_Sorted_By_Artist/In Flames/02 - Ordinary Story (2).mp3,/mnt/d/Music/_Duplicate_Quarantine/MKZN.m4a
2936,quarantine,"same metadata artist, album, and title as kept file",in flames | colony | pallar andres visa,In Flames,Colony,Pallar Andres Visa,2429850,/mnt/d/Music/_Sorted_By_Artist/In Flames/06 - Pallar Andres Visa.mp3,/mnt/d/Music/_Sorted_By_Artist/In Flames/06 - Pallar Andres Visa (2).mp3,/mnt/d/Music/_Duplicate_Quarantine/06 - Pallar Andres Visa.mp3
7939,keep,largest file in duplicate metadata group,in flames | colony | pallar andres visa,In Flames,Colony,Pallar Andres Visa,2429850,/mnt/d/Music/_Sorted_By_Artist/In Flames/06 - Pallar Andres Visa (2).mp3,/mnt/d/Music/_Sorted_By_Artist/In Flames/06 - Pallar Andres Visa (2).mp3,
2938,quarantine,"same metadata artist, album, and title as kept file",in flames | colony | resin,In Flames,Colony,Resin,4810336,/mnt/d/Music/_Sorted_By_Artist/In Flames/08 - Resin.mp3,/mnt/d/Music/_Sorted_By_Artist/In Flames/08 - Resin (2).mp3,/mnt/d/Music/_Duplicate_Quarantine/08 - Resin.mp3
7941,keep,largest file in duplicate metadata group,in flames | colony | resin,In Flames,Colony,Resin,4810336,/mnt/d/Music/_Sorted_By_Artist/In Flames/08 - Resin (2).mp3,/mnt/d/Music/_Sorted_By_Artist/In Flames/08 - Resin (2).mp3,
7949,quarantine,"same metadata artist, album, and title as kept file",in flames | colony | resin,In Flames,Colony,Resin,3280180,/mnt/d/Music/_Sorted_By_Artist/In Flames/EUTF.m4a,/mnt/d/Music/_Sorted_By_Artist/In Flames/08 - Resin (2).mp3,/mnt/d/Music/_Duplicate_Quarantine/EUTF.m4a
2933,quarantine,"same metadata artist, album, and title as kept file",in flames | colony | scorn,In Flames,Colony,Scorn,5171453,/mnt/d/Music/_Sorted_By_Artist/In Flames/03 - Scorn.mp3,/mnt/d/Music/_Sorted_By_Artist/In Flames/03 - Scorn (2).mp3,/mnt/d/Music/_Duplicate_Quarantine/03 - Scorn.mp3
7936,keep,largest file in duplicate metadata group,in flames | colony | scorn,In Flames,Colony,Scorn,5171453,/mnt/d/Music/_Sorted_By_Artist/In Flames/03 - Scorn (2).mp3,/mnt/d/Music/_Sorted_By_Artist/In Flames/03 - Scorn (2).mp3,
7948,quarantine,"same metadata artist, album, and title as kept file",in flames | colony | scorn,In Flames,Colony,Scorn,3541357,/mnt/d/Music/_Sorted_By_Artist/In Flames/ENVC.m4a,/mnt/d/Music/_Sorted_By_Artist/In Flames/03 - Scorn (2).mp3,/mnt/d/Music/_Duplicate_Quarantine/ENVC.m4a
2941,quarantine,"same metadata artist, album, and title as kept file",in flames | colony | the new world,In Flames,Colony,The New World,4774601,/mnt/d/Music/_Sorted_By_Artist/In Flames/11 - The New World.mp3,/mnt/d/Music/_Sorted_By_Artist/In Flames/11 - The New World (2).mp3,/mnt/d/Music/_Duplicate_Quarantine/11 - The New World.mp3
7944,keep,largest file in duplicate metadata group,in flames | colony | the new world,In Flames,Colony,The New World,4774601,/mnt/d/Music/_Sorted_By_Artist/In Flames/11 - The New World (2).mp3,/mnt/d/Music/_Sorted_By_Artist/In Flames/11 - The New World (2).mp3,
2935,quarantine,"same metadata artist, album, and title as kept file",in flames | colony | zombie inc,In Flames,Colony,Zombie INC.,7298029,/mnt/d/Music/_Sorted_By_Artist/In Flames/05 - Zombie INC.mp3,/mnt/d/Music/_Sorted_By_Artist/In Flames/05 - Zombie INC (2).mp3,/mnt/d/Music/_Duplicate_Quarantine/05 - Zombie INC.mp3
7938,keep,largest file in duplicate metadata group,in flames | colony | zombie inc,In Flames,Colony,Zombie INC.,7298029,/mnt/d/Music/_Sorted_By_Artist/In Flames/05 - Zombie INC (2).mp3,/mnt/d/Music/_Sorted_By_Artist/In Flames/05 - Zombie INC (2).mp3,
7946,quarantine,"same metadata artist, album, and title as kept file",in flames | colony | zombie inc,In Flames,Colony,Zombie Inc.,4947796,/mnt/d/Music/_Sorted_By_Artist/In Flames/BAQJ.m4a,/mnt/d/Music/_Sorted_By_Artist/In Flames/05 - Zombie INC (2).mp3,/mnt/d/Music/_Duplicate_Quarantine/BAQJ.m4a
7968,keep,largest file in duplicate metadata group,in flames | colony - reloaded | coerced coexistence,In Flames,Colony - Reloaded,Coerced Coexistence,8844615,/mnt/d/Music/_Sorted_By_Artist/In Flames/07 Coerced Coexistence 1.m4a,/mnt/d/Music/_Sorted_By_Artist/In Flames/07 Coerced Coexistence 1.m4a,
7969,quarantine,"same metadata artist, album, and title as kept file",in flames | colony - reloaded | coerced coexistence,In Flames,Colony - Reloaded,Coerced Coexistence,8844615,/mnt/d/Music/_Sorted_By_Artist/In Flames/07 Coerced Coexistence.m4a,/mnt/d/Music/_Sorted_By_Artist/In Flames/07 Coerced Coexistence 1.m4a,/mnt/d/Music/_Duplicate_Quarantine/07 Coerced Coexistence.m4a
7963,keep,largest file in duplicate metadata group,in flames | colony - reloaded | colony,In Flames,Colony - Reloaded,Colony,9673723,/mnt/d/Music/_Sorted_By_Artist/In Flames/04 Colony 1.m4a,/mnt/d/Music/_Sorted_By_Artist/In Flames/04 Colony 1.m4a,
7964,quarantine,"same metadata artist, album, and title as kept file",in flames | colony - reloaded | colony,In Flames,Colony - Reloaded,Colony,9673723,/mnt/d/Music/_Sorted_By_Artist/In Flames/04 Colony.m4a,/mnt/d/Music/_Sorted_By_Artist/In Flames/04 Colony 1.m4a,/mnt/d/Music/_Duplicate_Quarantine/04 Colony.m4a
7957,keep,largest file in duplicate metadata group,in flames | colony - reloaded | embody the invisible,In Flames,Colony - Reloaded,Embody the Invisible,7713080,/mnt/d/Music/_Sorted_By_Artist/In Flames/01 Embody the Invisible 1.m4a,/mnt/d/Music/_Sorted_By_Artist/In Flames/01 Embody the Invisible 1.m4a,
7958,quarantine,"same metadata artist, album, and title as kept file",in flames | colony - reloaded | embody the invisible,In Flames,Colony - Reloaded,Embody the Invisible,7713080,/mnt/d/Music/_Sorted_By_Artist/In Flames/01 Embody the Invisible.m4a,/mnt/d/Music/_Sorted_By_Artist/In Flames/01 Embody the Invisible 1.m4a,/mnt/d/Music/_Duplicate_Quarantine/01 Embody the Invisible.m4a
7976,keep,largest file in duplicate metadata group,in flames | colony - reloaded | man made god,In Flames,Colony - Reloaded,Man Made God,8799279,/mnt/d/Music/_Sorted_By_Artist/In Flames/12 Man Made God 1.m4a,/mnt/d/Music/_Sorted_By_Artist/In Flames/12 Man Made God 1.m4a,
7977,quarantine,"same metadata artist, album, and title as kept file",in flames | colony - reloaded | man made god,In Flames,Colony - Reloaded,Man Made God,8799279,/mnt/d/Music/_Sorted_By_Artist/In Flames/12 Man Made God.m4a,/mnt/d/Music/_Sorted_By_Artist/In Flames/12 Man Made God 1.m4a,/mnt/d/Music/_Duplicate_Quarantine/12 Man Made God.m4a
7959,keep,largest file in duplicate metadata group,in flames | colony - reloaded | ordinary story,In Flames,Colony - Reloaded,Ordinary Story,8967147,/mnt/d/Music/_Sorted_By_Artist/In Flames/02 Ordinary Story 1.m4a,/mnt/d/Music/_Sorted_By_Artist/In Flames/02 Ordinary Story 1.m4a,
7960,quarantine,"same metadata artist, album, and title as kept file",in flames | colony - reloaded | ordinary story,In Flames,Colony - Reloaded,Ordinary Story,8967147,/mnt/d/Music/_Sorted_By_Artist/In Flames/02 Ordinary Story.m4a,/mnt/d/Music/_Sorted_By_Artist/In Flames/02 Ordinary Story 1.m4a,/mnt/d/Music/_Duplicate_Quarantine/02 Ordinary Story.m4a
7970,keep,largest file in duplicate metadata group,in flames | colony - reloaded | resin,In Flames,Colony - Reloaded,Resin,7103335,/mnt/d/Music/_Sorted_By_Artist/In Flames/08 Resin 1.m4a,/mnt/d/Music/_Sorted_By_Artist/In Flames/08 Resin 1.m4a,
7971,quarantine,"same metadata artist, album, and title as kept file",in flames | colony - reloaded | resin,In Flames,Colony - Reloaded,Resin,7103335,/mnt/d/Music/_Sorted_By_Artist/In Flames/08 Resin.m4a,/mnt/d/Music/_Sorted_By_Artist/In Flames/08 Resin 1.m4a,/mnt/d/Music/_Duplicate_Quarantine/08 Resin.m4a
7961,keep,largest file in duplicate metadata group,in flames | colony - reloaded | scorn,In Flames,Colony - Reloaded,Scorn,7624087,/mnt/d/Music/_Sorted_By_Artist/In Flames/03 Scorn 1.m4a,/mnt/d/Music/_Sorted_By_Artist/In Flames/03 Scorn 1.m4a,
7962,quarantine,"same metadata artist, album, and title as kept file",in flames | colony - reloaded | scorn,In Flames,Colony - Reloaded,Scorn,7624087,/mnt/d/Music/_Sorted_By_Artist/In Flames/03 Scorn.m4a,/mnt/d/Music/_Sorted_By_Artist/In Flames/03 Scorn 1.m4a,/mnt/d/Music/_Duplicate_Quarantine/03 Scorn.m4a
7974,keep,largest file in duplicate metadata group,in flames | colony - reloaded | the new world,In Flames,Colony - Reloaded,The New World,7055922,/mnt/d/Music/_Sorted_By_Artist/In Flames/11 The New World 1.m4a,/mnt/d/Music/_Sorted_By_Artist/In Flames/11 The New World 1.m4a,
7975,quarantine,"same metadata artist, album, and title as kept file",in flames | colony - reloaded | the new world,In Flames,Colony - Reloaded,The New World,7055922,/mnt/d/Music/_Sorted_By_Artist/In Flames/11 The New World.m4a,/mnt/d/Music/_Sorted_By_Artist/In Flames/11 The New World 1.m4a,/mnt/d/Music/_Duplicate_Quarantine/11 The New World.m4a
7965,keep,largest file in duplicate metadata group,in flames | colony - reloaded | zombie inc,In Flames,Colony - Reloaded,Zombie Inc.,10512638,/mnt/d/Music/_Sorted_By_Artist/In Flames/05 Zombie Inc. 1.m4a,/mnt/d/Music/_Sorted_By_Artist/In Flames/05 Zombie Inc. 1.m4a,
7966,quarantine,"same metadata artist, album, and title as kept file",in flames | colony - reloaded | zombie inc,In Flames,Colony - Reloaded,Zombie Inc.,10512638,/mnt/d/Music/_Sorted_By_Artist/In Flames/05 Zombie Inc..m4a,/mnt/d/Music/_Sorted_By_Artist/In Flames/05 Zombie Inc. 1.m4a,/mnt/d/Music/_Duplicate_Quarantine/05 Zombie Inc..m4a
2948,quarantine,"same metadata artist, album, and title as kept file",in flames | come clarity | come clarity,IN FLAMES,COME CLARITY,COME CLARITY,6143835,/mnt/d/Music/_Sorted_By_Artist/IN FLAMES/06 - COME CLARITY.mp3,/mnt/d/Music/_Sorted_By_Artist/IN FLAMES/06 - COME CLARITY (2).mp3,/mnt/d/Music/_Duplicate_Quarantine/06 - COME CLARITY.mp3
7989,keep,largest file in duplicate metadata group,in flames | come clarity | come clarity,IN FLAMES,COME CLARITY,COME CLARITY,6143835,/mnt/d/Music/_Sorted_By_Artist/IN FLAMES/06 - COME CLARITY (2).mp3,/mnt/d/Music/_Sorted_By_Artist/IN FLAMES/06 - COME CLARITY (2).mp3,
7990,quarantine,"same metadata artist, album, and title as kept file",in flames | come clarity | come clarity,In Flames,Come Clarity,Come Clarity,4183402,/mnt/d/Music/_Sorted_By_Artist/In Flames/06 Come Clarity.m4a,/mnt/d/Music/_Sorted_By_Artist/IN FLAMES/06 - COME CLARITY (2).mp3,/mnt/d/Music/_Duplicate_Quarantine/06 Come Clarity.m4a
8013,quarantine,"same metadata artist, album, and title as kept file",in flames | come clarity | come clarity,In Flames,Come Clarity,Come Clarity,4144961,/mnt/d/Music/_Sorted_By_Artist/In Flames/OCKN.m4a,/mnt/d/Music/_Sorted_By_Artist/IN FLAMES/06 - COME CLARITY (2).mp3,/mnt/d/Music/_Duplicate_Quarantine/OCKN.m4a
7996,keep,largest file in duplicate metadata group,in flames | come clarity | crawl through knives,In Flames,Come Clarity,Crawl Through Knives,4000740,/mnt/d/Music/_Sorted_By_Artist/In Flames/09 Crawl Through Knives.m4a,/mnt/d/Music/_Sorted_By_Artist/In Flames/09 Crawl Through Knives.m4a,
8011,quarantine,"same metadata artist, album, and title as kept file",in flames | come clarity | crawl through knives,In Flames,Come Clarity,Crawl Through Knives,3943698,/mnt/d/Music/_Sorted_By_Artist/In Flames/LDND.m4a,/mnt/d/Music/_Sorted_By_Artist/In Flames/09 Crawl Through Knives.m4a,/mnt/d/Music/_Duplicate_Quarantine/LDND.m4a
2951,quarantine,"same metadata artist, album, and title as kept file",in flames | come clarity | crawling through knives,IN FLAMES,COME CLARITY,CRAWLING THROUGH KNIVES,5844785,/mnt/d/Music/_Sorted_By_Artist/IN FLAMES/09 - CRAWLING THROUGH KNIVES.mp3,/mnt/d/Music/_Sorted_By_Artist/IN FLAMES/09 - CRAWLING THROUGH KNIVES (2).mp3,/mnt/d/Music/_Duplicate_Quarantine/09 - CRAWLING THROUGH KNIVES.mp3
7995,keep,largest file in duplicate metadata group,in flames | come clarity | crawling through knives,IN FLAMES,COME CLARITY,CRAWLING THROUGH KNIVES,5844785,/mnt/d/Music/_Sorted_By_Artist/IN FLAMES/09 - CRAWLING THROUGH KNIVES (2).mp3,/mnt/d/Music/_Sorted_By_Artist/IN FLAMES/09 - CRAWLING THROUGH KNIVES (2).mp3,
2946,quarantine,"same metadata artist, album, and title as kept file",in flames | come clarity | dead end,IN FLAMES,COME CLARITY,DEAD END,4868641,/mnt/d/Music/_Sorted_By_Artist/IN FLAMES/04 - DEAD END.mp3,/mnt/d/Music/_Sorted_By_Artist/IN FLAMES/04 - DEAD END (2).mp3,/mnt/d/Music/_Duplicate_Quarantine/04 - DEAD END.mp3
7985,keep,largest file in duplicate metadata group,in flames | come clarity | dead end,IN FLAMES,COME CLARITY,DEAD END,4868641,/mnt/d/Music/_Sorted_By_Artist/IN FLAMES/04 - DEAD END (2).mp3,/mnt/d/Music/_Sorted_By_Artist/IN FLAMES/04 - DEAD END (2).mp3,
7986,quarantine,"same metadata artist, album, and title as kept file",in flames | come clarity | dead end,In Flames,Come Clarity,Dead End,3273436,/mnt/d/Music/_Sorted_By_Artist/In Flames/04 Dead End.m4a,/mnt/d/Music/_Sorted_By_Artist/IN FLAMES/04 - DEAD END (2).mp3,/mnt/d/Music/_Duplicate_Quarantine/04 Dead End.m4a
8008,quarantine,"same metadata artist, album, and title as kept file",in flames | come clarity | dead end,In Flames,Come Clarity,Dead End,3295862,/mnt/d/Music/_Sorted_By_Artist/In Flames/HCFV.m4a,/mnt/d/Music/_Sorted_By_Artist/IN FLAMES/04 - DEAD END (2).mp3,/mnt/d/Music/_Duplicate_Quarantine/HCFV.m4a
2919,quarantine,"same metadata artist, album, and title as kept file",in flames | come clarity | end of all things,IN FLAMES,COME CLARITY,END OF ALL THINGS,4784005,/mnt/d/Music/_Sorted_By_Artist/IN FLAMES/endal.mp3,/mnt/d/Music/_Sorted_By_Artist/IN FLAMES/10 - END OF ALL THINGS (2).mp3,/mnt/d/Music/_Duplicate_Quarantine/endal.mp3
2952,quarantine,"same metadata artist, album, and title as kept file",in flames | come clarity | end of all things,IN FLAMES,COME CLARITY,END OF ALL THINGS,4784005,/mnt/d/Music/_Sorted_By_Artist/IN FLAMES/10 - END OF ALL THINGS.mp3,/mnt/d/Music/_Sorted_By_Artist/IN FLAMES/10 - END OF ALL THINGS (2).mp3,/mnt/d/Music/_Duplicate_Quarantine/10 - END OF ALL THINGS.mp3
7899,quarantine,"same metadata artist, album, and title as kept file",in flames | come clarity | end of all things,IN FLAMES,COME CLARITY,END OF ALL THINGS,4784005,/mnt/d/Music/_Sorted_By_Artist/IN FLAMES/endal (2).mp3,/mnt/d/Music/_Sorted_By_Artist/IN FLAMES/10 - END OF ALL THINGS (2).mp3,/mnt/d/Music/_Duplicate_Quarantine/endal (2).mp3
7997,keep,largest file in duplicate metadata group,in flames | come clarity | end of all things,IN FLAMES,COME CLARITY,END OF ALL THINGS,4784005,/mnt/d/Music/_Sorted_By_Artist/IN FLAMES/10 - END OF ALL THINGS (2).mp3,/mnt/d/Music/_Sorted_By_Artist/IN FLAMES/10 - END OF ALL THINGS (2).mp3,
2944,quarantine,"same metadata artist, album, and title as kept file",in flames | come clarity | leeches,IN FLAMES,COME CLARITY,LEECHES,4222268,/mnt/d/Music/_Sorted_By_Artist/IN FLAMES/02 - LEECHES.mp3,/mnt/d/Music/_Sorted_By_Artist/IN FLAMES/02 - LEECHES (2).mp3,/mnt/d/Music/_Duplicate_Quarantine/02 - LEECHES.mp3
7981,keep,largest file in duplicate metadata group,in flames | come clarity | leeches,IN FLAMES,COME CLARITY,LEECHES,4222268,/mnt/d/Music/_Sorted_By_Artist/IN FLAMES/02 - LEECHES (2).mp3,/mnt/d/Music/_Sorted_By_Artist/IN FLAMES/02 - LEECHES (2).mp3,
7982,quarantine,"same metadata artist, album, and title as kept file",in flames | come clarity | leeches,In Flames,Come Clarity,Leeches,2909688,/mnt/d/Music/_Sorted_By_Artist/In Flames/02 Leeches.m4a,/mnt/d/Music/_Sorted_By_Artist/IN FLAMES/02 - LEECHES (2).mp3,/mnt/d/Music/_Duplicate_Quarantine/02 Leeches.m4a
8012,quarantine,"same metadata artist, album, and title as kept file",in flames | come clarity | leeches,In Flames,Come Clarity,Leeches,2841357,/mnt/d/Music/_Sorted_By_Artist/In Flames/MVKZ.m4a,/mnt/d/Music/_Sorted_By_Artist/IN FLAMES/02 - LEECHES (2).mp3,/mnt/d/Music/_Duplicate_Quarantine/MVKZ.m4a
2953,quarantine,"same metadata artist, album, and title as kept file",in flames | come clarity | our infinite struggle,IN FLAMES,COME CLARITY,OUR INFINITE STRUGGLE,5439156,/mnt/d/Music/_Sorted_By_Artist/IN FLAMES/11 - OUR INFINITE STRUGGLE.mp3,/mnt/d/Music/_Sorted_By_Artist/IN FLAMES/11 - OUR INFINITE STRUGGLE (2).mp3,/mnt/d/Music/_Duplicate_Quarantine/11 - OUR INFINITE STRUGGLE.mp3
7999,keep,largest file in duplicate metadata group,in flames | come clarity | our infinite struggle,IN FLAMES,COME CLARITY,OUR INFINITE STRUGGLE,5439156,/mnt/d/Music/_Sorted_By_Artist/IN FLAMES/11 - OUR INFINITE STRUGGLE (2).mp3,/mnt/d/Music/_Sorted_By_Artist/IN FLAMES/11 - OUR INFINITE STRUGGLE (2).mp3,
8000,quarantine,"same metadata artist, album, and title as kept file",in flames | come clarity | our infinite struggle,In Flames,Come Clarity,Our Infinite Struggle,3740666,/mnt/d/Music/_Sorted_By_Artist/In Flames/11 Our Infinite Struggle.m4a,/mnt/d/Music/_Sorted_By_Artist/IN FLAMES/11 - OUR INFINITE STRUGGLE (2).mp3,/mnt/d/Music/_Duplicate_Quarantine/11 Our Infinite Struggle.m4a
8009,quarantine,"same metadata artist, album, and title as kept file",in flames | come clarity | our infinite struggle,In Flames,Come Clarity,Our Infinite Struggle,3677438,/mnt/d/Music/_Sorted_By_Artist/In Flames/ICGF.m4a,/mnt/d/Music/_Sorted_By_Artist/IN FLAMES/11 - OUR INFINITE STRUGGLE (2).mp3,/mnt/d/Music/_Duplicate_Quarantine/ICGF.m4a
2950,quarantine,"same metadata artist, album, and title as kept file",in flames | come clarity | pacing death's trail,IN FLAMES,COME CLARITY,PACING DEATH'S TRAIL,4342640,/mnt/d/Music/_Sorted_By_Artist/IN FLAMES/08 - PACING DEATH'S TRAIL.mp3,/mnt/d/Music/_Sorted_By_Artist/IN FLAMES/08 - PACING DEATH'S TRAIL (2).mp3,/mnt/d/Music/_Duplicate_Quarantine/08 - PACING DEATH'S TRAIL.mp3
7993,keep,largest file in duplicate metadata group,in flames | come clarity | pacing death's trail,IN FLAMES,COME CLARITY,PACING DEATH'S TRAIL,4342640,/mnt/d/Music/_Sorted_By_Artist/IN FLAMES/08 - PACING DEATH'S TRAIL (2).mp3,/mnt/d/Music/_Sorted_By_Artist/IN FLAMES/08 - PACING DEATH'S TRAIL (2).mp3,
7994,quarantine,"same metadata artist, album, and title as kept file",in flames | come clarity | pacing death's trail,In Flames,Come Clarity,Pacing Death's Trail,2986779,/mnt/d/Music/_Sorted_By_Artist/In Flames/08 Pacing Death's Trail.m4a,/mnt/d/Music/_Sorted_By_Artist/IN FLAMES/08 - PACING DEATH'S TRAIL (2).mp3,/mnt/d/Music/_Duplicate_Quarantine/08 Pacing Death's Trail.m4a
8014,quarantine,"same metadata artist, album, and title as kept file",in flames | come clarity | pacing death's trail,In Flames,Come Clarity,Pacing Death's Trail,2944048,/mnt/d/Music/_Sorted_By_Artist/In Flames/QMUI.m4a,/mnt/d/Music/_Sorted_By_Artist/IN FLAMES/08 - PACING DEATH'S TRAIL (2).mp3,/mnt/d/Music/_Duplicate_Quarantine/QMUI.m4a
2945,quarantine,"same metadata artist, album, and title as kept file",in flames | come clarity | reflect the end,IN FLAMES,COME CLARITY,REFLECT THE END,6161389,/mnt/d/Music/_Sorted_By_Artist/IN FLAMES/03 - REFLECT THE END.mp3,/mnt/d/Music/_Sorted_By_Artist/IN FLAMES/03 - REFLECT THE END (2).mp3,/mnt/d/Music/_Duplicate_Quarantine/03 - REFLECT THE END.mp3
7983,keep,largest file in duplicate metadata group,in flames | come clarity | reflect the end,IN FLAMES,COME CLARITY,REFLECT THE END,6161389,/mnt/d/Music/_Sorted_By_Artist/IN FLAMES/03 - REFLECT THE END (2).mp3,/mnt/d/Music/_Sorted_By_Artist/IN FLAMES/03 - REFLECT THE END (2).mp3,
7984,keep,largest file in duplicate metadata group,in flames | come clarity | reflect the storm,In Flames,Come Clarity,Reflect The Storm,4182460,/mnt/d/Music/_Sorted_By_Artist/In Flames/03 Reflect The Storm.m4a,/mnt/d/Music/_Sorted_By_Artist/In Flames/03 Reflect The Storm.m4a,
8017,quarantine,"same metadata artist, album, and title as kept file",in flames | come clarity | reflect the storm,In Flames,Come Clarity,Reflect The Storm,4160759,/mnt/d/Music/_Sorted_By_Artist/In Flames/UTSR.m4a,/mnt/d/Music/_Sorted_By_Artist/In Flames/03 Reflect The Storm.m4a,/mnt/d/Music/_Duplicate_Quarantine/UTSR.m4a
2947,quarantine,"same metadata artist, album, and title as kept file",in flames | come clarity | scream,IN FLAMES,COME CLARITY,SCREAM,4636674,/mnt/d/Music/_Sorted_By_Artist/IN FLAMES/05 - SCREAM.mp3,/mnt/d/Music/_Sorted_By_Artist/IN FLAMES/05 - SCREAM (2).mp3,/mnt/d/Music/_Duplicate_Quarantine/05 - SCREAM.mp3
7987,keep,largest file in duplicate metadata group,in flames | come clarity | scream,IN FLAMES,COME CLARITY,SCREAM,4636674,/mnt/d/Music/_Sorted_By_Artist/IN FLAMES/05 - SCREAM (2).mp3,/mnt/d/Music/_Sorted_By_Artist/IN FLAMES/05 - SCREAM (2).mp3,
7988,quarantine,"same metadata artist, album, and title as kept file",in flames | come clarity | scream,In Flames,Come Clarity,Scream,3194068,/mnt/d/Music/_Sorted_By_Artist/In Flames/05 Scream.m4a,/mnt/d/Music/_Sorted_By_Artist/IN FLAMES/05 - SCREAM (2).mp3,/mnt/d/Music/_Duplicate_Quarantine/05 Scream.m4a
8005,quarantine,"same metadata artist, album, and title as kept file",in flames | come clarity | scream,In Flames,Come Clarity,Scream,3139906,/mnt/d/Music/_Sorted_By_Artist/In Flames/BCKK.m4a,/mnt/d/Music/_Sorted_By_Artist/IN FLAMES/05 - SCREAM (2).mp3,/mnt/d/Music/_Duplicate_Quarantine/BCKK.m4a
2943,quarantine,"same metadata artist, album, and title as kept file",in flames | come clarity | take this life,IN FLAMES,COME CLARITY,TAKE THIS LIFE,5171453,/mnt/d/Music/_Sorted_By_Artist/IN FLAMES/01 - TAKE THIS LIFE.mp3,/mnt/d/Music/_Sorted_By_Artist/IN FLAMES/01 - TAKE THIS LIFE (2).mp3,/mnt/d/Music/_Duplicate_Quarantine/01 - TAKE THIS LIFE.mp3
7979,keep,largest file in duplicate metadata group,in flames | come clarity | take this life,IN FLAMES,COME CLARITY,TAKE THIS LIFE,5171453,/mnt/d/Music/_Sorted_By_Artist/IN FLAMES/01 - TAKE THIS LIFE (2).mp3,/mnt/d/Music/_Sorted_By_Artist/IN FLAMES/01 - TAKE THIS LIFE (2).mp3,
7980,quarantine,"same metadata artist, album, and title as kept file",in flames | come clarity | take this life,In Flames,Come Clarity,Take This Life,3565483,/mnt/d/Music/_Sorted_By_Artist/In Flames/01 Take This Life.m4a,/mnt/d/Music/_Sorted_By_Artist/IN FLAMES/01 - TAKE THIS LIFE (2).mp3,/mnt/d/Music/_Duplicate_Quarantine/01 Take This Life.m4a
8016,quarantine,"same metadata artist, album, and title as kept file",in flames | come clarity | take this life,In Flames,Come Clarity,Take This Life,3496648,/mnt/d/Music/_Sorted_By_Artist/In Flames/UJOM.m4a,/mnt/d/Music/_Sorted_By_Artist/IN FLAMES/01 - TAKE THIS LIFE (2).mp3,/mnt/d/Music/_Duplicate_Quarantine/UJOM.m4a
2949,quarantine,"same metadata artist, album, and title as kept file",in flames | come clarity | vacuum,IN FLAMES,COME CLARITY,VACUUM,5274271,/mnt/d/Music/_Sorted_By_Artist/IN FLAMES/07 - VACUUM.mp3,/mnt/d/Music/_Sorted_By_Artist/IN FLAMES/07 - VACUUM (2).mp3,/mnt/d/Music/_Duplicate_Quarantine/07 - VACUUM.mp3
7991,keep,largest file in duplicate metadata group,in flames | come clarity | vacuum,IN FLAMES,COME CLARITY,VACUUM,5274271,/mnt/d/Music/_Sorted_By_Artist/IN FLAMES/07 - VACUUM (2).mp3,/mnt/d/Music/_Sorted_By_Artist/IN FLAMES/07 - VACUUM (2).mp3,
7992,quarantine,"same metadata artist, album, and title as kept file",in flames | come clarity | vacuum,In Flames,Come Clarity,Vacuum,3621913,/mnt/d/Music/_Sorted_By_Artist/In Flames/07 Vacuum.m4a,/mnt/d/Music/_Sorted_By_Artist/IN FLAMES/07 - VACUUM (2).mp3,/mnt/d/Music/_Duplicate_Quarantine/07 Vacuum.m4a
8015,quarantine,"same metadata artist, album, and title as kept file",in flames | come clarity | vacuum,In Flames,Come Clarity,Vacuum,3566539,/mnt/d/Music/_Sorted_By_Artist/In Flames/TBTA.m4a,/mnt/d/Music/_Sorted_By_Artist/IN FLAMES/07 - VACUUM (2).mp3,/mnt/d/Music/_Duplicate_Quarantine/TBTA.m4a
2954,quarantine,"same metadata artist, album, and title as kept file",in flames | come clarity | vanishing light,IN FLAMES,COME CLARITY,VANISHING LIGHT,4681187,/mnt/d/Music/_Sorted_By_Artist/IN FLAMES/12 - VANISHING LIGHT.mp3,/mnt/d/Music/_Sorted_By_Artist/IN FLAMES/12 - VANISHING LIGHT (2).mp3,/mnt/d/Music/_Duplicate_Quarantine/12 - VANISHING LIGHT.mp3
8001,keep,largest file in duplicate metadata group,in flames | come clarity | vanishing light,IN FLAMES,COME CLARITY,VANISHING LIGHT,4681187,/mnt/d/Music/_Sorted_By_Artist/IN FLAMES/12 - VANISHING LIGHT (2).mp3,/mnt/d/Music/_Sorted_By_Artist/IN FLAMES/12 - VANISHING LIGHT (2).mp3,
8002,quarantine,"same metadata artist, album, and title as kept file",in flames | come clarity | vanishing light,In Flames,Come Clarity,Vanishing Light,3221057,/mnt/d/Music/_Sorted_By_Artist/In Flames/12 Vanishing Light.m4a,/mnt/d/Music/_Sorted_By_Artist/IN FLAMES/12 - VANISHING LIGHT (2).mp3,/mnt/d/Music/_Duplicate_Quarantine/12 Vanishing Light.m4a
8006,quarantine,"same metadata artist, album, and title as kept file",in flames | come clarity | vanishing light,In Flames,Come Clarity,Vanishing Light,3164662,/mnt/d/Music/_Sorted_By_Artist/In Flames/BWZL.m4a,/mnt/d/Music/_Sorted_By_Artist/IN FLAMES/12 - VANISHING LIGHT (2).mp3,/mnt/d/Music/_Duplicate_Quarantine/BWZL.m4a
7998,keep,largest file in duplicate metadata group,in flames | come clarity | versus terminus,In Flames,Come Clarity,Versus Terminus,3296573,/mnt/d/Music/_Sorted_By_Artist/In Flames/10 Versus Terminus.m4a,/mnt/d/Music/_Sorted_By_Artist/In Flames/10 Versus Terminus.m4a,
8010,quarantine,"same metadata artist, album, and title as kept file",in flames | come clarity | versus terminus,In Flames,Come Clarity,Versus Terminus,3238537,/mnt/d/Music/_Sorted_By_Artist/In Flames/IPIZ.m4a,/mnt/d/Music/_Sorted_By_Artist/In Flames/10 Versus Terminus.m4a,/mnt/d/Music/_Duplicate_Quarantine/IPIZ.m4a
2955,quarantine,"same metadata artist, album, and title as kept file",in flames | come clarity | your bedtime story is scaring every one,IN FLAMES,COME CLARITY,YOUR BEDTIME STORY IS SCARING EVERY ONE,7815254,/mnt/d/Music/_Sorted_By_Artist/IN FLAMES/13 - YOUR BEDTIME STORY IS SCARING EVERY ONE.mp3,/mnt/d/Music/_Sorted_By_Artist/IN FLAMES/13 - YOUR BEDTIME STORY IS SCARING EVERY ONE (2).mp3,/mnt/d/Music/_Duplicate_Quarantine/13 - YOUR BEDTIME STORY IS SCARING EVERY ONE.mp3
8003,keep,largest file in duplicate metadata group,in flames | come clarity | your bedtime story is scaring every one,IN FLAMES,COME CLARITY,YOUR BEDTIME STORY IS SCARING EVERY ONE,7815254,/mnt/d/Music/_Sorted_By_Artist/IN FLAMES/13 - YOUR BEDTIME STORY IS SCARING EVERY ONE (2).mp3,/mnt/d/Music/_Sorted_By_Artist/IN FLAMES/13 - YOUR BEDTIME STORY IS SCARING EVERY ONE (2).mp3,
8004,keep,largest file in duplicate metadata group,in flames | come clarity | your bedtime story is scaring everyone,In Flames,Come Clarity,Your Bedtime Story Is Scaring Everyone,5373231,/mnt/d/Music/_Sorted_By_Artist/In Flames/13 Your Bedtime Story Is Scaring Eve.m4a,/mnt/d/Music/_Sorted_By_Artist/In Flames/13 Your Bedtime Story Is Scaring Eve.m4a,
8007,quarantine,"same metadata artist, album, and title as kept file",in flames | come clarity | your bedtime story is scaring everyone,In Flames,Come Clarity,Your Bedtime Story Is Scaring Everyone,2956697,/mnt/d/Music/_Sorted_By_Artist/In Flames/GFGJ.m4a,/mnt/d/Music/_Sorted_By_Artist/In Flames/13 Your Bedtime Story Is Scaring Eve.m4a,/mnt/d/Music/_Duplicate_Quarantine/GFGJ.m4a
2969,quarantine,"same metadata artist, album, and title as kept file",in flames | reroute to remain | black & white,In Flames,Reroute To Remain,Black & White,5131329,/mnt/d/Music/_Sorted_By_Artist/In Flames/14 - Black & White.mp3,/mnt/d/Music/_Sorted_By_Artist/In Flames/14 - Black & White (2).mp3,/mnt/d/Music/_Duplicate_Quarantine/14 - Black & White.mp3
8045,keep,largest file in duplicate metadata group,in flames | reroute to remain | black & white,In Flames,Reroute To Remain,Black & White,5131329,/mnt/d/Music/_Sorted_By_Artist/In Flames/14 - Black & White (2).mp3,/mnt/d/Music/_Sorted_By_Artist/In Flames/14 - Black & White (2).mp3,
8050,quarantine,"same metadata artist, album, and title as kept file",in flames | reroute to remain | black & white,In Flames,Reroute To Remain,Black & White,3469449,/mnt/d/Music/_Sorted_By_Artist/In Flames/DPQT.m4a,/mnt/d/Music/_Sorted_By_Artist/In Flames/14 - Black & White (2).mp3,/mnt/d/Music/_Duplicate_Quarantine/DPQT.m4a
2960,quarantine,"same metadata artist, album, and title as kept file",in flames | reroute to remain | cloud connected,In Flames,Reroute To Remain,Cloud Connected,5305618,/mnt/d/Music/_Sorted_By_Artist/In Flames/05 - Cloud Connected.mp3,/mnt/d/Music/_Sorted_By_Artist/In Flames/05 - Cloud Connected (2).mp3,/mnt/d/Music/_Duplicate_Quarantine/05 - Cloud Connected.mp3
8036,keep,largest file in duplicate metadata group,in flames | reroute to remain | cloud connected,In Flames,Reroute To Remain,Cloud Connected,5305618,/mnt/d/Music/_Sorted_By_Artist/In Flames/05 - Cloud Connected (2).mp3,/mnt/d/Music/_Sorted_By_Artist/In Flames/05 - Cloud Connected (2).mp3,
8057,quarantine,"same metadata artist, album, and title as kept file",in flames | reroute to remain | cloud connected,In Flames,Reroute To Remain,Cloud Connected,3586933,/mnt/d/Music/_Sorted_By_Artist/In Flames/WNJY.m4a,/mnt/d/Music/_Sorted_By_Artist/In Flames/05 - Cloud Connected (2).mp3,/mnt/d/Music/_Duplicate_Quarantine/WNJY.m4a
2967,quarantine,"same metadata artist, album, and title as kept file",in flames | reroute to remain | dark signs,In Flames,Reroute To Remain,Dark Signs,4810336,/mnt/d/Music/_Sorted_By_Artist/In Flames/12 - Dark Signs.mp3,/mnt/d/Music/_Sorted_By_Artist/In Flames/12 - Dark Signs (2).mp3,/mnt/d/Music/_Duplicate_Quarantine/12 - Dark Signs.mp3
8043,keep,largest file in duplicate metadata group,in flames | reroute to remain | dark signs,In Flames,Reroute To Remain,Dark Signs,4810336,/mnt/d/Music/_Sorted_By_Artist/In Flames/12 - Dark Signs (2).mp3,/mnt/d/Music/_Sorted_By_Artist/In Flames/12 - Dark Signs (2).mp3,
8049,quarantine,"same metadata artist, album, and title as kept file",in flames | reroute to remain | dark signs,In Flames,Reroute To Remain,Dark Signs,3238249,/mnt/d/Music/_Sorted_By_Artist/In Flames/CVOR.m4a,/mnt/d/Music/_Sorted_By_Artist/In Flames/12 - Dark Signs (2).mp3,/mnt/d/Music/_Duplicate_Quarantine/CVOR.m4a
2962,quarantine,"same metadata artist, album, and title as kept file",in flames | reroute to remain | dawn of a new day,In Flames,Reroute To Remain,Dawn Of A New Day,5310006,/mnt/d/Music/_Sorted_By_Artist/In Flames/07 - Dawn Of A New Day.mp3,/mnt/d/Music/_Sorted_By_Artist/In Flames/07 - Dawn Of A New Day (2).mp3,/mnt/d/Music/_Duplicate_Quarantine/07 - Dawn Of A New Day.mp3
8038,keep,largest file in duplicate metadata group,in flames | reroute to remain | dawn of a new day,In Flames,Reroute To Remain,Dawn Of A New Day,5310006,/mnt/d/Music/_Sorted_By_Artist/In Flames/07 - Dawn Of A New Day (2).mp3,/mnt/d/Music/_Sorted_By_Artist/In Flames/07 - Dawn Of A New Day (2).mp3,
8052,quarantine,"same metadata artist, album, and title as kept file",in flames | reroute to remain | dawn of a new day,In Flames,Reroute To Remain,Dawn Of A New Day,3589433,/mnt/d/Music/_Sorted_By_Artist/In Flames/HWCU.m4a,/mnt/d/Music/_Sorted_By_Artist/In Flames/07 - Dawn Of A New Day (2).mp3,/mnt/d/Music/_Duplicate_Quarantine/HWCU.m4a
2965,quarantine,"same metadata artist, album, and title as kept file",in flames | reroute to remain | dismiss the cynics,In Flames,Reroute To Remain,Dismiss The Cynics,5256090,/mnt/d/Music/_Sorted_By_Artist/In Flames/10 - Dismiss The Cynics.mp3,/mnt/d/Music/_Sorted_By_Artist/In Flames/10 - Dismiss The Cynics (2).mp3,/mnt/d/Music/_Duplicate_Quarantine/10 - Dismiss The Cynics.mp3
8041,keep,largest file in duplicate metadata group,in flames | reroute to remain | dismiss the cynics,In Flames,Reroute To Remain,Dismiss The Cynics,5256090,/mnt/d/Music/_Sorted_By_Artist/In Flames/10 - Dismiss The Cynics (2).mp3,/mnt/d/Music/_Sorted_By_Artist/In Flames/10 - Dismiss The Cynics (2).mp3,
8046,quarantine,"same metadata artist, album, and title as kept file",in flames | reroute to remain | dismiss the cynics,In Flames,Reroute To Remain,Dismiss The Cynics,3553342,/mnt/d/Music/_Sorted_By_Artist/In Flames/AEBW.m4a,/mnt/d/Music/_Sorted_By_Artist/In Flames/10 - Dismiss The Cynics (2).mp3,/mnt/d/Music/_Duplicate_Quarantine/AEBW.m4a
2958,quarantine,"same metadata artist, album, and title as kept file",in flames | reroute to remain | drifter,In Flames,Reroute To Remain,Drifter,4587773,/mnt/d/Music/_Sorted_By_Artist/In Flames/03 - Drifter.mp3,/mnt/d/Music/_Sorted_By_Artist/In Flames/03 - Drifter (2).mp3,/mnt/d/Music/_Duplicate_Quarantine/03 - Drifter.mp3
8034,keep,largest file in duplicate metadata group,in flames | reroute to remain | drifter,In Flames,Reroute To Remain,Drifter,4587773,/mnt/d/Music/_Sorted_By_Artist/In Flames/03 - Drifter (2).mp3,/mnt/d/Music/_Sorted_By_Artist/In Flames/03 - Drifter (2).mp3,
8053,quarantine,"same metadata artist, album, and title as kept file",in flames | reroute to remain | drifter,In Flames,Reroute To Remain,Drifter,3076168,/mnt/d/Music/_Sorted_By_Artist/In Flames/PNTK.m4a,/mnt/d/Music/_Sorted_By_Artist/In Flames/03 - Drifter (2).mp3,/mnt/d/Music/_Duplicate_Quarantine/PNTK.m4a
2963,quarantine,"same metadata artist, album, and title as kept file",in flames | reroute to remain | egonomic,In Flames,Reroute To Remain,Egonomic,3767110,/mnt/d/Music/_Sorted_By_Artist/In Flames/08 - Egonomic.mp3,/mnt/d/Music/_Sorted_By_Artist/In Flames/08 - Egonomic (2).mp3,/mnt/d/Music/_Duplicate_Quarantine/08 - Egonomic.mp3
8039,keep,largest file in duplicate metadata group,in flames | reroute to remain | egonomic,In Flames,Reroute To Remain,Egonomic,3767110,/mnt/d/Music/_Sorted_By_Artist/In Flames/08 - Egonomic (2).mp3,/mnt/d/Music/_Sorted_By_Artist/In Flames/08 - Egonomic (2).mp3,
8048,quarantine,"same metadata artist, album, and title as kept file",in flames | reroute to remain | egonomic,In Flames,Reroute To Remain,Egonomic,2540053,/mnt/d/Music/_Sorted_By_Artist/In Flames/BLMI.m4a,/mnt/d/Music/_Sorted_By_Artist/In Flames/08 - Egonomic (2).mp3,/mnt/d/Music/_Duplicate_Quarantine/BLMI.m4a
2966,quarantine,"same metadata artist, album, and title as kept file",in flames | reroute to remain | free fall,In Flames,Reroute To Remain,Free Fall,5724413,/mnt/d/Music/_Sorted_By_Artist/In Flames/11 - Free Fall.mp3,/mnt/d/Music/_Sorted_By_Artist/In Flames/11 - Free Fall (2).mp3,/mnt/d/Music/_Duplicate_Quarantine/11 - Free Fall.mp3
8042,keep,largest file in duplicate metadata group,in flames | reroute to remain | free fall,In Flames,Reroute To Remain,Free Fall,5724413,/mnt/d/Music/_Sorted_By_Artist/In Flames/11 - Free Fall (2).mp3,/mnt/d/Music/_Sorted_By_Artist/In Flames/11 - Free Fall (2).mp3,
8054,quarantine,"same metadata artist, album, and title as kept file",in flames | reroute to remain | free fall,In Flames,Reroute To Remain,Free Fall,3867734,/mnt/d/Music/_Sorted_By_Artist/In Flames/QFVU.m4a,/mnt/d/Music/_Sorted_By_Artist/In Flames/11 - Free Fall (2).mp3,/mnt/d/Music/_Duplicate_Quarantine/QFVU.m4a
2968,quarantine,"same metadata artist, album, and title as kept file",in flames | reroute to remain | metaphor,In Flames,Reroute To Remain,Metaphor,5274271,/mnt/d/Music/_Sorted_By_Artist/In Flames/13 - Metaphor.mp3,/mnt/d/Music/_Sorted_By_Artist/In Flames/13 - Metaphor (2).mp3,/mnt/d/Music/_Duplicate_Quarantine/13 - Metaphor.mp3
8044,keep,largest file in duplicate metadata group,in flames | reroute to remain | metaphor,In Flames,Reroute To Remain,Metaphor,5274271,/mnt/d/Music/_Sorted_By_Artist/In Flames/13 - Metaphor (2).mp3,/mnt/d/Music/_Sorted_By_Artist/In Flames/13 - Metaphor (2).mp3,
8056,quarantine,"same metadata artist, album, and title as kept file",in flames | reroute to remain | metaphor,In Flames,Reroute To Remain,Metaphor,3565067,/mnt/d/Music/_Sorted_By_Artist/In Flames/UTBW.m4a,/mnt/d/Music/_Sorted_By_Artist/In Flames/13 - Metaphor (2).mp3,/mnt/d/Music/_Duplicate_Quarantine/UTBW.m4a
2964,quarantine,"same metadata artist, album, and title as kept file",in flames | reroute to remain | minus,In Flames,Reroute To Remain,Minus,5421601,/mnt/d/Music/_Sorted_By_Artist/In Flames/09 - Minus.mp3,/mnt/d/Music/_Sorted_By_Artist/In Flames/09 - Minus (2).mp3,/mnt/d/Music/_Duplicate_Quarantine/09 - Minus.mp3
8040,keep,largest file in duplicate metadata group,in flames | reroute to remain | minus,In Flames,Reroute To Remain,Minus,5421601,/mnt/d/Music/_Sorted_By_Artist/In Flames/09 - Minus (2).mp3,/mnt/d/Music/_Sorted_By_Artist/In Flames/09 - Minus (2).mp3,
8047,quarantine,"same metadata artist, album, and title as kept file",in flames | reroute to remain | minus,In Flames,Reroute To Remain,Minus,3619070,/mnt/d/Music/_Sorted_By_Artist/In Flames/AVFR.m4a,/mnt/d/Music/_Sorted_By_Artist/In Flames/09 - Minus (2).mp3,/mnt/d/Music/_Duplicate_Quarantine/AVFR.m4a
2956,quarantine,"same metadata artist, album, and title as kept file",in flames | reroute to remain | reroute to remain,In Flames,Reroute To Remain,Reroute To Remain,5599652,/mnt/d/Music/_Sorted_By_Artist/In Flames/01 - Reroute To Remain.mp3,/mnt/d/Music/_Sorted_By_Artist/In Flames/01 - Reroute To Remain (2).mp3,/mnt/d/Music/_Duplicate_Quarantine/01 - Reroute To Remain.mp3
8032,keep,largest file in duplicate metadata group,in flames | reroute to remain | reroute to remain,In Flames,Reroute To Remain,Reroute To Remain,5599652,/mnt/d/Music/_Sorted_By_Artist/In Flames/01 - Reroute To Remain (2).mp3,/mnt/d/Music/_Sorted_By_Artist/In Flames/01 - Reroute To Remain (2).mp3,
8051,quarantine,"same metadata artist, album, and title as kept file",in flames | reroute to remain | reroute to remain,In Flames,Reroute To Remain,Reroute To Remain,3762697,/mnt/d/Music/_Sorted_By_Artist/In Flames/DYYA.m4a,/mnt/d/Music/_Sorted_By_Artist/In Flames/01 - Reroute To Remain (2).mp3,/mnt/d/Music/_Duplicate_Quarantine/DYYA.m4a
2957,quarantine,"same metadata artist, album, and title as kept file",in flames | reroute to remain | system,In Flames,Reroute To Remain,System,5269882,/mnt/d/Music/_Sorted_By_Artist/In Flames/02 - System.mp3,/mnt/d/Music/_Sorted_By_Artist/In Flames/02 - System (2).mp3,/mnt/d/Music/_Duplicate_Quarantine/02 - System.mp3
8033,keep,largest file in duplicate metadata group,in flames | reroute to remain | system,In Flames,Reroute To Remain,System,5269882,/mnt/d/Music/_Sorted_By_Artist/In Flames/02 - System (2).mp3,/mnt/d/Music/_Sorted_By_Artist/In Flames/02 - System (2).mp3,
8055,quarantine,"same metadata artist, album, and title as kept file",in flames | reroute to remain | system,In Flames,Reroute To Remain,System,3554126,/mnt/d/Music/_Sorted_By_Artist/In Flames/UGVC.m4a,/mnt/d/Music/_Sorted_By_Artist/In Flames/02 - System (2).mp3,/mnt/d/Music/_Duplicate_Quarantine/UGVC.m4a
2961,quarantine,"same metadata artist, album, and title as kept file",in flames | reroute to remain | transparent,In Flames,Reroute To Remain,Transparent,5853562,/mnt/d/Music/_Sorted_By_Artist/In Flames/06 - Transparent.mp3,/mnt/d/Music/_Sorted_By_Artist/In Flames/06 - Transparent (2).mp3,/mnt/d/Music/_Duplicate_Quarantine/06 - Transparent.mp3
8037,keep,largest file in duplicate metadata group,in flames | reroute to remain | transparent,In Flames,Reroute To Remain,Transparent,5853562,/mnt/d/Music/_Sorted_By_Artist/In Flames/06 - Transparent (2).mp3,/mnt/d/Music/_Sorted_By_Artist/In Flames/06 - Transparent (2).mp3,
8059,quarantine,"same metadata artist, album, and title as kept file",in flames | reroute to remain | transparent,In Flames,Reroute To Remain,Transparent,3932082,/mnt/d/Music/_Sorted_By_Artist/In Flames/ZUOJ.m4a,/mnt/d/Music/_Sorted_By_Artist/In Flames/06 - Transparent (2).mp3,/mnt/d/Music/_Duplicate_Quarantine/ZUOJ.m4a
2959,quarantine,"same metadata artist, album, and title as kept file",in flames | reroute to remain | trigger,In Flames,Reroute To Remain,Trigger,7173268,/mnt/d/Music/_Sorted_By_Artist/In Flames/04 - Trigger.mp3,/mnt/d/Music/_Sorted_By_Artist/In Flames/04 - Trigger (2).mp3,/mnt/d/Music/_Duplicate_Quarantine/04 - Trigger.mp3
8035,keep,largest file in duplicate metadata group,in flames | reroute to remain | trigger,In Flames,Reroute To Remain,Trigger,7173268,/mnt/d/Music/_Sorted_By_Artist/In Flames/04 - Trigger (2).mp3,/mnt/d/Music/_Sorted_By_Artist/In Flames/04 - Trigger (2).mp3,
8058,quarantine,"same metadata artist, album, and title as kept file",in flames | reroute to remain | trigger,In Flames,Reroute To Remain,Trigger,4841198,/mnt/d/Music/_Sorted_By_Artist/In Flames/ZFWN.m4a,/mnt/d/Music/_Sorted_By_Artist/In Flames/04 - Trigger (2).mp3,/mnt/d/Music/_Duplicate_Quarantine/ZFWN.m4a
2982,quarantine,"same metadata artist, album, and title as kept file",in flames | the jester race/black-ash inheritance [bonus tracks | acoustic medley [instrumental,In Flames,The Jester Race/Black-Ash Inheritance [Bonus Tracks],Acoustic Medley [Instrumental],3691250,/mnt/d/Music/_Sorted_By_Artist/In Flames/13 - Acoustic Medley [Instrumental].mp3,/mnt/d/Music/_Sorted_By_Artist/In Flames/13 - Acoustic Medley [Instrumental] (2).mp3,/mnt/d/Music/_Duplicate_Quarantine/13 - Acoustic Medley [Instrumental].mp3
8095,keep,largest file in duplicate metadata group,in flames | the jester race/black-ash inheritance [bonus tracks | acoustic medley [instrumental,In Flames,The Jester Race/Black-Ash Inheritance [Bonus Tracks],Acoustic Medley [Instrumental],3691250,/mnt/d/Music/_Sorted_By_Artist/In Flames/13 - Acoustic Medley [Instrumental] (2).mp3,/mnt/d/Music/_Sorted_By_Artist/In Flames/13 - Acoustic Medley [Instrumental] (2).mp3,
2972,quarantine,"same metadata artist, album, and title as kept file",in flames | the jester race/black-ash inheritance [bonus tracks | artifacts of the black rain,In Flames,The Jester Race/Black-Ash Inheritance [Bonus Tracks],Artifacts Of The Black Rain,4694352,/mnt/d/Music/_Sorted_By_Artist/In Flames/03 - Artifacts Of The Black Rain.mp3,/mnt/d/Music/_Sorted_By_Artist/In Flames/03 - Artifacts Of The Black Rain (2).mp3,/mnt/d/Music/_Duplicate_Quarantine/03 - Artifacts Of The Black Rain.mp3
8085,keep,largest file in duplicate metadata group,in flames | the jester race/black-ash inheritance [bonus tracks | artifacts of the black rain,In Flames,The Jester Race/Black-Ash Inheritance [Bonus Tracks],Artifacts Of The Black Rain,4694352,/mnt/d/Music/_Sorted_By_Artist/In Flames/03 - Artifacts Of The Black Rain (2).mp3,/mnt/d/Music/_Sorted_By_Artist/In Flames/03 - Artifacts Of The Black Rain (2).mp3,
2983,quarantine,"same metadata artist, album, and title as kept file",in flames | the jester race/black-ash inheritance [bonus tracks | behind space [live,In Flames,The Jester Race/Black-Ash Inheritance [Bonus Tracks],Behind Space [Live],5207188,/mnt/d/Music/_Sorted_By_Artist/In Flames/14 - Behind Space [Live].mp3,/mnt/d/Music/_Sorted_By_Artist/In Flames/14 - Behind Space [Live] (2).mp3,/mnt/d/Music/_Duplicate_Quarantine/14 - Behind Space [Live].mp3
8096,keep,largest file in duplicate metadata group,in flames | the jester race/black-ash inheritance [bonus tracks | behind space [live,In Flames,The Jester Race/Black-Ash Inheritance [Bonus Tracks],Behind Space [Live],5207188,/mnt/d/Music/_Sorted_By_Artist/In Flames/14 - Behind Space [Live] (2).mp3,/mnt/d/Music/_Sorted_By_Artist/In Flames/14 - Behind Space [Live] (2).mp3,
2975,quarantine,"same metadata artist, album, and title as kept file",in flames | the jester race/black-ash inheritance [bonus tracks | dead eternity,In Flames,The Jester Race/Black-Ash Inheritance [Bonus Tracks],Dead Eternity,7244739,/mnt/d/Music/_Sorted_By_Artist/In Flames/06 - Dead Eternity.mp3,/mnt/d/Music/_Sorted_By_Artist/In Flames/06 - Dead Eternity (2).mp3,/mnt/d/Music/_Duplicate_Quarantine/06 - Dead Eternity.mp3
8088,keep,largest file in duplicate metadata group,in flames | the jester race/black-ash inheritance [bonus tracks | dead eternity,In Flames,The Jester Race/Black-Ash Inheritance [Bonus Tracks],Dead Eternity,7244739,/mnt/d/Music/_Sorted_By_Artist/In Flames/06 - Dead Eternity (2).mp3,/mnt/d/Music/_Sorted_By_Artist/In Flames/06 - Dead Eternity (2).mp3,
2979,quarantine,"same metadata artist, album, and title as kept file",in flames | the jester race/black-ash inheritance [bonus tracks | dead god in me,In Flames,The Jester Race/Black-Ash Inheritance [Bonus Tracks],Dead God In Me,6152612,/mnt/d/Music/_Sorted_By_Artist/In Flames/10 - Dead God In Me.mp3,/mnt/d/Music/_Sorted_By_Artist/In Flames/10 - Dead God In Me (2).mp3,/mnt/d/Music/_Duplicate_Quarantine/10 - Dead God In Me.mp3
8092,keep,largest file in duplicate metadata group,in flames | the jester race/black-ash inheritance [bonus tracks | dead god in me,In Flames,The Jester Race/Black-Ash Inheritance [Bonus Tracks],Dead God In Me,6152612,/mnt/d/Music/_Sorted_By_Artist/In Flames/10 - Dead God In Me (2).mp3,/mnt/d/Music/_Sorted_By_Artist/In Flames/10 - Dead God In Me (2).mp3,
2977,quarantine,"same metadata artist, album, and title as kept file",in flames | the jester race/black-ash inheritance [bonus tracks | december flower,In Flames,The Jester Race/Black-Ash Inheritance [Bonus Tracks],December Flower,6027851,/mnt/d/Music/_Sorted_By_Artist/In Flames/08 - December Flower.mp3,/mnt/d/Music/_Sorted_By_Artist/In Flames/08 - December Flower (2).mp3,/mnt/d/Music/_Duplicate_Quarantine/08 - December Flower.mp3
8090,keep,largest file in duplicate metadata group,in flames | the jester race/black-ash inheritance [bonus tracks | december flower,In Flames,The Jester Race/Black-Ash Inheritance [Bonus Tracks],December Flower,6027851,/mnt/d/Music/_Sorted_By_Artist/In Flames/08 - December Flower (2).mp3,/mnt/d/Music/_Sorted_By_Artist/In Flames/08 - December Flower (2).mp3,
2980,quarantine,"same metadata artist, album, and title as kept file",in flames | the jester race/black-ash inheritance [bonus tracks | goliaths disarm their davids,In Flames,The Jester Race/Black-Ash Inheritance [Bonus Tracks],Goliaths Disarm Their Davids,7119979,/mnt/d/Music/_Sorted_By_Artist/In Flames/11 - Goliaths Disarm Their Davids.mp3,/mnt/d/Music/_Sorted_By_Artist/In Flames/11 - Goliaths Disarm Their Davids (2).mp3,/mnt/d/Music/_Duplicate_Quarantine/11 - Goliaths Disarm Their Davids.mp3
8093,keep,largest file in duplicate metadata group,in flames | the jester race/black-ash inheritance [bonus tracks | goliaths disarm their davids,In Flames,The Jester Race/Black-Ash Inheritance [Bonus Tracks],Goliaths Disarm Their Davids,7119979,/mnt/d/Music/_Sorted_By_Artist/In Flames/11 - Goliaths Disarm Their Davids (2).mp3,/mnt/d/Music/_Sorted_By_Artist/In Flames/11 - Goliaths Disarm Their Davids (2).mp3,
2973,quarantine,"same metadata artist, album, and title as kept file",in flames | the jester race/black-ash inheritance [bonus tracks | graveland,In Flames,The Jester Race/Black-Ash Inheritance [Bonus Tracks],Graveland,4007855,/mnt/d/Music/_Sorted_By_Artist/In Flames/04 - Graveland.mp3,/mnt/d/Music/_Sorted_By_Artist/In Flames/04 - Graveland (2).mp3,/mnt/d/Music/_Duplicate_Quarantine/04 - Graveland.mp3
8086,keep,largest file in duplicate metadata group,in flames | the jester race/black-ash inheritance [bonus tracks | graveland,In Flames,The Jester Race/Black-Ash Inheritance [Bonus Tracks],Graveland,4007855,/mnt/d/Music/_Sorted_By_Artist/In Flames/04 - Graveland (2).mp3,/mnt/d/Music/_Sorted_By_Artist/In Flames/04 - Graveland (2).mp3,
2981,quarantine,"same metadata artist, album, and title as kept file",in flames | the jester race/black-ash inheritance [bonus tracks | gyroscope,In Flames,The Jester Race/Black-Ash Inheritance [Bonus Tracks],Gyroscope,4899988,/mnt/d/Music/_Sorted_By_Artist/In Flames/12 - Gyroscope.mp3,/mnt/d/Music/_Sorted_By_Artist/In Flames/12 - Gyroscope (2).mp3,/mnt/d/Music/_Duplicate_Quarantine/12 - Gyroscope.mp3
8094,keep,largest file in duplicate metadata group,in flames | the jester race/black-ash inheritance [bonus tracks | gyroscope,In Flames,The Jester Race/Black-Ash Inheritance [Bonus Tracks],Gyroscope,4899988,/mnt/d/Music/_Sorted_By_Artist/In Flames/12 - Gyroscope (2).mp3,/mnt/d/Music/_Sorted_By_Artist/In Flames/12 - Gyroscope (2).mp3,
2974,quarantine,"same metadata artist, album, and title as kept file",in flames | the jester race/black-ash inheritance [bonus tracks | lord hypnos,In Flames,The Jester Race/Black-Ash Inheritance [Bonus Tracks],Lord Hypnos,5791495,/mnt/d/Music/_Sorted_By_Artist/In Flames/05 - Lord Hypnos.mp3,/mnt/d/Music/_Sorted_By_Artist/In Flames/05 - Lord Hypnos (2).mp3,/mnt/d/Music/_Duplicate_Quarantine/05 - Lord Hypnos.mp3
8087,keep,largest file in duplicate metadata group,in flames | the jester race/black-ash inheritance [bonus tracks | lord hypnos,In Flames,The Jester Race/Black-Ash Inheritance [Bonus Tracks],Lord Hypnos,5791495,/mnt/d/Music/_Sorted_By_Artist/In Flames/05 - Lord Hypnos (2).mp3,/mnt/d/Music/_Sorted_By_Artist/In Flames/05 - Lord Hypnos (2).mp3,
2970,quarantine,"same metadata artist, album, and title as kept file",in flames | the jester race/black-ash inheritance [bonus tracks | moonshield,In Flames,The Jester Race/Black-Ash Inheritance [Bonus Tracks],Moonshield,7244739,/mnt/d/Music/_Sorted_By_Artist/In Flames/01 - Moonshield.mp3,/mnt/d/Music/_Sorted_By_Artist/In Flames/01 - Moonshield (2).mp3,/mnt/d/Music/_Duplicate_Quarantine/01 - Moonshield.mp3
8083,keep,largest file in duplicate metadata group,in flames | the jester race/black-ash inheritance [bonus tracks | moonshield,In Flames,The Jester Race/Black-Ash Inheritance [Bonus Tracks],Moonshield,7244739,/mnt/d/Music/_Sorted_By_Artist/In Flames/01 - Moonshield (2).mp3,/mnt/d/Music/_Sorted_By_Artist/In Flames/01 - Moonshield (2).mp3,
2976,quarantine,"same metadata artist, album, and title as kept file",in flames | the jester race/black-ash inheritance [bonus tracks | the jester race,In Flames,The Jester Race/Black-Ash Inheritance [Bonus Tracks],The Jester Race,6995218,/mnt/d/Music/_Sorted_By_Artist/In Flames/07 - The Jester Race.mp3,/mnt/d/Music/_Sorted_By_Artist/In Flames/07 - The Jester Race (2).mp3,/mnt/d/Music/_Duplicate_Quarantine/07 - The Jester Race.mp3
8089,keep,largest file in duplicate metadata group,in flames | the jester race/black-ash inheritance [bonus tracks | the jester race,In Flames,The Jester Race/Black-Ash Inheritance [Bonus Tracks],The Jester Race,6995218,/mnt/d/Music/_Sorted_By_Artist/In Flames/07 - The Jester Race (2).mp3,/mnt/d/Music/_Sorted_By_Artist/In Flames/07 - The Jester Race (2).mp3,
2971,quarantine,"same metadata artist, album, and title as kept file",in flames | the jester race/black-ash inheritance [bonus tracks | the jester's dance [instrumental,In Flames,The Jester Race/Black-Ash Inheritance [Bonus Tracks],The Jester's Dance [Instrumental],3107570,/mnt/d/Music/_Sorted_By_Artist/In Flames/02 - The Jester's Dance [Instrumental].mp3,/mnt/d/Music/_Sorted_By_Artist/In Flames/02 - The Jester's Dance [Instrumental] (2).mp3,/mnt/d/Music/_Duplicate_Quarantine/02 - The Jester's Dance [Instrumental].mp3
8084,keep,largest file in duplicate metadata group,in flames | the jester race/black-ash inheritance [bonus tracks | the jester's dance [instrumental,In Flames,The Jester Race/Black-Ash Inheritance [Bonus Tracks],The Jester's Dance [Instrumental],3107570,/mnt/d/Music/_Sorted_By_Artist/In Flames/02 - The Jester's Dance [Instrumental] (2).mp3,/mnt/d/Music/_Sorted_By_Artist/In Flames/02 - The Jester's Dance [Instrumental] (2).mp3,
2978,quarantine,"same metadata artist, album, and title as kept file",in flames | the jester race/black-ash inheritance [bonus tracks | wayfaerer [instrumental,In Flames,The Jester Race/Black-Ash Inheritance [Bonus Tracks],Wayfaerer [Instrumental],6750085,/mnt/d/Music/_Sorted_By_Artist/In Flames/09 - Wayfaerer [Instrumental].mp3,/mnt/d/Music/_Sorted_By_Artist/In Flames/09 - Wayfaerer [Instrumental] (2).mp3,/mnt/d/Music/_Duplicate_Quarantine/09 - Wayfaerer [Instrumental].mp3
8091,keep,largest file in duplicate metadata group,in flames | the jester race/black-ash inheritance [bonus tracks | wayfaerer [instrumental,In Flames,The Jester Race/Black-Ash Inheritance [Bonus Tracks],Wayfaerer [Instrumental],6750085,/mnt/d/Music/_Sorted_By_Artist/In Flames/09 - Wayfaerer [Instrumental] (2).mp3,/mnt/d/Music/_Sorted_By_Artist/In Flames/09 - Wayfaerer [Instrumental] (2).mp3,
2995,quarantine,"same metadata artist, album, and title as kept file",in flames | whoracle | clad in shadows 99,In Flames,Whoracle,Clad In Shadows 99,3446117,/mnt/d/Music/_Sorted_By_Artist/In Flames/12 - Clad In Shadows 99.mp3,/mnt/d/Music/_Sorted_By_Artist/In Flames/12 - Clad In Shadows 99 (2).mp3,/mnt/d/Music/_Duplicate_Quarantine/12 - Clad In Shadows 99.mp3
8123,keep,largest file in duplicate metadata group,in flames | whoracle | clad in shadows 99,In Flames,Whoracle,Clad In Shadows 99,3446117,/mnt/d/Music/_Sorted_By_Artist/In Flames/12 - Clad In Shadows 99 (2).mp3,/mnt/d/Music/_Sorted_By_Artist/In Flames/12 - Clad In Shadows 99 (2).mp3,
2987,quarantine,"same metadata artist, album, and title as kept file",in flames | whoracle | dialogue with the stars,In Flames,Whoracle,Dialogue With The Stars,4342640,/mnt/d/Music/_Sorted_By_Artist/In Flames/04 - Dialogue With The Stars.mp3,/mnt/d/Music/_Sorted_By_Artist/In Flames/04 - Dialogue With The Stars (2).mp3,/mnt/d/Music/_Duplicate_Quarantine/04 - Dialogue With The Stars.mp3
8115,keep,largest file in duplicate metadata group,in flames | whoracle | dialogue with the stars,In Flames,Whoracle,Dialogue With The Stars,4342640,/mnt/d/Music/_Sorted_By_Artist/In Flames/04 - Dialogue With The Stars (2).mp3,/mnt/d/Music/_Sorted_By_Artist/In Flames/04 - Dialogue With The Stars (2).mp3,
2992,quarantine,"same metadata artist, album, and title as kept file",in flames | whoracle | episode 666,In Flames,Whoracle,Episode 666,5434895,/mnt/d/Music/_Sorted_By_Artist/In Flames/09 - Episode 666.mp3,/mnt/d/Music/_Sorted_By_Artist/In Flames/09 - Episode 666 (2).mp3,/mnt/d/Music/_Duplicate_Quarantine/09 - Episode 666.mp3
8120,keep,largest file in duplicate metadata group,in flames | whoracle | episode 666,In Flames,Whoracle,Episode 666,5434895,/mnt/d/Music/_Sorted_By_Artist/In Flames/09 - Episode 666 (2).mp3,/mnt/d/Music/_Sorted_By_Artist/In Flames/09 - Episode 666 (2).mp3,
8127,quarantine,"same metadata artist, album, and title as kept file",in flames | whoracle | episode 666,In Flames,Whoracle,Episode 666,3354121,/mnt/d/Music/_Sorted_By_Artist/In Flames/JBVL.m4a,/mnt/d/Music/_Sorted_By_Artist/In Flames/09 - Episode 666 (2).mp3,/mnt/d/Music/_Duplicate_Quarantine/JBVL.m4a
2993,quarantine,"same metadata artist, album, and title as kept file",in flames | whoracle | everything counts,In Flames,Whoracle,Everything Counts,4743881,/mnt/d/Music/_Sorted_By_Artist/In Flames/10 - Everything Counts.mp3,/mnt/d/Music/_Sorted_By_Artist/In Flames/10 - Everything Counts (2).mp3,/mnt/d/Music/_Duplicate_Quarantine/10 - Everything Counts.mp3
8121,keep,largest file in duplicate metadata group,in flames | whoracle | everything counts,In Flames,Whoracle,Everything Counts,4743881,/mnt/d/Music/_Sorted_By_Artist/In Flames/10 - Everything Counts (2).mp3,/mnt/d/Music/_Sorted_By_Artist/In Flames/10 - Everything Counts (2).mp3,
8132,quarantine,"same metadata artist, album, and title as kept file",in flames | whoracle | everything counts,In Flames,Whoracle,Everything Counts,4239471,/mnt/d/Music/_Sorted_By_Artist/In Flames/UAUF.m4a,/mnt/d/Music/_Sorted_By_Artist/In Flames/10 - Everything Counts (2).mp3,/mnt/d/Music/_Duplicate_Quarantine/UAUF.m4a
2985,quarantine,"same metadata artist, album, and title as kept file",in flames | whoracle | food for the gods,In Flames,Whoracle,Food For The Gods,6281761,/mnt/d/Music/_Sorted_By_Artist/In Flames/02 - Food For The Gods.mp3,/mnt/d/Music/_Sorted_By_Artist/In Flames/02 - Food For The Gods (2).mp3,/mnt/d/Music/_Duplicate_Quarantine/02 - Food For The Gods.mp3
8113,keep,largest file in duplicate metadata group,in flames | whoracle | food for the gods,In Flames,Whoracle,Food For The Gods,6281761,/mnt/d/Music/_Sorted_By_Artist/In Flames/02 - Food For The Gods (2).mp3,/mnt/d/Music/_Sorted_By_Artist/In Flames/02 - Food For The Gods (2).mp3,
8133,quarantine,"same metadata artist, album, and title as kept file",in flames | whoracle | food for the gods,In Flames,Whoracle,Food For The Gods,3218581,/mnt/d/Music/_Sorted_By_Artist/In Flames/UWLJ.m4a,/mnt/d/Music/_Sorted_By_Artist/In Flames/02 - Food For The Gods (2).mp3,/mnt/d/Music/_Duplicate_Quarantine/UWLJ.m4a
2986,quarantine,"same metadata artist, album, and title as kept file",in flames | whoracle | gyroscope,In Flames,Whoracle,Gyroscope,4957667,/mnt/d/Music/_Sorted_By_Artist/In Flames/03 - Gyroscope.mp3,/mnt/d/Music/_Sorted_By_Artist/In Flames/03 - Gyroscope (2).mp3,/mnt/d/Music/_Duplicate_Quarantine/03 - Gyroscope.mp3
8114,keep,largest file in duplicate metadata group,in flames | whoracle | gyroscope,In Flames,Whoracle,Gyroscope,4957667,/mnt/d/Music/_Sorted_By_Artist/In Flames/03 - Gyroscope (2).mp3,/mnt/d/Music/_Sorted_By_Artist/In Flames/03 - Gyroscope (2).mp3,
8130,quarantine,"same metadata artist, album, and title as kept file",in flames | whoracle | gyroscope,In Flames,Whoracle,Gyroscope,3634505,/mnt/d/Music/_Sorted_By_Artist/In Flames/MMSI.m4a,/mnt/d/Music/_Sorted_By_Artist/In Flames/03 - Gyroscope (2).mp3,/mnt/d/Music/_Duplicate_Quarantine/MMSI.m4a
2989,quarantine,"same metadata artist, album, and title as kept file",in flames | whoracle | jester script transfigured,In Flames,Whoracle,Jester Script Transfigured,8328090,/mnt/d/Music/_Sorted_By_Artist/In Flames/06 - Jester Script Transfigured.mp3,/mnt/d/Music/_Sorted_By_Artist/In Flames/06 - Jester Script Transfigured (2).mp3,/mnt/d/Music/_Duplicate_Quarantine/06 - Jester Script Transfigured.mp3
8117,keep,largest file in duplicate metadata group,in flames | whoracle | jester script transfigured,In Flames,Whoracle,Jester Script Transfigured,8328090,/mnt/d/Music/_Sorted_By_Artist/In Flames/06 - Jester Script Transfigured (2).mp3,/mnt/d/Music/_Sorted_By_Artist/In Flames/06 - Jester Script Transfigured (2).mp3,
8134,quarantine,"same metadata artist, album, and title as kept file",in flames | whoracle | jester script transfigured,In Flames,Whoracle,Jester Script Transfigured,5609665,/mnt/d/Music/_Sorted_By_Artist/In Flames/YYFS.m4a,/mnt/d/Music/_Sorted_By_Artist/In Flames/06 - Jester Script Transfigured (2).mp3,/mnt/d/Music/_Duplicate_Quarantine/YYFS.m4a
2984,quarantine,"same metadata artist, album, and title as kept file",in flames | whoracle | jotun,In Flames,Whoracle,Jotun,5626610,/mnt/d/Music/_Sorted_By_Artist/In Flames/01 - Jotun.mp3,/mnt/d/Music/_Sorted_By_Artist/In Flames/01 - Jotun (2).mp3,/mnt/d/Music/_Duplicate_Quarantine/01 - Jotun.mp3
8112,keep,largest file in duplicate metadata group,in flames | whoracle | jotun,In Flames,Whoracle,Jotun,5626610,/mnt/d/Music/_Sorted_By_Artist/In Flames/01 - Jotun (2).mp3,/mnt/d/Music/_Sorted_By_Artist/In Flames/01 - Jotun (2).mp3,
8125,quarantine,"same metadata artist, album, and title as kept file",in flames | whoracle | jotun,In Flames,Whoracle,Jotun,2675988,/mnt/d/Music/_Sorted_By_Artist/In Flames/FYOK.m4a,/mnt/d/Music/_Sorted_By_Artist/In Flames/01 - Jotun (2).mp3,/mnt/d/Music/_Duplicate_Quarantine/FYOK.m4a
2990,quarantine,"same metadata artist, album, and title as kept file",in flames | whoracle | morphing into primal,In Flames,Whoracle,Morphing Into Primal,4463012,/mnt/d/Music/_Sorted_By_Artist/In Flames/07 - Morphing Into Primal.mp3,/mnt/d/Music/_Sorted_By_Artist/In Flames/07 - Morphing Into Primal (2).mp3,/mnt/d/Music/_Duplicate_Quarantine/07 - Morphing Into Primal.mp3
8118,keep,largest file in duplicate metadata group,in flames | whoracle | morphing into primal,In Flames,Whoracle,Morphing Into Primal,4463012,/mnt/d/Music/_Sorted_By_Artist/In Flames/07 - Morphing Into Primal (2).mp3,/mnt/d/Music/_Sorted_By_Artist/In Flames/07 - Morphing Into Primal (2).mp3,
8131,quarantine,"same metadata artist, album, and title as kept file",in flames | whoracle | morphing into primal,In Flames,Whoracle,Morphing Into Primal,2926221,/mnt/d/Music/_Sorted_By_Artist/In Flames/OCIC.m4a,/mnt/d/Music/_Sorted_By_Artist/In Flames/07 - Morphing Into Primal (2).mp3,/mnt/d/Music/_Duplicate_Quarantine/OCIC.m4a
2988,quarantine,"same metadata artist, album, and title as kept file",in flames | whoracle | the hive,In Flames,Whoracle,The Hive,5853562,/mnt/d/Music/_Sorted_By_Artist/In Flames/05 - The Hive.mp3,/mnt/d/Music/_Sorted_By_Artist/In Flames/05 - The Hive (2).mp3,/mnt/d/Music/_Duplicate_Quarantine/05 - The Hive.mp3
8116,keep,largest file in duplicate metadata group,in flames | whoracle | the hive,In Flames,Whoracle,The Hive,5853562,/mnt/d/Music/_Sorted_By_Artist/In Flames/05 - The Hive (2).mp3,/mnt/d/Music/_Sorted_By_Artist/In Flames/05 - The Hive (2).mp3,
8128,quarantine,"same metadata artist, album, and title as kept file",in flames | whoracle | the hive,In Flames,Whoracle,The Hive,4964714,/mnt/d/Music/_Sorted_By_Artist/In Flames/KUKT.m4a,/mnt/d/Music/_Sorted_By_Artist/In Flames/05 - The Hive (2).mp3,/mnt/d/Music/_Duplicate_Quarantine/KUKT.m4a
2994,quarantine,"same metadata artist, album, and title as kept file",in flames | whoracle | whoracle,In Flames,Whoracle,Whoracle,3958953,/mnt/d/Music/_Sorted_By_Artist/In Flames/11 - Whoracle.mp3,/mnt/d/Music/_Sorted_By_Artist/In Flames/11 - Whoracle (2).mp3,/mnt/d/Music/_Duplicate_Quarantine/11 - Whoracle.mp3
8122,keep,largest file in duplicate metadata group,in flames | whoracle | whoracle,In Flames,Whoracle,Whoracle,3958953,/mnt/d/Music/_Sorted_By_Artist/In Flames/11 - Whoracle (2).mp3,/mnt/d/Music/_Sorted_By_Artist/In Flames/11 - Whoracle (2).mp3,
8124,quarantine,"same metadata artist, album, and title as kept file",in flames | whoracle | whoracle,In Flames,Whoracle,Whoracle,3798998,/mnt/d/Music/_Sorted_By_Artist/In Flames/BWCA.m4a,/mnt/d/Music/_Sorted_By_Artist/In Flames/11 - Whoracle (2).mp3,/mnt/d/Music/_Duplicate_Quarantine/BWCA.m4a
2991,quarantine,"same metadata artist, album, and title as kept file",in flames | whoracle | worlds within the margin,In Flames,Whoracle,Worlds Within The Margin,7347557,/mnt/d/Music/_Sorted_By_Artist/In Flames/08 - Worlds Within The Margin.mp3,/mnt/d/Music/_Sorted_By_Artist/In Flames/08 - Worlds Within The Margin (2).mp3,/mnt/d/Music/_Duplicate_Quarantine/08 - Worlds Within The Margin.mp3
8119,keep,largest file in duplicate metadata group,in flames | whoracle | worlds within the margin,In Flames,Whoracle,Worlds Within The Margin,7347557,/mnt/d/Music/_Sorted_By_Artist/In Flames/08 - Worlds Within The Margin (2).mp3,/mnt/d/Music/_Sorted_By_Artist/In Flames/08 - Worlds Within The Margin (2).mp3,
8126,quarantine,"same metadata artist, album, and title as kept file",in flames | whoracle | worlds within the margin,In Flames,Whoracle,Worlds Within The Margin,3952855,/mnt/d/Music/_Sorted_By_Artist/In Flames/GUBX.m4a,/mnt/d/Music/_Sorted_By_Artist/In Flames/08 - Worlds Within The Margin (2).mp3,/mnt/d/Music/_Duplicate_Quarantine/GUBX.m4a
3008,quarantine,"same metadata artist, album, and title as kept file",jimi hendrix | are you experienced | 51st anniversary,Jimi Hendrix,Are You Experienced?,51st Anniversary,4676798,/mnt/d/Music/_Sorted_By_Artist/Jimi Hendrix/13 - 51st Anniversary.mp3,/mnt/d/Music/_Sorted_By_Artist/Jimi Hendrix/13 - 51st Anniversary (2).mp3,/mnt/d/Music/_Duplicate_Quarantine/13 - 51st Anniversary.mp3
8277,keep,largest file in duplicate metadata group,jimi hendrix | are you experienced | 51st anniversary,Jimi Hendrix,Are You Experienced?,51st Anniversary,4676798,/mnt/d/Music/_Sorted_By_Artist/Jimi Hendrix/13 - 51st Anniversary (2).mp3,/mnt/d/Music/_Sorted_By_Artist/Jimi Hendrix/13 - 51st Anniversary (2).mp3,
3006,quarantine,"same metadata artist, album, and title as kept file",jimi hendrix | are you experienced | are you experienced,Jimi Hendrix,Are You Experienced?,Are You Experienced?,4739492,/mnt/d/Music/_Sorted_By_Artist/Jimi Hendrix/11 - Are You Experienced-.mp3,/mnt/d/Music/_Sorted_By_Artist/Jimi Hendrix/11 - Are You Experienced- (2).mp3,/mnt/d/Music/_Duplicate_Quarantine/11 - Are You Experienced-.mp3
8275,keep,largest file in duplicate metadata group,jimi hendrix | are you experienced | are you experienced,Jimi Hendrix,Are You Experienced?,Are You Experienced?,4739492,/mnt/d/Music/_Sorted_By_Artist/Jimi Hendrix/11 - Are You Experienced- (2).mp3,/mnt/d/Music/_Sorted_By_Artist/Jimi Hendrix/11 - Are You Experienced- (2).mp3,
3010,quarantine,"same metadata artist, album, and title as kept file",jimi hendrix | are you experienced | can you see me,Jimi Hendrix,Are You Experienced?,Can You See Me,9870359,/mnt/d/Music/_Sorted_By_Artist/Jimi Hendrix/15 - Can You See Me.mp3,/mnt/d/Music/_Sorted_By_Artist/Jimi Hendrix/15 - Can You See Me (2).mp3,/mnt/d/Music/_Duplicate_Quarantine/15 - Can You See Me.mp3
8279,keep,largest file in duplicate metadata group,jimi hendrix | are you experienced | can you see me,Jimi Hendrix,Are You Experienced?,Can You See Me,9870359,/mnt/d/Music/_Sorted_By_Artist/Jimi Hendrix/15 - Can You See Me (2).mp3,/mnt/d/Music/_Sorted_By_Artist/Jimi Hendrix/15 - Can You See Me (2).mp3,
3003,quarantine,"same metadata artist, album, and title as kept file",jimi hendrix | are you experienced | fire,Jimi Hendrix,Are You Experienced?,Fire,5452321,/mnt/d/Music/_Sorted_By_Artist/Jimi Hendrix/08 - Fire.mp3,/mnt/d/Music/_Sorted_By_Artist/Jimi Hendrix/08 - Fire (2).mp3,/mnt/d/Music/_Duplicate_Quarantine/08 - Fire.mp3
8272,keep,largest file in duplicate metadata group,jimi hendrix | are you experienced | fire,Jimi Hendrix,Are You Experienced?,Fire,5452321,/mnt/d/Music/_Sorted_By_Artist/Jimi Hendrix/08 - Fire (2).mp3,/mnt/d/Music/_Sorted_By_Artist/Jimi Hendrix/08 - Fire (2).mp3,
3005,quarantine,"same metadata artist, album, and title as kept file",jimi hendrix | are you experienced | foxy lady,Jimi Hendrix,Are You Experienced?,Foxy Lady,3749556,/mnt/d/Music/_Sorted_By_Artist/Jimi Hendrix/10 - Foxy Lady.mp3,/mnt/d/Music/_Sorted_By_Artist/Jimi Hendrix/10 - Foxy Lady (2).mp3,/mnt/d/Music/_Duplicate_Quarantine/10 - Foxy Lady.mp3
8274,keep,largest file in duplicate metadata group,jimi hendrix | are you experienced | foxy lady,Jimi Hendrix,Are You Experienced?,Foxy Lady,3749556,/mnt/d/Music/_Sorted_By_Artist/Jimi Hendrix/10 - Foxy Lady (2).mp3,/mnt/d/Music/_Sorted_By_Artist/Jimi Hendrix/10 - Foxy Lady (2).mp3,
2998,quarantine,"same metadata artist, album, and title as kept file",jimi hendrix | are you experienced | hey joe,Jimi Hendrix,Are You Experienced?,Hey Joe,4208475,/mnt/d/Music/_Sorted_By_Artist/Jimi Hendrix/03 - Hey Joe.mp3,/mnt/d/Music/_Sorted_By_Artist/Jimi Hendrix/03 - Hey Joe (2).mp3,/mnt/d/Music/_Duplicate_Quarantine/03 - Hey Joe.mp3
8267,keep,largest file in duplicate metadata group,jimi hendrix | are you experienced | hey joe,Jimi Hendrix,Are You Experienced?,Hey Joe,4208475,/mnt/d/Music/_Sorted_By_Artist/Jimi Hendrix/03 - Hey Joe (2).mp3,/mnt/d/Music/_Sorted_By_Artist/Jimi Hendrix/03 - Hey Joe (2).mp3,
3009,quarantine,"same metadata artist, album, and title as kept file",jimi hendrix | are you experienced | highway chile,Jimi Hendrix,Are You Experienced?,Highway Chile,4030424,/mnt/d/Music/_Sorted_By_Artist/Jimi Hendrix/14 - Highway Chile.mp3,/mnt/d/Music/_Sorted_By_Artist/Jimi Hendrix/14 - Highway Chile (2).mp3,/mnt/d/Music/_Duplicate_Quarantine/14 - Highway Chile.mp3
8278,keep,largest file in duplicate metadata group,jimi hendrix | are you experienced | highway chile,Jimi Hendrix,Are You Experienced?,Highway Chile,4030424,/mnt/d/Music/_Sorted_By_Artist/Jimi Hendrix/14 - Highway Chile (2).mp3,/mnt/d/Music/_Sorted_By_Artist/Jimi Hendrix/14 - Highway Chile (2).mp3,
3001,quarantine,"same metadata artist, album, and title as kept file",jimi hendrix | are you experienced | i don't live today,Jimi Hendrix,Are You Experienced?,I Don't Live Today,5175841,/mnt/d/Music/_Sorted_By_Artist/Jimi Hendrix/06 - I Don't Live Today.mp3,/mnt/d/Music/_Sorted_By_Artist/Jimi Hendrix/06 - I Don't Live Today (2).mp3,/mnt/d/Music/_Duplicate_Quarantine/06 - I Don't Live Today.mp3
8270,keep,largest file in duplicate metadata group,jimi hendrix | are you experienced | i don't live today,Jimi Hendrix,Are You Experienced?,I Don't Live Today,5175841,/mnt/d/Music/_Sorted_By_Artist/Jimi Hendrix/06 - I Don't Live Today (2).mp3,/mnt/d/Music/_Sorted_By_Artist/Jimi Hendrix/06 - I Don't Live Today (2).mp3,
2999,quarantine,"same metadata artist, album, and title as kept file",jimi hendrix | are you experienced | love or confusion,Jimi Hendrix,Are You Experienced?,Love Or Confusion,4770212,/mnt/d/Music/_Sorted_By_Artist/Jimi Hendrix/04 - Love Or Confusion.mp3,/mnt/d/Music/_Sorted_By_Artist/Jimi Hendrix/04 - Love Or Confusion (2).mp3,/mnt/d/Music/_Duplicate_Quarantine/04 - Love Or Confusion.mp3
8268,keep,largest file in duplicate metadata group,jimi hendrix | are you experienced | love or confusion,Jimi Hendrix,Are You Experienced?,Love Or Confusion,4770212,/mnt/d/Music/_Sorted_By_Artist/Jimi Hendrix/04 - Love Or Confusion (2).mp3,/mnt/d/Music/_Sorted_By_Artist/Jimi Hendrix/04 - Love Or Confusion (2).mp3,
2997,quarantine,"same metadata artist, album, and title as kept file",jimi hendrix | are you experienced | manic depression,Jimi Hendrix,Are You Experienced?,Manic Depression,5274271,/mnt/d/Music/_Sorted_By_Artist/Jimi Hendrix/02 - Manic Depression.mp3,/mnt/d/Music/_Sorted_By_Artist/Jimi Hendrix/02 - Manic Depression (2).mp3,/mnt/d/Music/_Duplicate_Quarantine/02 - Manic Depression.mp3
8266,keep,largest file in duplicate metadata group,jimi hendrix | are you experienced | manic depression,Jimi Hendrix,Are You Experienced?,Manic Depression,5274271,/mnt/d/Music/_Sorted_By_Artist/Jimi Hendrix/02 - Manic Depression (2).mp3,/mnt/d/Music/_Sorted_By_Artist/Jimi Hendrix/02 - Manic Depression (2).mp3,
3000,quarantine,"same metadata artist, album, and title as kept file",jimi hendrix | are you experienced | may this be love,Jimi Hendrix,Are You Experienced?,May This Be Love,4921931,/mnt/d/Music/_Sorted_By_Artist/Jimi Hendrix/05 - May This Be Love.mp3,/mnt/d/Music/_Sorted_By_Artist/Jimi Hendrix/05 - May This Be Love (2).mp3,/mnt/d/Music/_Duplicate_Quarantine/05 - May This Be Love.mp3
8269,keep,largest file in duplicate metadata group,jimi hendrix | are you experienced | may this be love,Jimi Hendrix,Are You Experienced?,May This Be Love,4921931,/mnt/d/Music/_Sorted_By_Artist/Jimi Hendrix/05 - May This Be Love (2).mp3,/mnt/d/Music/_Sorted_By_Artist/Jimi Hendrix/05 - May This Be Love (2).mp3,
2996,quarantine,"same metadata artist, album, and title as kept file",jimi hendrix | are you experienced | purple haze,Jimi Hendrix,Are You Experienced?,Purple Haze,5162676,/mnt/d/Music/_Sorted_By_Artist/Jimi Hendrix/01 - Purple Haze.mp3,/mnt/d/Music/_Sorted_By_Artist/Jimi Hendrix/01 - Purple Haze (2).mp3,/mnt/d/Music/_Duplicate_Quarantine/01 - Purple Haze.mp3
8265,keep,largest file in duplicate metadata group,jimi hendrix | are you experienced | purple haze,Jimi Hendrix,Are You Experienced?,Purple Haze,5162676,/mnt/d/Music/_Sorted_By_Artist/Jimi Hendrix/01 - Purple Haze (2).mp3,/mnt/d/Music/_Sorted_By_Artist/Jimi Hendrix/01 - Purple Haze (2).mp3,
3012,quarantine,"same metadata artist, album, and title as kept file",jimi hendrix | are you experienced | red house,Jimi Hendrix,Are You Experienced?,Red House,6178944,/mnt/d/Music/_Sorted_By_Artist/Jimi Hendrix/17 - Red House.mp3,/mnt/d/Music/_Sorted_By_Artist/Jimi Hendrix/17 - Red House (2).mp3,/mnt/d/Music/_Duplicate_Quarantine/17 - Red House.mp3
8281,keep,largest file in duplicate metadata group,jimi hendrix | are you experienced | red house,Jimi Hendrix,Are You Experienced?,Red House,6178944,/mnt/d/Music/_Sorted_By_Artist/Jimi Hendrix/17 - Red House (2).mp3,/mnt/d/Music/_Sorted_By_Artist/Jimi Hendrix/17 - Red House (2).mp3,
3011,quarantine,"same metadata artist, album, and title as kept file",jimi hendrix | are you experienced | remember,Jimi Hendrix,Are You Experienced?,Remember,4177755,/mnt/d/Music/_Sorted_By_Artist/Jimi Hendrix/16 - Remember.mp3,/mnt/d/Music/_Sorted_By_Artist/Jimi Hendrix/16 - Remember (2).mp3,/mnt/d/Music/_Duplicate_Quarantine/16 - Remember.mp3
8280,keep,largest file in duplicate metadata group,jimi hendrix | are you experienced | remember,Jimi Hendrix,Are You Experienced?,Remember,4177755,/mnt/d/Music/_Sorted_By_Artist/Jimi Hendrix/16 - Remember (2).mp3,/mnt/d/Music/_Sorted_By_Artist/Jimi Hendrix/16 - Remember (2).mp3,
3007,quarantine,"same metadata artist, album, and title as kept file",jimi hendrix | are you experienced | stone free,Jimi Hendrix,Are You Experienced?,Stone Free,5720024,/mnt/d/Music/_Sorted_By_Artist/Jimi Hendrix/12 - Stone Free.mp3,/mnt/d/Music/_Sorted_By_Artist/Jimi Hendrix/12 - Stone Free (2).mp3,/mnt/d/Music/_Duplicate_Quarantine/12 - Stone Free.mp3
8276,keep,largest file in duplicate metadata group,jimi hendrix | are you experienced | stone free,Jimi Hendrix,Are You Experienced?,Stone Free,5720024,/mnt/d/Music/_Sorted_By_Artist/Jimi Hendrix/12 - Stone Free (2).mp3,/mnt/d/Music/_Sorted_By_Artist/Jimi Hendrix/12 - Stone Free (2).mp3,
3002,quarantine,"same metadata artist, album, and title as kept file",jimi hendrix | are you experienced | the wind cries mary,Jimi Hendrix,Are You Experienced?,The Wind Cries Mary,4868641,/mnt/d/Music/_Sorted_By_Artist/Jimi Hendrix/07 - The Wind Cries Mary.mp3,/mnt/d/Music/_Sorted_By_Artist/Jimi Hendrix/07 - The Wind Cries Mary (2).mp3,/mnt/d/Music/_Duplicate_Quarantine/07 - The Wind Cries Mary.mp3
8271,keep,largest file in duplicate metadata group,jimi hendrix | are you experienced | the wind cries mary,Jimi Hendrix,Are You Experienced?,The Wind Cries Mary,4868641,/mnt/d/Music/_Sorted_By_Artist/Jimi Hendrix/07 - The Wind Cries Mary (2).mp3,/mnt/d/Music/_Sorted_By_Artist/Jimi Hendrix/07 - The Wind Cries Mary (2).mp3,
3004,quarantine,"same metadata artist, album, and title as kept file",jimi hendrix | are you experienced | third stone from the sun,Jimi Hendrix,Are You Experienced?,Third Stone From The Sun,5612818,/mnt/d/Music/_Sorted_By_Artist/Jimi Hendrix/09 - Third Stone From The Sun.mp3,/mnt/d/Music/_Sorted_By_Artist/Jimi Hendrix/09 - Third Stone From The Sun (2).mp3,/mnt/d/Music/_Duplicate_Quarantine/09 - Third Stone From The Sun.mp3
8273,keep,largest file in duplicate metadata group,jimi hendrix | are you experienced | third stone from the sun,Jimi Hendrix,Are You Experienced?,Third Stone From The Sun,5612818,/mnt/d/Music/_Sorted_By_Artist/Jimi Hendrix/09 - Third Stone From The Sun (2).mp3,/mnt/d/Music/_Sorted_By_Artist/Jimi Hendrix/09 - Third Stone From The Sun (2).mp3,
3022,quarantine,"same metadata artist, album, and title as kept file",katatonia | katatonia | sweet nurse,katatonia,katatonia,Sweet nurse,5662346,/mnt/d/Music/_Sorted_By_Artist/katatonia/10 - Track 10.mp3,/mnt/d/Music/_Sorted_By_Artist/katatonia/10 - Track 10 (2).mp3,/mnt/d/Music/_Duplicate_Quarantine/10 - Track 10.mp3
8362,keep,largest file in duplicate metadata group,katatonia | katatonia | sweet nurse,katatonia,katatonia,Sweet nurse,5662346,/mnt/d/Music/_Sorted_By_Artist/katatonia/10 - Track 10 (2).mp3,/mnt/d/Music/_Sorted_By_Artist/katatonia/10 - Track 10 (2).mp3,
3013,quarantine,"same metadata artist, album, and title as kept file",katatonia | katatonia | track 1,katatonia,katatonia,Track 1,4904377,/mnt/d/Music/_Sorted_By_Artist/katatonia/01 - Track 1.mp3,/mnt/d/Music/_Sorted_By_Artist/katatonia/01 - Track 1 (2).mp3,/mnt/d/Music/_Duplicate_Quarantine/01 - Track 1.mp3
8353,keep,largest file in duplicate metadata group,katatonia | katatonia | track 1,katatonia,katatonia,Track 1,4904377,/mnt/d/Music/_Sorted_By_Artist/katatonia/01 - Track 1 (2).mp3,/mnt/d/Music/_Sorted_By_Artist/katatonia/01 - Track 1 (2).mp3,
3023,quarantine,"same metadata artist, album, and title as kept file",katatonia | katatonia | track 11,katatonia,katatonia,Track 11,8287966,/mnt/d/Music/_Sorted_By_Artist/katatonia/11 - Track 11.mp3,/mnt/d/Music/_Sorted_By_Artist/katatonia/11 - Track 11 (2).mp3,/mnt/d/Music/_Duplicate_Quarantine/11 - Track 11.mp3
8363,keep,largest file in duplicate metadata group,katatonia | katatonia | track 11,katatonia,katatonia,Track 11,8287966,/mnt/d/Music/_Sorted_By_Artist/katatonia/11 - Track 11 (2).mp3,/mnt/d/Music/_Sorted_By_Artist/katatonia/11 - Track 11 (2).mp3,
3024,quarantine,"same metadata artist, album, and title as kept file",katatonia | katatonia | track 12,katatonia,katatonia,Track 12,2844256,/mnt/d/Music/_Sorted_By_Artist/katatonia/12 - Track 12.mp3,/mnt/d/Music/_Sorted_By_Artist/katatonia/12 - Track 12 (2).mp3,/mnt/d/Music/_Duplicate_Quarantine/12 - Track 12.mp3
8364,keep,largest file in duplicate metadata group,katatonia | katatonia | track 12,katatonia,katatonia,Track 12,2844256,/mnt/d/Music/_Sorted_By_Artist/katatonia/12 - Track 12 (2).mp3,/mnt/d/Music/_Sorted_By_Artist/katatonia/12 - Track 12 (2).mp3,
3025,quarantine,"same metadata artist, album, and title as kept file",katatonia | katatonia | track 13,katatonia,katatonia,Track 13,6294927,/mnt/d/Music/_Sorted_By_Artist/katatonia/13 - Track 13.mp3,/mnt/d/Music/_Sorted_By_Artist/katatonia/13 - Track 13 (2).mp3,/mnt/d/Music/_Duplicate_Quarantine/13 - Track 13.mp3
8365,keep,largest file in duplicate metadata group,katatonia | katatonia | track 13,katatonia,katatonia,Track 13,6294927,/mnt/d/Music/_Sorted_By_Artist/katatonia/13 - Track 13 (2).mp3,/mnt/d/Music/_Sorted_By_Artist/katatonia/13 - Track 13 (2).mp3,
3026,quarantine,"same metadata artist, album, and title as kept file",katatonia | katatonia | track 14,katatonia,katatonia,Track 14,5992116,/mnt/d/Music/_Sorted_By_Artist/katatonia/14 - Track 14.mp3,/mnt/d/Music/_Sorted_By_Artist/katatonia/14 - Track 14 (2).mp3,/mnt/d/Music/_Duplicate_Quarantine/14 - Track 14.mp3
8366,keep,largest file in duplicate metadata group,katatonia | katatonia | track 14,katatonia,katatonia,Track 14,5992116,/mnt/d/Music/_Sorted_By_Artist/katatonia/14 - Track 14 (2).mp3,/mnt/d/Music/_Sorted_By_Artist/katatonia/14 - Track 14 (2).mp3,
3027,quarantine,"same metadata artist, album, and title as kept file",katatonia | katatonia | track 15,katatonia,katatonia,Track 15,5800272,/mnt/d/Music/_Sorted_By_Artist/katatonia/15 - Track 15.mp3,/mnt/d/Music/_Sorted_By_Artist/katatonia/15 - Track 15 (2).mp3,/mnt/d/Music/_Duplicate_Quarantine/15 - Track 15.mp3
8367,keep,largest file in duplicate metadata group,katatonia | katatonia | track 15,katatonia,katatonia,Track 15,5800272,/mnt/d/Music/_Sorted_By_Artist/katatonia/15 - Track 15 (2).mp3,/mnt/d/Music/_Sorted_By_Artist/katatonia/15 - Track 15 (2).mp3,
3014,quarantine,"same metadata artist, album, and title as kept file",katatonia | katatonia | track 2,katatonia,katatonia,Track 2,8568834,/mnt/d/Music/_Sorted_By_Artist/katatonia/02 - Track 2.mp3,/mnt/d/Music/_Sorted_By_Artist/katatonia/02 - Track 2 (2).mp3,/mnt/d/Music/_Duplicate_Quarantine/02 - Track 2.mp3
8354,keep,largest file in duplicate metadata group,katatonia | katatonia | track 2,katatonia,katatonia,Track 2,8568834,/mnt/d/Music/_Sorted_By_Artist/katatonia/02 - Track 2 (2).mp3,/mnt/d/Music/_Sorted_By_Artist/katatonia/02 - Track 2 (2).mp3,
3015,quarantine,"same metadata artist, album, and title as kept file",katatonia | katatonia | track 3,katatonia,katatonia,Track 3,7538774,/mnt/d/Music/_Sorted_By_Artist/katatonia/03 - Track 3.mp3,/mnt/d/Music/_Sorted_By_Artist/katatonia/03 - Track 3 (2).mp3,/mnt/d/Music/_Duplicate_Quarantine/03 - Track 3.mp3
8355,keep,largest file in duplicate metadata group,katatonia | katatonia | track 3,katatonia,katatonia,Track 3,7538774,/mnt/d/Music/_Sorted_By_Artist/katatonia/03 - Track 3 (2).mp3,/mnt/d/Music/_Sorted_By_Artist/katatonia/03 - Track 3 (2).mp3,
3016,quarantine,"same metadata artist, album, and title as kept file",katatonia | katatonia | track 4,katatonia,katatonia,Track 4,4110672,/mnt/d/Music/_Sorted_By_Artist/katatonia/04 - Track 4.mp3,/mnt/d/Music/_Sorted_By_Artist/katatonia/04 - Track 4 (2).mp3,/mnt/d/Music/_Duplicate_Quarantine/04 - Track 4.mp3
8356,keep,largest file in duplicate metadata group,katatonia | katatonia | track 4,katatonia,katatonia,Track 4,4110672,/mnt/d/Music/_Sorted_By_Artist/katatonia/04 - Track 4 (2).mp3,/mnt/d/Music/_Sorted_By_Artist/katatonia/04 - Track 4 (2).mp3,
3017,quarantine,"same metadata artist, album, and title as kept file",katatonia | katatonia | track 5,katatonia,katatonia,Track 5,8069791,/mnt/d/Music/_Sorted_By_Artist/katatonia/05 - Track 5.mp3,/mnt/d/Music/_Sorted_By_Artist/katatonia/05 - Track 5 (2).mp3,/mnt/d/Music/_Duplicate_Quarantine/05 - Track 5.mp3
8357,keep,largest file in duplicate metadata group,katatonia | katatonia | track 5,katatonia,katatonia,Track 5,8069791,/mnt/d/Music/_Sorted_By_Artist/katatonia/05 - Track 5 (2).mp3,/mnt/d/Music/_Sorted_By_Artist/katatonia/05 - Track 5 (2).mp3,
3018,quarantine,"same metadata artist, album, and title as kept file",katatonia | katatonia | track 6,katatonia,katatonia,Track 6,6232860,/mnt/d/Music/_Sorted_By_Artist/katatonia/06 - Track 6.mp3,/mnt/d/Music/_Sorted_By_Artist/katatonia/06 - Track 6 (2).mp3,/mnt/d/Music/_Duplicate_Quarantine/06 - Track 6.mp3
8358,keep,largest file in duplicate metadata group,katatonia | katatonia | track 6,katatonia,katatonia,Track 6,6232860,/mnt/d/Music/_Sorted_By_Artist/katatonia/06 - Track 6 (2).mp3,/mnt/d/Music/_Sorted_By_Artist/katatonia/06 - Track 6 (2).mp3,
3019,quarantine,"same metadata artist, album, and title as kept file",katatonia | katatonia | track 7,katatonia,katatonia,Track 7,6344455,/mnt/d/Music/_Sorted_By_Artist/katatonia/07 - Track 7.mp3,/mnt/d/Music/_Sorted_By_Artist/katatonia/07 - Track 7 (2).mp3,/mnt/d/Music/_Duplicate_Quarantine/07 - Track 7.mp3
8359,keep,largest file in duplicate metadata group,katatonia | katatonia | track 7,katatonia,katatonia,Track 7,6344455,/mnt/d/Music/_Sorted_By_Artist/katatonia/07 - Track 7 (2).mp3,/mnt/d/Music/_Sorted_By_Artist/katatonia/07 - Track 7 (2).mp3,
3020,quarantine,"same metadata artist, album, and title as kept file",katatonia | katatonia | track 8,katatonia,katatonia,Track 8,8176370,/mnt/d/Music/_Sorted_By_Artist/katatonia/08 - Track 8.mp3,/mnt/d/Music/_Sorted_By_Artist/katatonia/08 - Track 8 (2).mp3,/mnt/d/Music/_Duplicate_Quarantine/08 - Track 8.mp3
8360,keep,largest file in duplicate metadata group,katatonia | katatonia | track 8,katatonia,katatonia,Track 8,8176370,/mnt/d/Music/_Sorted_By_Artist/katatonia/08 - Track 8 (2).mp3,/mnt/d/Music/_Sorted_By_Artist/katatonia/08 - Track 8 (2).mp3,
3021,quarantine,"same metadata artist, album, and title as kept file",katatonia | katatonia | track 9,katatonia,katatonia,Track 9,5238535,/mnt/d/Music/_Sorted_By_Artist/katatonia/09 - Track 9.mp3,/mnt/d/Music/_Sorted_By_Artist/katatonia/09 - Track 9 (2).mp3,/mnt/d/Music/_Duplicate_Quarantine/09 - Track 9.mp3
8361,keep,largest file in duplicate metadata group,katatonia | katatonia | track 9,katatonia,katatonia,Track 9,5238535,/mnt/d/Music/_Sorted_By_Artist/katatonia/09 - Track 9 (2).mp3,/mnt/d/Music/_Sorted_By_Artist/katatonia/09 - Track 9 (2).mp3,
3028,keep,largest file in duplicate metadata group,katatonia | unlableed | track 1,katatonia,unlableed,Track 1,8784961,/mnt/d/Music/_Sorted_By_Artist/katatonia/01 - Track 1 (3).mp3,/mnt/d/Music/_Sorted_By_Artist/katatonia/01 - Track 1 (3).mp3,
8368,quarantine,"same metadata artist, album, and title as kept file",katatonia | unlableed | track 1,katatonia,unlableed,Track 1,8784961,/mnt/d/Music/_Sorted_By_Artist/katatonia/01 - Track 1 (4).mp3,/mnt/d/Music/_Sorted_By_Artist/katatonia/01 - Track 1 (3).mp3,/mnt/d/Music/_Duplicate_Quarantine/01 - Track 1 (4).mp3
3037,keep,largest file in duplicate metadata group,katatonia | unlableed | track 10,katatonia,unlableed,Track 10,8509108,/mnt/d/Music/_Sorted_By_Artist/katatonia/10 - Track 10 (3).mp3,/mnt/d/Music/_Sorted_By_Artist/katatonia/10 - Track 10 (3).mp3,
8377,quarantine,"same metadata artist, album, and title as kept file",katatonia | unlableed | track 10,katatonia,unlableed,Track 10,8509108,/mnt/d/Music/_Sorted_By_Artist/katatonia/10 - Track 10 (4).mp3,/mnt/d/Music/_Sorted_By_Artist/katatonia/10 - Track 10 (3).mp3,/mnt/d/Music/_Duplicate_Quarantine/10 - Track 10 (4).mp3
3038,keep,largest file in duplicate metadata group,katatonia | unlableed | track 11,katatonia,unlableed,Track 11,8393124,/mnt/d/Music/_Sorted_By_Artist/katatonia/11 - Track 11 (3).mp3,/mnt/d/Music/_Sorted_By_Artist/katatonia/11 - Track 11 (3).mp3,
8378,quarantine,"same metadata artist, album, and title as kept file",katatonia | unlableed | track 11,katatonia,unlableed,Track 11,8393124,/mnt/d/Music/_Sorted_By_Artist/katatonia/11 - Track 11 (4).mp3,/mnt/d/Music/_Sorted_By_Artist/katatonia/11 - Track 11 (3).mp3,/mnt/d/Music/_Duplicate_Quarantine/11 - Track 11 (4).mp3
3039,keep,largest file in duplicate metadata group,katatonia | unlableed | track 12,katatonia,unlableed,Track 12,6712301,/mnt/d/Music/_Sorted_By_Artist/katatonia/12 - Track 12 (3).mp3,/mnt/d/Music/_Sorted_By_Artist/katatonia/12 - Track 12 (3).mp3,
8379,quarantine,"same metadata artist, album, and title as kept file",katatonia | unlableed | track 12,katatonia,unlableed,Track 12,6712301,/mnt/d/Music/_Sorted_By_Artist/katatonia/12 - Track 12 (4).mp3,/mnt/d/Music/_Sorted_By_Artist/katatonia/12 - Track 12 (3).mp3,/mnt/d/Music/_Duplicate_Quarantine/12 - Track 12 (4).mp3
3040,keep,largest file in duplicate metadata group,katatonia | unlableed | track 13,katatonia,unlableed,Track 13,6993170,/mnt/d/Music/_Sorted_By_Artist/katatonia/13 - Track 13 (3).mp3,/mnt/d/Music/_Sorted_By_Artist/katatonia/13 - Track 13 (3).mp3,
8380,quarantine,"same metadata artist, album, and title as kept file",katatonia | unlableed | track 13,katatonia,unlableed,Track 13,6993170,/mnt/d/Music/_Sorted_By_Artist/katatonia/13 - Track 13 (4).mp3,/mnt/d/Music/_Sorted_By_Artist/katatonia/13 - Track 13 (3).mp3,/mnt/d/Music/_Duplicate_Quarantine/13 - Track 13 (4).mp3
3029,keep,largest file in duplicate metadata group,katatonia | unlableed | track 2,katatonia,unlableed,Track 2,4055335,/mnt/d/Music/_Sorted_By_Artist/katatonia/02 - Track 2 (3).mp3,/mnt/d/Music/_Sorted_By_Artist/katatonia/02 - Track 2 (3).mp3,
8369,quarantine,"same metadata artist, album, and title as kept file",katatonia | unlableed | track 2,katatonia,unlableed,Track 2,4055335,/mnt/d/Music/_Sorted_By_Artist/katatonia/02 - Track 2 (4).mp3,/mnt/d/Music/_Sorted_By_Artist/katatonia/02 - Track 2 (3).mp3,/mnt/d/Music/_Duplicate_Quarantine/02 - Track 2 (4).mp3
3030,keep,largest file in duplicate metadata group,katatonia | unlableed | track 3,katatonia,unlableed,Track 3,7363064,/mnt/d/Music/_Sorted_By_Artist/katatonia/03 - Track 3 (3).mp3,/mnt/d/Music/_Sorted_By_Artist/katatonia/03 - Track 3 (3).mp3,
8370,quarantine,"same metadata artist, album, and title as kept file",katatonia | unlableed | track 3,katatonia,unlableed,Track 3,7363064,/mnt/d/Music/_Sorted_By_Artist/katatonia/03 - Track 3 (4).mp3,/mnt/d/Music/_Sorted_By_Artist/katatonia/03 - Track 3 (3).mp3,/mnt/d/Music/_Duplicate_Quarantine/03 - Track 3 (4).mp3
3031,keep,largest file in duplicate metadata group,katatonia | unlableed | track 4,katatonia,unlableed,Track 4,6395697,/mnt/d/Music/_Sorted_By_Artist/katatonia/04 - Track 4 (3).mp3,/mnt/d/Music/_Sorted_By_Artist/katatonia/04 - Track 4 (3).mp3,
8371,quarantine,"same metadata artist, album, and title as kept file",katatonia | unlableed | track 4,katatonia,unlableed,Track 4,6395697,/mnt/d/Music/_Sorted_By_Artist/katatonia/04 - Track 4 (4).mp3,/mnt/d/Music/_Sorted_By_Artist/katatonia/04 - Track 4 (3).mp3,/mnt/d/Music/_Duplicate_Quarantine/04 - Track 4 (4).mp3
3032,keep,largest file in duplicate metadata group,katatonia | unlableed | track 5,katatonia,unlableed,Track 5,6190688,/mnt/d/Music/_Sorted_By_Artist/katatonia/05 - Track 5 (3).mp3,/mnt/d/Music/_Sorted_By_Artist/katatonia/05 - Track 5 (3).mp3,
8372,quarantine,"same metadata artist, album, and title as kept file",katatonia | unlableed | track 5,katatonia,unlableed,Track 5,6190688,/mnt/d/Music/_Sorted_By_Artist/katatonia/05 - Track 5 (4).mp3,/mnt/d/Music/_Sorted_By_Artist/katatonia/05 - Track 5 (3).mp3,/mnt/d/Music/_Duplicate_Quarantine/05 - Track 5 (4).mp3
3033,keep,largest file in duplicate metadata group,katatonia | unlableed | track 6,katatonia,unlableed,Track 6,7291593,/mnt/d/Music/_Sorted_By_Artist/katatonia/06 - Track 6 (3).mp3,/mnt/d/Music/_Sorted_By_Artist/katatonia/06 - Track 6 (3).mp3,
8373,quarantine,"same metadata artist, album, and title as kept file",katatonia | unlableed | track 6,katatonia,unlableed,Track 6,7291593,/mnt/d/Music/_Sorted_By_Artist/katatonia/06 - Track 6 (4).mp3,/mnt/d/Music/_Sorted_By_Artist/katatonia/06 - Track 6 (3).mp3,/mnt/d/Music/_Duplicate_Quarantine/06 - Track 6 (4).mp3
3034,keep,largest file in duplicate metadata group,katatonia | unlableed | track 7,katatonia,unlableed,Track 7,6197125,/mnt/d/Music/_Sorted_By_Artist/katatonia/07 - Track 7 (3).mp3,/mnt/d/Music/_Sorted_By_Artist/katatonia/07 - Track 7 (3).mp3,
8374,quarantine,"same metadata artist, album, and title as kept file",katatonia | unlableed | track 7,katatonia,unlableed,Track 7,6197125,/mnt/d/Music/_Sorted_By_Artist/katatonia/07 - Track 7 (4).mp3,/mnt/d/Music/_Sorted_By_Artist/katatonia/07 - Track 7 (3).mp3,/mnt/d/Music/_Duplicate_Quarantine/07 - Track 7 (4).mp3
3035,keep,largest file in duplicate metadata group,katatonia | unlableed | track 8,katatonia,unlableed,Track 8,10171749,/mnt/d/Music/_Sorted_By_Artist/katatonia/08 - Track 8 (3).mp3,/mnt/d/Music/_Sorted_By_Artist/katatonia/08 - Track 8 (3).mp3,
8375,quarantine,"same metadata artist, album, and title as kept file",katatonia | unlableed | track 8,katatonia,unlableed,Track 8,10171749,/mnt/d/Music/_Sorted_By_Artist/katatonia/08 - Track 8 (4).mp3,/mnt/d/Music/_Sorted_By_Artist/katatonia/08 - Track 8 (3).mp3,/mnt/d/Music/_Duplicate_Quarantine/08 - Track 8 (4).mp3
3036,keep,largest file in duplicate metadata group,katatonia | unlableed | track 9,katatonia,unlableed,Track 9,6988781,/mnt/d/Music/_Sorted_By_Artist/katatonia/09 - Track 9 (3).mp3,/mnt/d/Music/_Sorted_By_Artist/katatonia/09 - Track 9 (3).mp3,
8376,quarantine,"same metadata artist, album, and title as kept file",katatonia | unlableed | track 9,katatonia,unlableed,Track 9,6988781,/mnt/d/Music/_Sorted_By_Artist/katatonia/09 - Track 9 (4).mp3,/mnt/d/Music/_Sorted_By_Artist/katatonia/09 - Track 9 (3).mp3,/mnt/d/Music/_Duplicate_Quarantine/09 - Track 9 (4).mp3
3041,quarantine,"same metadata artist, album, and title as kept file",kodo | best of kodo | track 1,kodo,best of kodo,Track 1,4155185,/mnt/d/Music/_Sorted_By_Artist/kodo/01 - Track 1.mp3,/mnt/d/Music/_Sorted_By_Artist/kodo/01 - Track 1 (2).mp3,/mnt/d/Music/_Duplicate_Quarantine/01 - Track 1 (2).mp3
8400,keep,largest file in duplicate metadata group,kodo | best of kodo | track 1,kodo,best of kodo,Track 1,4155185,/mnt/d/Music/_Sorted_By_Artist/kodo/01 - Track 1 (2).mp3,/mnt/d/Music/_Sorted_By_Artist/kodo/01 - Track 1 (2).mp3,
3050,quarantine,"same metadata artist, album, and title as kept file",kodo | best of kodo | track 10,kodo,best of kodo,Track 10,8372602,/mnt/d/Music/_Sorted_By_Artist/kodo/10 - Track 10.mp3,/mnt/d/Music/_Sorted_By_Artist/kodo/10 - Track 10 (2).mp3,/mnt/d/Music/_Duplicate_Quarantine/10 - Track 10 (2).mp3
8409,keep,largest file in duplicate metadata group,kodo | best of kodo | track 10,kodo,best of kodo,Track 10,8372602,/mnt/d/Music/_Sorted_By_Artist/kodo/10 - Track 10 (2).mp3,/mnt/d/Music/_Sorted_By_Artist/kodo/10 - Track 10 (2).mp3,
3051,quarantine,"same metadata artist, album, and title as kept file",kodo | best of kodo | track 11,kodo,best of kodo,Track 11,4284335,/mnt/d/Music/_Sorted_By_Artist/kodo/11 - Track 11.mp3,/mnt/d/Music/_Sorted_By_Artist/kodo/11 - Track 11 (2).mp3,/mnt/d/Music/_Duplicate_Quarantine/11 - Track 11 (2).mp3
8410,keep,largest file in duplicate metadata group,kodo | best of kodo | track 11,kodo,best of kodo,Track 11,4284335,/mnt/d/Music/_Sorted_By_Artist/kodo/11 - Track 11 (2).mp3,/mnt/d/Music/_Sorted_By_Artist/kodo/11 - Track 11 (2).mp3,
3052,quarantine,"same metadata artist, album, and title as kept file",kodo | best of kodo | track 12,kodo,best of kodo,Track 12,9143737,/mnt/d/Music/_Sorted_By_Artist/kodo/12 - Track 12.mp3,/mnt/d/Music/_Sorted_By_Artist/kodo/12 - Track 12 (2).mp3,/mnt/d/Music/_Duplicate_Quarantine/12 - Track 12 (2).mp3
8411,keep,largest file in duplicate metadata group,kodo | best of kodo | track 12,kodo,best of kodo,Track 12,9143737,/mnt/d/Music/_Sorted_By_Artist/kodo/12 - Track 12 (2).mp3,/mnt/d/Music/_Sorted_By_Artist/kodo/12 - Track 12 (2).mp3,
3042,quarantine,"same metadata artist, album, and title as kept file",kodo | best of kodo | track 2,kodo,best of kodo,Track 2,7485484,/mnt/d/Music/_Sorted_By_Artist/kodo/02 - Track 2.mp3,/mnt/d/Music/_Sorted_By_Artist/kodo/02 - Track 2 (2).mp3,/mnt/d/Music/_Duplicate_Quarantine/02 - Track 2 (2).mp3
8401,keep,largest file in duplicate metadata group,kodo | best of kodo | track 2,kodo,best of kodo,Track 2,7485484,/mnt/d/Music/_Sorted_By_Artist/kodo/02 - Track 2 (2).mp3,/mnt/d/Music/_Sorted_By_Artist/kodo/02 - Track 2 (2).mp3,
3043,quarantine,"same metadata artist, album, and title as kept file",kodo | best of kodo | track 3,kodo,best of kodo,Track 3,10004524,/mnt/d/Music/_Sorted_By_Artist/kodo/03 - Track 3.mp3,/mnt/d/Music/_Sorted_By_Artist/kodo/03 - Track 3 (2).mp3,/mnt/d/Music/_Duplicate_Quarantine/03 - Track 3 (2).mp3
8402,keep,largest file in duplicate metadata group,kodo | best of kodo | track 3,kodo,best of kodo,Track 3,10004524,/mnt/d/Music/_Sorted_By_Artist/kodo/03 - Track 3 (2).mp3,/mnt/d/Music/_Sorted_By_Artist/kodo/03 - Track 3 (2).mp3,
3044,quarantine,"same metadata artist, album, and title as kept file",kodo | best of kodo | track 4,kodo,best of kodo,Track 4,8167593,/mnt/d/Music/_Sorted_By_Artist/kodo/04 - Track 4.mp3,/mnt/d/Music/_Sorted_By_Artist/kodo/04 - Track 4 (2).mp3,/mnt/d/Music/_Duplicate_Quarantine/04 - Track 4 (2).mp3
8403,keep,largest file in duplicate metadata group,kodo | best of kodo | track 4,kodo,best of kodo,Track 4,8167593,/mnt/d/Music/_Sorted_By_Artist/kodo/04 - Track 4 (2).mp3,/mnt/d/Music/_Sorted_By_Artist/kodo/04 - Track 4 (2).mp3,
3045,quarantine,"same metadata artist, album, and title as kept file",kodo | best of kodo | track 5,kodo,best of kodo,Track 5,1564674,/mnt/d/Music/_Sorted_By_Artist/kodo/05 - Track 5.mp3,/mnt/d/Music/_Sorted_By_Artist/kodo/05 - Track 5 (2).mp3,/mnt/d/Music/_Duplicate_Quarantine/05 - Track 5 (2).mp3
8404,keep,largest file in duplicate metadata group,kodo | best of kodo | track 5,kodo,best of kodo,Track 5,1564674,/mnt/d/Music/_Sorted_By_Artist/kodo/05 - Track 5 (2).mp3,/mnt/d/Music/_Sorted_By_Artist/kodo/05 - Track 5 (2).mp3,
3046,quarantine,"same metadata artist, album, and title as kept file",kodo | best of kodo | track 6,kodo,best of kodo,Track 6,9950607,/mnt/d/Music/_Sorted_By_Artist/kodo/06 - Track 6.mp3,/mnt/d/Music/_Sorted_By_Artist/kodo/06 - Track 6 (2).mp3,/mnt/d/Music/_Duplicate_Quarantine/06 - Track 6 (2).mp3
8405,keep,largest file in duplicate metadata group,kodo | best of kodo | track 6,kodo,best of kodo,Track 6,9950607,/mnt/d/Music/_Sorted_By_Artist/kodo/06 - Track 6 (2).mp3,/mnt/d/Music/_Sorted_By_Artist/kodo/06 - Track 6 (2).mp3,
3047,quarantine,"same metadata artist, album, and title as kept file",kodo | best of kodo | track 7,kodo,best of kodo,Track 7,11533628,/mnt/d/Music/_Sorted_By_Artist/kodo/07 - Track 7.mp3,/mnt/d/Music/_Sorted_By_Artist/kodo/07 - Track 7 (2).mp3,/mnt/d/Music/_Duplicate_Quarantine/07 - Track 7 (2).mp3
8406,keep,largest file in duplicate metadata group,kodo | best of kodo | track 7,kodo,best of kodo,Track 7,11533628,/mnt/d/Music/_Sorted_By_Artist/kodo/07 - Track 7 (2).mp3,/mnt/d/Music/_Sorted_By_Artist/kodo/07 - Track 7 (2).mp3,
3048,quarantine,"same metadata artist, album, and title as kept file",kodo | best of kodo | track 8,kodo,best of kodo,Track 8,13682147,/mnt/d/Music/_Sorted_By_Artist/kodo/08 - Track 8.mp3,/mnt/d/Music/_Sorted_By_Artist/kodo/08 - Track 8 (2).mp3,/mnt/d/Music/_Duplicate_Quarantine/08 - Track 8 (2).mp3
8407,keep,largest file in duplicate metadata group,kodo | best of kodo | track 8,kodo,best of kodo,Track 8,13682147,/mnt/d/Music/_Sorted_By_Artist/kodo/08 - Track 8 (2).mp3,/mnt/d/Music/_Sorted_By_Artist/kodo/08 - Track 8 (2).mp3,
3049,quarantine,"same metadata artist, album, and title as kept file",kodo | best of kodo | track 9,kodo,best of kodo,Track 9,7597079,/mnt/d/Music/_Sorted_By_Artist/kodo/09 - Track 9.mp3,/mnt/d/Music/_Sorted_By_Artist/kodo/09 - Track 9 (2).mp3,/mnt/d/Music/_Duplicate_Quarantine/09 - Track 9 (2).mp3
8408,keep,largest file in duplicate metadata group,kodo | best of kodo | track 9,kodo,best of kodo,Track 9,7597079,/mnt/d/Music/_Sorted_By_Artist/kodo/09 - Track 9 (2).mp3,/mnt/d/Music/_Sorted_By_Artist/kodo/09 - Track 9 (2).mp3,
1566,keep,largest file in duplicate metadata group,lady gaga | bad romance - single | bad romance,Lady GaGa,Bad Romance - Single,Bad Romance,10239297,/mnt/d/Music/_Sorted_By_Artist/Lady GaGa/01 Bad Romance 1.m4a,/mnt/d/Music/_Sorted_By_Artist/Lady GaGa/01 Bad Romance 1.m4a,
1567,quarantine,"same metadata artist, album, and title as kept file",lady gaga | bad romance - single | bad romance,Lady GaGa,Bad Romance - Single,Bad Romance,10239297,/mnt/d/Music/_Sorted_By_Artist/Lady GaGa/01 Bad Romance.m4a,/mnt/d/Music/_Sorted_By_Artist/Lady GaGa/01 Bad Romance 1.m4a,/mnt/d/Music/_Duplicate_Quarantine/01 Bad Romance.m4a
3062,quarantine,"same metadata artist, album, and title as kept file",lamb of god | ashes of the wake | ashes of the wake,Lamb of God,Ashes Of The Wake,Ashes Of The Wake,8292354,/mnt/d/Music/_Sorted_By_Artist/Lamb of God/10 - Ashes Of The Wake.mp3,/mnt/d/Music/_Sorted_By_Artist/Lamb of God/10 - Ashes Of The Wake (2).mp3,/mnt/d/Music/_Duplicate_Quarantine/10 - Ashes Of The Wake.mp3
8442,keep,largest file in duplicate metadata group,lamb of god | ashes of the wake | ashes of the wake,Lamb of God,Ashes Of The Wake,Ashes Of The Wake,8292354,/mnt/d/Music/_Sorted_By_Artist/Lamb of God/10 - Ashes Of The Wake (2).mp3,/mnt/d/Music/_Sorted_By_Artist/Lamb of God/10 - Ashes Of The Wake (2).mp3,
3058,quarantine,"same metadata artist, album, and title as kept file",lamb of god | ashes of the wake | blood of the scribe,Lamb of God,Ashes Of The Wake,Blood Of The Scribe,6330663,/mnt/d/Music/_Sorted_By_Artist/Lamb of God/06 - Blood Of The Scribe.mp3,/mnt/d/Music/_Sorted_By_Artist/Lamb of God/06 - Blood Of The Scribe (2).mp3,/mnt/d/Music/_Duplicate_Quarantine/06 - Blood Of The Scribe.mp3
8438,keep,largest file in duplicate metadata group,lamb of god | ashes of the wake | blood of the scribe,Lamb of God,Ashes Of The Wake,Blood Of The Scribe,6330663,/mnt/d/Music/_Sorted_By_Artist/Lamb of God/06 - Blood Of The Scribe (2).mp3,/mnt/d/Music/_Sorted_By_Artist/Lamb of God/06 - Blood Of The Scribe (2).mp3,
3060,quarantine,"same metadata artist, album, and title as kept file",lamb of god | ashes of the wake | break you,Lamb of God,Ashes Of The Wake,Break You,5189634,/mnt/d/Music/_Sorted_By_Artist/Lamb of God/08 - Break You.mp3,/mnt/d/Music/_Sorted_By_Artist/Lamb of God/08 - Break You (2).mp3,/mnt/d/Music/_Duplicate_Quarantine/08 - Break You.mp3
8440,keep,largest file in duplicate metadata group,lamb of god | ashes of the wake | break you,Lamb of God,Ashes Of The Wake,Break You,5189634,/mnt/d/Music/_Sorted_By_Artist/Lamb of God/08 - Break You (2).mp3,/mnt/d/Music/_Sorted_By_Artist/Lamb of God/08 - Break You (2).mp3,
3054,quarantine,"same metadata artist, album, and title as kept file",lamb of god | ashes of the wake | hourglass,Lamb of God,Ashes Of The Wake,Hourglass,5773314,/mnt/d/Music/_Sorted_By_Artist/Lamb of God/02 - Hourglass.mp3,/mnt/d/Music/_Sorted_By_Artist/Lamb of God/02 - Hourglass (2).mp3,/mnt/d/Music/_Duplicate_Quarantine/02 - Hourglass.mp3
8434,keep,largest file in duplicate metadata group,lamb of god | ashes of the wake | hourglass,Lamb of God,Ashes Of The Wake,Hourglass,5773314,/mnt/d/Music/_Sorted_By_Artist/Lamb of God/02 - Hourglass (2).mp3,/mnt/d/Music/_Sorted_By_Artist/Lamb of God/02 - Hourglass (2).mp3,
3053,quarantine,"same metadata artist, album, and title as kept file",lamb of god | ashes of the wake | laid to rest,Lamb of God,Ashes Of The Wake,Laid To Rest,5532570,/mnt/d/Music/_Sorted_By_Artist/Lamb of God/01 - Laid To Rest.mp3,/mnt/d/Music/_Sorted_By_Artist/Lamb of God/01 - Laid To Rest (2).mp3,/mnt/d/Music/_Duplicate_Quarantine/01 - Laid To Rest.mp3
8433,keep,largest file in duplicate metadata group,lamb of god | ashes of the wake | laid to rest,Lamb of God,Ashes Of The Wake,Laid To Rest,5532570,/mnt/d/Music/_Sorted_By_Artist/Lamb of God/01 - Laid To Rest (2).mp3,/mnt/d/Music/_Sorted_By_Artist/Lamb of God/01 - Laid To Rest (2).mp3,
3055,quarantine,"same metadata artist, album, and title as kept file",lamb of god | ashes of the wake | now you've got something to die for,Lamb of God,Ashes Of The Wake,Now You've Got Something To Die For,5283048,/mnt/d/Music/_Sorted_By_Artist/Lamb of God/03 - Now You've Got Something To Die For.mp3,/mnt/d/Music/_Sorted_By_Artist/Lamb of God/03 - Now You've Got Something To Die For (2).mp3,/mnt/d/Music/_Duplicate_Quarantine/03 - Now You've Got Something To Die For.mp3
8435,keep,largest file in duplicate metadata group,lamb of god | ashes of the wake | now you've got something to die for,Lamb of God,Ashes Of The Wake,Now You've Got Something To Die For,5283048,/mnt/d/Music/_Sorted_By_Artist/Lamb of God/03 - Now You've Got Something To Die For (2).mp3,/mnt/d/Music/_Sorted_By_Artist/Lamb of God/03 - Now You've Got Something To Die For (2).mp3,
3057,quarantine,"same metadata artist, album, and title as kept file",lamb of god | ashes of the wake | omerta,Lamb of God,Ashes Of The Wake,Omerta,6870457,/mnt/d/Music/_Sorted_By_Artist/Lamb of God/05 - Omerta.mp3,/mnt/d/Music/_Sorted_By_Artist/Lamb of God/05 - Omerta (2).mp3,/mnt/d/Music/_Duplicate_Quarantine/05 - Omerta.mp3
8437,keep,largest file in duplicate metadata group,lamb of god | ashes of the wake | omerta,Lamb of God,Ashes Of The Wake,Omerta,6870457,/mnt/d/Music/_Sorted_By_Artist/Lamb of God/05 - Omerta (2).mp3,/mnt/d/Music/_Sorted_By_Artist/Lamb of God/05 - Omerta (2).mp3,
3059,quarantine,"same metadata artist, album, and title as kept file",lamb of god | ashes of the wake | one gun,Lamb of God,Ashes Of The Wake,One Gun,5751371,/mnt/d/Music/_Sorted_By_Artist/Lamb of God/07 - One Gun.mp3,/mnt/d/Music/_Sorted_By_Artist/Lamb of God/07 - One Gun (2).mp3,/mnt/d/Music/_Duplicate_Quarantine/07 - One Gun.mp3
8439,keep,largest file in duplicate metadata group,lamb of god | ashes of the wake | one gun,Lamb of God,Ashes Of The Wake,One Gun,5751371,/mnt/d/Music/_Sorted_By_Artist/Lamb of God/07 - One Gun (2).mp3,/mnt/d/Music/_Sorted_By_Artist/Lamb of God/07 - One Gun (2).mp3,
3063,quarantine,"same metadata artist, album, and title as kept file",lamb of god | ashes of the wake | remorse is for the dead,Lamb of God,Ashes Of The Wake,Remorse Is For The Dead,8212106,/mnt/d/Music/_Sorted_By_Artist/Lamb of God/11 - Remorse Is For The Dead.mp3,/mnt/d/Music/_Sorted_By_Artist/Lamb of God/11 - Remorse Is For The Dead (2).mp3,/mnt/d/Music/_Duplicate_Quarantine/11 - Remorse Is For The Dead.mp3
8443,keep,largest file in duplicate metadata group,lamb of god | ashes of the wake | remorse is for the dead,Lamb of God,Ashes Of The Wake,Remorse Is For The Dead,8212106,/mnt/d/Music/_Sorted_By_Artist/Lamb of God/11 - Remorse Is For The Dead (2).mp3,/mnt/d/Music/_Sorted_By_Artist/Lamb of God/11 - Remorse Is For The Dead (2).mp3,
3056,quarantine,"same metadata artist, album, and title as kept file",lamb of god | ashes of the wake | the faded line,Lamb of God,Ashes Of The Wake,The Faded Line,6660432,/mnt/d/Music/_Sorted_By_Artist/Lamb of God/04 - The Faded Line.mp3,/mnt/d/Music/_Sorted_By_Artist/Lamb of God/04 - The Faded Line (2).mp3,/mnt/d/Music/_Duplicate_Quarantine/04 - The Faded Line.mp3
8436,keep,largest file in duplicate metadata group,lamb of god | ashes of the wake | the faded line,Lamb of God,Ashes Of The Wake,The Faded Line,6660432,/mnt/d/Music/_Sorted_By_Artist/Lamb of God/04 - The Faded Line (2).mp3,/mnt/d/Music/_Sorted_By_Artist/Lamb of God/04 - The Faded Line (2).mp3,
3061,quarantine,"same metadata artist, album, and title as kept file",lamb of god | ashes of the wake | what i've become,Lamb of God,Ashes Of The Wake,What I've Become,5020361,/mnt/d/Music/_Sorted_By_Artist/Lamb of God/09 - What I've Become.mp3,/mnt/d/Music/_Sorted_By_Artist/Lamb of God/09 - What I've Become (2).mp3,/mnt/d/Music/_Duplicate_Quarantine/09 - What I've Become.mp3
8441,keep,largest file in duplicate metadata group,lamb of god | ashes of the wake | what i've become,Lamb of God,Ashes Of The Wake,What I've Become,5020361,/mnt/d/Music/_Sorted_By_Artist/Lamb of God/09 - What I've Become (2).mp3,/mnt/d/Music/_Sorted_By_Artist/Lamb of God/09 - What I've Become (2).mp3,
3065,quarantine,"same metadata artist, album, and title as kept file",lamb of god | sacrament | again we rise,Lamb of God,Sacrament,Again We Rise,6495548,/mnt/d/Music/_Sorted_By_Artist/Lamb of God/02 - Again We Rise.mp3,/mnt/d/Music/_Sorted_By_Artist/Lamb of God/02 - Again We Rise (2).mp3,/mnt/d/Music/_Duplicate_Quarantine/02 - Again We Rise.mp3
8445,keep,largest file in duplicate metadata group,lamb of god | sacrament | again we rise,Lamb of God,Sacrament,Again We Rise,6495548,/mnt/d/Music/_Sorted_By_Artist/Lamb of God/02 - Again We Rise (2).mp3,/mnt/d/Music/_Sorted_By_Artist/Lamb of God/02 - Again We Rise (2).mp3,
3074,quarantine,"same metadata artist, album, and title as kept file",lamb of god | sacrament | beating on deaths door,Lamb of God,Sacrament,Beating On Deaths Door,7373889,/mnt/d/Music/_Sorted_By_Artist/Lamb of God/11 - Beating On Deaths Door.mp3,/mnt/d/Music/_Sorted_By_Artist/Lamb of God/11 - Beating On Deaths Door (2).mp3,/mnt/d/Music/_Duplicate_Quarantine/11 - Beating On Deaths Door.mp3
8454,keep,largest file in duplicate metadata group,lamb of god | sacrament | beating on deaths door,Lamb of God,Sacrament,Beating On Deaths Door,7373889,/mnt/d/Music/_Sorted_By_Artist/Lamb of God/11 - Beating On Deaths Door (2).mp3,/mnt/d/Music/_Sorted_By_Artist/Lamb of God/11 - Beating On Deaths Door (2).mp3,
3070,quarantine,"same metadata artist, album, and title as kept file",lamb of god | sacrament | blacken the cursed sun,Lamb of God,Sacrament,Blacken The Cursed Sun,7882336,/mnt/d/Music/_Sorted_By_Artist/Lamb of God/07 - Blacken The Cursed Sun.mp3,/mnt/d/Music/_Sorted_By_Artist/Lamb of God/07 - Blacken The Cursed Sun (2).mp3,/mnt/d/Music/_Duplicate_Quarantine/07 - Blacken The Cursed Sun.mp3
8450,keep,largest file in duplicate metadata group,lamb of god | sacrament | blacken the cursed sun,Lamb of God,Sacrament,Blacken The Cursed Sun,7882336,/mnt/d/Music/_Sorted_By_Artist/Lamb of God/07 - Blacken The Cursed Sun (2).mp3,/mnt/d/Music/_Sorted_By_Artist/Lamb of God/07 - Blacken The Cursed Sun (2).mp3,
3069,quarantine,"same metadata artist, album, and title as kept file",lamb of god | sacrament | descending,Lamb of God,Sacrament,Descending,5171453,/mnt/d/Music/_Sorted_By_Artist/Lamb of God/06 - Descending.mp3,/mnt/d/Music/_Sorted_By_Artist/Lamb of God/06 - Descending (2).mp3,/mnt/d/Music/_Duplicate_Quarantine/06 - Descending.mp3
8449,keep,largest file in duplicate metadata group,lamb of god | sacrament | descending,Lamb of God,Sacrament,Descending,5171453,/mnt/d/Music/_Sorted_By_Artist/Lamb of God/06 - Descending (2).mp3,/mnt/d/Music/_Sorted_By_Artist/Lamb of God/06 - Descending (2).mp3,
3068,quarantine,"same metadata artist, album, and title as kept file",lamb of god | sacrament | foot to the throat,Lamb of God,Sacrament,Foot to the Throat,4659244,/mnt/d/Music/_Sorted_By_Artist/Lamb of God/05 - Foot to the Throat.mp3,/mnt/d/Music/_Sorted_By_Artist/Lamb of God/05 - Foot to the Throat (2).mp3,/mnt/d/Music/_Duplicate_Quarantine/05 - Foot to the Throat.mp3
8448,keep,largest file in duplicate metadata group,lamb of god | sacrament | foot to the throat,Lamb of God,Sacrament,Foot to the Throat,4659244,/mnt/d/Music/_Sorted_By_Artist/Lamb of God/05 - Foot to the Throat (2).mp3,/mnt/d/Music/_Sorted_By_Artist/Lamb of God/05 - Foot to the Throat (2).mp3,
3071,quarantine,"same metadata artist, album, and title as kept file",lamb of god | sacrament | forgotten (lost angels,Lamb of God,Sacrament,Forgotten (Lost Angels),4458624,/mnt/d/Music/_Sorted_By_Artist/Lamb of God/08 - Forgotten (Lost Angels).mp3,/mnt/d/Music/_Sorted_By_Artist/Lamb of God/08 - Forgotten (Lost Angels) (2).mp3,/mnt/d/Music/_Duplicate_Quarantine/08 - Forgotten (Lost Angels).mp3
8451,keep,largest file in duplicate metadata group,lamb of god | sacrament | forgotten (lost angels,Lamb of God,Sacrament,Forgotten (Lost Angels),4458624,/mnt/d/Music/_Sorted_By_Artist/Lamb of God/08 - Forgotten (Lost Angels) (2).mp3,/mnt/d/Music/_Sorted_By_Artist/Lamb of God/08 - Forgotten (Lost Angels) (2).mp3,
3073,quarantine,"same metadata artist, album, and title as kept file",lamb of god | sacrament | more time to kill,Lamb of God,Sacrament,More Time to Kill,5215966,/mnt/d/Music/_Sorted_By_Artist/Lamb of God/10 - More Time to Kill.mp3,/mnt/d/Music/_Sorted_By_Artist/Lamb of God/10 - More Time to Kill (2).mp3,/mnt/d/Music/_Duplicate_Quarantine/10 - More Time to Kill.mp3
8453,keep,largest file in duplicate metadata group,lamb of god | sacrament | more time to kill,Lamb of God,Sacrament,More Time to Kill,5215966,/mnt/d/Music/_Sorted_By_Artist/Lamb of God/10 - More Time to Kill (2).mp3,/mnt/d/Music/_Sorted_By_Artist/Lamb of God/10 - More Time to Kill (2).mp3,
3067,quarantine,"same metadata artist, album, and title as kept file",lamb of god | sacrament | pathetic,Lamb of God,Sacrament,Pathetic,6513729,/mnt/d/Music/_Sorted_By_Artist/Lamb of God/04 - Pathetic.mp3,/mnt/d/Music/_Sorted_By_Artist/Lamb of God/04 - Pathetic (2).mp3,/mnt/d/Music/_Duplicate_Quarantine/04 - Pathetic.mp3
8447,keep,largest file in duplicate metadata group,lamb of god | sacrament | pathetic,Lamb of God,Sacrament,Pathetic,6513729,/mnt/d/Music/_Sorted_By_Artist/Lamb of God/04 - Pathetic (2).mp3,/mnt/d/Music/_Sorted_By_Artist/Lamb of God/04 - Pathetic (2).mp3,
3066,quarantine,"same metadata artist, album, and title as kept file",lamb of god | sacrament | redneck,Lamb of God,Sacrament,Redneck,5310006,/mnt/d/Music/_Sorted_By_Artist/Lamb of God/03 - Redneck.mp3,/mnt/d/Music/_Sorted_By_Artist/Lamb of God/03 - Redneck (2).mp3,/mnt/d/Music/_Duplicate_Quarantine/03 - Redneck.mp3
8446,keep,largest file in duplicate metadata group,lamb of god | sacrament | redneck,Lamb of God,Sacrament,Redneck,5310006,/mnt/d/Music/_Sorted_By_Artist/Lamb of God/03 - Redneck (2).mp3,/mnt/d/Music/_Sorted_By_Artist/Lamb of God/03 - Redneck (2).mp3,
3072,quarantine,"same metadata artist, album, and title as kept file",lamb of god | sacrament | requiem,Lamb of God,Sacrament,Requiem,6041017,/mnt/d/Music/_Sorted_By_Artist/Lamb of God/09 - Requiem.mp3,/mnt/d/Music/_Sorted_By_Artist/Lamb of God/09 - Requiem (2).mp3,/mnt/d/Music/_Duplicate_Quarantine/09 - Requiem.mp3
8452,keep,largest file in duplicate metadata group,lamb of god | sacrament | requiem,Lamb of God,Sacrament,Requiem,6041017,/mnt/d/Music/_Sorted_By_Artist/Lamb of God/09 - Requiem (2).mp3,/mnt/d/Music/_Sorted_By_Artist/Lamb of God/09 - Requiem (2).mp3,
3064,quarantine,"same metadata artist, album, and title as kept file",lamb of god | sacrament | walk with me in hell,Lamb of God,Sacrament,Walk with Me In Hell,7481095,/mnt/d/Music/_Sorted_By_Artist/Lamb of God/01 - Walk with Me In Hell.mp3,/mnt/d/Music/_Sorted_By_Artist/Lamb of God/01 - Walk with Me In Hell (2).mp3,/mnt/d/Music/_Duplicate_Quarantine/01 - Walk with Me In Hell.mp3
8444,keep,largest file in duplicate metadata group,lamb of god | sacrament | walk with me in hell,Lamb of God,Sacrament,Walk with Me In Hell,7481095,/mnt/d/Music/_Sorted_By_Artist/Lamb of God/01 - Walk with Me In Hell (2).mp3,/mnt/d/Music/_Sorted_By_Artist/Lamb of God/01 - Walk with Me In Hell (2).mp3,
2754,quarantine,"same metadata artist, album, and title as kept file",life of agony | none | broken valley,Life Of Agony,None,Broken Valley,5122024,/mnt/d/Music/_Sorted_By_Artist/Life Of Agony/11. Broken Valley - Life Of Agony.wma,/mnt/d/Music/_Sorted_By_Artist/Life Of Agony/11. Broken Valley - Life Of Agony (2).wma,/mnt/d/Music/_Duplicate_Quarantine/11. Broken Valley - Life Of Agony.wma
4726,keep,largest file in duplicate metadata group,life of agony | none | broken valley,Life Of Agony,None,Broken Valley,5122024,/mnt/d/Music/_Sorted_By_Artist/Life Of Agony/11. Broken Valley - Life Of Agony (2).wma,/mnt/d/Music/_Sorted_By_Artist/Life Of Agony/11. Broken Valley - Life Of Agony (2).wma,
2758,quarantine,"same metadata artist, album, and title as kept file",life of agony | none | don't bother,Life Of Agony,None,Don't Bother,3400934,/mnt/d/Music/_Sorted_By_Artist/Life Of Agony/4. Don't Bother - Life Of Agony.wma,/mnt/d/Music/_Sorted_By_Artist/Life Of Agony/4. Don't Bother - Life Of Agony (2).wma,/mnt/d/Music/_Duplicate_Quarantine/4. Don't Bother - Life Of Agony.wma
4730,keep,largest file in duplicate metadata group,life of agony | none | don't bother,Life Of Agony,None,Don't Bother,3400934,/mnt/d/Music/_Sorted_By_Artist/Life Of Agony/4. Don't Bother - Life Of Agony (2).wma,/mnt/d/Music/_Sorted_By_Artist/Life Of Agony/4. Don't Bother - Life Of Agony (2).wma,
2760,quarantine,"same metadata artist, album, and title as kept file",life of agony | none | junk sick,Life Of Agony,None,Junk Sick,3215672,/mnt/d/Music/_Sorted_By_Artist/Life Of Agony/6. Junk Sick - Life Of Agony.wma,/mnt/d/Music/_Sorted_By_Artist/Life Of Agony/6. Junk Sick - Life Of Agony (2).wma,/mnt/d/Music/_Duplicate_Quarantine/6. Junk Sick - Life Of Agony.wma
4732,keep,largest file in duplicate metadata group,life of agony | none | junk sick,Life Of Agony,None,Junk Sick,3215672,/mnt/d/Music/_Sorted_By_Artist/Life Of Agony/6. Junk Sick - Life Of Agony (2).wma,/mnt/d/Music/_Sorted_By_Artist/Life Of Agony/6. Junk Sick - Life Of Agony (2).wma,
2763,quarantine,"same metadata artist, album, and title as kept file",life of agony | none | justified,Life Of Agony,None,Justified,6155864,/mnt/d/Music/_Sorted_By_Artist/Life Of Agony/9. Justified - Life Of Agony.wma,/mnt/d/Music/_Sorted_By_Artist/Life Of Agony/9. Justified - Life Of Agony (2).wma,/mnt/d/Music/_Duplicate_Quarantine/9. Justified - Life Of Agony.wma
4735,keep,largest file in duplicate metadata group,life of agony | none | justified,Life Of Agony,None,Justified,6155864,/mnt/d/Music/_Sorted_By_Artist/Life Of Agony/9. Justified - Life Of Agony (2).wma,/mnt/d/Music/_Sorted_By_Artist/Life Of Agony/9. Justified - Life Of Agony (2).wma,
2756,quarantine,"same metadata artist, album, and title as kept file",life of agony | none | last cigarette,Life Of Agony,None,Last Cigarette,2857122,/mnt/d/Music/_Sorted_By_Artist/Life Of Agony/2. Last Cigarette - Life Of Agony.wma,/mnt/d/Music/_Sorted_By_Artist/Life Of Agony/2. Last Cigarette - Life Of Agony (2).wma,/mnt/d/Music/_Duplicate_Quarantine/2. Last Cigarette - Life Of Agony.wma
4728,keep,largest file in duplicate metadata group,life of agony | none | last cigarette,Life Of Agony,None,Last Cigarette,2857122,/mnt/d/Music/_Sorted_By_Artist/Life Of Agony/2. Last Cigarette - Life Of Agony (2).wma,/mnt/d/Music/_Sorted_By_Artist/Life Of Agony/2. Last Cigarette - Life Of Agony (2).wma,
2752,quarantine,"same metadata artist, album, and title as kept file",life of agony | none | love to let you down,Life Of Agony,None,Love To Let You Down,3568278,/mnt/d/Music/_Sorted_By_Artist/Life Of Agony/1. Love To Let You Down - Life Of Agony.wma,/mnt/d/Music/_Sorted_By_Artist/Life Of Agony/1. Love To Let You Down - Life Of Agony (2).wma,/mnt/d/Music/_Duplicate_Quarantine/1. Love To Let You Down - Life Of Agony.wma
4724,keep,largest file in duplicate metadata group,life of agony | none | love to let you down,Life Of Agony,None,Love To Let You Down,3568278,/mnt/d/Music/_Sorted_By_Artist/Life Of Agony/1. Love To Let You Down - Life Of Agony (2).wma,/mnt/d/Music/_Sorted_By_Artist/Life Of Agony/1. Love To Let You Down - Life Of Agony (2).wma,
2762,quarantine,"same metadata artist, album, and title as kept file",life of agony | none | no one survives,Life Of Agony,None,No One Survives,1542404,/mnt/d/Music/_Sorted_By_Artist/Life Of Agony/8. No One Survives - Life Of Agony.wma,/mnt/d/Music/_Sorted_By_Artist/Life Of Agony/8. No One Survives - Life Of Agony (2).wma,/mnt/d/Music/_Duplicate_Quarantine/8. No One Survives - Life Of Agony.wma
4734,keep,largest file in duplicate metadata group,life of agony | none | no one survives,Life Of Agony,None,No One Survives,1542404,/mnt/d/Music/_Sorted_By_Artist/Life Of Agony/8. No One Survives - Life Of Agony (2).wma,/mnt/d/Music/_Sorted_By_Artist/Life Of Agony/8. No One Survives - Life Of Agony (2).wma,
2755,quarantine,"same metadata artist, album, and title as kept file",life of agony | none | room 244,Life Of Agony,None,Room 244,2307318,/mnt/d/Music/_Sorted_By_Artist/Life Of Agony/12. Room 244 - Life Of Agony.wma,/mnt/d/Music/_Sorted_By_Artist/Life Of Agony/12. Room 244 - Life Of Agony (2).wma,/mnt/d/Music/_Duplicate_Quarantine/12. Room 244 - Life Of Agony.wma
4727,keep,largest file in duplicate metadata group,life of agony | none | room 244,Life Of Agony,None,Room 244,2307318,/mnt/d/Music/_Sorted_By_Artist/Life Of Agony/12. Room 244 - Life Of Agony (2).wma,/mnt/d/Music/_Sorted_By_Artist/Life Of Agony/12. Room 244 - Life Of Agony (2).wma,
2759,quarantine,"same metadata artist, album, and title as kept file",life of agony | none | strung out,Life Of Agony,None,Strung Out,3873034,/mnt/d/Music/_Sorted_By_Artist/Life Of Agony/5. Strung Out - Life Of Agony.wma,/mnt/d/Music/_Sorted_By_Artist/Life Of Agony/5. Strung Out - Life Of Agony (2).wma,/mnt/d/Music/_Duplicate_Quarantine/5. Strung Out - Life Of Agony.wma
4731,keep,largest file in duplicate metadata group,life of agony | none | strung out,Life Of Agony,None,Strung Out,3873034,/mnt/d/Music/_Sorted_By_Artist/Life Of Agony/5. Strung Out - Life Of Agony (2).wma,/mnt/d/Music/_Sorted_By_Artist/Life Of Agony/5. Strung Out - Life Of Agony (2).wma,
2761,quarantine,"same metadata artist, album, and title as kept file",life of agony | none | the calm that disturbs you,Life Of Agony,None,The Calm That Disturbs You,3149970,/mnt/d/Music/_Sorted_By_Artist/Life Of Agony/7. The Calm That Disturbs You - Life Of Agony.wma,/mnt/d/Music/_Sorted_By_Artist/Life Of Agony/7. The Calm That Disturbs You - Life Of Agony (2).wma,/mnt/d/Music/_Duplicate_Quarantine/7. The Calm That Disturbs You - Life Of Agony.wma
4733,keep,largest file in duplicate metadata group,life of agony | none | the calm that disturbs you,Life Of Agony,None,The Calm That Disturbs You,3149970,/mnt/d/Music/_Sorted_By_Artist/Life Of Agony/7. The Calm That Disturbs You - Life Of Agony (2).wma,/mnt/d/Music/_Sorted_By_Artist/Life Of Agony/7. The Calm That Disturbs You - Life Of Agony (2).wma,
2753,quarantine,"same metadata artist, album, and title as kept file",life of agony | none | the day he died,Life Of Agony,None,The Day He Died,3239588,/mnt/d/Music/_Sorted_By_Artist/Life Of Agony/10. The Day He Died - Life Of Agony.wma,/mnt/d/Music/_Sorted_By_Artist/Life Of Agony/10. The Day He Died - Life Of Agony (2).wma,/mnt/d/Music/_Duplicate_Quarantine/10. The Day He Died - Life Of Agony.wma
4725,keep,largest file in duplicate metadata group,life of agony | none | the day he died,Life Of Agony,None,The Day He Died,3239588,/mnt/d/Music/_Sorted_By_Artist/Life Of Agony/10. The Day He Died - Life Of Agony (2).wma,/mnt/d/Music/_Sorted_By_Artist/Life Of Agony/10. The Day He Died - Life Of Agony (2).wma,
2757,quarantine,"same metadata artist, album, and title as kept file",life of agony | none | wicked ways,Life Of Agony,None,Wicked Ways,3920844,/mnt/d/Music/_Sorted_By_Artist/Life Of Agony/3. Wicked Ways - Life Of Agony.wma,/mnt/d/Music/_Sorted_By_Artist/Life Of Agony/3. Wicked Ways - Life Of Agony (2).wma,/mnt/d/Music/_Duplicate_Quarantine/3. Wicked Ways - Life Of Agony.wma
4729,keep,largest file in duplicate metadata group,life of agony | none | wicked ways,Life Of Agony,None,Wicked Ways,3920844,/mnt/d/Music/_Sorted_By_Artist/Life Of Agony/3. Wicked Ways - Life Of Agony (2).wma,/mnt/d/Music/_Sorted_By_Artist/Life Of Agony/3. Wicked Ways - Life Of Agony (2).wma,
4385,keep,largest file in duplicate metadata group,linkin park | hybrid theory | crawling,Linkin Park,Hybrid Theory,Crawling,3398424,/mnt/d/Music/_Sorted_By_Artist/Linkin Park/NTWH.m4a,/mnt/d/Music/_Sorted_By_Artist/Linkin Park/NTWH.m4a,
8522,quarantine,"same metadata artist, album, and title as kept file",linkin park | hybrid theory | crawling,Linkin Park,Hybrid Theory,Crawling,3395861,/mnt/d/Music/_Sorted_By_Artist/Linkin Park/WNNA.m4a,/mnt/d/Music/_Sorted_By_Artist/Linkin Park/NTWH.m4a,/mnt/d/Music/_Duplicate_Quarantine/WNNA.m4a
4383,keep,largest file in duplicate metadata group,linkin park | hybrid theory | in the end,Linkin Park,Hybrid Theory,In The End,3516354,/mnt/d/Music/_Sorted_By_Artist/Linkin Park/MUHE.m4a,/mnt/d/Music/_Sorted_By_Artist/Linkin Park/MUHE.m4a,
8520,quarantine,"same metadata artist, album, and title as kept file",linkin park | hybrid theory | in the end,Linkin Park,Hybrid Theory,In The End,3512603,/mnt/d/Music/_Sorted_By_Artist/Linkin Park/OEEC.m4a,/mnt/d/Music/_Sorted_By_Artist/Linkin Park/MUHE.m4a,/mnt/d/Music/_Duplicate_Quarantine/OEEC.m4a
4380,keep,largest file in duplicate metadata group,linkin park | hybrid theory | one step closer,Linkin Park,Hybrid Theory,One Step Closer,2545399,/mnt/d/Music/_Sorted_By_Artist/Linkin Park/JYLX.m4a,/mnt/d/Music/_Sorted_By_Artist/Linkin Park/JYLX.m4a,
8521,quarantine,"same metadata artist, album, and title as kept file",linkin park | hybrid theory | one step closer,Linkin Park,Hybrid Theory,One Step Closer,2542917,/mnt/d/Music/_Sorted_By_Artist/Linkin Park/SPPD.m4a,/mnt/d/Music/_Sorted_By_Artist/Linkin Park/JYLX.m4a,/mnt/d/Music/_Duplicate_Quarantine/SPPD.m4a
4397,quarantine,"same metadata artist, album, and title as kept file",linkin park | meteora | breaking the habit,Linkin Park,Meteora,Breaking The Habit,3194280,/mnt/d/Music/_Sorted_By_Artist/Linkin Park/NPHH.m4a,/mnt/d/Music/_Sorted_By_Artist/Linkin Park/PPRV.m4a,/mnt/d/Music/_Duplicate_Quarantine/NPHH.m4a
4399,keep,largest file in duplicate metadata group,linkin park | meteora | breaking the habit,Linkin Park,Meteora,Breaking The Habit,3195201,/mnt/d/Music/_Sorted_By_Artist/Linkin Park/PPRV.m4a,/mnt/d/Music/_Sorted_By_Artist/Linkin Park/PPRV.m4a,
4393,keep,largest file in duplicate metadata group,linkin park | meteora | don't stay,Linkin Park,Meteora,Don't Stay,3063114,/mnt/d/Music/_Sorted_By_Artist/Linkin Park/JBQO.m4a,/mnt/d/Music/_Sorted_By_Artist/Linkin Park/JBQO.m4a,
4400,quarantine,"same metadata artist, album, and title as kept file",linkin park | meteora | don't stay,Linkin Park,Meteora,Don't Stay,3062657,/mnt/d/Music/_Sorted_By_Artist/Linkin Park/QKLO.m4a,/mnt/d/Music/_Sorted_By_Artist/Linkin Park/JBQO.m4a,/mnt/d/Music/_Duplicate_Quarantine/QKLO.m4a
4395,quarantine,"same metadata artist, album, and title as kept file",linkin park | meteora | easier to run,Linkin Park,Meteora,Easier To Run,3322678,/mnt/d/Music/_Sorted_By_Artist/Linkin Park/JXHK.m4a,/mnt/d/Music/_Sorted_By_Artist/Linkin Park/YSAO.m4a,/mnt/d/Music/_Duplicate_Quarantine/JXHK.m4a
4410,keep,largest file in duplicate metadata group,linkin park | meteora | easier to run,Linkin Park,Meteora,Easier To Run,3322727,/mnt/d/Music/_Sorted_By_Artist/Linkin Park/YSAO.m4a,/mnt/d/Music/_Sorted_By_Artist/Linkin Park/YSAO.m4a,
4394,quarantine,"same metadata artist, album, and title as kept file",linkin park | meteora | faint,Linkin Park,Meteora,Faint,2647695,/mnt/d/Music/_Sorted_By_Artist/Linkin Park/JEWF.m4a,/mnt/d/Music/_Sorted_By_Artist/Linkin Park/VYSU.m4a,/mnt/d/Music/_Duplicate_Quarantine/JEWF.m4a
4407,keep,largest file in duplicate metadata group,linkin park | meteora | faint,Linkin Park,Meteora,Faint,2648630,/mnt/d/Music/_Sorted_By_Artist/Linkin Park/VYSU.m4a,/mnt/d/Music/_Sorted_By_Artist/Linkin Park/VYSU.m4a,
4388,quarantine,"same metadata artist, album, and title as kept file",linkin park | meteora | figure.09,Linkin Park,Meteora,Figure.09,3214410,/mnt/d/Music/_Sorted_By_Artist/Linkin Park/BNQL.m4a,/mnt/d/Music/_Sorted_By_Artist/Linkin Park/WTYT.m4a,/mnt/d/Music/_Duplicate_Quarantine/BNQL.m4a
4409,keep,largest file in duplicate metadata group,linkin park | meteora | figure.09,Linkin Park,Meteora,Figure.09,3214537,/mnt/d/Music/_Sorted_By_Artist/Linkin Park/WTYT.m4a,/mnt/d/Music/_Sorted_By_Artist/Linkin Park/WTYT.m4a,
4402,keep,largest file in duplicate metadata group,linkin park | meteora | foreword,Linkin Park,Meteora,Foreword,268567,/mnt/d/Music/_Sorted_By_Artist/Linkin Park/QPWK.m4a,/mnt/d/Music/_Sorted_By_Artist/Linkin Park/QPWK.m4a,
4411,quarantine,"same metadata artist, album, and title as kept file",linkin park | meteora | foreword,Linkin Park,Meteora,Foreword,267495,/mnt/d/Music/_Sorted_By_Artist/Linkin Park/ZFWI.m4a,/mnt/d/Music/_Sorted_By_Artist/Linkin Park/QPWK.m4a,/mnt/d/Music/_Duplicate_Quarantine/ZFWI.m4a
4392,keep,largest file in duplicate metadata group,linkin park | meteora | from the inside,Linkin Park,Meteora,From The Inside,2862735,/mnt/d/Music/_Sorted_By_Artist/Linkin Park/ISDM.m4a,/mnt/d/Music/_Sorted_By_Artist/Linkin Park/ISDM.m4a,
4404,quarantine,"same metadata artist, album, and title as kept file",linkin park | meteora | from the inside,Linkin Park,Meteora,From The Inside,2862584,/mnt/d/Music/_Sorted_By_Artist/Linkin Park/RQYO.m4a,/mnt/d/Music/_Sorted_By_Artist/Linkin Park/ISDM.m4a,/mnt/d/Music/_Duplicate_Quarantine/RQYO.m4a
4398,keep,largest file in duplicate metadata group,linkin park | meteora | hit the floor,Linkin Park,Meteora,Hit The Floor,2682667,/mnt/d/Music/_Sorted_By_Artist/Linkin Park/OEVE.m4a,/mnt/d/Music/_Sorted_By_Artist/Linkin Park/OEVE.m4a,
4401,quarantine,"same metadata artist, album, and title as kept file",linkin park | meteora | hit the floor,Linkin Park,Meteora,Hit The Floor,2682611,/mnt/d/Music/_Sorted_By_Artist/Linkin Park/QPDF.m4a,/mnt/d/Music/_Sorted_By_Artist/Linkin Park/OEVE.m4a,/mnt/d/Music/_Duplicate_Quarantine/QPDF.m4a
4405,quarantine,"same metadata artist, album, and title as kept file",linkin park | meteora | lying from you,Linkin Park,Meteora,Lying From You,2854925,/mnt/d/Music/_Sorted_By_Artist/Linkin Park/TASV.m4a,/mnt/d/Music/_Sorted_By_Artist/Linkin Park/ZSGC.m4a,/mnt/d/Music/_Duplicate_Quarantine/TASV.m4a
4412,keep,largest file in duplicate metadata group,linkin park | meteora | lying from you,Linkin Park,Meteora,Lying From You,2854998,/mnt/d/Music/_Sorted_By_Artist/Linkin Park/ZSGC.m4a,/mnt/d/Music/_Sorted_By_Artist/Linkin Park/ZSGC.m4a,
4390,keep,largest file in duplicate metadata group,linkin park | meteora | nobody's listening,Linkin Park,Meteora,Nobody's Listening,2916730,/mnt/d/Music/_Sorted_By_Artist/Linkin Park/GQNL.m4a,/mnt/d/Music/_Sorted_By_Artist/Linkin Park/GQNL.m4a,
4391,quarantine,"same metadata artist, album, and title as kept file",linkin park | meteora | nobody's listening,Linkin Park,Meteora,Nobody's Listening,2916706,/mnt/d/Music/_Sorted_By_Artist/Linkin Park/IEQM.m4a,/mnt/d/Music/_Sorted_By_Artist/Linkin Park/GQNL.m4a,/mnt/d/Music/_Duplicate_Quarantine/IEQM.m4a
4403,keep,largest file in duplicate metadata group,linkin park | meteora | session,Linkin Park,Meteora,Session,2351513,/mnt/d/Music/_Sorted_By_Artist/Linkin Park/QWRR.m4a,/mnt/d/Music/_Sorted_By_Artist/Linkin Park/QWRR.m4a,
4408,quarantine,"same metadata artist, album, and title as kept file",linkin park | meteora | session,Linkin Park,Meteora,Session,2350025,/mnt/d/Music/_Sorted_By_Artist/Linkin Park/WEZZ.m4a,/mnt/d/Music/_Sorted_By_Artist/Linkin Park/QWRR.m4a,/mnt/d/Music/_Duplicate_Quarantine/WEZZ.m4a
4396,quarantine,"same metadata artist, album, and title as kept file",linkin park | meteora | somewhere i belong,Linkin Park,Meteora,Somewhere I Belong,3473039,/mnt/d/Music/_Sorted_By_Artist/Linkin Park/KRMN.m4a,/mnt/d/Music/_Sorted_By_Artist/Linkin Park/UOLH.m4a,/mnt/d/Music/_Duplicate_Quarantine/KRMN.m4a
4406,keep,largest file in duplicate metadata group,linkin park | meteora | somewhere i belong,Linkin Park,Meteora,Somewhere I Belong,3477915,/mnt/d/Music/_Sorted_By_Artist/Linkin Park/UOLH.m4a,/mnt/d/Music/_Sorted_By_Artist/Linkin Park/UOLH.m4a,
4424,quarantine,"same metadata artist, album, and title as kept file",live | throwing copper | i alone,Live,Throwing Copper,I Alone,3751969,/mnt/d/Music/_Sorted_By_Artist/Live/TKRS.m4a,/mnt/d/Music/_Sorted_By_Artist/Live/RYKK.m4a,/mnt/d/Music/_Duplicate_Quarantine/TKRS.m4a
8527,keep,largest file in duplicate metadata group,live | throwing copper | i alone,Live,Throwing Copper,I Alone,3752998,/mnt/d/Music/_Sorted_By_Artist/Live/RYKK.m4a,/mnt/d/Music/_Sorted_By_Artist/Live/RYKK.m4a,
4419,keep,largest file in duplicate metadata group,live | throwing copper | lightning crashes,Live,Throwing Copper,Lightning Crashes,5277823,/mnt/d/Music/_Sorted_By_Artist/Live/MJAP.m4a,/mnt/d/Music/_Sorted_By_Artist/Live/MJAP.m4a,
8526,quarantine,"same metadata artist, album, and title as kept file",live | throwing copper | lightning crashes,Live,Throwing Copper,Lightning Crashes,5269840,/mnt/d/Music/_Sorted_By_Artist/Live/MVAG.m4a,/mnt/d/Music/_Sorted_By_Artist/Live/MJAP.m4a,/mnt/d/Music/_Duplicate_Quarantine/MVAG.m4a
4425,quarantine,"same metadata artist, album, and title as kept file",live | throwing copper | selling the drama,Live,Throwing Copper,Selling The Drama,3343419,/mnt/d/Music/_Sorted_By_Artist/Live/TZOK.m4a,/mnt/d/Music/_Sorted_By_Artist/Live/DVVM.m4a,/mnt/d/Music/_Duplicate_Quarantine/TZOK.m4a
8525,keep,largest file in duplicate metadata group,live | throwing copper | selling the drama,Live,Throwing Copper,Selling The Drama,3353442,/mnt/d/Music/_Sorted_By_Artist/Live/DVVM.m4a,/mnt/d/Music/_Sorted_By_Artist/Live/DVVM.m4a,
1657,quarantine,"same metadata artist, album, and title as kept file",maroon 5 | songs about jane | she will be loved,Maroon 5,Songs About Jane,She Will Be Loved,4158150,/mnt/d/Music/_Sorted_By_Artist/Maroon 5/04 She Will Be Loved.m4a,/mnt/d/Music/_Sorted_By_Artist/Maroon 5/CDZJ.m4a,/mnt/d/Music/_Duplicate_Quarantine/04 She Will Be Loved.m4a
8565,keep,largest file in duplicate metadata group,maroon 5 | songs about jane | she will be loved,Maroon 5,Songs About Jane,She Will Be Loved,4175614,/mnt/d/Music/_Sorted_By_Artist/Maroon 5/CDZJ.m4a,/mnt/d/Music/_Sorted_By_Artist/Maroon 5/CDZJ.m4a,
3080,quarantine,"same metadata artist, album, and title as kept file",mastodon | blood mountain | bladecatcher,Mastodon,Blood Mountain,Bladecatcher,4819740,/mnt/d/Music/_Sorted_By_Artist/Mastodon/06 - Bladecatcher.mp3,/mnt/d/Music/_Sorted_By_Artist/Mastodon/06 - Bladecatcher (2).mp3,/mnt/d/Music/_Duplicate_Quarantine/06 - Bladecatcher.mp3
8581,keep,largest file in duplicate metadata group,mastodon | blood mountain | bladecatcher,Mastodon,Blood Mountain,Bladecatcher,4819740,/mnt/d/Music/_Sorted_By_Artist/Mastodon/06 - Bladecatcher (2).mp3,/mnt/d/Music/_Sorted_By_Artist/Mastodon/06 - Bladecatcher (2).mp3,
3078,quarantine,"same metadata artist, album, and title as kept file",mastodon | blood mountain | capillarian crest,Mastodon,Blood Mountain,Capillarian Crest,6370787,/mnt/d/Music/_Sorted_By_Artist/Mastodon/04 - Capillarian Crest.mp3,/mnt/d/Music/_Sorted_By_Artist/Mastodon/04 - Capillarian Crest (2).mp3,/mnt/d/Music/_Duplicate_Quarantine/04 - Capillarian Crest.mp3
8579,keep,largest file in duplicate metadata group,mastodon | blood mountain | capillarian crest,Mastodon,Blood Mountain,Capillarian Crest,6370787,/mnt/d/Music/_Sorted_By_Artist/Mastodon/04 - Capillarian Crest (2).mp3,/mnt/d/Music/_Sorted_By_Artist/Mastodon/04 - Capillarian Crest (2).mp3,
3079,quarantine,"same metadata artist, album, and title as kept file",mastodon | blood mountain | circle of cysquatch,Mastodon,Blood Mountain,Circle Of Cysquatch,4788393,/mnt/d/Music/_Sorted_By_Artist/Mastodon/05 - Circle Of Cysquatch.mp3,/mnt/d/Music/_Sorted_By_Artist/Mastodon/05 - Circle Of Cysquatch (2).mp3,/mnt/d/Music/_Duplicate_Quarantine/05 - Circle Of Cysquatch.mp3
8580,keep,largest file in duplicate metadata group,mastodon | blood mountain | circle of cysquatch,Mastodon,Blood Mountain,Circle Of Cysquatch,4788393,/mnt/d/Music/_Sorted_By_Artist/Mastodon/05 - Circle Of Cysquatch (2).mp3,/mnt/d/Music/_Sorted_By_Artist/Mastodon/05 - Circle Of Cysquatch (2).mp3,
3081,quarantine,"same metadata artist, album, and title as kept file",mastodon | blood mountain | colony of birchmen,Mastodon,Blood Mountain,Colony Of Birchmen,6241637,/mnt/d/Music/_Sorted_By_Artist/Mastodon/07 - Colony Of Birchmen.mp3,/mnt/d/Music/_Sorted_By_Artist/Mastodon/07 - Colony Of Birchmen (2).mp3,/mnt/d/Music/_Duplicate_Quarantine/07 - Colony Of Birchmen.mp3
8582,keep,largest file in duplicate metadata group,mastodon | blood mountain | colony of birchmen,Mastodon,Blood Mountain,Colony Of Birchmen,6241637,/mnt/d/Music/_Sorted_By_Artist/Mastodon/07 - Colony Of Birchmen (2).mp3,/mnt/d/Music/_Sorted_By_Artist/Mastodon/07 - Colony Of Birchmen (2).mp3,
3076,quarantine,"same metadata artist, album, and title as kept file",mastodon | blood mountain | crystal skull,Mastodon,Blood Mountain,Crystal Skull,4980237,/mnt/d/Music/_Sorted_By_Artist/Mastodon/02 - Crystal Skull.mp3,/mnt/d/Music/_Sorted_By_Artist/Mastodon/02 - Crystal Skull (2).mp3,/mnt/d/Music/_Duplicate_Quarantine/02 - Crystal Skull.mp3
8577,keep,largest file in duplicate metadata group,mastodon | blood mountain | crystal skull,Mastodon,Blood Mountain,Crystal Skull,4980237,/mnt/d/Music/_Sorted_By_Artist/Mastodon/02 - Crystal Skull (2).mp3,/mnt/d/Music/_Sorted_By_Artist/Mastodon/02 - Crystal Skull (2).mp3,
3083,quarantine,"same metadata artist, album, and title as kept file",mastodon | blood mountain | hand of stone,Mastodon,Blood Mountain,Hand Of Stone,5069262,/mnt/d/Music/_Sorted_By_Artist/Mastodon/09 - Hand Of Stone.mp3,/mnt/d/Music/_Sorted_By_Artist/Mastodon/09 - Hand Of Stone (2).mp3,/mnt/d/Music/_Duplicate_Quarantine/09 - Hand Of Stone.mp3
8584,keep,largest file in duplicate metadata group,mastodon | blood mountain | hand of stone,Mastodon,Blood Mountain,Hand Of Stone,5069262,/mnt/d/Music/_Sorted_By_Artist/Mastodon/09 - Hand Of Stone (2).mp3,/mnt/d/Music/_Sorted_By_Artist/Mastodon/09 - Hand Of Stone (2).mp3,
3082,quarantine,"same metadata artist, album, and title as kept file",mastodon | blood mountain | hunters of the sky,Mastodon,Blood Mountain,Hunters Of The Sky,5582098,/mnt/d/Music/_Sorted_By_Artist/Mastodon/08 - Hunters Of The Sky.mp3,/mnt/d/Music/_Sorted_By_Artist/Mastodon/08 - Hunters Of The Sky (2).mp3,/mnt/d/Music/_Duplicate_Quarantine/08 - Hunters Of The Sky.mp3
8583,keep,largest file in duplicate metadata group,mastodon | blood mountain | hunters of the sky,Mastodon,Blood Mountain,Hunters Of The Sky,5582098,/mnt/d/Music/_Sorted_By_Artist/Mastodon/08 - Hunters Of The Sky (2).mp3,/mnt/d/Music/_Sorted_By_Artist/Mastodon/08 - Hunters Of The Sky (2).mp3,
3086,quarantine,"same metadata artist, album, and title as kept file",mastodon | blood mountain | pendulous skin,Mastodon,Blood Mountain,Pendulous Skin,32068380,/mnt/d/Music/_Sorted_By_Artist/Mastodon/12 - Pendulous Skin.mp3,/mnt/d/Music/_Sorted_By_Artist/Mastodon/12 - Pendulous Skin (2).mp3,/mnt/d/Music/_Duplicate_Quarantine/12 - Pendulous Skin.mp3
8587,keep,largest file in duplicate metadata group,mastodon | blood mountain | pendulous skin,Mastodon,Blood Mountain,Pendulous Skin,32068380,/mnt/d/Music/_Sorted_By_Artist/Mastodon/12 - Pendulous Skin (2).mp3,/mnt/d/Music/_Sorted_By_Artist/Mastodon/12 - Pendulous Skin (2).mp3,
3085,quarantine,"same metadata artist, album, and title as kept file",mastodon | blood mountain | siberian divide,Mastodon,Blood Mountain,Siberian Divide,7984527,/mnt/d/Music/_Sorted_By_Artist/Mastodon/11 - Siberian Divide.mp3,/mnt/d/Music/_Sorted_By_Artist/Mastodon/11 - Siberian Divide (2).mp3,/mnt/d/Music/_Duplicate_Quarantine/11 - Siberian Divide.mp3
8586,keep,largest file in duplicate metadata group,mastodon | blood mountain | siberian divide,Mastodon,Blood Mountain,Siberian Divide,7984527,/mnt/d/Music/_Sorted_By_Artist/Mastodon/11 - Siberian Divide (2).mp3,/mnt/d/Music/_Sorted_By_Artist/Mastodon/11 - Siberian Divide (2).mp3,
3077,quarantine,"same metadata artist, album, and title as kept file",mastodon | blood mountain | sleeping giant,Mastodon,Blood Mountain,Sleeping Giant,8078568,/mnt/d/Music/_Sorted_By_Artist/Mastodon/03 - Sleeping Giant.mp3,/mnt/d/Music/_Sorted_By_Artist/Mastodon/03 - Sleeping Giant (2).mp3,/mnt/d/Music/_Duplicate_Quarantine/03 - Sleeping Giant.mp3
8578,keep,largest file in duplicate metadata group,mastodon | blood mountain | sleeping giant,Mastodon,Blood Mountain,Sleeping Giant,8078568,/mnt/d/Music/_Sorted_By_Artist/Mastodon/03 - Sleeping Giant (2).mp3,/mnt/d/Music/_Sorted_By_Artist/Mastodon/03 - Sleeping Giant (2).mp3,
3075,quarantine,"same metadata artist, album, and title as kept file",mastodon | blood mountain | the wolf is loose,Mastodon,Blood Mountain,The Wolf Is Loose,5145121,/mnt/d/Music/_Sorted_By_Artist/Mastodon/01 - The Wolf Is Loose.mp3,/mnt/d/Music/_Sorted_By_Artist/Mastodon/01 - The Wolf Is Loose (2).mp3,/mnt/d/Music/_Duplicate_Quarantine/01 - The Wolf Is Loose.mp3
8576,keep,largest file in duplicate metadata group,mastodon | blood mountain | the wolf is loose,Mastodon,Blood Mountain,The Wolf Is Loose,5145121,/mnt/d/Music/_Sorted_By_Artist/Mastodon/01 - The Wolf Is Loose (2).mp3,/mnt/d/Music/_Sorted_By_Artist/Mastodon/01 - The Wolf Is Loose (2).mp3,
3084,quarantine,"same metadata artist, album, and title as kept file",mastodon | blood mountain | this mortal soil,Mastodon,Blood Mountain,This Mortal Soil,7217781,/mnt/d/Music/_Sorted_By_Artist/Mastodon/10 - This Mortal Soil.mp3,/mnt/d/Music/_Sorted_By_Artist/Mastodon/10 - This Mortal Soil (2).mp3,/mnt/d/Music/_Duplicate_Quarantine/10 - This Mortal Soil.mp3
8585,keep,largest file in duplicate metadata group,mastodon | blood mountain | this mortal soil,Mastodon,Blood Mountain,This Mortal Soil,7217781,/mnt/d/Music/_Sorted_By_Artist/Mastodon/10 - This Mortal Soil (2).mp3,/mnt/d/Music/_Sorted_By_Artist/Mastodon/10 - This Mortal Soil (2).mp3,
3094,quarantine,"same metadata artist, album, and title as kept file",mastodon | leviathan | aqua dementia,Mastodon,Leviathan,Aqua Dementia,6018447,/mnt/d/Music/_Sorted_By_Artist/Mastodon/08 - Aqua Dementia.mp3,/mnt/d/Music/_Sorted_By_Artist/Mastodon/08 - Aqua Dementia (2).mp3,/mnt/d/Music/_Duplicate_Quarantine/08 - Aqua Dementia.mp3
8609,keep,largest file in duplicate metadata group,mastodon | leviathan | aqua dementia,Mastodon,Leviathan,Aqua Dementia,6018447,/mnt/d/Music/_Sorted_By_Artist/Mastodon/08 - Aqua Dementia (2).mp3,/mnt/d/Music/_Sorted_By_Artist/Mastodon/08 - Aqua Dementia (2).mp3,
8610,quarantine,"same metadata artist, album, and title as kept file",mastodon | leviathan | aqua dementia,Mastodon,Leviathan,Aqua Dementia,3991761,/mnt/d/Music/_Sorted_By_Artist/Mastodon/08 Aqua Dementia.m4a,/mnt/d/Music/_Sorted_By_Artist/Mastodon/08 - Aqua Dementia (2).mp3,/mnt/d/Music/_Duplicate_Quarantine/08 Aqua Dementia.m4a
3087,quarantine,"same metadata artist, album, and title as kept file",mastodon | leviathan | blood and thunder,Mastodon,Leviathan,Blood and Thunder,5492446,/mnt/d/Music/_Sorted_By_Artist/Mastodon/01 - Blood and Thunder.mp3,/mnt/d/Music/_Sorted_By_Artist/Mastodon/01 - Blood and Thunder (2).mp3,/mnt/d/Music/_Duplicate_Quarantine/01 - Blood and Thunder.mp3
8595,keep,largest file in duplicate metadata group,mastodon | leviathan | blood and thunder,Mastodon,Leviathan,Blood and Thunder,5492446,/mnt/d/Music/_Sorted_By_Artist/Mastodon/01 - Blood and Thunder (2).mp3,/mnt/d/Music/_Sorted_By_Artist/Mastodon/01 - Blood and Thunder (2).mp3,
8596,quarantine,"same metadata artist, album, and title as kept file",mastodon | leviathan | blood and thunder,Mastodon,Leviathan,Blood And Thunder,3723291,/mnt/d/Music/_Sorted_By_Artist/Mastodon/01 Blood And Thunder.m4a,/mnt/d/Music/_Sorted_By_Artist/Mastodon/01 - Blood and Thunder (2).mp3,/mnt/d/Music/_Duplicate_Quarantine/01 Blood And Thunder.m4a
3095,quarantine,"same metadata artist, album, and title as kept file",mastodon | leviathan | hearts alive,Mastodon,Leviathan,Hearts Alive,19683205,/mnt/d/Music/_Sorted_By_Artist/Mastodon/09 - Hearts Alive.mp3,/mnt/d/Music/_Sorted_By_Artist/Mastodon/09 - Hearts Alive (2).mp3,/mnt/d/Music/_Duplicate_Quarantine/09 - Hearts Alive.mp3
8611,keep,largest file in duplicate metadata group,mastodon | leviathan | hearts alive,Mastodon,Leviathan,Hearts Alive,19683205,/mnt/d/Music/_Sorted_By_Artist/Mastodon/09 - Hearts Alive (2).mp3,/mnt/d/Music/_Sorted_By_Artist/Mastodon/09 - Hearts Alive (2).mp3,
8612,quarantine,"same metadata artist, album, and title as kept file",mastodon | leviathan | hearts alive,Mastodon,Leviathan,Hearts Alive,13269569,/mnt/d/Music/_Sorted_By_Artist/Mastodon/09 Hearts Alive.m4a,/mnt/d/Music/_Sorted_By_Artist/Mastodon/09 - Hearts Alive (2).mp3,/mnt/d/Music/_Duplicate_Quarantine/09 Hearts Alive.m4a
3088,quarantine,"same metadata artist, album, and title as kept file",mastodon | leviathan | i am ahab,Mastodon,Leviathan,I Am Ahab,3985912,/mnt/d/Music/_Sorted_By_Artist/Mastodon/02 - I Am Ahab.mp3,/mnt/d/Music/_Sorted_By_Artist/Mastodon/02 - I Am Ahab (2).mp3,/mnt/d/Music/_Duplicate_Quarantine/02 - I Am Ahab.mp3
8597,keep,largest file in duplicate metadata group,mastodon | leviathan | i am ahab,Mastodon,Leviathan,I Am Ahab,3985912,/mnt/d/Music/_Sorted_By_Artist/Mastodon/02 - I Am Ahab (2).mp3,/mnt/d/Music/_Sorted_By_Artist/Mastodon/02 - I Am Ahab (2).mp3,
8598,quarantine,"same metadata artist, album, and title as kept file",mastodon | leviathan | i am ahab,Mastodon,Leviathan,I Am Ahab,2661900,/mnt/d/Music/_Sorted_By_Artist/Mastodon/02 I Am Ahab.m4a,/mnt/d/Music/_Sorted_By_Artist/Mastodon/02 - I Am Ahab (2).mp3,/mnt/d/Music/_Duplicate_Quarantine/02 I Am Ahab.m4a
3091,quarantine,"same metadata artist, album, and title as kept file",mastodon | leviathan | iron tusk,Mastodon,Leviathan,Iron Tusk,4400318,/mnt/d/Music/_Sorted_By_Artist/Mastodon/05 - Iron Tusk.mp3,/mnt/d/Music/_Sorted_By_Artist/Mastodon/05 - Iron Tusk (2).mp3,/mnt/d/Music/_Duplicate_Quarantine/05 - Iron Tusk.mp3
8603,keep,largest file in duplicate metadata group,mastodon | leviathan | iron tusk,Mastodon,Leviathan,Iron Tusk,4400318,/mnt/d/Music/_Sorted_By_Artist/Mastodon/05 - Iron Tusk (2).mp3,/mnt/d/Music/_Sorted_By_Artist/Mastodon/05 - Iron Tusk (2).mp3,
8604,quarantine,"same metadata artist, album, and title as kept file",mastodon | leviathan | iron tusk,Mastodon,Leviathan,Iron Tusk,2933753,/mnt/d/Music/_Sorted_By_Artist/Mastodon/05 Iron Tusk.m4a,/mnt/d/Music/_Sorted_By_Artist/Mastodon/05 - Iron Tusk (2).mp3,/mnt/d/Music/_Duplicate_Quarantine/05 Iron Tusk.m4a
3090,quarantine,"same metadata artist, album, and title as kept file",mastodon | leviathan | island,Mastodon,Leviathan,Island,4962055,/mnt/d/Music/_Sorted_By_Artist/Mastodon/04 - Island.mp3,/mnt/d/Music/_Sorted_By_Artist/Mastodon/04 - Island (2).mp3,/mnt/d/Music/_Duplicate_Quarantine/04 - Island.mp3
8601,keep,largest file in duplicate metadata group,mastodon | leviathan | island,Mastodon,Leviathan,Island,4962055,/mnt/d/Music/_Sorted_By_Artist/Mastodon/04 - Island (2).mp3,/mnt/d/Music/_Sorted_By_Artist/Mastodon/04 - Island (2).mp3,
8602,quarantine,"same metadata artist, album, and title as kept file",mastodon | leviathan | island,Mastodon,Leviathan,Island,3316988,/mnt/d/Music/_Sorted_By_Artist/Mastodon/04 Island.m4a,/mnt/d/Music/_Sorted_By_Artist/Mastodon/04 - Island (2).mp3,/mnt/d/Music/_Duplicate_Quarantine/04 Island.m4a
3096,quarantine,"same metadata artist, album, and title as kept file",mastodon | leviathan | joseph merrick,Mastodon,Leviathan,Joseph Merrick,5118163,/mnt/d/Music/_Sorted_By_Artist/Mastodon/10 - Joseph Merrick.mp3,/mnt/d/Music/_Sorted_By_Artist/Mastodon/10 - Joseph Merrick (2).mp3,/mnt/d/Music/_Duplicate_Quarantine/10 - Joseph Merrick.mp3
8613,keep,largest file in duplicate metadata group,mastodon | leviathan | joseph merrick,Mastodon,Leviathan,Joseph Merrick,5118163,/mnt/d/Music/_Sorted_By_Artist/Mastodon/10 - Joseph Merrick (2).mp3,/mnt/d/Music/_Sorted_By_Artist/Mastodon/10 - Joseph Merrick (2).mp3,
3092,quarantine,"same metadata artist, album, and title as kept file",mastodon | leviathan | megalodon,Mastodon,Leviathan,Megalodon,6317497,/mnt/d/Music/_Sorted_By_Artist/Mastodon/06 - Megalodon.mp3,/mnt/d/Music/_Sorted_By_Artist/Mastodon/06 - Megalodon (2).mp3,/mnt/d/Music/_Duplicate_Quarantine/06 - Megalodon.mp3
8605,keep,largest file in duplicate metadata group,mastodon | leviathan | megalodon,Mastodon,Leviathan,Megalodon,6317497,/mnt/d/Music/_Sorted_By_Artist/Mastodon/06 - Megalodon (2).mp3,/mnt/d/Music/_Sorted_By_Artist/Mastodon/06 - Megalodon (2).mp3,
8606,quarantine,"same metadata artist, album, and title as kept file",mastodon | leviathan | megalodon,Mastodon,Leviathan,Megalodon,4269528,/mnt/d/Music/_Sorted_By_Artist/Mastodon/06 Megalodon.m4a,/mnt/d/Music/_Sorted_By_Artist/Mastodon/06 - Megalodon (2).mp3,/mnt/d/Music/_Duplicate_Quarantine/06 Megalodon.m4a
3093,quarantine,"same metadata artist, album, and title as kept file",mastodon | leviathan | naked burn,Mastodon,Leviathan,Naked Burn,5341353,/mnt/d/Music/_Sorted_By_Artist/Mastodon/07 - Naked Burn.mp3,/mnt/d/Music/_Sorted_By_Artist/Mastodon/07 - Naked Burn (2).mp3,/mnt/d/Music/_Duplicate_Quarantine/07 - Naked Burn.mp3
8607,keep,largest file in duplicate metadata group,mastodon | leviathan | naked burn,Mastodon,Leviathan,Naked Burn,5341353,/mnt/d/Music/_Sorted_By_Artist/Mastodon/07 - Naked Burn (2).mp3,/mnt/d/Music/_Sorted_By_Artist/Mastodon/07 - Naked Burn (2).mp3,
8608,quarantine,"same metadata artist, album, and title as kept file",mastodon | leviathan | naked burn,Mastodon,Leviathan,Naked Burn,3567774,/mnt/d/Music/_Sorted_By_Artist/Mastodon/07 Naked Burn.m4a,/mnt/d/Music/_Sorted_By_Artist/Mastodon/07 - Naked Burn (2).mp3,/mnt/d/Music/_Duplicate_Quarantine/07 Naked Burn.m4a
3089,quarantine,"same metadata artist, album, and title as kept file",mastodon | leviathan | seabeast,Mastodon,Leviathan,Seabeast,6134431,/mnt/d/Music/_Sorted_By_Artist/Mastodon/03 - Seabeast.mp3,/mnt/d/Music/_Sorted_By_Artist/Mastodon/03 - Seabeast (2).mp3,/mnt/d/Music/_Duplicate_Quarantine/03 - Seabeast.mp3
8599,keep,largest file in duplicate metadata group,mastodon | leviathan | seabeast,Mastodon,Leviathan,Seabeast,6134431,/mnt/d/Music/_Sorted_By_Artist/Mastodon/03 - Seabeast (2).mp3,/mnt/d/Music/_Sorted_By_Artist/Mastodon/03 - Seabeast (2).mp3,
8600,quarantine,"same metadata artist, album, and title as kept file",mastodon | leviathan | seabeast,Mastodon,Leviathan,Seabeast,4139889,/mnt/d/Music/_Sorted_By_Artist/Mastodon/03 Seabeast.m4a,/mnt/d/Music/_Sorted_By_Artist/Mastodon/03 - Seabeast (2).mp3,/mnt/d/Music/_Duplicate_Quarantine/03 Seabeast.m4a
3102,quarantine,"same metadata artist, album, and title as kept file",mastodon | remission | burning man,Mastodon,Remission,Burning Man,4010195,/mnt/d/Music/_Sorted_By_Artist/Mastodon/06 - Burning Man.mp3,/mnt/d/Music/_Sorted_By_Artist/Mastodon/06 - Burning Man (2).mp3,/mnt/d/Music/_Duplicate_Quarantine/06 - Burning Man.mp3
8620,keep,largest file in duplicate metadata group,mastodon | remission | burning man,Mastodon,Remission,Burning Man,4010195,/mnt/d/Music/_Sorted_By_Artist/Mastodon/06 - Burning Man (2).mp3,/mnt/d/Music/_Sorted_By_Artist/Mastodon/06 - Burning Man (2).mp3,
3097,quarantine,"same metadata artist, album, and title as kept file",mastodon | remission | crusher destroyer,Mastodon,Remission,Crusher Destroyer,2886721,/mnt/d/Music/_Sorted_By_Artist/Mastodon/01 - Crusher Destroyer.mp3,/mnt/d/Music/_Sorted_By_Artist/Mastodon/01 - Crusher Destroyer (2).mp3,/mnt/d/Music/_Duplicate_Quarantine/01 - Crusher Destroyer.mp3
8615,keep,largest file in duplicate metadata group,mastodon | remission | crusher destroyer,Mastodon,Remission,Crusher Destroyer,2886721,/mnt/d/Music/_Sorted_By_Artist/Mastodon/01 - Crusher Destroyer (2).mp3,/mnt/d/Music/_Sorted_By_Artist/Mastodon/01 - Crusher Destroyer (2).mp3,
3107,quarantine,"same metadata artist, album, and title as kept file",mastodon | remission | elephant man,Mastodon,Remission,Elephant Man,11571704,/mnt/d/Music/_Sorted_By_Artist/Mastodon/11 - Elephant Man.mp3,/mnt/d/Music/_Sorted_By_Artist/Mastodon/11 - Elephant Man (2).mp3,/mnt/d/Music/_Duplicate_Quarantine/11 - Elephant Man.mp3
8625,keep,largest file in duplicate metadata group,mastodon | remission | elephant man,Mastodon,Remission,Elephant Man,11571704,/mnt/d/Music/_Sorted_By_Artist/Mastodon/11 - Elephant Man (2).mp3,/mnt/d/Music/_Sorted_By_Artist/Mastodon/11 - Elephant Man (2).mp3,
3098,quarantine,"same metadata artist, album, and title as kept file",mastodon | remission | march of the fire ants,Mastodon,Remission,March of the Fire Ants,6386920,/mnt/d/Music/_Sorted_By_Artist/Mastodon/02 - March of the Fire Ants.mp3,/mnt/d/Music/_Sorted_By_Artist/Mastodon/02 - March of the Fire Ants (2).mp3,/mnt/d/Music/_Duplicate_Quarantine/02 - March of the Fire Ants.mp3
8616,keep,largest file in duplicate metadata group,mastodon | remission | march of the fire ants,Mastodon,Remission,March of the Fire Ants,6386920,/mnt/d/Music/_Sorted_By_Artist/Mastodon/02 - March of the Fire Ants (2).mp3,/mnt/d/Music/_Sorted_By_Artist/Mastodon/02 - March of the Fire Ants (2).mp3,
3106,quarantine,"same metadata artist, album, and title as kept file",mastodon | remission | mother puncher,Mastodon,Remission,Mother Puncher,5494786,/mnt/d/Music/_Sorted_By_Artist/Mastodon/10 - Mother Puncher.mp3,/mnt/d/Music/_Sorted_By_Artist/Mastodon/10 - Mother Puncher (2).mp3,/mnt/d/Music/_Duplicate_Quarantine/10 - Mother Puncher.mp3
8624,keep,largest file in duplicate metadata group,mastodon | remission | mother puncher,Mastodon,Remission,Mother Puncher,5494786,/mnt/d/Music/_Sorted_By_Artist/Mastodon/10 - Mother Puncher (2).mp3,/mnt/d/Music/_Sorted_By_Artist/Mastodon/10 - Mother Puncher (2).mp3,
3101,quarantine,"same metadata artist, album, and title as kept file",mastodon | remission | ol'e nessie,Mastodon,Remission,Ol'e Nessie,8754241,/mnt/d/Music/_Sorted_By_Artist/Mastodon/05 - Ol'e Nessie.mp3,/mnt/d/Music/_Sorted_By_Artist/Mastodon/05 - Ol'e Nessie (2).mp3,/mnt/d/Music/_Duplicate_Quarantine/05 - Ol'e Nessie.mp3
8619,keep,largest file in duplicate metadata group,mastodon | remission | ol'e nessie,Mastodon,Remission,Ol'e Nessie,8754241,/mnt/d/Music/_Sorted_By_Artist/Mastodon/05 - Ol'e Nessie (2).mp3,/mnt/d/Music/_Sorted_By_Artist/Mastodon/05 - Ol'e Nessie (2).mp3,
3103,quarantine,"same metadata artist, album, and title as kept file",mastodon | remission | trainwreck,Mastodon,Remission,Trainwreck,10184915,/mnt/d/Music/_Sorted_By_Artist/Mastodon/07 - Trainwreck.mp3,/mnt/d/Music/_Sorted_By_Artist/Mastodon/07 - Trainwreck (2).mp3,/mnt/d/Music/_Duplicate_Quarantine/07 - Trainwreck.mp3
8621,keep,largest file in duplicate metadata group,mastodon | remission | trainwreck,Mastodon,Remission,Trainwreck,10184915,/mnt/d/Music/_Sorted_By_Artist/Mastodon/07 - Trainwreck (2).mp3,/mnt/d/Music/_Sorted_By_Artist/Mastodon/07 - Trainwreck (2).mp3,
3104,quarantine,"same metadata artist, album, and title as kept file",mastodon | remission | trampled under hoof,Mastodon,Remission,Trampled Under Hoof,4340592,/mnt/d/Music/_Sorted_By_Artist/Mastodon/08 - Trampled Under Hoof.mp3,/mnt/d/Music/_Sorted_By_Artist/Mastodon/08 - Trampled Under Hoof (2).mp3,/mnt/d/Music/_Duplicate_Quarantine/08 - Trampled Under Hoof.mp3
8622,keep,largest file in duplicate metadata group,mastodon | remission | trampled under hoof,Mastodon,Remission,Trampled Under Hoof,4340592,/mnt/d/Music/_Sorted_By_Artist/Mastodon/08 - Trampled Under Hoof (2).mp3,/mnt/d/Music/_Sorted_By_Artist/Mastodon/08 - Trampled Under Hoof (2).mp3,
3105,quarantine,"same metadata artist, album, and title as kept file",mastodon | remission | trilobite,Mastodon,Remission,Trilobite,9342309,/mnt/d/Music/_Sorted_By_Artist/Mastodon/09 - Trilobite.mp3,/mnt/d/Music/_Sorted_By_Artist/Mastodon/09 - Trilobite (2).mp3,/mnt/d/Music/_Duplicate_Quarantine/09 - Trilobite.mp3
8623,keep,largest file in duplicate metadata group,mastodon | remission | trilobite,Mastodon,Remission,Trilobite,9342309,/mnt/d/Music/_Sorted_By_Artist/Mastodon/09 - Trilobite (2).mp3,/mnt/d/Music/_Sorted_By_Artist/Mastodon/09 - Trilobite (2).mp3,
3099,quarantine,"same metadata artist, album, and title as kept file",mastodon | remission | where strides the behemoth,Mastodon,Remission,Where Strides the Behemoth,4220220,/mnt/d/Music/_Sorted_By_Artist/Mastodon/03 - Where Strides the Behemoth.mp3,/mnt/d/Music/_Sorted_By_Artist/Mastodon/03 - Where Strides the Behemoth (2).mp3,/mnt/d/Music/_Duplicate_Quarantine/03 - Where Strides the Behemoth.mp3
8617,keep,largest file in duplicate metadata group,mastodon | remission | where strides the behemoth,Mastodon,Remission,Where Strides the Behemoth,4220220,/mnt/d/Music/_Sorted_By_Artist/Mastodon/03 - Where Strides the Behemoth (2).mp3,/mnt/d/Music/_Sorted_By_Artist/Mastodon/03 - Where Strides the Behemoth (2).mp3,
3100,quarantine,"same metadata artist, album, and title as kept file",mastodon | remission | workhorse,Mastodon,Remission,Workhorse,5423942,/mnt/d/Music/_Sorted_By_Artist/Mastodon/04 - Workhorse.mp3,/mnt/d/Music/_Sorted_By_Artist/Mastodon/04 - Workhorse (2).mp3,/mnt/d/Music/_Duplicate_Quarantine/04 - Workhorse.mp3
8618,keep,largest file in duplicate metadata group,mastodon | remission | workhorse,Mastodon,Remission,Workhorse,5423942,/mnt/d/Music/_Sorted_By_Artist/Mastodon/04 - Workhorse (2).mp3,/mnt/d/Music/_Sorted_By_Artist/Mastodon/04 - Workhorse (2).mp3,
8630,keep,largest file in duplicate metadata group,meshuggah | catch thirty-three | autonomy lost,Meshuggah,Catch Thirty-Three,Autonomy Lost,1643452,/mnt/d/Music/_Sorted_By_Artist/Meshuggah/01 Autonomy Lost 1.m4a,/mnt/d/Music/_Sorted_By_Artist/Meshuggah/01 Autonomy Lost 1.m4a,
8631,quarantine,"same metadata artist, album, and title as kept file",meshuggah | catch thirty-three | autonomy lost,Meshuggah,Catch Thirty-Three,Autonomy Lost,1643452,/mnt/d/Music/_Sorted_By_Artist/Meshuggah/01 Autonomy Lost.m4a,/mnt/d/Music/_Sorted_By_Artist/Meshuggah/01 Autonomy Lost 1.m4a,/mnt/d/Music/_Duplicate_Quarantine/01 Autonomy Lost.m4a
8652,keep,largest file in duplicate metadata group,meshuggah | catch thirty-three | dehumanization,Meshuggah,Catch Thirty-Three,Dehumanization,2809387,/mnt/d/Music/_Sorted_By_Artist/Meshuggah/12 Dehumanization 1.m4a,/mnt/d/Music/_Sorted_By_Artist/Meshuggah/12 Dehumanization 1.m4a,
8653,quarantine,"same metadata artist, album, and title as kept file",meshuggah | catch thirty-three | dehumanization,Meshuggah,Catch Thirty-Three,Dehumanization,2809387,/mnt/d/Music/_Sorted_By_Artist/Meshuggah/12 Dehumanization.m4a,/mnt/d/Music/_Sorted_By_Artist/Meshuggah/12 Dehumanization 1.m4a,/mnt/d/Music/_Duplicate_Quarantine/12 Dehumanization.m4a
8634,keep,largest file in duplicate metadata group,meshuggah | catch thirty-three | disenchantment,Meshuggah,Catch Thirty-Three,Disenchantment,1666462,/mnt/d/Music/_Sorted_By_Artist/Meshuggah/03 Disenchantment 1.m4a,/mnt/d/Music/_Sorted_By_Artist/Meshuggah/03 Disenchantment 1.m4a,
8635,quarantine,"same metadata artist, album, and title as kept file",meshuggah | catch thirty-three | disenchantment,Meshuggah,Catch Thirty-Three,Disenchantment,1666462,/mnt/d/Music/_Sorted_By_Artist/Meshuggah/03 Disenchantment.m4a,/mnt/d/Music/_Sorted_By_Artist/Meshuggah/03 Disenchantment 1.m4a,/mnt/d/Music/_Duplicate_Quarantine/03 Disenchantment.m4a
8640,keep,largest file in duplicate metadata group,meshuggah | catch thirty-three | entrapment,Meshuggah,Catch Thirty-Three,Entrapment,2435360,/mnt/d/Music/_Sorted_By_Artist/Meshuggah/06 Entrapment 1.m4a,/mnt/d/Music/_Sorted_By_Artist/Meshuggah/06 Entrapment 1.m4a,
8641,quarantine,"same metadata artist, album, and title as kept file",meshuggah | catch thirty-three | entrapment,Meshuggah,Catch Thirty-Three,Entrapment,2435360,/mnt/d/Music/_Sorted_By_Artist/Meshuggah/06 Entrapment.m4a,/mnt/d/Music/_Sorted_By_Artist/Meshuggah/06 Entrapment 1.m4a,/mnt/d/Music/_Duplicate_Quarantine/06 Entrapment.m4a
8632,keep,largest file in duplicate metadata group,meshuggah | catch thirty-three | imprint of the un-saved,Meshuggah,Catch Thirty-Three,Imprint of the Un-Saved,1553732,/mnt/d/Music/_Sorted_By_Artist/Meshuggah/02 Imprint of the Un-Saved 1.m4a,/mnt/d/Music/_Sorted_By_Artist/Meshuggah/02 Imprint of the Un-Saved 1.m4a,
8633,quarantine,"same metadata artist, album, and title as kept file",meshuggah | catch thirty-three | imprint of the un-saved,Meshuggah,Catch Thirty-Three,Imprint of the Un-Saved,1553732,/mnt/d/Music/_Sorted_By_Artist/Meshuggah/02 Imprint of the Un-Saved.m4a,/mnt/d/Music/_Sorted_By_Artist/Meshuggah/02 Imprint of the Un-Saved 1.m4a,/mnt/d/Music/_Duplicate_Quarantine/02 Imprint of the Un-Saved.m4a
8646,keep,largest file in duplicate metadata group,meshuggah | catch thirty-three | in death -- is death,Meshuggah,Catch Thirty-Three,In Death -- Is Death,12551784,/mnt/d/Music/_Sorted_By_Artist/Meshuggah/09 In Death -- Is Death 1.m4a,/mnt/d/Music/_Sorted_By_Artist/Meshuggah/09 In Death -- Is Death 1.m4a,
8647,quarantine,"same metadata artist, album, and title as kept file",meshuggah | catch thirty-three | in death -- is death,Meshuggah,Catch Thirty-Three,In Death -- Is Death,12551784,/mnt/d/Music/_Sorted_By_Artist/Meshuggah/09 In Death -- Is Death.m4a,/mnt/d/Music/_Sorted_By_Artist/Meshuggah/09 In Death -- Is Death 1.m4a,/mnt/d/Music/_Duplicate_Quarantine/09 In Death -- Is Death.m4a
8644,keep,largest file in duplicate metadata group,meshuggah | catch thirty-three | in death -- is life,Meshuggah,Catch Thirty-Three,In Death -- Is Life,1967805,/mnt/d/Music/_Sorted_By_Artist/Meshuggah/08 In Death -- Is Life 1.m4a,/mnt/d/Music/_Sorted_By_Artist/Meshuggah/08 In Death -- Is Life 1.m4a,
8645,quarantine,"same metadata artist, album, and title as kept file",meshuggah | catch thirty-three | in death -- is life,Meshuggah,Catch Thirty-Three,In Death -- Is Life,1967805,/mnt/d/Music/_Sorted_By_Artist/Meshuggah/08 In Death -- Is Life.m4a,/mnt/d/Music/_Sorted_By_Artist/Meshuggah/08 In Death -- Is Life 1.m4a,/mnt/d/Music/_Duplicate_Quarantine/08 In Death -- Is Life.m4a
8642,keep,largest file in duplicate metadata group,meshuggah | catch thirty-three | mind's mirrors,Meshuggah,Catch Thirty-Three,Mind's Mirrors,4240834,/mnt/d/Music/_Sorted_By_Artist/Meshuggah/07 Mind's Mirrors 1.m4a,/mnt/d/Music/_Sorted_By_Artist/Meshuggah/07 Mind's Mirrors 1.m4a,
8643,quarantine,"same metadata artist, album, and title as kept file",meshuggah | catch thirty-three | mind's mirrors,Meshuggah,Catch Thirty-Three,Mind's Mirrors,4240834,/mnt/d/Music/_Sorted_By_Artist/Meshuggah/07 Mind's Mirrors.m4a,/mnt/d/Music/_Sorted_By_Artist/Meshuggah/07 Mind's Mirrors 1.m4a,/mnt/d/Music/_Duplicate_Quarantine/07 Mind's Mirrors.m4a
8650,keep,largest file in duplicate metadata group,meshuggah | catch thirty-three | personae non gratae,Meshuggah,Catch Thirty-Three,Personae Non Gratae,1743386,/mnt/d/Music/_Sorted_By_Artist/Meshuggah/11 Personae Non Gratae 1.m4a,/mnt/d/Music/_Sorted_By_Artist/Meshuggah/11 Personae Non Gratae 1.m4a,
8651,quarantine,"same metadata artist, album, and title as kept file",meshuggah | catch thirty-three | personae non gratae,Meshuggah,Catch Thirty-Three,Personae Non Gratae,1743386,/mnt/d/Music/_Sorted_By_Artist/Meshuggah/11 Personae Non Gratae.m4a,/mnt/d/Music/_Sorted_By_Artist/Meshuggah/11 Personae Non Gratae 1.m4a,/mnt/d/Music/_Duplicate_Quarantine/11 Personae Non Gratae.m4a
8638,keep,largest file in duplicate metadata group,meshuggah | catch thirty-three | re-inanimate,Meshuggah,Catch Thirty-Three,Re-Inanimate,1045194,/mnt/d/Music/_Sorted_By_Artist/Meshuggah/05 Re-Inanimate 1.m4a,/mnt/d/Music/_Sorted_By_Artist/Meshuggah/05 Re-Inanimate 1.m4a,
8639,quarantine,"same metadata artist, album, and title as kept file",meshuggah | catch thirty-three | re-inanimate,Meshuggah,Catch Thirty-Three,Re-Inanimate,1045194,/mnt/d/Music/_Sorted_By_Artist/Meshuggah/05 Re-Inanimate.m4a,/mnt/d/Music/_Sorted_By_Artist/Meshuggah/05 Re-Inanimate 1.m4a,/mnt/d/Music/_Duplicate_Quarantine/05 Re-Inanimate.m4a
8648,keep,largest file in duplicate metadata group,meshuggah | catch thirty-three | shed,Meshuggah,Catch Thirty-Three,Shed,3498257,/mnt/d/Music/_Sorted_By_Artist/Meshuggah/10 Shed 1.m4a,/mnt/d/Music/_Sorted_By_Artist/Meshuggah/10 Shed 1.m4a,
8649,quarantine,"same metadata artist, album, and title as kept file",meshuggah | catch thirty-three | shed,Meshuggah,Catch Thirty-Three,Shed,3498257,/mnt/d/Music/_Sorted_By_Artist/Meshuggah/10 Shed.m4a,/mnt/d/Music/_Sorted_By_Artist/Meshuggah/10 Shed 1.m4a,/mnt/d/Music/_Duplicate_Quarantine/10 Shed.m4a
8654,keep,largest file in duplicate metadata group,meshuggah | catch thirty-three | sum,Meshuggah,Catch Thirty-Three,Sum,6897976,/mnt/d/Music/_Sorted_By_Artist/Meshuggah/13 Sum 1.m4a,/mnt/d/Music/_Sorted_By_Artist/Meshuggah/13 Sum 1.m4a,
8655,quarantine,"same metadata artist, album, and title as kept file",meshuggah | catch thirty-three | sum,Meshuggah,Catch Thirty-Three,Sum,6897976,/mnt/d/Music/_Sorted_By_Artist/Meshuggah/13 Sum.m4a,/mnt/d/Music/_Sorted_By_Artist/Meshuggah/13 Sum 1.m4a,/mnt/d/Music/_Duplicate_Quarantine/13 Sum.m4a
8636,keep,largest file in duplicate metadata group,meshuggah | catch thirty-three | the paradoxical spiral,Meshuggah,Catch Thirty-Three,The Paradoxical Spiral,3113529,/mnt/d/Music/_Sorted_By_Artist/Meshuggah/04 The Paradoxical Spiral 1.m4a,/mnt/d/Music/_Sorted_By_Artist/Meshuggah/04 The Paradoxical Spiral 1.m4a,
8637,quarantine,"same metadata artist, album, and title as kept file",meshuggah | catch thirty-three | the paradoxical spiral,Meshuggah,Catch Thirty-Three,The Paradoxical Spiral,3113529,/mnt/d/Music/_Sorted_By_Artist/Meshuggah/04 The Paradoxical Spiral.m4a,/mnt/d/Music/_Sorted_By_Artist/Meshuggah/04 The Paradoxical Spiral 1.m4a,/mnt/d/Music/_Duplicate_Quarantine/04 The Paradoxical Spiral.m4a
2274,quarantine,"same metadata artist, album, and title as kept file",metallica | and justice for all | and justice for all,Metallica,...And Justice For All,...And Justice For All,9654092,/mnt/d/Music/_Sorted_By_Artist/Metallica/02 _..And Justice For All.m4a,/mnt/d/Music/_Sorted_By_Artist/Metallica/02 - ...And Justice For All (2).mp3,/mnt/d/Music/_Duplicate_Quarantine/02 _..And Justice For All.m4a
3109,quarantine,"same metadata artist, album, and title as kept file",metallica | and justice for all | and justice for all,Metallica,...And Justice For All,...And Justice For All,14081340,/mnt/d/Music/_Sorted_By_Artist/Metallica/02 - ...And Justice For All.mp3,/mnt/d/Music/_Sorted_By_Artist/Metallica/02 - ...And Justice For All (2).mp3,/mnt/d/Music/_Duplicate_Quarantine/02 - ...And Justice For All.mp3
8678,keep,largest file in duplicate metadata group,metallica | and justice for all | and justice for all,Metallica,...And Justice For All,...And Justice For All,14081340,/mnt/d/Music/_Sorted_By_Artist/Metallica/02 - ...And Justice For All (2).mp3,/mnt/d/Music/_Sorted_By_Artist/Metallica/02 - ...And Justice For All (2).mp3,
8688,quarantine,"same metadata artist, album, and title as kept file",metallica | and justice for all | and justice for all,Metallica,...And Justice For All,...And Justice For All,14081340,/mnt/d/Music/_Sorted_By_Artist/Metallica/02 - ...And Justice For All (3).mp3,/mnt/d/Music/_Sorted_By_Artist/Metallica/02 - ...And Justice For All (2).mp3,/mnt/d/Music/_Duplicate_Quarantine/02 - ...And Justice For All (3).mp3
2273,quarantine,"same metadata artist, album, and title as kept file",metallica | and justice for all | blackened,Metallica,...And Justice For All,Blackened,6574485,/mnt/d/Music/_Sorted_By_Artist/Metallica/01 Blackened.m4a,/mnt/d/Music/_Sorted_By_Artist/Metallica/01 - Blackened (2).mp3,/mnt/d/Music/_Duplicate_Quarantine/01 Blackened.m4a
3108,quarantine,"same metadata artist, album, and title as kept file",metallica | and justice for all | blackened,Metallica,...And Justice For All,Blackened,9632582,/mnt/d/Music/_Sorted_By_Artist/Metallica/01 - Blackened.mp3,/mnt/d/Music/_Sorted_By_Artist/Metallica/01 - Blackened (2).mp3,/mnt/d/Music/_Duplicate_Quarantine/01 - Blackened.mp3
8677,keep,largest file in duplicate metadata group,metallica | and justice for all | blackened,Metallica,...And Justice For All,Blackened,9632582,/mnt/d/Music/_Sorted_By_Artist/Metallica/01 - Blackened (2).mp3,/mnt/d/Music/_Sorted_By_Artist/Metallica/01 - Blackened (2).mp3,
8687,quarantine,"same metadata artist, album, and title as kept file",metallica | and justice for all | blackened,Metallica,...And Justice For All,Blackened,9632582,/mnt/d/Music/_Sorted_By_Artist/Metallica/01 - Blackened (3).mp3,/mnt/d/Music/_Sorted_By_Artist/Metallica/01 - Blackened (2).mp3,/mnt/d/Music/_Duplicate_Quarantine/01 - Blackened (3).mp3
2281,quarantine,"same metadata artist, album, and title as kept file",metallica | and justice for all | dyers eve,Metallica,...And Justice For All,Dyers Eve,5179828,/mnt/d/Music/_Sorted_By_Artist/Metallica/09 Dyers Eve.m4a,/mnt/d/Music/_Sorted_By_Artist/Metallica/09 - Dyers Eve (2).mp3,/mnt/d/Music/_Duplicate_Quarantine/09 Dyers Eve.m4a
3116,quarantine,"same metadata artist, album, and title as kept file",metallica | and justice for all | dyers eve,Metallica,...And Justice For All,Dyers Eve,7523560,/mnt/d/Music/_Sorted_By_Artist/Metallica/09 - Dyers Eve.mp3,/mnt/d/Music/_Sorted_By_Artist/Metallica/09 - Dyers Eve (2).mp3,/mnt/d/Music/_Duplicate_Quarantine/09 - Dyers Eve.mp3
8685,keep,largest file in duplicate metadata group,metallica | and justice for all | dyers eve,Metallica,...And Justice For All,Dyers Eve,7523560,/mnt/d/Music/_Sorted_By_Artist/Metallica/09 - Dyers Eve (2).mp3,/mnt/d/Music/_Sorted_By_Artist/Metallica/09 - Dyers Eve (2).mp3,
8695,quarantine,"same metadata artist, album, and title as kept file",metallica | and justice for all | dyers eve,Metallica,...And Justice For All,Dyers Eve,7523560,/mnt/d/Music/_Sorted_By_Artist/Metallica/09 - Dyers Eve (3).mp3,/mnt/d/Music/_Sorted_By_Artist/Metallica/09 - Dyers Eve (2).mp3,/mnt/d/Music/_Duplicate_Quarantine/09 - Dyers Eve (3).mp3
2275,quarantine,"same metadata artist, album, and title as kept file",metallica | and justice for all | eye of the beholder,Metallica,...And Justice For All,Eye Of The Beholder,6404506,/mnt/d/Music/_Sorted_By_Artist/Metallica/03 Eye Of The Beholder.m4a,/mnt/d/Music/_Sorted_By_Artist/Metallica/03 - Eye Of The Beholder (2).mp3,/mnt/d/Music/_Duplicate_Quarantine/03 Eye Of The Beholder.m4a
3110,quarantine,"same metadata artist, album, and title as kept file",metallica | and justice for all | eye of the beholder,Metallica,...And Justice For All,Eye Of The Beholder,9364879,/mnt/d/Music/_Sorted_By_Artist/Metallica/03 - Eye Of The Beholder.mp3,/mnt/d/Music/_Sorted_By_Artist/Metallica/03 - Eye Of The Beholder (2).mp3,/mnt/d/Music/_Duplicate_Quarantine/03 - Eye Of The Beholder.mp3
8679,keep,largest file in duplicate metadata group,metallica | and justice for all | eye of the beholder,Metallica,...And Justice For All,Eye Of The Beholder,9364879,/mnt/d/Music/_Sorted_By_Artist/Metallica/03 - Eye Of The Beholder (2).mp3,/mnt/d/Music/_Sorted_By_Artist/Metallica/03 - Eye Of The Beholder (2).mp3,
8689,quarantine,"same metadata artist, album, and title as kept file",metallica | and justice for all | eye of the beholder,Metallica,...And Justice For All,Eye Of The Beholder,9364879,/mnt/d/Music/_Sorted_By_Artist/Metallica/03 - Eye Of The Beholder (3).mp3,/mnt/d/Music/_Sorted_By_Artist/Metallica/03 - Eye Of The Beholder (2).mp3,/mnt/d/Music/_Duplicate_Quarantine/03 - Eye Of The Beholder (3).mp3
2278,quarantine,"same metadata artist, album, and title as kept file",metallica | and justice for all | harvester of sorrow,Metallica,...And Justice For All,Harvester Of Sorrow,5643991,/mnt/d/Music/_Sorted_By_Artist/Metallica/06 Harvester Of Sorrow.m4a,/mnt/d/Music/_Sorted_By_Artist/Metallica/06 - Harvester Of Sorrow (2).mp3,/mnt/d/Music/_Duplicate_Quarantine/06 Harvester Of Sorrow.m4a
3113,quarantine,"same metadata artist, album, and title as kept file",metallica | and justice for all | harvester of sorrow,Metallica,...And Justice For All,Harvester Of Sorrow,8303472,/mnt/d/Music/_Sorted_By_Artist/Metallica/06 - Harvester Of Sorrow.mp3,/mnt/d/Music/_Sorted_By_Artist/Metallica/06 - Harvester Of Sorrow (2).mp3,/mnt/d/Music/_Duplicate_Quarantine/06 - Harvester Of Sorrow.mp3
8682,keep,largest file in duplicate metadata group,metallica | and justice for all | harvester of sorrow,Metallica,...And Justice For All,Harvester Of Sorrow,8303472,/mnt/d/Music/_Sorted_By_Artist/Metallica/06 - Harvester Of Sorrow (2).mp3,/mnt/d/Music/_Sorted_By_Artist/Metallica/06 - Harvester Of Sorrow (2).mp3,
8692,quarantine,"same metadata artist, album, and title as kept file",metallica | and justice for all | harvester of sorrow,Metallica,...And Justice For All,Harvester Of Sorrow,8303472,/mnt/d/Music/_Sorted_By_Artist/Metallica/06 - Harvester Of Sorrow (3).mp3,/mnt/d/Music/_Sorted_By_Artist/Metallica/06 - Harvester Of Sorrow (2).mp3,/mnt/d/Music/_Duplicate_Quarantine/06 - Harvester Of Sorrow (3).mp3
2276,quarantine,"same metadata artist, album, and title as kept file",metallica | and justice for all | one,Metallica,...And Justice For All,One,7332269,/mnt/d/Music/_Sorted_By_Artist/Metallica/04 One.m4a,/mnt/d/Music/_Sorted_By_Artist/Metallica/04 - One (2).mp3,/mnt/d/Music/_Duplicate_Quarantine/04 One.m4a
3111,quarantine,"same metadata artist, album, and title as kept file",metallica | and justice for all | one,Metallica,...And Justice For All,One,10742264,/mnt/d/Music/_Sorted_By_Artist/Metallica/04 - One.mp3,/mnt/d/Music/_Sorted_By_Artist/Metallica/04 - One (2).mp3,/mnt/d/Music/_Duplicate_Quarantine/04 - One.mp3
8680,keep,largest file in duplicate metadata group,metallica | and justice for all | one,Metallica,...And Justice For All,One,10742264,/mnt/d/Music/_Sorted_By_Artist/Metallica/04 - One (2).mp3,/mnt/d/Music/_Sorted_By_Artist/Metallica/04 - One (2).mp3,
8686,quarantine,"same metadata artist, album, and title as kept file",metallica | and justice for all | one,Metallica,...And Justice For All,One,7243535,/mnt/d/Music/_Sorted_By_Artist/Metallica/SQYX.m4a,/mnt/d/Music/_Sorted_By_Artist/Metallica/04 - One (2).mp3,/mnt/d/Music/_Duplicate_Quarantine/SQYX.m4a
8690,quarantine,"same metadata artist, album, and title as kept file",metallica | and justice for all | one,Metallica,...And Justice For All,One,10742264,/mnt/d/Music/_Sorted_By_Artist/Metallica/04 - One (3).mp3,/mnt/d/Music/_Sorted_By_Artist/Metallica/04 - One (2).mp3,/mnt/d/Music/_Duplicate_Quarantine/04 - One (3).mp3
2279,quarantine,"same metadata artist, album, and title as kept file",metallica | and justice for all | the frayed ends of sanity,Metallica,...And Justice For All,The Frayed Ends Of Sanity,7610119,/mnt/d/Music/_Sorted_By_Artist/Metallica/07 The Frayed Ends Of Sanity.m4a,/mnt/d/Music/_Sorted_By_Artist/Metallica/07 - The Frayed Ends Of Sanity (2).mp3,/mnt/d/Music/_Duplicate_Quarantine/07 The Frayed Ends Of Sanity.m4a
3114,quarantine,"same metadata artist, album, and title as kept file",metallica | and justice for all | the frayed ends of sanity,Metallica,...And Justice For All,The Frayed Ends Of Sanity,11139116,/mnt/d/Music/_Sorted_By_Artist/Metallica/07 - The Frayed Ends Of Sanity.mp3,/mnt/d/Music/_Sorted_By_Artist/Metallica/07 - The Frayed Ends Of Sanity (2).mp3,/mnt/d/Music/_Duplicate_Quarantine/07 - The Frayed Ends Of Sanity.mp3
8683,keep,largest file in duplicate metadata group,metallica | and justice for all | the frayed ends of sanity,Metallica,...And Justice For All,The Frayed Ends Of Sanity,11139116,/mnt/d/Music/_Sorted_By_Artist/Metallica/07 - The Frayed Ends Of Sanity (2).mp3,/mnt/d/Music/_Sorted_By_Artist/Metallica/07 - The Frayed Ends Of Sanity (2).mp3,
8693,quarantine,"same metadata artist, album, and title as kept file",metallica | and justice for all | the frayed ends of sanity,Metallica,...And Justice For All,The Frayed Ends Of Sanity,11139116,/mnt/d/Music/_Sorted_By_Artist/Metallica/07 - The Frayed Ends Of Sanity (3).mp3,/mnt/d/Music/_Sorted_By_Artist/Metallica/07 - The Frayed Ends Of Sanity (2).mp3,/mnt/d/Music/_Duplicate_Quarantine/07 - The Frayed Ends Of Sanity (3).mp3
2277,quarantine,"same metadata artist, album, and title as kept file",metallica | and justice for all | the shortest straw,Metallica,...And Justice For All,The Shortest Straw,6478990,/mnt/d/Music/_Sorted_By_Artist/Metallica/05 The Shortest Straw.m4a,/mnt/d/Music/_Sorted_By_Artist/Metallica/05 - The Shortest Straw (2).mp3,/mnt/d/Music/_Duplicate_Quarantine/05 The Shortest Straw.m4a
3112,quarantine,"same metadata artist, album, and title as kept file",metallica | and justice for all | the shortest straw,Metallica,...And Justice For All,The Shortest Straw,9507194,/mnt/d/Music/_Sorted_By_Artist/Metallica/05 - The Shortest Straw.mp3,/mnt/d/Music/_Sorted_By_Artist/Metallica/05 - The Shortest Straw (2).mp3,/mnt/d/Music/_Duplicate_Quarantine/05 - The Shortest Straw.mp3
8681,keep,largest file in duplicate metadata group,metallica | and justice for all | the shortest straw,Metallica,...And Justice For All,The Shortest Straw,9507194,/mnt/d/Music/_Sorted_By_Artist/Metallica/05 - The Shortest Straw (2).mp3,/mnt/d/Music/_Sorted_By_Artist/Metallica/05 - The Shortest Straw (2).mp3,
8691,quarantine,"same metadata artist, album, and title as kept file",metallica | and justice for all | the shortest straw,Metallica,...And Justice For All,The Shortest Straw,9507194,/mnt/d/Music/_Sorted_By_Artist/Metallica/05 - The Shortest Straw (3).mp3,/mnt/d/Music/_Sorted_By_Artist/Metallica/05 - The Shortest Straw (2).mp3,/mnt/d/Music/_Duplicate_Quarantine/05 - The Shortest Straw (3).mp3
2280,quarantine,"same metadata artist, album, and title as kept file",metallica | and justice for all | to live is to die,Metallica,...And Justice For All,To Live Is To Die,9675461,/mnt/d/Music/_Sorted_By_Artist/Metallica/08 To Live Is To Die.m4a,/mnt/d/Music/_Sorted_By_Artist/Metallica/08 - To Live Is To Die (2).mp3,/mnt/d/Music/_Duplicate_Quarantine/08 To Live Is To Die.m4a
3115,quarantine,"same metadata artist, album, and title as kept file",metallica | and justice for all | to live is to die,Metallica,...And Justice For All,To Live Is To Die,14141693,/mnt/d/Music/_Sorted_By_Artist/Metallica/08 - To Live Is To Die.mp3,/mnt/d/Music/_Sorted_By_Artist/Metallica/08 - To Live Is To Die (2).mp3,/mnt/d/Music/_Duplicate_Quarantine/08 - To Live Is To Die.mp3
8684,keep,largest file in duplicate metadata group,metallica | and justice for all | to live is to die,Metallica,...And Justice For All,To Live Is To Die,14141693,/mnt/d/Music/_Sorted_By_Artist/Metallica/08 - To Live Is To Die (2).mp3,/mnt/d/Music/_Sorted_By_Artist/Metallica/08 - To Live Is To Die (2).mp3,
8694,quarantine,"same metadata artist, album, and title as kept file",metallica | and justice for all | to live is to die,Metallica,...And Justice For All,To Live Is To Die,14141693,/mnt/d/Music/_Sorted_By_Artist/Metallica/08 - To Live Is To Die (3).mp3,/mnt/d/Music/_Sorted_By_Artist/Metallica/08 - To Live Is To Die (2).mp3,/mnt/d/Music/_Duplicate_Quarantine/08 - To Live Is To Die (3).mp3
8713,keep,largest file in duplicate metadata group,metallica | load | hero of the day,Metallica,Load,Hero of the Day,9042012,/mnt/d/Music/_Sorted_By_Artist/Metallica/06 Hero of the Day.m4a,/mnt/d/Music/_Sorted_By_Artist/Metallica/06 Hero of the Day.m4a,
8722,quarantine,"same metadata artist, album, and title as kept file",metallica | load | hero of the day,Metallica,Load,Hero of The Day,4239144,/mnt/d/Music/_Sorted_By_Artist/Metallica/CCHI.m4a,/mnt/d/Music/_Sorted_By_Artist/Metallica/06 Hero of the Day.m4a,/mnt/d/Music/_Duplicate_Quarantine/CCHI.m4a
8711,keep,largest file in duplicate metadata group,metallica | load | until it sleeps,Metallica,Load,Until It Sleeps,9304074,/mnt/d/Music/_Sorted_By_Artist/Metallica/04 Until It Sleeps.m4a,/mnt/d/Music/_Sorted_By_Artist/Metallica/04 Until It Sleeps.m4a,
8724,quarantine,"same metadata artist, album, and title as kept file",metallica | load | until it sleeps,Metallica,Load,Until it Sleeps,4365377,/mnt/d/Music/_Sorted_By_Artist/Metallica/LJPQ.m4a,/mnt/d/Music/_Sorted_By_Artist/Metallica/04 Until It Sleeps.m4a,/mnt/d/Music/_Duplicate_Quarantine/LJPQ.m4a
8733,keep,largest file in duplicate metadata group,metallica | metallica | enter sandman,Metallica,Metallica,Enter Sandman,11302838,/mnt/d/Music/_Sorted_By_Artist/Metallica/01 Enter Sandman.m4a,/mnt/d/Music/_Sorted_By_Artist/Metallica/01 Enter Sandman.m4a,
8747,quarantine,"same metadata artist, album, and title as kept file",metallica | metallica | enter sandman,Metallica,Metallica,Enter Sandman,5365134,/mnt/d/Music/_Sorted_By_Artist/Metallica/KXIZ.m4a,/mnt/d/Music/_Sorted_By_Artist/Metallica/01 Enter Sandman.m4a,/mnt/d/Music/_Duplicate_Quarantine/KXIZ.m4a
4074,quarantine,"same metadata artist, album, and title as kept file",metallica | metallica | nothing else matters,Metallica,Metallica,Nothing Else Matters,6291355,/mnt/d/Music/_Sorted_By_Artist/Metallica/IFIS.m4a,/mnt/d/Music/_Sorted_By_Artist/Metallica/08 Nothing Else Matters.m4a,/mnt/d/Music/_Duplicate_Quarantine/IFIS.m4a
8740,keep,largest file in duplicate metadata group,metallica | metallica | nothing else matters,Metallica,Metallica,Nothing Else Matters,13036601,/mnt/d/Music/_Sorted_By_Artist/Metallica/08 Nothing Else Matters.m4a,/mnt/d/Music/_Sorted_By_Artist/Metallica/08 Nothing Else Matters.m4a,
4073,quarantine,"same metadata artist, album, and title as kept file",metallica | metallica | the unforgiven,Metallica,Metallica,The Unforgiven,6263163,/mnt/d/Music/_Sorted_By_Artist/Metallica/AVQI.m4a,/mnt/d/Music/_Sorted_By_Artist/Metallica/04 The Unforgiven.m4a,/mnt/d/Music/_Duplicate_Quarantine/AVQI.m4a
8736,keep,largest file in duplicate metadata group,metallica | metallica | the unforgiven,Metallica,Metallica,The Unforgiven,13148538,/mnt/d/Music/_Sorted_By_Artist/Metallica/04 The Unforgiven.m4a,/mnt/d/Music/_Sorted_By_Artist/Metallica/04 The Unforgiven.m4a,
3119,quarantine,"same metadata artist, album, and title as kept file",methods of mayhem | methods of mayhem | anger management,Methods Of Mayhem,Methods Of Mayhem,Anger Management,4652180,/mnt/d/Music/_Sorted_By_Artist/Methods Of Mayhem/03 - Anger Management.mp3,/mnt/d/Music/_Sorted_By_Artist/Methods Of Mayhem/03 - Anger Management (2).mp3,/mnt/d/Music/_Duplicate_Quarantine/03 - Anger Management.mp3
8751,keep,largest file in duplicate metadata group,methods of mayhem | methods of mayhem | anger management,Methods Of Mayhem,Methods Of Mayhem,Anger Management,4652180,/mnt/d/Music/_Sorted_By_Artist/Methods Of Mayhem/03 - Anger Management (2).mp3,/mnt/d/Music/_Sorted_By_Artist/Methods Of Mayhem/03 - Anger Management (2).mp3,
3123,quarantine,"same metadata artist, album, and title as kept file",methods of mayhem | methods of mayhem | crash,Methods Of Mayhem,Methods Of Mayhem,Crash,4839635,/mnt/d/Music/_Sorted_By_Artist/Methods Of Mayhem/07 - Crash.mp3,/mnt/d/Music/_Sorted_By_Artist/Methods Of Mayhem/07 - Crash (2).mp3,/mnt/d/Music/_Duplicate_Quarantine/07 - Crash.mp3
8755,keep,largest file in duplicate metadata group,methods of mayhem | methods of mayhem | crash,Methods Of Mayhem,Methods Of Mayhem,Crash,4839635,/mnt/d/Music/_Sorted_By_Artist/Methods Of Mayhem/07 - Crash (2).mp3,/mnt/d/Music/_Sorted_By_Artist/Methods Of Mayhem/07 - Crash (2).mp3,
3120,quarantine,"same metadata artist, album, and title as kept file",methods of mayhem | methods of mayhem | get naked,Methods Of Mayhem,Methods Of Mayhem,Get Naked,4844024,/mnt/d/Music/_Sorted_By_Artist/Methods Of Mayhem/04 - Get Naked.mp3,/mnt/d/Music/_Sorted_By_Artist/Methods Of Mayhem/04 - Get Naked (2).mp3,/mnt/d/Music/_Duplicate_Quarantine/04 - Get Naked.mp3
8752,keep,largest file in duplicate metadata group,methods of mayhem | methods of mayhem | get naked,Methods Of Mayhem,Methods Of Mayhem,Get Naked,4844024,/mnt/d/Music/_Sorted_By_Artist/Methods Of Mayhem/04 - Get Naked (2).mp3,/mnt/d/Music/_Sorted_By_Artist/Methods Of Mayhem/04 - Get Naked (2).mp3,
3118,quarantine,"same metadata artist, album, and title as kept file",methods of mayhem | methods of mayhem | hypocritical,Methods Of Mayhem,Methods Of Mayhem,Hypocritical,5655282,/mnt/d/Music/_Sorted_By_Artist/Methods Of Mayhem/02 - Hypocritical.mp3,/mnt/d/Music/_Sorted_By_Artist/Methods Of Mayhem/02 - Hypocritical (2).mp3,/mnt/d/Music/_Duplicate_Quarantine/02 - Hypocritical.mp3
8750,keep,largest file in duplicate metadata group,methods of mayhem | methods of mayhem | hypocritical,Methods Of Mayhem,Methods Of Mayhem,Hypocritical,5655282,/mnt/d/Music/_Sorted_By_Artist/Methods Of Mayhem/02 - Hypocritical (2).mp3,/mnt/d/Music/_Sorted_By_Artist/Methods Of Mayhem/02 - Hypocritical (2).mp3,
3124,quarantine,"same metadata artist, album, and title as kept file",methods of mayhem | methods of mayhem | metamorphosis (f/scott kirkland,Methods Of Mayhem,Methods Of Mayhem,Metamorphosis (f/Scott Kirkland),6743648,/mnt/d/Music/_Sorted_By_Artist/Methods Of Mayhem/08 - Metamorphosis (f-Scott Kirkland).mp3,/mnt/d/Music/_Sorted_By_Artist/Methods Of Mayhem/08 - Metamorphosis (f-Scott Kirkland) (2).mp3,/mnt/d/Music/_Duplicate_Quarantine/08 - Metamorphosis (f-Scott Kirkland).mp3
8756,keep,largest file in duplicate metadata group,methods of mayhem | methods of mayhem | metamorphosis (f/scott kirkland,Methods Of Mayhem,Methods Of Mayhem,Metamorphosis (f/Scott Kirkland),6743648,/mnt/d/Music/_Sorted_By_Artist/Methods Of Mayhem/08 - Metamorphosis (f-Scott Kirkland) (2).mp3,/mnt/d/Music/_Sorted_By_Artist/Methods Of Mayhem/08 - Metamorphosis (f-Scott Kirkland) (2).mp3,
3126,quarantine,"same metadata artist, album, and title as kept file",methods of mayhem | methods of mayhem | mr. onsomeothersbitches (f/u-god from wu tang,Methods Of Mayhem,Methods Of Mayhem,Mr. Onsomeothersbitches (f/U-God From Wu Tang),934433,/mnt/d/Music/_Sorted_By_Artist/Methods Of Mayhem/10 - Mr. Onsomeothersbitches (f-U-God From Wu Tang).mp3,/mnt/d/Music/_Sorted_By_Artist/Methods Of Mayhem/10 - Mr. Onsomeothersbitches (f-U-God From Wu Tang) (2).mp3,/mnt/d/Music/_Duplicate_Quarantine/10 - Mr. Onsomeothersbitches (f-U-God From Wu Tang).mp3
8758,keep,largest file in duplicate metadata group,methods of mayhem | methods of mayhem | mr. onsomeothersbitches (f/u-god from wu tang,Methods Of Mayhem,Methods Of Mayhem,Mr. Onsomeothersbitches (f/U-God From Wu Tang),934433,/mnt/d/Music/_Sorted_By_Artist/Methods Of Mayhem/10 - Mr. Onsomeothersbitches (f-U-God From Wu Tang) (2).mp3,/mnt/d/Music/_Sorted_By_Artist/Methods Of Mayhem/10 - Mr. Onsomeothersbitches (f-U-God From Wu Tang) (2).mp3,
3125,quarantine,"same metadata artist, album, and title as kept file",methods of mayhem | methods of mayhem | narcotic (f/scott kirkland,Methods Of Mayhem,Methods Of Mayhem,Narcotic (f/Scott Kirkland),4786345,/mnt/d/Music/_Sorted_By_Artist/Methods Of Mayhem/09 - Narcotic (f-Scott Kirkland).mp3,/mnt/d/Music/_Sorted_By_Artist/Methods Of Mayhem/09 - Narcotic (f-Scott Kirkland) (2).mp3,/mnt/d/Music/_Duplicate_Quarantine/09 - Narcotic (f-Scott Kirkland).mp3
8757,keep,largest file in duplicate metadata group,methods of mayhem | methods of mayhem | narcotic (f/scott kirkland,Methods Of Mayhem,Methods Of Mayhem,Narcotic (f/Scott Kirkland),4786345,/mnt/d/Music/_Sorted_By_Artist/Methods Of Mayhem/09 - Narcotic (f-Scott Kirkland) (2).mp3,/mnt/d/Music/_Sorted_By_Artist/Methods Of Mayhem/09 - Narcotic (f-Scott Kirkland) (2).mp3,
3121,quarantine,"same metadata artist, album, and title as kept file",methods of mayhem | methods of mayhem | new skin (f/kid rock,Methods Of Mayhem,Methods Of Mayhem,New Skin (f/Kid Rock),6569359,/mnt/d/Music/_Sorted_By_Artist/Methods Of Mayhem/05 - New Skin (f-Kid Rock).mp3,/mnt/d/Music/_Sorted_By_Artist/Methods Of Mayhem/05 - New Skin (f-Kid Rock) (2).mp3,/mnt/d/Music/_Duplicate_Quarantine/05 - New Skin (f-Kid Rock).mp3
8753,keep,largest file in duplicate metadata group,methods of mayhem | methods of mayhem | new skin (f/kid rock,Methods Of Mayhem,Methods Of Mayhem,New Skin (f/Kid Rock),6569359,/mnt/d/Music/_Sorted_By_Artist/Methods Of Mayhem/05 - New Skin (f-Kid Rock) (2).mp3,/mnt/d/Music/_Sorted_By_Artist/Methods Of Mayhem/05 - New Skin (f-Kid Rock) (2).mp3,
3122,quarantine,"same metadata artist, album, and title as kept file",methods of mayhem | methods of mayhem | proposition fuck you (f/filthee immigrants,Methods Of Mayhem,Methods Of Mayhem,Proposition Fuck You (f/Filthee Immigrants),4612056,/mnt/d/Music/_Sorted_By_Artist/Methods Of Mayhem/06 - Proposition Fuck You (f-Filthee Immigrants).mp3,/mnt/d/Music/_Sorted_By_Artist/Methods Of Mayhem/06 - Proposition Fuck You (f-Filthee Immigrants) (2).mp3,/mnt/d/Music/_Duplicate_Quarantine/06 - Proposition Fuck You (f-Filthee Immigrants).mp3
8754,keep,largest file in duplicate metadata group,methods of mayhem | methods of mayhem | proposition fuck you (f/filthee immigrants,Methods Of Mayhem,Methods Of Mayhem,Proposition Fuck You (f/Filthee Immigrants),4612056,/mnt/d/Music/_Sorted_By_Artist/Methods Of Mayhem/06 - Proposition Fuck You (f-Filthee Immigrants) (2).mp3,/mnt/d/Music/_Sorted_By_Artist/Methods Of Mayhem/06 - Proposition Fuck You (f-Filthee Immigrants) (2).mp3,
3127,quarantine,"same metadata artist, album, and title as kept file",methods of mayhem | methods of mayhem | spun (f/scott kirkland,Methods Of Mayhem,Methods Of Mayhem,Spun (f/Scott Kirkland),3671648,/mnt/d/Music/_Sorted_By_Artist/Methods Of Mayhem/11 - Spun (f-Scott Kirkland).mp3,/mnt/d/Music/_Sorted_By_Artist/Methods Of Mayhem/11 - Spun (f-Scott Kirkland) (2).mp3,/mnt/d/Music/_Duplicate_Quarantine/11 - Spun (f-Scott Kirkland).mp3
8759,keep,largest file in duplicate metadata group,methods of mayhem | methods of mayhem | spun (f/scott kirkland,Methods Of Mayhem,Methods Of Mayhem,Spun (f/Scott Kirkland),3671648,/mnt/d/Music/_Sorted_By_Artist/Methods Of Mayhem/11 - Spun (f-Scott Kirkland) (2).mp3,/mnt/d/Music/_Sorted_By_Artist/Methods Of Mayhem/11 - Spun (f-Scott Kirkland) (2).mp3,
3117,quarantine,"same metadata artist, album, and title as kept file",methods of mayhem | methods of mayhem | who the hell cares (f/snoop dogg,Methods Of Mayhem,Methods Of Mayhem,Who The Hell Cares (f/Snoop Dogg),5080380,/mnt/d/Music/_Sorted_By_Artist/Methods Of Mayhem/01 - Who The Hell Cares (f-Snoop Dogg).mp3,/mnt/d/Music/_Sorted_By_Artist/Methods Of Mayhem/01 - Who The Hell Cares (f-Snoop Dogg) (2).mp3,/mnt/d/Music/_Duplicate_Quarantine/01 - Who The Hell Cares (f-Snoop Dogg).mp3
8749,keep,largest file in duplicate metadata group,methods of mayhem | methods of mayhem | who the hell cares (f/snoop dogg,Methods Of Mayhem,Methods Of Mayhem,Who The Hell Cares (f/Snoop Dogg),5080380,/mnt/d/Music/_Sorted_By_Artist/Methods Of Mayhem/01 - Who The Hell Cares (f-Snoop Dogg) (2).mp3,/mnt/d/Music/_Sorted_By_Artist/Methods Of Mayhem/01 - Who The Hell Cares (f-Snoop Dogg) (2).mp3,
9392,keep,largest file in duplicate metadata group,michelle branch | none | none,Michelle Branch,None,None,5274640,/mnt/d/Music/_Sorted_By_Artist/Michelle Branch/PDQL.mp3,/mnt/d/Music/_Sorted_By_Artist/Michelle Branch/PDQL.mp3,
9393,quarantine,"same metadata artist, album, and title as kept file",michelle branch | none | none,Michelle Branch,None,None,5164527,/mnt/d/Music/_Sorted_By_Artist/Michelle Branch/XEDQ.mp3,/mnt/d/Music/_Sorted_By_Artist/Michelle Branch/PDQL.mp3,/mnt/d/Music/_Duplicate_Quarantine/XEDQ.mp3
3134,quarantine,"same metadata artist, album, and title as kept file",monster magnet | god says no | all shook out,Monster Magnet,God Says No,All Shook Out,6161389,/mnt/d/Music/_Sorted_By_Artist/Monster Magnet/07 - All Shook Out.mp3,/mnt/d/Music/_Sorted_By_Artist/Monster Magnet/07 - All Shook Out (2).mp3,/mnt/d/Music/_Duplicate_Quarantine/07 - All Shook Out.mp3
8768,keep,largest file in duplicate metadata group,monster magnet | god says no | all shook out,Monster Magnet,God Says No,All Shook Out,6161389,/mnt/d/Music/_Sorted_By_Artist/Monster Magnet/07 - All Shook Out (2).mp3,/mnt/d/Music/_Sorted_By_Artist/Monster Magnet/07 - All Shook Out (2).mp3,
3138,quarantine,"same metadata artist, album, and title as kept file",monster magnet | god says no | cry,Monster Magnet,God Says No,Cry,10646509,/mnt/d/Music/_Sorted_By_Artist/Monster Magnet/11 - Cry.mp3,/mnt/d/Music/_Sorted_By_Artist/Monster Magnet/11 - Cry (2).mp3,/mnt/d/Music/_Duplicate_Quarantine/11 - Cry.mp3
8772,keep,largest file in duplicate metadata group,monster magnet | god says no | cry,Monster Magnet,God Says No,Cry,10646509,/mnt/d/Music/_Sorted_By_Artist/Monster Magnet/11 - Cry (2).mp3,/mnt/d/Music/_Sorted_By_Artist/Monster Magnet/11 - Cry (2).mp3,
3130,quarantine,"same metadata artist, album, and title as kept file",monster magnet | god says no | doomsday,Monster Magnet,God Says No,Doomsday,5479280,/mnt/d/Music/_Sorted_By_Artist/Monster Magnet/03 - Doomsday.mp3,/mnt/d/Music/_Sorted_By_Artist/Monster Magnet/03 - Doomsday (2).mp3,/mnt/d/Music/_Duplicate_Quarantine/03 - Doomsday.mp3
8764,keep,largest file in duplicate metadata group,monster magnet | god says no | doomsday,Monster Magnet,God Says No,Doomsday,5479280,/mnt/d/Music/_Sorted_By_Artist/Monster Magnet/03 - Doomsday (2).mp3,/mnt/d/Music/_Sorted_By_Artist/Monster Magnet/03 - Doomsday (2).mp3,
3132,quarantine,"same metadata artist, album, and title as kept file",monster magnet | god says no | god says no,Monster Magnet,God Says No,God Says No,6486770,/mnt/d/Music/_Sorted_By_Artist/Monster Magnet/05 - God Says No.mp3,/mnt/d/Music/_Sorted_By_Artist/Monster Magnet/05 - God Says No (2).mp3,/mnt/d/Music/_Duplicate_Quarantine/05 - God Says No.mp3
8766,keep,largest file in duplicate metadata group,monster magnet | god says no | god says no,Monster Magnet,God Says No,God Says No,6486770,/mnt/d/Music/_Sorted_By_Artist/Monster Magnet/05 - God Says No (2).mp3,/mnt/d/Music/_Sorted_By_Artist/Monster Magnet/05 - God Says No (2).mp3,
3135,quarantine,"same metadata artist, album, and title as kept file",monster magnet | god says no | gravity well,Monster Magnet,God Says No,Gravity Well,4819740,/mnt/d/Music/_Sorted_By_Artist/Monster Magnet/08 - Gravity Well.mp3,/mnt/d/Music/_Sorted_By_Artist/Monster Magnet/08 - Gravity Well (2).mp3,/mnt/d/Music/_Duplicate_Quarantine/08 - Gravity Well.mp3
8769,keep,largest file in duplicate metadata group,monster magnet | god says no | gravity well,Monster Magnet,God Says No,Gravity Well,4819740,/mnt/d/Music/_Sorted_By_Artist/Monster Magnet/08 - Gravity Well (2).mp3,/mnt/d/Music/_Sorted_By_Artist/Monster Magnet/08 - Gravity Well (2).mp3,
3129,quarantine,"same metadata artist, album, and title as kept file",monster magnet | god says no | heads explode,Monster Magnet,God Says No,Heads Explode,5492446,/mnt/d/Music/_Sorted_By_Artist/Monster Magnet/02 - Heads Explode.mp3,/mnt/d/Music/_Sorted_By_Artist/Monster Magnet/02 - Heads Explode (2).mp3,/mnt/d/Music/_Duplicate_Quarantine/02 - Heads Explode.mp3
8763,keep,largest file in duplicate metadata group,monster magnet | god says no | heads explode,Monster Magnet,God Says No,Heads Explode,5492446,/mnt/d/Music/_Sorted_By_Artist/Monster Magnet/02 - Heads Explode (2).mp3,/mnt/d/Music/_Sorted_By_Artist/Monster Magnet/02 - Heads Explode (2).mp3,
3133,quarantine,"same metadata artist, album, and title as kept file",monster magnet | god says no | kiss of the scorpion,Monster Magnet,God Says No,Kiss Of The Scorpion,5795884,/mnt/d/Music/_Sorted_By_Artist/Monster Magnet/06 - Kiss Of The Scorpion.mp3,/mnt/d/Music/_Sorted_By_Artist/Monster Magnet/06 - Kiss Of The Scorpion (2).mp3,/mnt/d/Music/_Duplicate_Quarantine/06 - Kiss Of The Scorpion.mp3
8767,keep,largest file in duplicate metadata group,monster magnet | god says no | kiss of the scorpion,Monster Magnet,God Says No,Kiss Of The Scorpion,5795884,/mnt/d/Music/_Sorted_By_Artist/Monster Magnet/06 - Kiss Of The Scorpion (2).mp3,/mnt/d/Music/_Sorted_By_Artist/Monster Magnet/06 - Kiss Of The Scorpion (2).mp3,
3131,quarantine,"same metadata artist, album, and title as kept file",monster magnet | god says no | medicine,Monster Magnet,God Says No,Medicine,5582098,/mnt/d/Music/_Sorted_By_Artist/Monster Magnet/04 - Medicine.mp3,/mnt/d/Music/_Sorted_By_Artist/Monster Magnet/04 - Medicine (2).mp3,/mnt/d/Music/_Duplicate_Quarantine/04 - Medicine.mp3
8765,keep,largest file in duplicate metadata group,monster magnet | god says no | medicine,Monster Magnet,God Says No,Medicine,5582098,/mnt/d/Music/_Sorted_By_Artist/Monster Magnet/04 - Medicine (2).mp3,/mnt/d/Music/_Sorted_By_Artist/Monster Magnet/04 - Medicine (2).mp3,
3128,quarantine,"same metadata artist, album, and title as kept file",monster magnet | god says no | melt,Monster Magnet,God Says No,Melt,8279188,/mnt/d/Music/_Sorted_By_Artist/Monster Magnet/01 - Melt.mp3,/mnt/d/Music/_Sorted_By_Artist/Monster Magnet/01 - Melt (2).mp3,/mnt/d/Music/_Duplicate_Quarantine/01 - Melt.mp3
8762,keep,largest file in duplicate metadata group,monster magnet | god says no | melt,Monster Magnet,God Says No,Melt,8279188,/mnt/d/Music/_Sorted_By_Artist/Monster Magnet/01 - Melt (2).mp3,/mnt/d/Music/_Sorted_By_Artist/Monster Magnet/01 - Melt (2).mp3,
3136,quarantine,"same metadata artist, album, and title as kept file",monster magnet | god says no | my little friend,Monster Magnet,God Says No,My Little Friend,6058571,/mnt/d/Music/_Sorted_By_Artist/Monster Magnet/09 - My Little Friend.mp3,/mnt/d/Music/_Sorted_By_Artist/Monster Magnet/09 - My Little Friend (2).mp3,/mnt/d/Music/_Duplicate_Quarantine/09 - My Little Friend.mp3
8770,keep,largest file in duplicate metadata group,monster magnet | god says no | my little friend,Monster Magnet,God Says No,My Little Friend,6058571,/mnt/d/Music/_Sorted_By_Artist/Monster Magnet/09 - My Little Friend (2).mp3,/mnt/d/Music/_Sorted_By_Artist/Monster Magnet/09 - My Little Friend (2).mp3,
3137,quarantine,"same metadata artist, album, and title as kept file",monster magnet | god says no | queen of you,Monster Magnet,God Says No,Queen Of You,9371316,/mnt/d/Music/_Sorted_By_Artist/Monster Magnet/10 - Queen Of You.mp3,/mnt/d/Music/_Sorted_By_Artist/Monster Magnet/10 - Queen Of You (2).mp3,/mnt/d/Music/_Duplicate_Quarantine/10 - Queen Of You.mp3
8771,keep,largest file in duplicate metadata group,monster magnet | god says no | queen of you,Monster Magnet,God Says No,Queen Of You,9371316,/mnt/d/Music/_Sorted_By_Artist/Monster Magnet/10 - Queen Of You (2).mp3,/mnt/d/Music/_Sorted_By_Artist/Monster Magnet/10 - Queen Of You (2).mp3,
3140,quarantine,"same metadata artist, album, and title as kept file",monster magnet | god says no | silver future,Monster Magnet,God Says No,Silver Future,7173268,/mnt/d/Music/_Sorted_By_Artist/Monster Magnet/13 - Silver Future.mp3,/mnt/d/Music/_Sorted_By_Artist/Monster Magnet/13 - Silver Future (2).mp3,/mnt/d/Music/_Duplicate_Quarantine/13 - Silver Future.mp3
8774,keep,largest file in duplicate metadata group,monster magnet | god says no | silver future,Monster Magnet,God Says No,Silver Future,7173268,/mnt/d/Music/_Sorted_By_Artist/Monster Magnet/13 - Silver Future (2).mp3,/mnt/d/Music/_Sorted_By_Artist/Monster Magnet/13 - Silver Future (2).mp3,
3139,quarantine,"same metadata artist, album, and title as kept file",monster magnet | god says no | take it,Monster Magnet,God Says No,Take It,4163962,/mnt/d/Music/_Sorted_By_Artist/Monster Magnet/12 - Take It.mp3,/mnt/d/Music/_Sorted_By_Artist/Monster Magnet/12 - Take It (2).mp3,/mnt/d/Music/_Duplicate_Quarantine/12 - Take It.mp3
8773,keep,largest file in duplicate metadata group,monster magnet | god says no | take it,Monster Magnet,God Says No,Take It,4163962,/mnt/d/Music/_Sorted_By_Artist/Monster Magnet/12 - Take It (2).mp3,/mnt/d/Music/_Sorted_By_Artist/Monster Magnet/12 - Take It (2).mp3,
2366,quarantine,"same metadata artist, album, and title as kept file",mudvayne | l.d. 50 | 1,Mudvayne,L.D. 50,-1,3810260,/mnt/d/Music/_Sorted_By_Artist/Mudvayne/04 _1.m4a,/mnt/d/Music/_Sorted_By_Artist/Mudvayne/04 -  (2).mp3,/mnt/d/Music/_Duplicate_Quarantine/04 _1.m4a
3145,quarantine,"same metadata artist, album, and title as kept file",mudvayne | l.d. 50 | 1,Mudvayne,L.D. 50,-1,5746983,/mnt/d/Music/_Sorted_By_Artist/Mudvayne/04 - .mp3,/mnt/d/Music/_Sorted_By_Artist/Mudvayne/04 -  (2).mp3,/mnt/d/Music/_Duplicate_Quarantine/04 - .mp3
8788,keep,largest file in duplicate metadata group,mudvayne | l.d. 50 | 1,Mudvayne,L.D. 50,-1,5746983,/mnt/d/Music/_Sorted_By_Artist/Mudvayne/04 -  (2).mp3,/mnt/d/Music/_Sorted_By_Artist/Mudvayne/04 -  (2).mp3,
2369,quarantine,"same metadata artist, album, and title as kept file",mudvayne | l.d. 50 | cradle,Mudvayne,L.D. 50,Cradle,5012748,/mnt/d/Music/_Sorted_By_Artist/Mudvayne/07 Cradle.m4a,/mnt/d/Music/_Sorted_By_Artist/Mudvayne/07 - Cradle (2).mp3,/mnt/d/Music/_Duplicate_Quarantine/07 Cradle.m4a
3148,quarantine,"same metadata artist, album, and title as kept file",mudvayne | l.d. 50 | cradle,Mudvayne,L.D. 50,Cradle,7570121,/mnt/d/Music/_Sorted_By_Artist/Mudvayne/07 - Cradle.mp3,/mnt/d/Music/_Sorted_By_Artist/Mudvayne/07 - Cradle (2).mp3,/mnt/d/Music/_Duplicate_Quarantine/07 - Cradle.mp3
8791,keep,largest file in duplicate metadata group,mudvayne | l.d. 50 | cradle,Mudvayne,L.D. 50,Cradle,7570121,/mnt/d/Music/_Sorted_By_Artist/Mudvayne/07 - Cradle (2).mp3,/mnt/d/Music/_Sorted_By_Artist/Mudvayne/07 - Cradle (2).mp3,
2367,quarantine,"same metadata artist, album, and title as kept file",mudvayne | l.d. 50 | death blooms,Mudvayne,L.D. 50,Death Blooms,4712679,/mnt/d/Music/_Sorted_By_Artist/Mudvayne/05 Death Blooms.m4a,/mnt/d/Music/_Sorted_By_Artist/Mudvayne/05 - Death Blooms (2).mp3,/mnt/d/Music/_Duplicate_Quarantine/05 Death Blooms.m4a
3146,quarantine,"same metadata artist, album, and title as kept file",mudvayne | l.d. 50 | death blooms,Mudvayne,L.D. 50,Death Blooms,7008384,/mnt/d/Music/_Sorted_By_Artist/Mudvayne/05 - Death Blooms.mp3,/mnt/d/Music/_Sorted_By_Artist/Mudvayne/05 - Death Blooms (2).mp3,/mnt/d/Music/_Duplicate_Quarantine/05 - Death Blooms.mp3
8789,keep,largest file in duplicate metadata group,mudvayne | l.d. 50 | death blooms,Mudvayne,L.D. 50,Death Blooms,7008384,/mnt/d/Music/_Sorted_By_Artist/Mudvayne/05 - Death Blooms (2).mp3,/mnt/d/Music/_Sorted_By_Artist/Mudvayne/05 - Death Blooms (2).mp3,
2364,quarantine,"same metadata artist, album, and title as kept file",mudvayne | l.d. 50 | dig,Mudvayne,L.D. 50,Dig,2609036,/mnt/d/Music/_Sorted_By_Artist/Mudvayne/02 Dig.m4a,/mnt/d/Music/_Sorted_By_Artist/Mudvayne/02 - Dig (2).mp3,/mnt/d/Music/_Duplicate_Quarantine/02 Dig.m4a
3143,quarantine,"same metadata artist, album, and title as kept file",mudvayne | l.d. 50 | dig,Mudvayne,L.D. 50,Dig,3891871,/mnt/d/Music/_Sorted_By_Artist/Mudvayne/02 - Dig.mp3,/mnt/d/Music/_Sorted_By_Artist/Mudvayne/02 - Dig (2).mp3,/mnt/d/Music/_Duplicate_Quarantine/02 - Dig.mp3
8786,keep,largest file in duplicate metadata group,mudvayne | l.d. 50 | dig,Mudvayne,L.D. 50,Dig,3891871,/mnt/d/Music/_Sorted_By_Artist/Mudvayne/02 - Dig (2).mp3,/mnt/d/Music/_Sorted_By_Artist/Mudvayne/02 - Dig (2).mp3,
2372,quarantine,"same metadata artist, album, and title as kept file",mudvayne | l.d. 50 | everything and nothing,Mudvayne,L.D. 50,Everything And Nothing,3217292,/mnt/d/Music/_Sorted_By_Artist/Mudvayne/10 Everything And Nothing.m4a,/mnt/d/Music/_Sorted_By_Artist/Mudvayne/10 - Everything And Nothing (2).mp3,/mnt/d/Music/_Duplicate_Quarantine/10 Everything And Nothing.m4a
3151,quarantine,"same metadata artist, album, and title as kept file",mudvayne | l.d. 50 | everything and nothing,Mudvayne,L.D. 50,Everything And Nothing,4694352,/mnt/d/Music/_Sorted_By_Artist/Mudvayne/10 - Everything And Nothing.mp3,/mnt/d/Music/_Sorted_By_Artist/Mudvayne/10 - Everything And Nothing (2).mp3,/mnt/d/Music/_Duplicate_Quarantine/10 - Everything And Nothing.mp3
8794,keep,largest file in duplicate metadata group,mudvayne | l.d. 50 | everything and nothing,Mudvayne,L.D. 50,Everything And Nothing,4694352,/mnt/d/Music/_Sorted_By_Artist/Mudvayne/10 - Everything And Nothing (2).mp3,/mnt/d/Music/_Sorted_By_Artist/Mudvayne/10 - Everything And Nothing (2).mp3,
2368,quarantine,"same metadata artist, album, and title as kept file",mudvayne | l.d. 50 | golden ratio,Mudvayne,L.D. 50,Golden Ratio,886514,/mnt/d/Music/_Sorted_By_Artist/Mudvayne/06 Golden Ratio.m4a,/mnt/d/Music/_Sorted_By_Artist/Mudvayne/06 - Golden Ratio (2).mp3,/mnt/d/Music/_Duplicate_Quarantine/06 Golden Ratio.m4a
3147,quarantine,"same metadata artist, album, and title as kept file",mudvayne | l.d. 50 | golden ratio,Mudvayne,L.D. 50,Golden Ratio,1319541,/mnt/d/Music/_Sorted_By_Artist/Mudvayne/06 - Golden Ratio.mp3,/mnt/d/Music/_Sorted_By_Artist/Mudvayne/06 - Golden Ratio (2).mp3,/mnt/d/Music/_Duplicate_Quarantine/06 - Golden Ratio.mp3
8790,keep,largest file in duplicate metadata group,mudvayne | l.d. 50 | golden ratio,Mudvayne,L.D. 50,Golden Ratio,1319541,/mnt/d/Music/_Sorted_By_Artist/Mudvayne/06 - Golden Ratio (2).mp3,/mnt/d/Music/_Sorted_By_Artist/Mudvayne/06 - Golden Ratio (2).mp3,
2365,quarantine,"same metadata artist, album, and title as kept file",mudvayne | l.d. 50 | internal primates forever,Mudvayne,L.D. 50,Internal Primates Forever,4248960,/mnt/d/Music/_Sorted_By_Artist/Mudvayne/03 Internal Primates Forever.m4a,/mnt/d/Music/_Sorted_By_Artist/Mudvayne/03 - Internal Primates Forever (2).mp3,/mnt/d/Music/_Duplicate_Quarantine/03 Internal Primates Forever.m4a
3144,quarantine,"same metadata artist, album, and title as kept file",mudvayne | l.d. 50 | internal primates forever,Mudvayne,L.D. 50,Internal Primates Forever,6366398,/mnt/d/Music/_Sorted_By_Artist/Mudvayne/03 - Internal Primates Forever.mp3,/mnt/d/Music/_Sorted_By_Artist/Mudvayne/03 - Internal Primates Forever (2).mp3,/mnt/d/Music/_Duplicate_Quarantine/03 - Internal Primates Forever.mp3
8787,keep,largest file in duplicate metadata group,mudvayne | l.d. 50 | internal primates forever,Mudvayne,L.D. 50,Internal Primates Forever,6366398,/mnt/d/Music/_Sorted_By_Artist/Mudvayne/03 - Internal Primates Forever (2).mp3,/mnt/d/Music/_Sorted_By_Artist/Mudvayne/03 - Internal Primates Forever (2).mp3,
2378,quarantine,"same metadata artist, album, and title as kept file",mudvayne | l.d. 50 | k)now f(orever,Mudvayne,L.D. 50,(K)now F(Orever),7046197,/mnt/d/Music/_Sorted_By_Artist/Mudvayne/16 (K)now F(Orever).m4a,/mnt/d/Music/_Sorted_By_Artist/Mudvayne/16 - (K)now F(Orever) (2).mp3,/mnt/d/Music/_Duplicate_Quarantine/16 (K)now F(Orever).m4a
3157,quarantine,"same metadata artist, album, and title as kept file",mudvayne | l.d. 50 | k)now f(orever,Mudvayne,L.D. 50,(K)now F(Orever),10236491,/mnt/d/Music/_Sorted_By_Artist/Mudvayne/16 - (K)now F(Orever).mp3,/mnt/d/Music/_Sorted_By_Artist/Mudvayne/16 - (K)now F(Orever) (2).mp3,/mnt/d/Music/_Duplicate_Quarantine/16 - (K)now F(Orever).mp3
8800,keep,largest file in duplicate metadata group,mudvayne | l.d. 50 | k)now f(orever,Mudvayne,L.D. 50,(K)now F(Orever),10236491,/mnt/d/Music/_Sorted_By_Artist/Mudvayne/16 - (K)now F(Orever) (2).mp3,/mnt/d/Music/_Sorted_By_Artist/Mudvayne/16 - (K)now F(Orever) (2).mp3,
2379,quarantine,"same metadata artist, album, and title as kept file",mudvayne | l.d. 50 | lethal dosage,Mudvayne,L.D. 50,Lethal Dosage,2928192,/mnt/d/Music/_Sorted_By_Artist/Mudvayne/17 Lethal Dosage.m4a,/mnt/d/Music/_Sorted_By_Artist/Mudvayne/17 - Lethal Dosage (2).mp3,/mnt/d/Music/_Duplicate_Quarantine/17 Lethal Dosage.m4a
3158,quarantine,"same metadata artist, album, and title as kept file",mudvayne | l.d. 50 | lethal dosage,Mudvayne,L.D. 50,Lethal Dosage,4320070,/mnt/d/Music/_Sorted_By_Artist/Mudvayne/17 - Lethal Dosage.mp3,/mnt/d/Music/_Sorted_By_Artist/Mudvayne/17 - Lethal Dosage (2).mp3,/mnt/d/Music/_Duplicate_Quarantine/17 - Lethal Dosage.mp3
8801,keep,largest file in duplicate metadata group,mudvayne | l.d. 50 | lethal dosage,Mudvayne,L.D. 50,Lethal Dosage,4320070,/mnt/d/Music/_Sorted_By_Artist/Mudvayne/17 - Lethal Dosage (2).mp3,/mnt/d/Music/_Sorted_By_Artist/Mudvayne/17 - Lethal Dosage (2).mp3,
2363,quarantine,"same metadata artist, album, and title as kept file",mudvayne | l.d. 50 | monolith,Mudvayne,L.D. 50,Monolith,1853384,/mnt/d/Music/_Sorted_By_Artist/Mudvayne/01 Monolith.m4a,/mnt/d/Music/_Sorted_By_Artist/Mudvayne/01 - Monolith (2).mp3,/mnt/d/Music/_Duplicate_Quarantine/01 Monolith.m4a
3142,quarantine,"same metadata artist, album, and title as kept file",mudvayne | l.d. 50 | monolith,Mudvayne,L.D. 50,Monolith,2723884,/mnt/d/Music/_Sorted_By_Artist/Mudvayne/01 - Monolith.mp3,/mnt/d/Music/_Sorted_By_Artist/Mudvayne/01 - Monolith (2).mp3,/mnt/d/Music/_Duplicate_Quarantine/01 - Monolith.mp3
8784,keep,largest file in duplicate metadata group,mudvayne | l.d. 50 | monolith,Mudvayne,L.D. 50,Monolith,2723884,/mnt/d/Music/_Sorted_By_Artist/Mudvayne/01 - Monolith (2).mp3,/mnt/d/Music/_Sorted_By_Artist/Mudvayne/01 - Monolith (2).mp3,
8785,quarantine,"same metadata artist, album, and title as kept file",mudvayne | l.d. 50 | monolith,Mudvayne,L.D. 50,Monolith,688695,/mnt/d/Music/_Sorted_By_Artist/Mudvayne/01 Monolith (2).m4a,/mnt/d/Music/_Sorted_By_Artist/Mudvayne/01 - Monolith (2).mp3,/mnt/d/Music/_Duplicate_Quarantine/01 Monolith (2).m4a
2371,quarantine,"same metadata artist, album, and title as kept file",mudvayne | l.d. 50 | mutatis mutandis,Mudvayne,L.D. 50,Mutatis Mutandis,1674791,/mnt/d/Music/_Sorted_By_Artist/Mudvayne/09 Mutatis Mutandis.m4a,/mnt/d/Music/_Sorted_By_Artist/Mudvayne/09 - Mutatis Mutandis (2).mp3,/mnt/d/Music/_Duplicate_Quarantine/09 Mutatis Mutandis.m4a
3150,quarantine,"same metadata artist, album, and title as kept file",mudvayne | l.d. 50 | mutatis mutandis,Mudvayne,L.D. 50,Mutatis Mutandis,2505709,/mnt/d/Music/_Sorted_By_Artist/Mudvayne/09 - Mutatis Mutandis.mp3,/mnt/d/Music/_Sorted_By_Artist/Mudvayne/09 - Mutatis Mutandis (2).mp3,/mnt/d/Music/_Duplicate_Quarantine/09 - Mutatis Mutandis.mp3
8793,keep,largest file in duplicate metadata group,mudvayne | l.d. 50 | mutatis mutandis,Mudvayne,L.D. 50,Mutatis Mutandis,2505709,/mnt/d/Music/_Sorted_By_Artist/Mudvayne/09 - Mutatis Mutandis (2).mp3,/mnt/d/Music/_Sorted_By_Artist/Mudvayne/09 - Mutatis Mutandis (2).mp3,
2370,quarantine,"same metadata artist, album, and title as kept file",mudvayne | l.d. 50 | nothing to gein,Mudvayne,L.D. 50,Nothing To Gein,5235411,/mnt/d/Music/_Sorted_By_Artist/Mudvayne/08 Nothing To Gein.m4a,/mnt/d/Music/_Sorted_By_Artist/Mudvayne/08 - Nothing To Gein (2).mp3,/mnt/d/Music/_Duplicate_Quarantine/08 Nothing To Gein.m4a
3149,quarantine,"same metadata artist, album, and title as kept file",mudvayne | l.d. 50 | nothing to gein,Mudvayne,L.D. 50,Nothing To Gein,7899890,/mnt/d/Music/_Sorted_By_Artist/Mudvayne/08 - Nothing To Gein.mp3,/mnt/d/Music/_Sorted_By_Artist/Mudvayne/08 - Nothing To Gein (2).mp3,/mnt/d/Music/_Duplicate_Quarantine/08 - Nothing To Gein.mp3
8792,keep,largest file in duplicate metadata group,mudvayne | l.d. 50 | nothing to gein,Mudvayne,L.D. 50,Nothing To Gein,7899890,/mnt/d/Music/_Sorted_By_Artist/Mudvayne/08 - Nothing To Gein (2).mp3,/mnt/d/Music/_Sorted_By_Artist/Mudvayne/08 - Nothing To Gein (2).mp3,
2376,quarantine,"same metadata artist, album, and title as kept file",mudvayne | l.d. 50 | pharmaecopia,Mudvayne,L.D. 50,Pharmaecopia,5515103,/mnt/d/Music/_Sorted_By_Artist/Mudvayne/14 Pharmaecopia.m4a,/mnt/d/Music/_Sorted_By_Artist/Mudvayne/14 - Pharmaecopia (2).mp3,/mnt/d/Music/_Duplicate_Quarantine/14 Pharmaecopia.m4a
3155,quarantine,"same metadata artist, album, and title as kept file",mudvayne | l.d. 50 | pharmaecopia,Mudvayne,L.D. 50,Pharmaecopia,8038444,/mnt/d/Music/_Sorted_By_Artist/Mudvayne/14 - Pharmaecopia.mp3,/mnt/d/Music/_Sorted_By_Artist/Mudvayne/14 - Pharmaecopia (2).mp3,/mnt/d/Music/_Duplicate_Quarantine/14 - Pharmaecopia.mp3
8798,keep,largest file in duplicate metadata group,mudvayne | l.d. 50 | pharmaecopia,Mudvayne,L.D. 50,Pharmaecopia,8038444,/mnt/d/Music/_Sorted_By_Artist/Mudvayne/14 - Pharmaecopia (2).mp3,/mnt/d/Music/_Sorted_By_Artist/Mudvayne/14 - Pharmaecopia (2).mp3,
2375,quarantine,"same metadata artist, album, and title as kept file",mudvayne | l.d. 50 | prod,Mudvayne,L.D. 50,Prod,5987654,/mnt/d/Music/_Sorted_By_Artist/Mudvayne/13 Prod.m4a,/mnt/d/Music/_Sorted_By_Artist/Mudvayne/13 - Prod (2).mp3,/mnt/d/Music/_Duplicate_Quarantine/13 Prod.m4a
3154,quarantine,"same metadata artist, album, and title as kept file",mudvayne | l.d. 50 | prod,Mudvayne,L.D. 50,Prod,8751900,/mnt/d/Music/_Sorted_By_Artist/Mudvayne/13 - Prod.mp3,/mnt/d/Music/_Sorted_By_Artist/Mudvayne/13 - Prod (2).mp3,/mnt/d/Music/_Duplicate_Quarantine/13 - Prod.mp3
8797,keep,largest file in duplicate metadata group,mudvayne | l.d. 50 | prod,Mudvayne,L.D. 50,Prod,8751900,/mnt/d/Music/_Sorted_By_Artist/Mudvayne/13 - Prod (2).mp3,/mnt/d/Music/_Sorted_By_Artist/Mudvayne/13 - Prod (2).mp3,
2374,quarantine,"same metadata artist, album, and title as kept file",mudvayne | l.d. 50 | recombinant resurgence,Mudvayne,L.D. 50,Recombinant Resurgence,1993896,/mnt/d/Music/_Sorted_By_Artist/Mudvayne/12 Recombinant Resurgence.m4a,/mnt/d/Music/_Sorted_By_Artist/Mudvayne/12 - Recombinant Resurgence (2).mp3,/mnt/d/Music/_Duplicate_Quarantine/12 Recombinant Resurgence.m4a
3153,quarantine,"same metadata artist, album, and title as kept file",mudvayne | l.d. 50 | recombinant resurgence,Mudvayne,L.D. 50,Recombinant Resurgence,2906950,/mnt/d/Music/_Sorted_By_Artist/Mudvayne/12 - Recombinant Resurgence.mp3,/mnt/d/Music/_Sorted_By_Artist/Mudvayne/12 - Recombinant Resurgence (2).mp3,/mnt/d/Music/_Duplicate_Quarantine/12 - Recombinant Resurgence.mp3
8796,keep,largest file in duplicate metadata group,mudvayne | l.d. 50 | recombinant resurgence,Mudvayne,L.D. 50,Recombinant Resurgence,2906950,/mnt/d/Music/_Sorted_By_Artist/Mudvayne/12 - Recombinant Resurgence (2).mp3,/mnt/d/Music/_Sorted_By_Artist/Mudvayne/12 - Recombinant Resurgence (2).mp3,
2373,quarantine,"same metadata artist, album, and title as kept file",mudvayne | l.d. 50 | severed,Mudvayne,L.D. 50,Severed,6327067,/mnt/d/Music/_Sorted_By_Artist/Mudvayne/11 Severed.m4a,/mnt/d/Music/_Sorted_By_Artist/Mudvayne/11 - Severed (2).mp3,/mnt/d/Music/_Duplicate_Quarantine/11 Severed.m4a
3152,quarantine,"same metadata artist, album, and title as kept file",mudvayne | l.d. 50 | severed,Mudvayne,L.D. 50,Severed,9375704,/mnt/d/Music/_Sorted_By_Artist/Mudvayne/11 - Severed.mp3,/mnt/d/Music/_Sorted_By_Artist/Mudvayne/11 - Severed (2).mp3,/mnt/d/Music/_Duplicate_Quarantine/11 - Severed.mp3
8795,keep,largest file in duplicate metadata group,mudvayne | l.d. 50 | severed,Mudvayne,L.D. 50,Severed,9375704,/mnt/d/Music/_Sorted_By_Artist/Mudvayne/11 - Severed (2).mp3,/mnt/d/Music/_Sorted_By_Artist/Mudvayne/11 - Severed (2).mp3,
2377,quarantine,"same metadata artist, album, and title as kept file",mudvayne | l.d. 50 | under my skin,Mudvayne,L.D. 50,Under My Skin,3753174,/mnt/d/Music/_Sorted_By_Artist/Mudvayne/15 Under My Skin.m4a,/mnt/d/Music/_Sorted_By_Artist/Mudvayne/15 - Under My Skin (2).mp3,/mnt/d/Music/_Duplicate_Quarantine/15 Under My Skin.m4a
3156,quarantine,"same metadata artist, album, and title as kept file",mudvayne | l.d. 50 | under my skin,Mudvayne,L.D. 50,Under My Skin,5466114,/mnt/d/Music/_Sorted_By_Artist/Mudvayne/15 - Under My Skin.mp3,/mnt/d/Music/_Sorted_By_Artist/Mudvayne/15 - Under My Skin (2).mp3,/mnt/d/Music/_Duplicate_Quarantine/15 - Under My Skin.mp3
8799,keep,largest file in duplicate metadata group,mudvayne | l.d. 50 | under my skin,Mudvayne,L.D. 50,Under My Skin,5466114,/mnt/d/Music/_Sorted_By_Artist/Mudvayne/15 - Under My Skin (2).mp3,/mnt/d/Music/_Sorted_By_Artist/Mudvayne/15 - Under My Skin (2).mp3,
8887,keep,largest file in duplicate metadata group,nirvana | incesticide | aero zeppelin,Nirvana,Incesticide,Aero Zeppelin,4471637,/mnt/d/Music/_Sorted_By_Artist/Nirvana/13 Aero Zeppelin 1.m4a,/mnt/d/Music/_Sorted_By_Artist/Nirvana/13 Aero Zeppelin 1.m4a,
8888,quarantine,"same metadata artist, album, and title as kept file",nirvana | incesticide | aero zeppelin,Nirvana,Incesticide,Aero Zeppelin,4471637,/mnt/d/Music/_Sorted_By_Artist/Nirvana/13 Aero Zeppelin.m4a,/mnt/d/Music/_Sorted_By_Artist/Nirvana/13 Aero Zeppelin 1.m4a,/mnt/d/Music/_Duplicate_Quarantine/13 Aero Zeppelin.m4a
8891,keep,largest file in duplicate metadata group,nirvana | incesticide | aneurysm,Nirvana,Incesticide,Aneurysm,4430724,/mnt/d/Music/_Sorted_By_Artist/Nirvana/15 Aneurysm 1.m4a,/mnt/d/Music/_Sorted_By_Artist/Nirvana/15 Aneurysm 1.m4a,
8892,quarantine,"same metadata artist, album, and title as kept file",nirvana | incesticide | aneurysm,Nirvana,Incesticide,Aneurysm,4430687,/mnt/d/Music/_Sorted_By_Artist/Nirvana/15 Aneurysm.m4a,/mnt/d/Music/_Sorted_By_Artist/Nirvana/15 Aneurysm 1.m4a,/mnt/d/Music/_Duplicate_Quarantine/15 Aneurysm.m4a
8869,keep,largest file in duplicate metadata group,nirvana | incesticide | been a son,Nirvana,Incesticide,Been A Son,1812189,/mnt/d/Music/_Sorted_By_Artist/Nirvana/04 Been A Son 1.m4a,/mnt/d/Music/_Sorted_By_Artist/Nirvana/04 Been A Son 1.m4a,
8870,quarantine,"same metadata artist, album, and title as kept file",nirvana | incesticide | been a son,Nirvana,Incesticide,Been A Son,1812189,/mnt/d/Music/_Sorted_By_Artist/Nirvana/04 Been A Son.m4a,/mnt/d/Music/_Sorted_By_Artist/Nirvana/04 Been A Son 1.m4a,/mnt/d/Music/_Duplicate_Quarantine/04 Been A Son.m4a
8879,keep,largest file in duplicate metadata group,nirvana | incesticide | beeswax,Nirvana,Incesticide,Beeswax,2681481,/mnt/d/Music/_Sorted_By_Artist/Nirvana/09 Beeswax 1.m4a,/mnt/d/Music/_Sorted_By_Artist/Nirvana/09 Beeswax 1.m4a,
8880,quarantine,"same metadata artist, album, and title as kept file",nirvana | incesticide | beeswax,Nirvana,Incesticide,Beeswax,2681481,/mnt/d/Music/_Sorted_By_Artist/Nirvana/09 Beeswax.m4a,/mnt/d/Music/_Sorted_By_Artist/Nirvana/09 Beeswax 1.m4a,/mnt/d/Music/_Duplicate_Quarantine/09 Beeswax.m4a
8889,keep,largest file in duplicate metadata group,nirvana | incesticide | big long now,Nirvana,Incesticide,Big Long Now,4778099,/mnt/d/Music/_Sorted_By_Artist/Nirvana/14 Big Long Now 1.m4a,/mnt/d/Music/_Sorted_By_Artist/Nirvana/14 Big Long Now 1.m4a,
8890,quarantine,"same metadata artist, album, and title as kept file",nirvana | incesticide | big long now,Nirvana,Incesticide,Big Long Now,4778099,/mnt/d/Music/_Sorted_By_Artist/Nirvana/14 Big Long Now.m4a,/mnt/d/Music/_Sorted_By_Artist/Nirvana/14 Big Long Now 1.m4a,/mnt/d/Music/_Duplicate_Quarantine/14 Big Long Now.m4a
8863,keep,largest file in duplicate metadata group,nirvana | incesticide | dive,Nirvana,Incesticide,Dive,3833168,/mnt/d/Music/_Sorted_By_Artist/Nirvana/01 Dive 1.m4a,/mnt/d/Music/_Sorted_By_Artist/Nirvana/01 Dive 1.m4a,
8864,quarantine,"same metadata artist, album, and title as kept file",nirvana | incesticide | dive,Nirvana,Incesticide,Dive,3833168,/mnt/d/Music/_Sorted_By_Artist/Nirvana/01 Dive.m4a,/mnt/d/Music/_Sorted_By_Artist/Nirvana/01 Dive 1.m4a,/mnt/d/Music/_Duplicate_Quarantine/01 Dive.m4a
8881,keep,largest file in duplicate metadata group,nirvana | incesticide | downer,Nirvana,Incesticide,Downer,1634553,/mnt/d/Music/_Sorted_By_Artist/Nirvana/10 Downer 1.m4a,/mnt/d/Music/_Sorted_By_Artist/Nirvana/10 Downer 1.m4a,
8882,quarantine,"same metadata artist, album, and title as kept file",nirvana | incesticide | downer,Nirvana,Incesticide,Downer,1634553,/mnt/d/Music/_Sorted_By_Artist/Nirvana/10 Downer.m4a,/mnt/d/Music/_Sorted_By_Artist/Nirvana/10 Downer 1.m4a,/mnt/d/Music/_Duplicate_Quarantine/10 Downer.m4a
8885,keep,largest file in duplicate metadata group,nirvana | incesticide | hairspray queen,Nirvana,Incesticide,Hairspray Queen,4025445,/mnt/d/Music/_Sorted_By_Artist/Nirvana/12 Hairspray Queen 1.m4a,/mnt/d/Music/_Sorted_By_Artist/Nirvana/12 Hairspray Queen 1.m4a,
8886,quarantine,"same metadata artist, album, and title as kept file",nirvana | incesticide | hairspray queen,Nirvana,Incesticide,Hairspray Queen,4025445,/mnt/d/Music/_Sorted_By_Artist/Nirvana/12 Hairspray Queen.m4a,/mnt/d/Music/_Sorted_By_Artist/Nirvana/12 Hairspray Queen 1.m4a,/mnt/d/Music/_Duplicate_Quarantine/12 Hairspray Queen.m4a
8883,keep,largest file in duplicate metadata group,nirvana | incesticide | mexican seafood,Nirvana,Incesticide,Mexican Seafood,1810701,/mnt/d/Music/_Sorted_By_Artist/Nirvana/11 Mexican Seafood 1.m4a,/mnt/d/Music/_Sorted_By_Artist/Nirvana/11 Mexican Seafood 1.m4a,
8884,quarantine,"same metadata artist, album, and title as kept file",nirvana | incesticide | mexican seafood,Nirvana,Incesticide,Mexican Seafood,1810701,/mnt/d/Music/_Sorted_By_Artist/Nirvana/11 Mexican Seafood.m4a,/mnt/d/Music/_Sorted_By_Artist/Nirvana/11 Mexican Seafood 1.m4a,/mnt/d/Music/_Duplicate_Quarantine/11 Mexican Seafood.m4a
8873,keep,largest file in duplicate metadata group,nirvana | incesticide | molly's lips,Nirvana,Incesticide,Molly's Lips,1795603,/mnt/d/Music/_Sorted_By_Artist/Nirvana/06 Molly's Lips 1.m4a,/mnt/d/Music/_Sorted_By_Artist/Nirvana/06 Molly's Lips 1.m4a,
8874,quarantine,"same metadata artist, album, and title as kept file",nirvana | incesticide | molly's lips,Nirvana,Incesticide,Molly's Lips,1795603,/mnt/d/Music/_Sorted_By_Artist/Nirvana/06 Molly's Lips.m4a,/mnt/d/Music/_Sorted_By_Artist/Nirvana/06 Molly's Lips 1.m4a,/mnt/d/Music/_Duplicate_Quarantine/06 Molly's Lips.m4a
8877,keep,largest file in duplicate metadata group,nirvana | incesticide | new wave) polly,Nirvana,Incesticide,(New Wave) Polly,1693332,/mnt/d/Music/_Sorted_By_Artist/Nirvana/08 (New Wave) Polly 1.m4a,/mnt/d/Music/_Sorted_By_Artist/Nirvana/08 (New Wave) Polly 1.m4a,
8878,quarantine,"same metadata artist, album, and title as kept file",nirvana | incesticide | new wave) polly,Nirvana,Incesticide,(New Wave) Polly,1693332,/mnt/d/Music/_Sorted_By_Artist/Nirvana/08 (New Wave) Polly.m4a,/mnt/d/Music/_Sorted_By_Artist/Nirvana/08 (New Wave) Polly 1.m4a,/mnt/d/Music/_Duplicate_Quarantine/08 (New Wave) Polly.m4a
8865,keep,largest file in duplicate metadata group,nirvana | incesticide | sliver,Nirvana,Incesticide,Sliver,2117691,/mnt/d/Music/_Sorted_By_Artist/Nirvana/02 Sliver 1.m4a,/mnt/d/Music/_Sorted_By_Artist/Nirvana/02 Sliver 1.m4a,
8866,quarantine,"same metadata artist, album, and title as kept file",nirvana | incesticide | sliver,Nirvana,Incesticide,Sliver,2117691,/mnt/d/Music/_Sorted_By_Artist/Nirvana/02 Sliver.m4a,/mnt/d/Music/_Sorted_By_Artist/Nirvana/02 Sliver 1.m4a,/mnt/d/Music/_Duplicate_Quarantine/02 Sliver.m4a
8875,keep,largest file in duplicate metadata group,nirvana | incesticide | son of a gun,Nirvana,Incesticide,Son Of A Gun,2682981,/mnt/d/Music/_Sorted_By_Artist/Nirvana/07 Son Of A Gun 1.m4a,/mnt/d/Music/_Sorted_By_Artist/Nirvana/07 Son Of A Gun 1.m4a,
8876,quarantine,"same metadata artist, album, and title as kept file",nirvana | incesticide | son of a gun,Nirvana,Incesticide,Son Of A Gun,2682981,/mnt/d/Music/_Sorted_By_Artist/Nirvana/07 Son Of A Gun.m4a,/mnt/d/Music/_Sorted_By_Artist/Nirvana/07 Son Of A Gun 1.m4a,/mnt/d/Music/_Duplicate_Quarantine/07 Son Of A Gun.m4a
8867,keep,largest file in duplicate metadata group,nirvana | incesticide | stain,Nirvana,Incesticide,Stain,2598996,/mnt/d/Music/_Sorted_By_Artist/Nirvana/03 Stain 1.m4a,/mnt/d/Music/_Sorted_By_Artist/Nirvana/03 Stain 1.m4a,
8868,quarantine,"same metadata artist, album, and title as kept file",nirvana | incesticide | stain,Nirvana,Incesticide,Stain,2598996,/mnt/d/Music/_Sorted_By_Artist/Nirvana/03 Stain.m4a,/mnt/d/Music/_Sorted_By_Artist/Nirvana/03 Stain 1.m4a,/mnt/d/Music/_Duplicate_Quarantine/03 Stain.m4a
8871,keep,largest file in duplicate metadata group,nirvana | incesticide | turnaround,Nirvana,Incesticide,Turnaround,2184272,/mnt/d/Music/_Sorted_By_Artist/Nirvana/05 Turnaround 1.m4a,/mnt/d/Music/_Sorted_By_Artist/Nirvana/05 Turnaround 1.m4a,
8872,quarantine,"same metadata artist, album, and title as kept file",nirvana | incesticide | turnaround,Nirvana,Incesticide,Turnaround,2184272,/mnt/d/Music/_Sorted_By_Artist/Nirvana/05 Turnaround.m4a,/mnt/d/Music/_Sorted_By_Artist/Nirvana/05 Turnaround 1.m4a,/mnt/d/Music/_Duplicate_Quarantine/05 Turnaround.m4a
2380,quarantine,"same metadata artist, album, and title as kept file",nirvana | mtv unplugged in new york | about a girl,Nirvana,MTV Unplugged In New York,About A Girl,3507308,/mnt/d/Music/_Sorted_By_Artist/Nirvana/01 About A Girl.m4a,/mnt/d/Music/_Sorted_By_Artist/Nirvana/01 About A Girl (2).m4a,/mnt/d/Music/_Duplicate_Quarantine/01 About A Girl.m4a
8893,keep,largest file in duplicate metadata group,nirvana | mtv unplugged in new york | about a girl,Nirvana,MTV Unplugged In New York,About A Girl,3507308,/mnt/d/Music/_Sorted_By_Artist/Nirvana/01 About A Girl (2).m4a,/mnt/d/Music/_Sorted_By_Artist/Nirvana/01 About A Girl (2).m4a,
2392,quarantine,"same metadata artist, album, and title as kept file",nirvana | mtv unplugged in new york | all apologies,Nirvana,MTV Unplugged In New York,All Apologies,4187290,/mnt/d/Music/_Sorted_By_Artist/Nirvana/13 All Apologies.m4a,/mnt/d/Music/_Sorted_By_Artist/Nirvana/13 All Apologies (2).m4a,/mnt/d/Music/_Duplicate_Quarantine/13 All Apologies.m4a
8905,keep,largest file in duplicate metadata group,nirvana | mtv unplugged in new york | all apologies,Nirvana,MTV Unplugged In New York,All Apologies,4187290,/mnt/d/Music/_Sorted_By_Artist/Nirvana/13 All Apologies (2).m4a,/mnt/d/Music/_Sorted_By_Artist/Nirvana/13 All Apologies (2).m4a,
2381,quarantine,"same metadata artist, album, and title as kept file",nirvana | mtv unplugged in new york | come as you are,Nirvana,MTV Unplugged In New York,Come As You Are,4091487,/mnt/d/Music/_Sorted_By_Artist/Nirvana/02 Come As You Are.m4a,/mnt/d/Music/_Sorted_By_Artist/Nirvana/02 Come As You Are (2).m4a,/mnt/d/Music/_Duplicate_Quarantine/02 Come As You Are.m4a
8894,keep,largest file in duplicate metadata group,nirvana | mtv unplugged in new york | come as you are,Nirvana,MTV Unplugged In New York,Come As You Are,4091487,/mnt/d/Music/_Sorted_By_Artist/Nirvana/02 Come As You Are (2).m4a,/mnt/d/Music/_Sorted_By_Artist/Nirvana/02 Come As You Are (2).m4a,
2385,quarantine,"same metadata artist, album, and title as kept file",nirvana | mtv unplugged in new york | dumb,Nirvana,MTV Unplugged In New York,Dumb,2762487,/mnt/d/Music/_Sorted_By_Artist/Nirvana/06 Dumb.m4a,/mnt/d/Music/_Sorted_By_Artist/Nirvana/06 Dumb (2).m4a,/mnt/d/Music/_Duplicate_Quarantine/06 Dumb.m4a
8898,keep,largest file in duplicate metadata group,nirvana | mtv unplugged in new york | dumb,Nirvana,MTV Unplugged In New York,Dumb,2762487,/mnt/d/Music/_Sorted_By_Artist/Nirvana/06 Dumb (2).m4a,/mnt/d/Music/_Sorted_By_Artist/Nirvana/06 Dumb (2).m4a,
2382,quarantine,"same metadata artist, album, and title as kept file",nirvana | mtv unplugged in new york | jesus doesn't want me for a sunbeam,Nirvana,MTV Unplugged In New York,Jesus Doesn't Want Me For A Sunbeam,4424746,/mnt/d/Music/_Sorted_By_Artist/Nirvana/03 Jesus Doesn't Want Me For A Sunb.m4a,/mnt/d/Music/_Sorted_By_Artist/Nirvana/03 Jesus Doesn't Want Me For A Sunb (2).m4a,/mnt/d/Music/_Duplicate_Quarantine/03 Jesus Doesn't Want Me For A Sunb.m4a
8895,keep,largest file in duplicate metadata group,nirvana | mtv unplugged in new york | jesus doesn't want me for a sunbeam,Nirvana,MTV Unplugged In New York,Jesus Doesn't Want Me For A Sunbeam,4424746,/mnt/d/Music/_Sorted_By_Artist/Nirvana/03 Jesus Doesn't Want Me For A Sunb (2).m4a,/mnt/d/Music/_Sorted_By_Artist/Nirvana/03 Jesus Doesn't Want Me For A Sunb (2).m4a,
2391,quarantine,"same metadata artist, album, and title as kept file",nirvana | mtv unplugged in new york | lake of fire,Nirvana,MTV Unplugged In New York,Lake Of Fire,2839915,/mnt/d/Music/_Sorted_By_Artist/Nirvana/12 Lake Of Fire.m4a,/mnt/d/Music/_Sorted_By_Artist/Nirvana/12 Lake Of Fire (2).m4a,/mnt/d/Music/_Duplicate_Quarantine/12 Lake Of Fire.m4a
8904,keep,largest file in duplicate metadata group,nirvana | mtv unplugged in new york | lake of fire,Nirvana,MTV Unplugged In New York,Lake Of Fire,2839915,/mnt/d/Music/_Sorted_By_Artist/Nirvana/12 Lake Of Fire (2).m4a,/mnt/d/Music/_Sorted_By_Artist/Nirvana/12 Lake Of Fire (2).m4a,
2390,quarantine,"same metadata artist, album, and title as kept file","nirvana | mtv unplugged in new york | oh, me",Nirvana,MTV Unplugged In New York,"Oh, Me",3326267,"/mnt/d/Music/_Sorted_By_Artist/Nirvana/11 Oh, Me.m4a","/mnt/d/Music/_Sorted_By_Artist/Nirvana/11 Oh, Me (2).m4a","/mnt/d/Music/_Duplicate_Quarantine/11 Oh, Me.m4a"
8903,keep,largest file in duplicate metadata group,"nirvana | mtv unplugged in new york | oh, me",Nirvana,MTV Unplugged In New York,"Oh, Me",3326267,"/mnt/d/Music/_Sorted_By_Artist/Nirvana/11 Oh, Me (2).m4a","/mnt/d/Music/_Sorted_By_Artist/Nirvana/11 Oh, Me (2).m4a",
2387,quarantine,"same metadata artist, album, and title as kept file",nirvana | mtv unplugged in new york | on a plain,Nirvana,MTV Unplugged In New York,On A Plain,3574369,/mnt/d/Music/_Sorted_By_Artist/Nirvana/08 On A Plain.m4a,/mnt/d/Music/_Sorted_By_Artist/Nirvana/08 On A Plain (2).m4a,/mnt/d/Music/_Duplicate_Quarantine/08 On A Plain.m4a
8900,keep,largest file in duplicate metadata group,nirvana | mtv unplugged in new york | on a plain,Nirvana,MTV Unplugged In New York,On A Plain,3574369,/mnt/d/Music/_Sorted_By_Artist/Nirvana/08 On A Plain (2).m4a,/mnt/d/Music/_Sorted_By_Artist/Nirvana/08 On A Plain (2).m4a,
2384,quarantine,"same metadata artist, album, and title as kept file",nirvana | mtv unplugged in new york | pennyroyal tea,Nirvana,MTV Unplugged In New York,Pennyroyal Tea,3496169,/mnt/d/Music/_Sorted_By_Artist/Nirvana/05 Pennyroyal Tea.m4a,/mnt/d/Music/_Sorted_By_Artist/Nirvana/05 Pennyroyal Tea (2).m4a,/mnt/d/Music/_Duplicate_Quarantine/05 Pennyroyal Tea.m4a
8897,keep,largest file in duplicate metadata group,nirvana | mtv unplugged in new york | pennyroyal tea,Nirvana,MTV Unplugged In New York,Pennyroyal Tea,3496169,/mnt/d/Music/_Sorted_By_Artist/Nirvana/05 Pennyroyal Tea (2).m4a,/mnt/d/Music/_Sorted_By_Artist/Nirvana/05 Pennyroyal Tea (2).m4a,
2389,quarantine,"same metadata artist, album, and title as kept file",nirvana | mtv unplugged in new york | plateau,Nirvana,MTV Unplugged In New York,Plateau,3531313,/mnt/d/Music/_Sorted_By_Artist/Nirvana/10 Plateau.m4a,/mnt/d/Music/_Sorted_By_Artist/Nirvana/10 Plateau (2).m4a,/mnt/d/Music/_Duplicate_Quarantine/10 Plateau.m4a
8902,keep,largest file in duplicate metadata group,nirvana | mtv unplugged in new york | plateau,Nirvana,MTV Unplugged In New York,Plateau,3531313,/mnt/d/Music/_Sorted_By_Artist/Nirvana/10 Plateau (2).m4a,/mnt/d/Music/_Sorted_By_Artist/Nirvana/10 Plateau (2).m4a,
2386,quarantine,"same metadata artist, album, and title as kept file",nirvana | mtv unplugged in new york | polly,Nirvana,MTV Unplugged In New York,Polly,3124457,/mnt/d/Music/_Sorted_By_Artist/Nirvana/07 Polly.m4a,/mnt/d/Music/_Sorted_By_Artist/Nirvana/07 Polly (2).m4a,/mnt/d/Music/_Duplicate_Quarantine/07 Polly.m4a
8899,keep,largest file in duplicate metadata group,nirvana | mtv unplugged in new york | polly,Nirvana,MTV Unplugged In New York,Polly,3124457,/mnt/d/Music/_Sorted_By_Artist/Nirvana/07 Polly (2).m4a,/mnt/d/Music/_Sorted_By_Artist/Nirvana/07 Polly (2).m4a,
2388,quarantine,"same metadata artist, album, and title as kept file",nirvana | mtv unplugged in new york | something in the way,Nirvana,MTV Unplugged In New York,Something In The Way,3848817,/mnt/d/Music/_Sorted_By_Artist/Nirvana/09 Something In The Way.m4a,/mnt/d/Music/_Sorted_By_Artist/Nirvana/09 Something In The Way (2).m4a,/mnt/d/Music/_Duplicate_Quarantine/09 Something In The Way.m4a
8901,keep,largest file in duplicate metadata group,nirvana | mtv unplugged in new york | something in the way,Nirvana,MTV Unplugged In New York,Something In The Way,3848817,/mnt/d/Music/_Sorted_By_Artist/Nirvana/09 Something In The Way (2).m4a,/mnt/d/Music/_Sorted_By_Artist/Nirvana/09 Something In The Way (2).m4a,
2383,quarantine,"same metadata artist, album, and title as kept file",nirvana | mtv unplugged in new york | the man who sold the world,Nirvana,MTV Unplugged In New York,The Man Who Sold The World,4185124,/mnt/d/Music/_Sorted_By_Artist/Nirvana/04 The Man Who Sold The World.m4a,/mnt/d/Music/_Sorted_By_Artist/Nirvana/04 The Man Who Sold The World (2).m4a,/mnt/d/Music/_Duplicate_Quarantine/04 The Man Who Sold The World.m4a
8896,keep,largest file in duplicate metadata group,nirvana | mtv unplugged in new york | the man who sold the world,Nirvana,MTV Unplugged In New York,The Man Who Sold The World,4185124,/mnt/d/Music/_Sorted_By_Artist/Nirvana/04 The Man Who Sold The World (2).m4a,/mnt/d/Music/_Sorted_By_Artist/Nirvana/04 The Man Who Sold The World (2).m4a,
2393,quarantine,"same metadata artist, album, and title as kept file",nirvana | mtv unplugged in new york | where did you sleep last night,Nirvana,MTV Unplugged In New York,Where Did You Sleep Last Night,4836770,/mnt/d/Music/_Sorted_By_Artist/Nirvana/14 Where Did You Sleep Last Night.m4a,/mnt/d/Music/_Sorted_By_Artist/Nirvana/14 Where Did You Sleep Last Night (2).m4a,/mnt/d/Music/_Duplicate_Quarantine/14 Where Did You Sleep Last Night.m4a
8906,keep,largest file in duplicate metadata group,nirvana | mtv unplugged in new york | where did you sleep last night,Nirvana,MTV Unplugged In New York,Where Did You Sleep Last Night,4836770,/mnt/d/Music/_Sorted_By_Artist/Nirvana/14 Where Did You Sleep Last Night (2).m4a,/mnt/d/Music/_Sorted_By_Artist/Nirvana/14 Where Did You Sleep Last Night (2).m4a,
3160,quarantine,"same metadata artist, album, and title as kept file",nirvana | nirvana | about a girl,Nirvana,Nirvana,About A Girl,4066160,/mnt/d/Music/_Sorted_By_Artist/Nirvana/02 - About A Girl.mp3,/mnt/d/Music/_Sorted_By_Artist/Nirvana/02 - About A Girl (2).mp3,/mnt/d/Music/_Duplicate_Quarantine/02 - About A Girl.mp3
4974,quarantine,"same metadata artist, album, and title as kept file",nirvana | nirvana | about a girl,Nirvana,Nirvana,About A Girl,2643064,/mnt/d/Music/_Sorted_By_Artist/Nirvana/02 About A Girl.m4a,/mnt/d/Music/_Sorted_By_Artist/Nirvana/02 - About A Girl (2).mp3,/mnt/d/Music/_Duplicate_Quarantine/02 About A Girl.m4a
8910,keep,largest file in duplicate metadata group,nirvana | nirvana | about a girl,Nirvana,Nirvana,About A Girl,4066160,/mnt/d/Music/_Sorted_By_Artist/Nirvana/02 - About A Girl (2).mp3,/mnt/d/Music/_Sorted_By_Artist/Nirvana/02 - About A Girl (2).mp3,
3171,quarantine,"same metadata artist, album, and title as kept file",nirvana | nirvana | all apologies,Nirvana,Nirvana,All Apologies,5479280,/mnt/d/Music/_Sorted_By_Artist/Nirvana/13 - All Apologies.mp3,/mnt/d/Music/_Sorted_By_Artist/Nirvana/13 - All Apologies (2).mp3,/mnt/d/Music/_Duplicate_Quarantine/13 - All Apologies.mp3
4985,quarantine,"same metadata artist, album, and title as kept file",nirvana | nirvana | all apologies,Nirvana,Nirvana,All Apologies,3575837,/mnt/d/Music/_Sorted_By_Artist/Nirvana/13 All Apologies (3).m4a,/mnt/d/Music/_Sorted_By_Artist/Nirvana/13 - All Apologies (2).mp3,/mnt/d/Music/_Duplicate_Quarantine/13 All Apologies (3).m4a
8921,keep,largest file in duplicate metadata group,nirvana | nirvana | all apologies,Nirvana,Nirvana,All Apologies,5479280,/mnt/d/Music/_Sorted_By_Artist/Nirvana/13 - All Apologies (2).mp3,/mnt/d/Music/_Sorted_By_Artist/Nirvana/13 - All Apologies (2).mp3,
3161,quarantine,"same metadata artist, album, and title as kept file",nirvana | nirvana | been a son,Nirvana,Nirvana,Been A Son,3455521,/mnt/d/Music/_Sorted_By_Artist/Nirvana/03 - Been A Son.mp3,/mnt/d/Music/_Sorted_By_Artist/Nirvana/03 - Been A Son (2).mp3,/mnt/d/Music/_Duplicate_Quarantine/03 - Been A Son.mp3
4975,quarantine,"same metadata artist, album, and title as kept file",nirvana | nirvana | been a son,Nirvana,Nirvana,Been A Son,2331562,/mnt/d/Music/_Sorted_By_Artist/Nirvana/03 Been A Son.m4a,/mnt/d/Music/_Sorted_By_Artist/Nirvana/03 - Been A Son (2).mp3,/mnt/d/Music/_Duplicate_Quarantine/03 Been A Son.m4a
8911,keep,largest file in duplicate metadata group,nirvana | nirvana | been a son,Nirvana,Nirvana,Been A Son,3455521,/mnt/d/Music/_Sorted_By_Artist/Nirvana/03 - Been A Son (2).mp3,/mnt/d/Music/_Sorted_By_Artist/Nirvana/03 - Been A Son (2).mp3,
3164,quarantine,"same metadata artist, album, and title as kept file",nirvana | nirvana | come as you are,Nirvana,Nirvana,Come As You Are,5265494,/mnt/d/Music/_Sorted_By_Artist/Nirvana/06 - Come As You Are.mp3,/mnt/d/Music/_Sorted_By_Artist/Nirvana/06 - Come As You Are (2).mp3,/mnt/d/Music/_Duplicate_Quarantine/06 - Come As You Are.mp3
4082,quarantine,"same metadata artist, album, and title as kept file",nirvana | nirvana | come as you are,Nirvana,Nirvana,Come As You Are,3559100,/mnt/d/Music/_Sorted_By_Artist/Nirvana/ZJFP.m4a,/mnt/d/Music/_Sorted_By_Artist/Nirvana/06 - Come As You Are (2).mp3,/mnt/d/Music/_Duplicate_Quarantine/ZJFP.m4a
4978,quarantine,"same metadata artist, album, and title as kept file",nirvana | nirvana | come as you are,Nirvana,Nirvana,Come As You Are,3519393,/mnt/d/Music/_Sorted_By_Artist/Nirvana/06 Come As You Are.m4a,/mnt/d/Music/_Sorted_By_Artist/Nirvana/06 - Come As You Are (2).mp3,/mnt/d/Music/_Duplicate_Quarantine/06 Come As You Are.m4a
8914,keep,largest file in duplicate metadata group,nirvana | nirvana | come as you are,Nirvana,Nirvana,Come As You Are,5265494,/mnt/d/Music/_Sorted_By_Artist/Nirvana/06 - Come As You Are (2).mp3,/mnt/d/Music/_Sorted_By_Artist/Nirvana/06 - Come As You Are (2).mp3,
3170,quarantine,"same metadata artist, album, and title as kept file",nirvana | nirvana | dumb,Nirvana,Nirvana,Dumb,3713820,/mnt/d/Music/_Sorted_By_Artist/Nirvana/12 - Dumb.mp3,/mnt/d/Music/_Sorted_By_Artist/Nirvana/12 - Dumb (2).mp3,/mnt/d/Music/_Duplicate_Quarantine/12 - Dumb.mp3
4984,quarantine,"same metadata artist, album, and title as kept file",nirvana | nirvana | dumb,Nirvana,Nirvana,Dumb,2483719,/mnt/d/Music/_Sorted_By_Artist/Nirvana/12 Dumb.m4a,/mnt/d/Music/_Sorted_By_Artist/Nirvana/12 - Dumb (2).mp3,/mnt/d/Music/_Duplicate_Quarantine/12 Dumb.m4a
8920,keep,largest file in duplicate metadata group,nirvana | nirvana | dumb,Nirvana,Nirvana,Dumb,3713820,/mnt/d/Music/_Sorted_By_Artist/Nirvana/12 - Dumb (2).mp3,/mnt/d/Music/_Sorted_By_Artist/Nirvana/12 - Dumb (2).mp3,
3167,quarantine,"same metadata artist, album, and title as kept file",nirvana | nirvana | heart-shaped box,Nirvana,Nirvana,Heart-Shaped Box,6772028,/mnt/d/Music/_Sorted_By_Artist/Nirvana/09 - Heart-Shaped Box.mp3,/mnt/d/Music/_Sorted_By_Artist/Nirvana/09 - Heart-Shaped Box (2).mp3,/mnt/d/Music/_Duplicate_Quarantine/09 - Heart-Shaped Box.mp3
4981,quarantine,"same metadata artist, album, and title as kept file",nirvana | nirvana | heart-shaped box,Nirvana,Nirvana,Heart-Shaped Box,4553309,/mnt/d/Music/_Sorted_By_Artist/Nirvana/09 Heart-Shaped Box.m4a,/mnt/d/Music/_Sorted_By_Artist/Nirvana/09 - Heart-Shaped Box (2).mp3,/mnt/d/Music/_Duplicate_Quarantine/09 Heart-Shaped Box.m4a
8917,keep,largest file in duplicate metadata group,nirvana | nirvana | heart-shaped box,Nirvana,Nirvana,Heart-Shaped Box,6772028,/mnt/d/Music/_Sorted_By_Artist/Nirvana/09 - Heart-Shaped Box (2).mp3,/mnt/d/Music/_Sorted_By_Artist/Nirvana/09 - Heart-Shaped Box (2).mp3,
8927,quarantine,"same metadata artist, album, and title as kept file",nirvana | nirvana | heart-shaped box,Nirvana,Nirvana,Heart-Shaped Box,4532733,/mnt/d/Music/_Sorted_By_Artist/Nirvana/VQEK.m4a,/mnt/d/Music/_Sorted_By_Artist/Nirvana/09 - Heart-Shaped Box (2).mp3,/mnt/d/Music/_Duplicate_Quarantine/VQEK.m4a
3166,quarantine,"same metadata artist, album, and title as kept file",nirvana | nirvana | in bloom,Nirvana,Nirvana,In Bloom,6125654,/mnt/d/Music/_Sorted_By_Artist/Nirvana/08 - In Bloom.mp3,/mnt/d/Music/_Sorted_By_Artist/Nirvana/08 - In Bloom (2).mp3,/mnt/d/Music/_Duplicate_Quarantine/08 - In Bloom.mp3
4980,quarantine,"same metadata artist, album, and title as kept file",nirvana | nirvana | in bloom,Nirvana,Nirvana,In Bloom,4136206,/mnt/d/Music/_Sorted_By_Artist/Nirvana/08 In Bloom.m4a,/mnt/d/Music/_Sorted_By_Artist/Nirvana/08 - In Bloom (2).mp3,/mnt/d/Music/_Duplicate_Quarantine/08 In Bloom.m4a
8916,keep,largest file in duplicate metadata group,nirvana | nirvana | in bloom,Nirvana,Nirvana,In Bloom,6125654,/mnt/d/Music/_Sorted_By_Artist/Nirvana/08 - In Bloom (2).mp3,/mnt/d/Music/_Sorted_By_Artist/Nirvana/08 - In Bloom (2).mp3,
8924,quarantine,"same metadata artist, album, and title as kept file",nirvana | nirvana | in bloom,Nirvana,Nirvana,In Bloom,4135004,/mnt/d/Music/_Sorted_By_Artist/Nirvana/BPJL.m4a,/mnt/d/Music/_Sorted_By_Artist/Nirvana/08 - In Bloom (2).mp3,/mnt/d/Music/_Duplicate_Quarantine/BPJL.m4a
3165,quarantine,"same metadata artist, album, and title as kept file",nirvana | nirvana | lithium,Nirvana,Nirvana,Lithium,6178944,/mnt/d/Music/_Sorted_By_Artist/Nirvana/07 - Lithium.mp3,/mnt/d/Music/_Sorted_By_Artist/Nirvana/07 - Lithium (2).mp3,/mnt/d/Music/_Duplicate_Quarantine/07 - Lithium.mp3
4979,quarantine,"same metadata artist, album, and title as kept file",nirvana | nirvana | lithium,Nirvana,Nirvana,Lithium,4108363,/mnt/d/Music/_Sorted_By_Artist/Nirvana/07 Lithium (2).m4a,/mnt/d/Music/_Sorted_By_Artist/Nirvana/07 - Lithium (2).mp3,/mnt/d/Music/_Duplicate_Quarantine/07 Lithium (2).m4a
8915,keep,largest file in duplicate metadata group,nirvana | nirvana | lithium,Nirvana,Nirvana,Lithium,6178944,/mnt/d/Music/_Sorted_By_Artist/Nirvana/07 - Lithium (2).mp3,/mnt/d/Music/_Sorted_By_Artist/Nirvana/07 - Lithium (2).mp3,
3168,quarantine,"same metadata artist, album, and title as kept file",nirvana | nirvana | pennyroyal tea,Nirvana,Nirvana,Pennyroyal Tea,5242924,/mnt/d/Music/_Sorted_By_Artist/Nirvana/10 - Pennyroyal Tea.mp3,/mnt/d/Music/_Sorted_By_Artist/Nirvana/10 - Pennyroyal Tea (2).mp3,/mnt/d/Music/_Duplicate_Quarantine/10 - Pennyroyal Tea.mp3
4982,quarantine,"same metadata artist, album, and title as kept file",nirvana | nirvana | pennyroyal tea,Nirvana,Nirvana,Pennyroyal Tea,3472348,/mnt/d/Music/_Sorted_By_Artist/Nirvana/10 Pennyroyal Tea.m4a,/mnt/d/Music/_Sorted_By_Artist/Nirvana/10 - Pennyroyal Tea (2).mp3,/mnt/d/Music/_Duplicate_Quarantine/10 Pennyroyal Tea.m4a
8918,keep,largest file in duplicate metadata group,nirvana | nirvana | pennyroyal tea,Nirvana,Nirvana,Pennyroyal Tea,5242924,/mnt/d/Music/_Sorted_By_Artist/Nirvana/10 - Pennyroyal Tea (2).mp3,/mnt/d/Music/_Sorted_By_Artist/Nirvana/10 - Pennyroyal Tea (2).mp3,
3169,quarantine,"same metadata artist, album, and title as kept file",nirvana | nirvana | rape me,Nirvana,Nirvana,Rape Me,4119450,/mnt/d/Music/_Sorted_By_Artist/Nirvana/11 - Rape Me.mp3,/mnt/d/Music/_Sorted_By_Artist/Nirvana/11 - Rape Me (2).mp3,/mnt/d/Music/_Duplicate_Quarantine/11 - Rape Me.mp3
4081,quarantine,"same metadata artist, album, and title as kept file",nirvana | nirvana | rape me,Nirvana,Nirvana,Rape Me,2772311,/mnt/d/Music/_Sorted_By_Artist/Nirvana/MTAZ.m4a,/mnt/d/Music/_Sorted_By_Artist/Nirvana/11 - Rape Me (2).mp3,/mnt/d/Music/_Duplicate_Quarantine/MTAZ.m4a
4983,quarantine,"same metadata artist, album, and title as kept file",nirvana | nirvana | rape me,Nirvana,Nirvana,Rape Me,2717300,/mnt/d/Music/_Sorted_By_Artist/Nirvana/11 Rape Me.m4a,/mnt/d/Music/_Sorted_By_Artist/Nirvana/11 - Rape Me (2).mp3,/mnt/d/Music/_Duplicate_Quarantine/11 Rape Me.m4a
8919,keep,largest file in duplicate metadata group,nirvana | nirvana | rape me,Nirvana,Nirvana,Rape Me,4119450,/mnt/d/Music/_Sorted_By_Artist/Nirvana/11 - Rape Me (2).mp3,/mnt/d/Music/_Sorted_By_Artist/Nirvana/11 - Rape Me (2).mp3,
3162,quarantine,"same metadata artist, album, and title as kept file",nirvana | nirvana | sliver,Nirvana,Nirvana,Sliver,3227943,/mnt/d/Music/_Sorted_By_Artist/Nirvana/04 - Sliver.mp3,/mnt/d/Music/_Sorted_By_Artist/Nirvana/04 - Sliver (2).mp3,/mnt/d/Music/_Duplicate_Quarantine/04 - Sliver.mp3
4976,quarantine,"same metadata artist, album, and title as kept file",nirvana | nirvana | sliver,Nirvana,Nirvana,Sliver,2096545,/mnt/d/Music/_Sorted_By_Artist/Nirvana/04 Sliver.m4a,/mnt/d/Music/_Sorted_By_Artist/Nirvana/04 - Sliver (2).mp3,/mnt/d/Music/_Duplicate_Quarantine/04 Sliver.m4a
8912,keep,largest file in duplicate metadata group,nirvana | nirvana | sliver,Nirvana,Nirvana,Sliver,3227943,/mnt/d/Music/_Sorted_By_Artist/Nirvana/04 - Sliver (2).mp3,/mnt/d/Music/_Sorted_By_Artist/Nirvana/04 - Sliver (2).mp3,
3163,quarantine,"same metadata artist, album, and title as kept file",nirvana | nirvana | smells like teen spirit,Nirvana,Nirvana,Smells Like Teen Spirit,7240351,/mnt/d/Music/_Sorted_By_Artist/Nirvana/05 - Smells Like Teen Spirit.mp3,/mnt/d/Music/_Sorted_By_Artist/Nirvana/05 - Smells Like Teen Spirit (2).mp3,/mnt/d/Music/_Duplicate_Quarantine/05 - Smells Like Teen Spirit.mp3
4977,quarantine,"same metadata artist, album, and title as kept file",nirvana | nirvana | smells like teen spirit,Nirvana,Nirvana,Smells Like Teen Spirit,4795698,/mnt/d/Music/_Sorted_By_Artist/Nirvana/05 Smells Like Teen Spirit (2).m4a,/mnt/d/Music/_Sorted_By_Artist/Nirvana/05 - Smells Like Teen Spirit (2).mp3,/mnt/d/Music/_Duplicate_Quarantine/05 Smells Like Teen Spirit (2).m4a
8913,keep,largest file in duplicate metadata group,nirvana | nirvana | smells like teen spirit,Nirvana,Nirvana,Smells Like Teen Spirit,7240351,/mnt/d/Music/_Sorted_By_Artist/Nirvana/05 - Smells Like Teen Spirit (2).mp3,/mnt/d/Music/_Sorted_By_Artist/Nirvana/05 - Smells Like Teen Spirit (2).mp3,
8923,quarantine,"same metadata artist, album, and title as kept file",nirvana | nirvana | smells like teen spirit,Nirvana,Nirvana,Smells Like Teen Spirit,4874224,/mnt/d/Music/_Sorted_By_Artist/Nirvana/AGNB.m4a,/mnt/d/Music/_Sorted_By_Artist/Nirvana/05 - Smells Like Teen Spirit (2).mp3,/mnt/d/Music/_Duplicate_Quarantine/AGNB.m4a
3172,quarantine,"same metadata artist, album, and title as kept file",nirvana | nirvana | the man who sold the world,Nirvana,Nirvana,The Man Who Sold The World,5461726,/mnt/d/Music/_Sorted_By_Artist/Nirvana/14 - The Man Who Sold The World.mp3,/mnt/d/Music/_Sorted_By_Artist/Nirvana/14 - The Man Who Sold The World (2).mp3,/mnt/d/Music/_Duplicate_Quarantine/14 - The Man Who Sold The World.mp3
4986,quarantine,"same metadata artist, album, and title as kept file",nirvana | nirvana | the man who sold the world,Nirvana,Nirvana,The Man Who Sold The World,3646577,/mnt/d/Music/_Sorted_By_Artist/Nirvana/14 The Man Who Sold The World.m4a,/mnt/d/Music/_Sorted_By_Artist/Nirvana/14 - The Man Who Sold The World (2).mp3,/mnt/d/Music/_Duplicate_Quarantine/14 The Man Who Sold The World.m4a
8922,keep,largest file in duplicate metadata group,nirvana | nirvana | the man who sold the world,Nirvana,Nirvana,The Man Who Sold The World,5461726,/mnt/d/Music/_Sorted_By_Artist/Nirvana/14 - The Man Who Sold The World (2).mp3,/mnt/d/Music/_Sorted_By_Artist/Nirvana/14 - The Man Who Sold The World (2).mp3,
8925,quarantine,"same metadata artist, album, and title as kept file",nirvana | nirvana | the man who sold the world,Nirvana,Nirvana,The Man Who Sold The World,3689983,/mnt/d/Music/_Sorted_By_Artist/Nirvana/EWAB.m4a,/mnt/d/Music/_Sorted_By_Artist/Nirvana/14 - The Man Who Sold The World (2).mp3,/mnt/d/Music/_Duplicate_Quarantine/EWAB.m4a
3159,quarantine,"same metadata artist, album, and title as kept file",nirvana | nirvana | you know you're right,Nirvana,Nirvana,You Know You're Right,5238535,/mnt/d/Music/_Sorted_By_Artist/Nirvana/01 - You Know You're Right.mp3,/mnt/d/Music/_Sorted_By_Artist/Nirvana/01 - You Know You're Right (2).mp3,/mnt/d/Music/_Duplicate_Quarantine/01 - You Know You're Right.mp3
4973,quarantine,"same metadata artist, album, and title as kept file",nirvana | nirvana | you know you're right,Nirvana,Nirvana,You Know You're Right,3498771,/mnt/d/Music/_Sorted_By_Artist/Nirvana/01 You Know You're Right.m4a,/mnt/d/Music/_Sorted_By_Artist/Nirvana/01 - You Know You're Right (2).mp3,/mnt/d/Music/_Duplicate_Quarantine/01 You Know You're Right.m4a
8909,keep,largest file in duplicate metadata group,nirvana | nirvana | you know you're right,Nirvana,Nirvana,You Know You're Right,5238535,/mnt/d/Music/_Sorted_By_Artist/Nirvana/01 - You Know You're Right (2).mp3,/mnt/d/Music/_Sorted_By_Artist/Nirvana/01 - You Know You're Right (2).mp3,
8926,quarantine,"same metadata artist, album, and title as kept file",nirvana | nirvana | you know you're right,Nirvana,Nirvana,You Know You're Right,3543368,/mnt/d/Music/_Sorted_By_Artist/Nirvana/ROJC.m4a,/mnt/d/Music/_Sorted_By_Artist/Nirvana/01 - You Know You're Right (2).mp3,/mnt/d/Music/_Duplicate_Quarantine/ROJC.m4a
4433,quarantine,"same metadata artist, album, and title as kept file",no doubt | tragic kingdom | don't speak,No Doubt,Tragic Kingdom,Don't Speak,4261811,/mnt/d/Music/_Sorted_By_Artist/No Doubt/QCIH.m4a,/mnt/d/Music/_Sorted_By_Artist/No Doubt/LFAI.m4a,/mnt/d/Music/_Duplicate_Quarantine/QCIH.m4a
9396,keep,largest file in duplicate metadata group,no doubt | tragic kingdom | don't speak,No Doubt,Tragic Kingdom,Don't Speak,4268865,/mnt/d/Music/_Sorted_By_Artist/No Doubt/LFAI.m4a,/mnt/d/Music/_Sorted_By_Artist/No Doubt/LFAI.m4a,
1795,quarantine,"same metadata artist, album, and title as kept file",no doubt | tragic kingdom | just a girl,No Doubt,Tragic Kingdom,Just A Girl,3388359,/mnt/d/Music/_Sorted_By_Artist/No Doubt/03 Just A Girl.m4a,/mnt/d/Music/_Sorted_By_Artist/No Doubt/PGOX.m4a,/mnt/d/Music/_Duplicate_Quarantine/03 Just A Girl.m4a
4438,quarantine,"same metadata artist, album, and title as kept file",no doubt | tragic kingdom | just a girl,No Doubt,Tragic Kingdom,Just A Girl,3398217,/mnt/d/Music/_Sorted_By_Artist/No Doubt/VIWS.m4a,/mnt/d/Music/_Sorted_By_Artist/No Doubt/PGOX.m4a,/mnt/d/Music/_Duplicate_Quarantine/VIWS.m4a
9397,keep,largest file in duplicate metadata group,no doubt | tragic kingdom | just a girl,No Doubt,Tragic Kingdom,Just A Girl,3399156,/mnt/d/Music/_Sorted_By_Artist/No Doubt/PGOX.m4a,/mnt/d/Music/_Sorted_By_Artist/No Doubt/PGOX.m4a,
4429,quarantine,"same metadata artist, album, and title as kept file",no doubt | tragic kingdom | spiderwebs,No Doubt,Tragic Kingdom,Spiderwebs,4326997,/mnt/d/Music/_Sorted_By_Artist/No Doubt/KQKU.m4a,/mnt/d/Music/_Sorted_By_Artist/No Doubt/BJCP.m4a,/mnt/d/Music/_Duplicate_Quarantine/KQKU.m4a
9395,keep,largest file in duplicate metadata group,no doubt | tragic kingdom | spiderwebs,No Doubt,Tragic Kingdom,Spiderwebs,4346827,/mnt/d/Music/_Sorted_By_Artist/No Doubt/BJCP.m4a,/mnt/d/Music/_Sorted_By_Artist/No Doubt/BJCP.m4a,
3179,quarantine,"same metadata artist, album, and title as kept file",nothingface | an audio guide to everyday atrocity | breath out,Nothingface,An Audio Guide To Everyday Atrocity,breath out,5385866,/mnt/d/Music/_Sorted_By_Artist/Nothingface/07 - Error In Excellence.mp3,/mnt/d/Music/_Sorted_By_Artist/Nothingface/07 - Error In Excellence (2).mp3,/mnt/d/Music/_Duplicate_Quarantine/07 - Error In Excellence.mp3
8983,keep,largest file in duplicate metadata group,nothingface | an audio guide to everyday atrocity | breath out,Nothingface,An Audio Guide To Everyday Atrocity,breath out,5385866,/mnt/d/Music/_Sorted_By_Artist/Nothingface/07 - Error In Excellence (2).mp3,/mnt/d/Music/_Sorted_By_Artist/Nothingface/07 - Error In Excellence (2).mp3,
3178,quarantine,"same metadata artist, album, and title as kept file",nothingface | an audio guide to everyday atrocity | breathe out,Nothingface,An Audio Guide To Everyday Atrocity,Breathe Out,6270936,/mnt/d/Music/_Sorted_By_Artist/Nothingface/06 - Breathe Out.mp3,/mnt/d/Music/_Sorted_By_Artist/Nothingface/06 - Breathe Out (2).mp3,/mnt/d/Music/_Duplicate_Quarantine/06 - Breathe Out.mp3
8982,keep,largest file in duplicate metadata group,nothingface | an audio guide to everyday atrocity | breathe out,Nothingface,An Audio Guide To Everyday Atrocity,Breathe Out,6270936,/mnt/d/Music/_Sorted_By_Artist/Nothingface/06 - Breathe Out (2).mp3,/mnt/d/Music/_Sorted_By_Artist/Nothingface/06 - Breathe Out (2).mp3,
3173,quarantine,"same metadata artist, album, and title as kept file",nothingface | an audio guide to everyday atrocity | goldtooth,Nothingface,An Audio Guide To Everyday Atrocity,Goldtooth,6326274,/mnt/d/Music/_Sorted_By_Artist/Nothingface/01 - Goldtooth.mp3,/mnt/d/Music/_Sorted_By_Artist/Nothingface/01 - Goldtooth (2).mp3,/mnt/d/Music/_Duplicate_Quarantine/01 - Goldtooth.mp3
8977,keep,largest file in duplicate metadata group,nothingface | an audio guide to everyday atrocity | goldtooth,Nothingface,An Audio Guide To Everyday Atrocity,Goldtooth,6326274,/mnt/d/Music/_Sorted_By_Artist/Nothingface/01 - Goldtooth (2).mp3,/mnt/d/Music/_Sorted_By_Artist/Nothingface/01 - Goldtooth (2).mp3,
3174,quarantine,"same metadata artist, album, and title as kept file",nothingface | an audio guide to everyday atrocity | grinning,Nothingface,An Audio Guide To Everyday Atrocity,Grinning,4877419,/mnt/d/Music/_Sorted_By_Artist/Nothingface/02 - Grinning.mp3,/mnt/d/Music/_Sorted_By_Artist/Nothingface/02 - Grinning (2).mp3,/mnt/d/Music/_Duplicate_Quarantine/02 - Grinning.mp3
8978,keep,largest file in duplicate metadata group,nothingface | an audio guide to everyday atrocity | grinning,Nothingface,An Audio Guide To Everyday Atrocity,Grinning,4877419,/mnt/d/Music/_Sorted_By_Artist/Nothingface/02 - Grinning (2).mp3,/mnt/d/Music/_Sorted_By_Artist/Nothingface/02 - Grinning (2).mp3,
3180,quarantine,"same metadata artist, album, and title as kept file","nothingface | an audio guide to everyday atrocity | i, diablo",Nothingface,An Audio Guide To Everyday Atrocity,"I, Diablo",6036628,"/mnt/d/Music/_Sorted_By_Artist/Nothingface/08 - I, Diablo.mp3","/mnt/d/Music/_Sorted_By_Artist/Nothingface/08 - I, Diablo (2).mp3","/mnt/d/Music/_Duplicate_Quarantine/08 - I, Diablo.mp3"
8984,keep,largest file in duplicate metadata group,"nothingface | an audio guide to everyday atrocity | i, diablo",Nothingface,An Audio Guide To Everyday Atrocity,"I, Diablo",6036628,"/mnt/d/Music/_Sorted_By_Artist/Nothingface/08 - I, Diablo (2).mp3","/mnt/d/Music/_Sorted_By_Artist/Nothingface/08 - I, Diablo (2).mp3",
3181,quarantine,"same metadata artist, album, and title as kept file",nothingface | an audio guide to everyday atrocity | sick,Nothingface,An Audio Guide To Everyday Atrocity,Sick,8301131,/mnt/d/Music/_Sorted_By_Artist/Nothingface/09 - Sick.mp3,/mnt/d/Music/_Sorted_By_Artist/Nothingface/09 - Sick (2).mp3,/mnt/d/Music/_Duplicate_Quarantine/09 - Sick.mp3
8985,keep,largest file in duplicate metadata group,nothingface | an audio guide to everyday atrocity | sick,Nothingface,An Audio Guide To Everyday Atrocity,Sick,8301131,/mnt/d/Music/_Sorted_By_Artist/Nothingface/09 - Sick (2).mp3,/mnt/d/Music/_Sorted_By_Artist/Nothingface/09 - Sick (2).mp3,
3177,quarantine,"same metadata artist, album, and title as kept file",nothingface | an audio guide to everyday atrocity | sleeper,Nothingface,An Audio Guide To Everyday Atrocity,Sleeper,6888011,/mnt/d/Music/_Sorted_By_Artist/Nothingface/05 - Sleeper.mp3,/mnt/d/Music/_Sorted_By_Artist/Nothingface/05 - Sleeper (2).mp3,/mnt/d/Music/_Duplicate_Quarantine/05 - Sleeper.mp3
8981,keep,largest file in duplicate metadata group,nothingface | an audio guide to everyday atrocity | sleeper,Nothingface,An Audio Guide To Everyday Atrocity,Sleeper,6888011,/mnt/d/Music/_Sorted_By_Artist/Nothingface/05 - Sleeper (2).mp3,/mnt/d/Music/_Sorted_By_Artist/Nothingface/05 - Sleeper (2).mp3,
3175,quarantine,"same metadata artist, album, and title as kept file",nothingface | an audio guide to everyday atrocity | so few,Nothingface,An Audio Guide To Everyday Atrocity,So Few,6085530,/mnt/d/Music/_Sorted_By_Artist/Nothingface/03 - So Few.mp3,/mnt/d/Music/_Sorted_By_Artist/Nothingface/03 - So Few (2).mp3,/mnt/d/Music/_Duplicate_Quarantine/03 - So Few.mp3
8979,keep,largest file in duplicate metadata group,nothingface | an audio guide to everyday atrocity | so few,Nothingface,An Audio Guide To Everyday Atrocity,So Few,6085530,/mnt/d/Music/_Sorted_By_Artist/Nothingface/03 - So Few (2).mp3,/mnt/d/Music/_Sorted_By_Artist/Nothingface/03 - So Few (2).mp3,
3176,quarantine,"same metadata artist, album, and title as kept file",nothingface | an audio guide to everyday atrocity | villains,Nothingface,An Audio Guide To Everyday Atrocity,Villains,5055469,/mnt/d/Music/_Sorted_By_Artist/Nothingface/04 - Villains.mp3,/mnt/d/Music/_Sorted_By_Artist/Nothingface/04 - Villains (2).mp3,/mnt/d/Music/_Duplicate_Quarantine/04 - Villains.mp3
8980,keep,largest file in duplicate metadata group,nothingface | an audio guide to everyday atrocity | villains,Nothingface,An Audio Guide To Everyday Atrocity,Villains,5055469,/mnt/d/Music/_Sorted_By_Artist/Nothingface/04 - Villains (2).mp3,/mnt/d/Music/_Sorted_By_Artist/Nothingface/04 - Villains (2).mp3,
3194,quarantine,"same metadata artist, album, and title as kept file",nothingface | skeletons | all cut up,Nothingface,Skeletons,All Cut Up,5249653,/mnt/d/Music/_Sorted_By_Artist/Nothingface/13 - All Cut Up.mp3,/mnt/d/Music/_Sorted_By_Artist/Nothingface/13 - All Cut Up (2).mp3,/mnt/d/Music/_Duplicate_Quarantine/13 - All Cut Up.mp3
8998,keep,largest file in duplicate metadata group,nothingface | skeletons | all cut up,Nothingface,Skeletons,All Cut Up,5249653,/mnt/d/Music/_Sorted_By_Artist/Nothingface/13 - All Cut Up (2).mp3,/mnt/d/Music/_Sorted_By_Artist/Nothingface/13 - All Cut Up (2).mp3,
3183,quarantine,"same metadata artist, album, and title as kept file",nothingface | skeletons | beneath,Nothingface,Skeletons,Beneath,5111727,/mnt/d/Music/_Sorted_By_Artist/Nothingface/02 - Beneath.mp3,/mnt/d/Music/_Sorted_By_Artist/Nothingface/02 - Beneath (2).mp3,/mnt/d/Music/_Duplicate_Quarantine/02 - Beneath.mp3
8987,keep,largest file in duplicate metadata group,nothingface | skeletons | beneath,Nothingface,Skeletons,Beneath,5111727,/mnt/d/Music/_Sorted_By_Artist/Nothingface/02 - Beneath (2).mp3,/mnt/d/Music/_Sorted_By_Artist/Nothingface/02 - Beneath (2).mp3,
3192,quarantine,"same metadata artist, album, and title as kept file",nothingface | skeletons | big fun at the gallows,Nothingface,Skeletons,Big Fun At The Gallows,5686629,/mnt/d/Music/_Sorted_By_Artist/Nothingface/11 - Big Fun At The Gallows.mp3,/mnt/d/Music/_Sorted_By_Artist/Nothingface/11 - Big Fun At The Gallows (2).mp3,/mnt/d/Music/_Duplicate_Quarantine/11 - Big Fun At The Gallows.mp3
8996,keep,largest file in duplicate metadata group,nothingface | skeletons | big fun at the gallows,Nothingface,Skeletons,Big Fun At The Gallows,5686629,/mnt/d/Music/_Sorted_By_Artist/Nothingface/11 - Big Fun At The Gallows (2).mp3,/mnt/d/Music/_Sorted_By_Artist/Nothingface/11 - Big Fun At The Gallows (2).mp3,
3185,quarantine,"same metadata artist, album, and title as kept file",nothingface | skeletons | ether,Nothingface,Skeletons,Ether,5348082,/mnt/d/Music/_Sorted_By_Artist/Nothingface/04 - Ether.mp3,/mnt/d/Music/_Sorted_By_Artist/Nothingface/04 - Ether (2).mp3,/mnt/d/Music/_Duplicate_Quarantine/04 - Ether.mp3
8989,keep,largest file in duplicate metadata group,nothingface | skeletons | ether,Nothingface,Skeletons,Ether,5348082,/mnt/d/Music/_Sorted_By_Artist/Nothingface/04 - Ether (2).mp3,/mnt/d/Music/_Sorted_By_Artist/Nothingface/04 - Ether (2).mp3,
3189,quarantine,"same metadata artist, album, and title as kept file",nothingface | skeletons | here come the butchers,Nothingface,Skeletons,Here Come The Butchers,4300468,/mnt/d/Music/_Sorted_By_Artist/Nothingface/08 - Here Come The Butchers.mp3,/mnt/d/Music/_Sorted_By_Artist/Nothingface/08 - Here Come The Butchers (2).mp3,/mnt/d/Music/_Duplicate_Quarantine/08 - Here Come The Butchers.mp3
8993,keep,largest file in duplicate metadata group,nothingface | skeletons | here come the butchers,Nothingface,Skeletons,Here Come The Butchers,4300468,/mnt/d/Music/_Sorted_By_Artist/Nothingface/08 - Here Come The Butchers (2).mp3,/mnt/d/Music/_Sorted_By_Artist/Nothingface/08 - Here Come The Butchers (2).mp3,
3190,quarantine,"same metadata artist, album, and title as kept file",nothingface | skeletons | i am him,Nothingface,Skeletons,I Am Him,5901042,/mnt/d/Music/_Sorted_By_Artist/Nothingface/09 - I Am Him.mp3,/mnt/d/Music/_Sorted_By_Artist/Nothingface/09 - I Am Him (2).mp3,/mnt/d/Music/_Duplicate_Quarantine/09 - I Am Him.mp3
8994,keep,largest file in duplicate metadata group,nothingface | skeletons | i am him,Nothingface,Skeletons,I Am Him,5901042,/mnt/d/Music/_Sorted_By_Artist/Nothingface/09 - I Am Him (2).mp3,/mnt/d/Music/_Sorted_By_Artist/Nothingface/09 - I Am Him (2).mp3,
3186,quarantine,"same metadata artist, album, and title as kept file",nothingface | skeletons | i wish i was a communist,Nothingface,Skeletons,I Wish I Was A Communist,5847126,/mnt/d/Music/_Sorted_By_Artist/Nothingface/05 - I Wish I Was A Communist.mp3,/mnt/d/Music/_Sorted_By_Artist/Nothingface/05 - I Wish I Was A Communist (2).mp3,/mnt/d/Music/_Duplicate_Quarantine/05 - I Wish I Was A Communist.mp3
8990,keep,largest file in duplicate metadata group,nothingface | skeletons | i wish i was a communist,Nothingface,Skeletons,I Wish I Was A Communist,5847126,/mnt/d/Music/_Sorted_By_Artist/Nothingface/05 - I Wish I Was A Communist (2).mp3,/mnt/d/Music/_Sorted_By_Artist/Nothingface/05 - I Wish I Was A Communist (2).mp3,
3187,quarantine,"same metadata artist, album, and title as kept file",nothingface | skeletons | in avernus,Nothingface,Skeletons,In Avernus,5000131,/mnt/d/Music/_Sorted_By_Artist/Nothingface/06 - In Avernus.mp3,/mnt/d/Music/_Sorted_By_Artist/Nothingface/06 - In Avernus (2).mp3,/mnt/d/Music/_Duplicate_Quarantine/06 - In Avernus.mp3
8991,keep,largest file in duplicate metadata group,nothingface | skeletons | in avernus,Nothingface,Skeletons,In Avernus,5000131,/mnt/d/Music/_Sorted_By_Artist/Nothingface/06 - In Avernus (2).mp3,/mnt/d/Music/_Sorted_By_Artist/Nothingface/06 - In Avernus (2).mp3,
3193,quarantine,"same metadata artist, album, and title as kept file",nothingface | skeletons | incarnadine,Nothingface,Skeletons,Incarnadine,5392595,/mnt/d/Music/_Sorted_By_Artist/Nothingface/12 - Incarnadine.mp3,/mnt/d/Music/_Sorted_By_Artist/Nothingface/12 - Incarnadine (2).mp3,/mnt/d/Music/_Duplicate_Quarantine/12 - Incarnadine.mp3
8997,keep,largest file in duplicate metadata group,nothingface | skeletons | incarnadine,Nothingface,Skeletons,Incarnadine,5392595,/mnt/d/Music/_Sorted_By_Artist/Nothingface/12 - Incarnadine (2).mp3,/mnt/d/Music/_Sorted_By_Artist/Nothingface/12 - Incarnadine (2).mp3,
3182,quarantine,"same metadata artist, album, and title as kept file",nothingface | skeletons | machination,Nothingface,Skeletons,Machination,5753712,/mnt/d/Music/_Sorted_By_Artist/Nothingface/01 - Machination.mp3,/mnt/d/Music/_Sorted_By_Artist/Nothingface/01 - Machination (2).mp3,/mnt/d/Music/_Duplicate_Quarantine/01 - Machination.mp3
8986,keep,largest file in duplicate metadata group,nothingface | skeletons | machination,Nothingface,Skeletons,Machination,5753712,/mnt/d/Music/_Sorted_By_Artist/Nothingface/01 - Machination (2).mp3,/mnt/d/Music/_Sorted_By_Artist/Nothingface/01 - Machination (2).mp3,
3184,quarantine,"same metadata artist, album, and title as kept file",nothingface | skeletons | murder is masturbation,Nothingface,Skeletons,Murder Is Masturbation,5655282,/mnt/d/Music/_Sorted_By_Artist/Nothingface/03 - Murder Is Masturbation.mp3,/mnt/d/Music/_Sorted_By_Artist/Nothingface/03 - Murder Is Masturbation (2).mp3,/mnt/d/Music/_Duplicate_Quarantine/03 - Murder Is Masturbation.mp3
8988,keep,largest file in duplicate metadata group,nothingface | skeletons | murder is masturbation,Nothingface,Skeletons,Murder Is Masturbation,5655282,/mnt/d/Music/_Sorted_By_Artist/Nothingface/03 - Murder Is Masturbation (2).mp3,/mnt/d/Music/_Sorted_By_Artist/Nothingface/03 - Murder Is Masturbation (2).mp3,
3188,quarantine,"same metadata artist, album, and title as kept file",nothingface | skeletons | patricide,Nothingface,Skeletons,Patricide,5655282,/mnt/d/Music/_Sorted_By_Artist/Nothingface/07 - Patricide.mp3,/mnt/d/Music/_Sorted_By_Artist/Nothingface/07 - Patricide (2).mp3,/mnt/d/Music/_Duplicate_Quarantine/07 - Patricide.mp3
8992,keep,largest file in duplicate metadata group,nothingface | skeletons | patricide,Nothingface,Skeletons,Patricide,5655282,/mnt/d/Music/_Sorted_By_Artist/Nothingface/07 - Patricide (2).mp3,/mnt/d/Music/_Sorted_By_Artist/Nothingface/07 - Patricide (2).mp3,
3191,quarantine,"same metadata artist, album, and title as kept file",nothingface | skeletons | scission,Nothingface,Skeletons,Scission,4456576,/mnt/d/Music/_Sorted_By_Artist/Nothingface/10 - Scission.mp3,/mnt/d/Music/_Sorted_By_Artist/Nothingface/10 - Scission (2).mp3,/mnt/d/Music/_Duplicate_Quarantine/10 - Scission.mp3
8995,keep,largest file in duplicate metadata group,nothingface | skeletons | scission,Nothingface,Skeletons,Scission,4456576,/mnt/d/Music/_Sorted_By_Artist/Nothingface/10 - Scission (2).mp3,/mnt/d/Music/_Sorted_By_Artist/Nothingface/10 - Scission (2).mp3,
3204,quarantine,"same metadata artist, album, and title as kept file",nothingface | violence | american love,Nothingface,Violence,American Love,4739492,/mnt/d/Music/_Sorted_By_Artist/Nothingface/10 - American Love.mp3,/mnt/d/Music/_Sorted_By_Artist/Nothingface/10 - American Love (2).mp3,/mnt/d/Music/_Duplicate_Quarantine/10 - American Love.mp3
9008,keep,largest file in duplicate metadata group,nothingface | violence | american love,Nothingface,Violence,American Love,4739492,/mnt/d/Music/_Sorted_By_Artist/Nothingface/10 - American Love (2).mp3,/mnt/d/Music/_Sorted_By_Artist/Nothingface/10 - American Love (2).mp3,
3196,quarantine,"same metadata artist, album, and title as kept file",nothingface | violence | bleeder,Nothingface,Violence,Bleeder,5042304,/mnt/d/Music/_Sorted_By_Artist/Nothingface/02 - Bleeder.mp3,/mnt/d/Music/_Sorted_By_Artist/Nothingface/02 - Bleeder (2).mp3,/mnt/d/Music/_Duplicate_Quarantine/02 - Bleeder.mp3
9000,keep,largest file in duplicate metadata group,nothingface | violence | bleeder,Nothingface,Violence,Bleeder,5042304,/mnt/d/Music/_Sorted_By_Artist/Nothingface/02 - Bleeder (2).mp3,/mnt/d/Music/_Sorted_By_Artist/Nothingface/02 - Bleeder (2).mp3,
3201,quarantine,"same metadata artist, album, and title as kept file",nothingface | violence | blue skin,Nothingface,Violence,Blue Skin,6201513,/mnt/d/Music/_Sorted_By_Artist/Nothingface/07 - Blue Skin.mp3,/mnt/d/Music/_Sorted_By_Artist/Nothingface/07 - Blue Skin (2).mp3,/mnt/d/Music/_Duplicate_Quarantine/07 - Blue Skin.mp3
9005,keep,largest file in duplicate metadata group,nothingface | violence | blue skin,Nothingface,Violence,Blue Skin,6201513,/mnt/d/Music/_Sorted_By_Artist/Nothingface/07 - Blue Skin (2).mp3,/mnt/d/Music/_Sorted_By_Artist/Nothingface/07 - Blue Skin (2).mp3,
3199,quarantine,"same metadata artist, album, and title as kept file",nothingface | violence | can't wait for violence,Nothingface,Violence,Can't Wait For Violence,6477993,/mnt/d/Music/_Sorted_By_Artist/Nothingface/05 - Can't Wait For Violence.mp3,/mnt/d/Music/_Sorted_By_Artist/Nothingface/05 - Can't Wait For Violence (2).mp3,/mnt/d/Music/_Duplicate_Quarantine/05 - Can't Wait For Violence.mp3
9003,keep,largest file in duplicate metadata group,nothingface | violence | can't wait for violence,Nothingface,Violence,Can't Wait For Violence,6477993,/mnt/d/Music/_Sorted_By_Artist/Nothingface/05 - Can't Wait For Violence (2).mp3,/mnt/d/Music/_Sorted_By_Artist/Nothingface/05 - Can't Wait For Violence (2).mp3,
3200,quarantine,"same metadata artist, album, and title as kept file",nothingface | violence | dead like me,Nothingface,Violence,Dead Like Me,6067975,/mnt/d/Music/_Sorted_By_Artist/Nothingface/06 - Dead Like Me.mp3,/mnt/d/Music/_Sorted_By_Artist/Nothingface/06 - Dead Like Me (2).mp3,/mnt/d/Music/_Duplicate_Quarantine/06 - Dead Like Me.mp3
9004,keep,largest file in duplicate metadata group,nothingface | violence | dead like me,Nothingface,Violence,Dead Like Me,6067975,/mnt/d/Music/_Sorted_By_Artist/Nothingface/06 - Dead Like Me (2).mp3,/mnt/d/Music/_Sorted_By_Artist/Nothingface/06 - Dead Like Me (2).mp3,
3205,quarantine,"same metadata artist, album, and title as kept file",nothingface | violence | everlasting gobstopper,Nothingface,Violence,Everlasting Gobstopper,7324988,/mnt/d/Music/_Sorted_By_Artist/Nothingface/11 - Everlasting Gobstopper.mp3,/mnt/d/Music/_Sorted_By_Artist/Nothingface/11 - Everlasting Gobstopper (2).mp3,/mnt/d/Music/_Duplicate_Quarantine/11 - Everlasting Gobstopper.mp3
9009,keep,largest file in duplicate metadata group,nothingface | violence | everlasting gobstopper,Nothingface,Violence,Everlasting Gobstopper,7324988,/mnt/d/Music/_Sorted_By_Artist/Nothingface/11 - Everlasting Gobstopper (2).mp3,/mnt/d/Music/_Sorted_By_Artist/Nothingface/11 - Everlasting Gobstopper (2).mp3,
3202,quarantine,"same metadata artist, album, and title as kept file",nothingface | violence | filthy,Nothingface,Violence,Filthy,6959482,/mnt/d/Music/_Sorted_By_Artist/Nothingface/08 - Filthy.mp3,/mnt/d/Music/_Sorted_By_Artist/Nothingface/08 - Filthy (2).mp3,/mnt/d/Music/_Duplicate_Quarantine/08 - Filthy.mp3
9006,keep,largest file in duplicate metadata group,nothingface | violence | filthy,Nothingface,Violence,Filthy,6959482,/mnt/d/Music/_Sorted_By_Artist/Nothingface/08 - Filthy (2).mp3,/mnt/d/Music/_Sorted_By_Artist/Nothingface/08 - Filthy (2).mp3,
3198,quarantine,"same metadata artist, album, and title as kept file",nothingface | violence | for all the sin,Nothingface,Violence,For All The Sin,6339440,/mnt/d/Music/_Sorted_By_Artist/Nothingface/04 - For All The Sin.mp3,/mnt/d/Music/_Sorted_By_Artist/Nothingface/04 - For All The Sin (2).mp3,/mnt/d/Music/_Duplicate_Quarantine/04 - For All The Sin.mp3
9002,keep,largest file in duplicate metadata group,nothingface | violence | for all the sin,Nothingface,Violence,For All The Sin,6339440,/mnt/d/Music/_Sorted_By_Artist/Nothingface/04 - For All The Sin (2).mp3,/mnt/d/Music/_Sorted_By_Artist/Nothingface/04 - For All The Sin (2).mp3,
3203,quarantine,"same metadata artist, album, and title as kept file",nothingface | violence | hidden hands,Nothingface,Violence,Hidden Hands,5960769,/mnt/d/Music/_Sorted_By_Artist/Nothingface/09 - Hidden Hands.mp3,/mnt/d/Music/_Sorted_By_Artist/Nothingface/09 - Hidden Hands (2).mp3,/mnt/d/Music/_Duplicate_Quarantine/09 - Hidden Hands.mp3
9007,keep,largest file in duplicate metadata group,nothingface | violence | hidden hands,Nothingface,Violence,Hidden Hands,5960769,/mnt/d/Music/_Sorted_By_Artist/Nothingface/09 - Hidden Hands (2).mp3,/mnt/d/Music/_Sorted_By_Artist/Nothingface/09 - Hidden Hands (2).mp3,
3195,quarantine,"same metadata artist, album, and title as kept file",nothingface | violence | make your own bones,Nothingface,Violence,Make Your Own Bones,5042304,/mnt/d/Music/_Sorted_By_Artist/Nothingface/01 - Make Your Own Bones.mp3,/mnt/d/Music/_Sorted_By_Artist/Nothingface/01 - Make Your Own Bones (2).mp3,/mnt/d/Music/_Duplicate_Quarantine/01 - Make Your Own Bones.mp3
8999,keep,largest file in duplicate metadata group,nothingface | violence | make your own bones,Nothingface,Violence,Make Your Own Bones,5042304,/mnt/d/Music/_Sorted_By_Artist/Nothingface/01 - Make Your Own Bones (2).mp3,/mnt/d/Music/_Sorted_By_Artist/Nothingface/01 - Make Your Own Bones (2).mp3,
3206,quarantine,"same metadata artist, album, and title as kept file",nothingface | violence | piss and vineger,Nothingface,Violence,Piss And Vineger,4984625,/mnt/d/Music/_Sorted_By_Artist/Nothingface/12 - Piss And Vineger.mp3,/mnt/d/Music/_Sorted_By_Artist/Nothingface/12 - Piss And Vineger (2).mp3,/mnt/d/Music/_Duplicate_Quarantine/12 - Piss And Vineger.mp3
9010,keep,largest file in duplicate metadata group,nothingface | violence | piss and vineger,Nothingface,Violence,Piss And Vineger,4984625,/mnt/d/Music/_Sorted_By_Artist/Nothingface/12 - Piss And Vineger (2).mp3,/mnt/d/Music/_Sorted_By_Artist/Nothingface/12 - Piss And Vineger (2).mp3,
3197,quarantine,"same metadata artist, album, and title as kept file",nothingface | violence | same solution,Nothingface,Violence,Same Solution,6308720,/mnt/d/Music/_Sorted_By_Artist/Nothingface/03 - Same Solution.mp3,/mnt/d/Music/_Sorted_By_Artist/Nothingface/03 - Same Solution (2).mp3,/mnt/d/Music/_Duplicate_Quarantine/03 - Same Solution.mp3
9001,keep,largest file in duplicate metadata group,nothingface | violence | same solution,Nothingface,Violence,Same Solution,6308720,/mnt/d/Music/_Sorted_By_Artist/Nothingface/03 - Same Solution (2).mp3,/mnt/d/Music/_Sorted_By_Artist/Nothingface/03 - Same Solution (2).mp3,
793,keep,largest file in duplicate metadata group,oasis | what's the story) morning glory | champagne supernova,Oasis,(What's The Story) Morning Glory?,Champagne Supernova,7255498,/mnt/d/Music/_Sorted_By_Artist/Oasis/12 Champagne Supernova.m4a,/mnt/d/Music/_Sorted_By_Artist/Oasis/12 Champagne Supernova.m4a,
9012,quarantine,"same metadata artist, album, and title as kept file",oasis | what's the story) morning glory | champagne supernova,Oasis,(What's the Story) Morning Glory?,Champagne Supernova,7174608,/mnt/d/Music/_Sorted_By_Artist/Oasis/IGHN.mp3,/mnt/d/Music/_Sorted_By_Artist/Oasis/12 Champagne Supernova.m4a,/mnt/d/Music/_Duplicate_Quarantine/IGHN.mp3
792,keep,largest file in duplicate metadata group,oasis | what's the story) morning glory | wonderwall,Oasis,(What's The Story) Morning Glory?,Wonderwall,4194282,/mnt/d/Music/_Sorted_By_Artist/Oasis/03 Wonderwall.m4a,/mnt/d/Music/_Sorted_By_Artist/Oasis/03 Wonderwall.m4a,
9011,quarantine,"same metadata artist, album, and title as kept file",oasis | what's the story) morning glory | wonderwall,Oasis,(What's the Story) Morning Glory?,Wonderwall,4150254,/mnt/d/Music/_Sorted_By_Artist/Oasis/AWXY.mp3,/mnt/d/Music/_Sorted_By_Artist/Oasis/03 Wonderwall.m4a,/mnt/d/Music/_Duplicate_Quarantine/AWXY.mp3
3214,quarantine,"same metadata artist, album, and title as kept file",opeth | blackwater park | blackwater park,Opeth,Blackwater Park,Blackwater Park,17485157,/mnt/d/Music/_Sorted_By_Artist/Opeth/08 - Blackwater Park.mp3,/mnt/d/Music/_Sorted_By_Artist/Opeth/08 - Blackwater Park (2).mp3,/mnt/d/Music/_Duplicate_Quarantine/08 - Blackwater Park.mp3
9072,keep,largest file in duplicate metadata group,opeth | blackwater park | blackwater park,Opeth,Blackwater Park,Blackwater Park,17485157,/mnt/d/Music/_Sorted_By_Artist/Opeth/08 - Blackwater Park (2).mp3,/mnt/d/Music/_Sorted_By_Artist/Opeth/08 - Blackwater Park (2).mp3,
3208,quarantine,"same metadata artist, album, and title as kept file",opeth | blackwater park | bleak,Opeth,Blackwater Park,Bleak,13347988,/mnt/d/Music/_Sorted_By_Artist/Opeth/02 - Bleak.mp3,/mnt/d/Music/_Sorted_By_Artist/Opeth/02 - Bleak (2).mp3,/mnt/d/Music/_Duplicate_Quarantine/02 - Bleak.mp3
9066,keep,largest file in duplicate metadata group,opeth | blackwater park | bleak,Opeth,Blackwater Park,Bleak,13347988,/mnt/d/Music/_Sorted_By_Artist/Opeth/02 - Bleak (2).mp3,/mnt/d/Music/_Sorted_By_Artist/Opeth/02 - Bleak (2).mp3,
3211,quarantine,"same metadata artist, album, and title as kept file",opeth | blackwater park | dirge for november,Opeth,Blackwater Park,Dirge for November,11373131,/mnt/d/Music/_Sorted_By_Artist/Opeth/05 - Dirge for November.mp3,/mnt/d/Music/_Sorted_By_Artist/Opeth/05 - Dirge for November (2).mp3,/mnt/d/Music/_Duplicate_Quarantine/05 - Dirge for November.mp3
9069,keep,largest file in duplicate metadata group,opeth | blackwater park | dirge for november,Opeth,Blackwater Park,Dirge for November,11373131,/mnt/d/Music/_Sorted_By_Artist/Opeth/05 - Dirge for November (2).mp3,/mnt/d/Music/_Sorted_By_Artist/Opeth/05 - Dirge for November (2).mp3,
3209,quarantine,"same metadata artist, album, and title as kept file",opeth | blackwater park | harvest,Opeth,Blackwater Park,Harvest,8680429,/mnt/d/Music/_Sorted_By_Artist/Opeth/03 - Harvest.mp3,/mnt/d/Music/_Sorted_By_Artist/Opeth/03 - Harvest (2).mp3,/mnt/d/Music/_Duplicate_Quarantine/03 - Harvest.mp3
9067,keep,largest file in duplicate metadata group,opeth | blackwater park | harvest,Opeth,Blackwater Park,Harvest,8680429,/mnt/d/Music/_Sorted_By_Artist/Opeth/03 - Harvest (2).mp3,/mnt/d/Music/_Sorted_By_Artist/Opeth/03 - Harvest (2).mp3,
3213,quarantine,"same metadata artist, album, and title as kept file",opeth | blackwater park | patterns in the ivy,Opeth,Blackwater Park,Patterns in the Ivy,2706330,/mnt/d/Music/_Sorted_By_Artist/Opeth/07 - Patterns in the Ivy.mp3,/mnt/d/Music/_Sorted_By_Artist/Opeth/07 - Patterns in the Ivy (2).mp3,/mnt/d/Music/_Duplicate_Quarantine/07 - Patterns in the Ivy.mp3
9071,keep,largest file in duplicate metadata group,opeth | blackwater park | patterns in the ivy,Opeth,Blackwater Park,Patterns in the Ivy,2706330,/mnt/d/Music/_Sorted_By_Artist/Opeth/07 - Patterns in the Ivy (2).mp3,/mnt/d/Music/_Sorted_By_Artist/Opeth/07 - Patterns in the Ivy (2).mp3,
3210,quarantine,"same metadata artist, album, and title as kept file",opeth | blackwater park | the drapery falls,Opeth,Blackwater Park,The Drapery Falls,15697755,/mnt/d/Music/_Sorted_By_Artist/Opeth/04 - The Drapery Falls.mp3,/mnt/d/Music/_Sorted_By_Artist/Opeth/04 - The Drapery Falls (2).mp3,/mnt/d/Music/_Duplicate_Quarantine/04 - The Drapery Falls.mp3
9068,keep,largest file in duplicate metadata group,opeth | blackwater park | the drapery falls,Opeth,Blackwater Park,The Drapery Falls,15697755,/mnt/d/Music/_Sorted_By_Artist/Opeth/04 - The Drapery Falls (2).mp3,/mnt/d/Music/_Sorted_By_Artist/Opeth/04 - The Drapery Falls (2).mp3,
3212,quarantine,"same metadata artist, album, and title as kept file",opeth | blackwater park | the funeral portrait,Opeth,Blackwater Park,The Funeral Portrait,12594408,/mnt/d/Music/_Sorted_By_Artist/Opeth/06 - The Funeral Portrait.mp3,/mnt/d/Music/_Sorted_By_Artist/Opeth/06 - The Funeral Portrait (2).mp3,/mnt/d/Music/_Duplicate_Quarantine/06 - The Funeral Portrait.mp3
9070,keep,largest file in duplicate metadata group,opeth | blackwater park | the funeral portrait,Opeth,Blackwater Park,The Funeral Portrait,12594408,/mnt/d/Music/_Sorted_By_Artist/Opeth/06 - The Funeral Portrait (2).mp3,/mnt/d/Music/_Sorted_By_Artist/Opeth/06 - The Funeral Portrait (2).mp3,
3207,quarantine,"same metadata artist, album, and title as kept file",opeth | blackwater park | the leper affinity,Opeth,Blackwater Park,The Leper Affinity,14971133,/mnt/d/Music/_Sorted_By_Artist/Opeth/01 - The Leper Affinity.mp3,/mnt/d/Music/_Sorted_By_Artist/Opeth/01 - The Leper Affinity (2).mp3,/mnt/d/Music/_Duplicate_Quarantine/01 - The Leper Affinity.mp3
9065,keep,largest file in duplicate metadata group,opeth | blackwater park | the leper affinity,Opeth,Blackwater Park,The Leper Affinity,14971133,/mnt/d/Music/_Sorted_By_Artist/Opeth/01 - The Leper Affinity (2).mp3,/mnt/d/Music/_Sorted_By_Artist/Opeth/01 - The Leper Affinity (2).mp3,
3218,quarantine,"same metadata artist, album, and title as kept file",opeth | damnation | closure,Opeth,Damnation,Closure,7583286,/mnt/d/Music/_Sorted_By_Artist/Opeth/04 - Closure.mp3,/mnt/d/Music/_Sorted_By_Artist/Opeth/04 - Closure (2).mp3,/mnt/d/Music/_Duplicate_Quarantine/04 - Closure.mp3
9076,keep,largest file in duplicate metadata group,opeth | damnation | closure,Opeth,Damnation,Closure,7583286,/mnt/d/Music/_Sorted_By_Artist/Opeth/04 - Closure (2).mp3,/mnt/d/Music/_Sorted_By_Artist/Opeth/04 - Closure (2).mp3,
3217,quarantine,"same metadata artist, album, and title as kept file",opeth | damnation | death whispered a lullaby,Opeth,Damnation,Death Whispered A Lullaby,8403949,/mnt/d/Music/_Sorted_By_Artist/Opeth/03 - Death Whispered A Lullaby.mp3,/mnt/d/Music/_Sorted_By_Artist/Opeth/03 - Death Whispered A Lullaby (2).mp3,/mnt/d/Music/_Duplicate_Quarantine/03 - Death Whispered A Lullaby.mp3
9075,keep,largest file in duplicate metadata group,opeth | damnation | death whispered a lullaby,Opeth,Damnation,Death Whispered A Lullaby,8403949,/mnt/d/Music/_Sorted_By_Artist/Opeth/03 - Death Whispered A Lullaby (2).mp3,/mnt/d/Music/_Sorted_By_Artist/Opeth/03 - Death Whispered A Lullaby (2).mp3,
3221,quarantine,"same metadata artist, album, and title as kept file",opeth | damnation | ending credits,Opeth,Damnation,Ending Credits,5269882,/mnt/d/Music/_Sorted_By_Artist/Opeth/07 - Ending Credits.mp3,/mnt/d/Music/_Sorted_By_Artist/Opeth/07 - Ending Credits (2).mp3,/mnt/d/Music/_Duplicate_Quarantine/07 - Ending Credits.mp3
9079,keep,largest file in duplicate metadata group,opeth | damnation | ending credits,Opeth,Damnation,Ending Credits,5269882,/mnt/d/Music/_Sorted_By_Artist/Opeth/07 - Ending Credits (2).mp3,/mnt/d/Music/_Sorted_By_Artist/Opeth/07 - Ending Credits (2).mp3,
3219,quarantine,"same metadata artist, album, and title as kept file",opeth | damnation | hope leaves,Opeth,Damnation,Hope Leaves,6491159,/mnt/d/Music/_Sorted_By_Artist/Opeth/05 - Hope Leaves.mp3,/mnt/d/Music/_Sorted_By_Artist/Opeth/05 - Hope Leaves (2).mp3,/mnt/d/Music/_Duplicate_Quarantine/05 - Hope Leaves.mp3
9077,keep,largest file in duplicate metadata group,opeth | damnation | hope leaves,Opeth,Damnation,Hope Leaves,6491159,/mnt/d/Music/_Sorted_By_Artist/Opeth/05 - Hope Leaves (2).mp3,/mnt/d/Music/_Sorted_By_Artist/Opeth/05 - Hope Leaves (2).mp3,
3216,quarantine,"same metadata artist, album, and title as kept file",opeth | damnation | in my time of need,Opeth,Damnation,In My Time Of Need,8399561,/mnt/d/Music/_Sorted_By_Artist/Opeth/02 - In My Time Of Need.mp3,/mnt/d/Music/_Sorted_By_Artist/Opeth/02 - In My Time Of Need (2).mp3,/mnt/d/Music/_Duplicate_Quarantine/02 - In My Time Of Need.mp3
9074,keep,largest file in duplicate metadata group,opeth | damnation | in my time of need,Opeth,Damnation,In My Time Of Need,8399561,/mnt/d/Music/_Sorted_By_Artist/Opeth/02 - In My Time Of Need (2).mp3,/mnt/d/Music/_Sorted_By_Artist/Opeth/02 - In My Time Of Need (2).mp3,
3220,quarantine,"same metadata artist, album, and title as kept file",opeth | damnation | to rid the disease,Opeth,Damnation,To Rid The Disease,9161918,/mnt/d/Music/_Sorted_By_Artist/Opeth/06 - To Rid The Disease.mp3,/mnt/d/Music/_Sorted_By_Artist/Opeth/06 - To Rid The Disease (2).mp3,/mnt/d/Music/_Duplicate_Quarantine/06 - To Rid The Disease.mp3
9078,keep,largest file in duplicate metadata group,opeth | damnation | to rid the disease,Opeth,Damnation,To Rid The Disease,9161918,/mnt/d/Music/_Sorted_By_Artist/Opeth/06 - To Rid The Disease (2).mp3,/mnt/d/Music/_Sorted_By_Artist/Opeth/06 - To Rid The Disease (2).mp3,
3222,quarantine,"same metadata artist, album, and title as kept file",opeth | damnation | weakness,Opeth,Damnation,Weakness,6027851,/mnt/d/Music/_Sorted_By_Artist/Opeth/08 - Weakness.mp3,/mnt/d/Music/_Sorted_By_Artist/Opeth/08 - Weakness (2).mp3,/mnt/d/Music/_Duplicate_Quarantine/08 - Weakness.mp3
9080,keep,largest file in duplicate metadata group,opeth | damnation | weakness,Opeth,Damnation,Weakness,6027851,/mnt/d/Music/_Sorted_By_Artist/Opeth/08 - Weakness (2).mp3,/mnt/d/Music/_Sorted_By_Artist/Opeth/08 - Weakness (2).mp3,
3215,quarantine,"same metadata artist, album, and title as kept file",opeth | damnation | windowpane,Opeth,Damnation,Windowpane,11172511,/mnt/d/Music/_Sorted_By_Artist/Opeth/01 - Windowpane.mp3,/mnt/d/Music/_Sorted_By_Artist/Opeth/01 - Windowpane (2).mp3,/mnt/d/Music/_Duplicate_Quarantine/01 - Windowpane.mp3
9073,keep,largest file in duplicate metadata group,opeth | damnation | windowpane,Opeth,Damnation,Windowpane,11172511,/mnt/d/Music/_Sorted_By_Artist/Opeth/01 - Windowpane (2).mp3,/mnt/d/Music/_Sorted_By_Artist/Opeth/01 - Windowpane (2).mp3,
3225,quarantine,"same metadata artist, album, and title as kept file",opeth | deliverance | a fair judgement,Opeth,Deliverance,A Fair Judgement,14966117,/mnt/d/Music/_Sorted_By_Artist/Opeth/03 - A Fair Judgement.mp3,/mnt/d/Music/_Sorted_By_Artist/Opeth/03 - A Fair Judgement (2).mp3,/mnt/d/Music/_Duplicate_Quarantine/03 - A Fair Judgement.mp3
9083,keep,largest file in duplicate metadata group,opeth | deliverance | a fair judgement,Opeth,Deliverance,A Fair Judgement,14966117,/mnt/d/Music/_Sorted_By_Artist/Opeth/03 - A Fair Judgement (2).mp3,/mnt/d/Music/_Sorted_By_Artist/Opeth/03 - A Fair Judgement (2).mp3,
3228,quarantine,"same metadata artist, album, and title as kept file",opeth | deliverance | by the pain i see in others,Opeth,Deliverance,By The Pain I See In Others,19937115,/mnt/d/Music/_Sorted_By_Artist/Opeth/06 - By The Pain I See In Others.mp3,/mnt/d/Music/_Sorted_By_Artist/Opeth/06 - By The Pain I See In Others (2).mp3,/mnt/d/Music/_Duplicate_Quarantine/06 - By The Pain I See In Others.mp3
9086,keep,largest file in duplicate metadata group,opeth | deliverance | by the pain i see in others,Opeth,Deliverance,By The Pain I See In Others,19937115,/mnt/d/Music/_Sorted_By_Artist/Opeth/06 - By The Pain I See In Others (2).mp3,/mnt/d/Music/_Sorted_By_Artist/Opeth/06 - By The Pain I See In Others (2).mp3,
3224,quarantine,"same metadata artist, album, and title as kept file",opeth | deliverance | deliverance,Opeth,Deliverance,Deliverance,19598568,/mnt/d/Music/_Sorted_By_Artist/Opeth/02 - Deliverance.mp3,/mnt/d/Music/_Sorted_By_Artist/Opeth/02 - Deliverance (2).mp3,/mnt/d/Music/_Duplicate_Quarantine/02 - Deliverance.mp3
9082,keep,largest file in duplicate metadata group,opeth | deliverance | deliverance,Opeth,Deliverance,Deliverance,19598568,/mnt/d/Music/_Sorted_By_Artist/Opeth/02 - Deliverance (2).mp3,/mnt/d/Music/_Sorted_By_Artist/Opeth/02 - Deliverance (2).mp3,
3226,quarantine,"same metadata artist, album, and title as kept file",opeth | deliverance | for absent friends,Opeth,Deliverance,For Absent Friends,3292977,/mnt/d/Music/_Sorted_By_Artist/Opeth/04 - For Absent Friends.mp3,/mnt/d/Music/_Sorted_By_Artist/Opeth/04 - For Absent Friends (2).mp3,/mnt/d/Music/_Duplicate_Quarantine/04 - For Absent Friends.mp3
9084,keep,largest file in duplicate metadata group,opeth | deliverance | for absent friends,Opeth,Deliverance,For Absent Friends,3292977,/mnt/d/Music/_Sorted_By_Artist/Opeth/04 - For Absent Friends (2).mp3,/mnt/d/Music/_Sorted_By_Artist/Opeth/04 - For Absent Friends (2).mp3,
3227,quarantine,"same metadata artist, album, and title as kept file",opeth | deliverance | master's apprentices,Opeth,Deliverance,Master's Apprentices,15184919,/mnt/d/Music/_Sorted_By_Artist/Opeth/05 - Master's Apprentices.mp3,/mnt/d/Music/_Sorted_By_Artist/Opeth/05 - Master's Apprentices (2).mp3,/mnt/d/Music/_Duplicate_Quarantine/05 - Master's Apprentices.mp3
9085,keep,largest file in duplicate metadata group,opeth | deliverance | master's apprentices,Opeth,Deliverance,Master's Apprentices,15184919,/mnt/d/Music/_Sorted_By_Artist/Opeth/05 - Master's Apprentices (2).mp3,/mnt/d/Music/_Sorted_By_Artist/Opeth/05 - Master's Apprentices (2).mp3,
3223,quarantine,"same metadata artist, album, and title as kept file",opeth | deliverance | wreath,Opeth,Deliverance,Wreath,16103384,/mnt/d/Music/_Sorted_By_Artist/Opeth/01 - Wreath.mp3,/mnt/d/Music/_Sorted_By_Artist/Opeth/01 - Wreath (2).mp3,/mnt/d/Music/_Duplicate_Quarantine/01 - Wreath.mp3
9081,keep,largest file in duplicate metadata group,opeth | deliverance | wreath,Opeth,Deliverance,Wreath,16103384,/mnt/d/Music/_Sorted_By_Artist/Opeth/01 - Wreath (2).mp3,/mnt/d/Music/_Sorted_By_Artist/Opeth/01 - Wreath (2).mp3,
3232,quarantine,"same metadata artist, album, and title as kept file",opeth | ghost reveries | atonement,Opeth,Ghost Reveries,Atonement,9322415,/mnt/d/Music/_Sorted_By_Artist/Opeth/04 - Atonement.mp3,/mnt/d/Music/_Sorted_By_Artist/Opeth/04 - Atonement (2).mp3,/mnt/d/Music/_Duplicate_Quarantine/04 - Atonement.mp3
9090,keep,largest file in duplicate metadata group,opeth | ghost reveries | atonement,Opeth,Ghost Reveries,Atonement,9322415,/mnt/d/Music/_Sorted_By_Artist/Opeth/04 - Atonement (2).mp3,/mnt/d/Music/_Sorted_By_Artist/Opeth/04 - Atonement (2).mp3,
3231,quarantine,"same metadata artist, album, and title as kept file",opeth | ghost reveries | beneath the mire,Opeth,Ghost Reveries,Beneath The Mire,11466545,/mnt/d/Music/_Sorted_By_Artist/Opeth/03 - Beneath The Mire.mp3,/mnt/d/Music/_Sorted_By_Artist/Opeth/03 - Beneath The Mire (2).mp3,/mnt/d/Music/_Duplicate_Quarantine/03 - Beneath The Mire.mp3
9089,keep,largest file in duplicate metadata group,opeth | ghost reveries | beneath the mire,Opeth,Ghost Reveries,Beneath The Mire,11466545,/mnt/d/Music/_Sorted_By_Artist/Opeth/03 - Beneath The Mire (2).mp3,/mnt/d/Music/_Sorted_By_Artist/Opeth/03 - Beneath The Mire (2).mp3,
3229,quarantine,"same metadata artist, album, and title as kept file",opeth | ghost reveries | ghost of perdition,Opeth,Ghost Reveries,Ghost Of Perdition,15113448,/mnt/d/Music/_Sorted_By_Artist/Opeth/01 - Ghost Of Perdition.mp3,/mnt/d/Music/_Sorted_By_Artist/Opeth/01 - Ghost Of Perdition (2).mp3,/mnt/d/Music/_Duplicate_Quarantine/01 - Ghost Of Perdition.mp3
9087,keep,largest file in duplicate metadata group,opeth | ghost reveries | ghost of perdition,Opeth,Ghost Reveries,Ghost Of Perdition,15113448,/mnt/d/Music/_Sorted_By_Artist/Opeth/01 - Ghost Of Perdition (2).mp3,/mnt/d/Music/_Sorted_By_Artist/Opeth/01 - Ghost Of Perdition (2).mp3,
3234,quarantine,"same metadata artist, album, and title as kept file",opeth | ghost reveries | hours of wealth,Opeth,Ghost Reveries,Hours Of Wealth,7699270,/mnt/d/Music/_Sorted_By_Artist/Opeth/06 - Hours Of Wealth.mp3,/mnt/d/Music/_Sorted_By_Artist/Opeth/06 - Hours Of Wealth (2).mp3,/mnt/d/Music/_Duplicate_Quarantine/06 - Hours Of Wealth.mp3
9092,keep,largest file in duplicate metadata group,opeth | ghost reveries | hours of wealth,Opeth,Ghost Reveries,Hours Of Wealth,7699270,/mnt/d/Music/_Sorted_By_Artist/Opeth/06 - Hours Of Wealth (2).mp3,/mnt/d/Music/_Sorted_By_Artist/Opeth/06 - Hours Of Wealth (2).mp3,
3236,quarantine,"same metadata artist, album, and title as kept file",opeth | ghost reveries | isolation years,Opeth,Ghost Reveries,Isolation Years,5559528,/mnt/d/Music/_Sorted_By_Artist/Opeth/08 - Isolation Years.mp3,/mnt/d/Music/_Sorted_By_Artist/Opeth/08 - Isolation Years (2).mp3,/mnt/d/Music/_Duplicate_Quarantine/08 - Isolation Years.mp3
9094,keep,largest file in duplicate metadata group,opeth | ghost reveries | isolation years,Opeth,Ghost Reveries,Isolation Years,5559528,/mnt/d/Music/_Sorted_By_Artist/Opeth/08 - Isolation Years (2).mp3,/mnt/d/Music/_Sorted_By_Artist/Opeth/08 - Isolation Years (2).mp3,
3233,quarantine,"same metadata artist, album, and title as kept file",opeth | ghost reveries | reverie/harlequin forest,Opeth,Ghost Reveries,Reverie/Harlequin Forest,16794271,/mnt/d/Music/_Sorted_By_Artist/Opeth/05 - Reverie-Harlequin Forest.mp3,/mnt/d/Music/_Sorted_By_Artist/Opeth/05 - Reverie-Harlequin Forest (2).mp3,/mnt/d/Music/_Duplicate_Quarantine/05 - Reverie-Harlequin Forest.mp3
9091,keep,largest file in duplicate metadata group,opeth | ghost reveries | reverie/harlequin forest,Opeth,Ghost Reveries,Reverie/Harlequin Forest,16794271,/mnt/d/Music/_Sorted_By_Artist/Opeth/05 - Reverie-Harlequin Forest (2).mp3,/mnt/d/Music/_Sorted_By_Artist/Opeth/05 - Reverie-Harlequin Forest (2).mp3,
3237,quarantine,"same metadata artist, album, and title as kept file",opeth | ghost reveries | soldier of fortune,Opeth,Ghost Reveries,Soldier Of Fortune,5010957,/mnt/d/Music/_Sorted_By_Artist/Opeth/09 - Soldier Of Fortune.mp3,/mnt/d/Music/_Sorted_By_Artist/Opeth/09 - Soldier Of Fortune (2).mp3,/mnt/d/Music/_Duplicate_Quarantine/09 - Soldier Of Fortune.mp3
9095,keep,largest file in duplicate metadata group,opeth | ghost reveries | soldier of fortune,Opeth,Ghost Reveries,Soldier Of Fortune,5010957,/mnt/d/Music/_Sorted_By_Artist/Opeth/09 - Soldier Of Fortune (2).mp3,/mnt/d/Music/_Sorted_By_Artist/Opeth/09 - Soldier Of Fortune (2).mp3,
3230,quarantine,"same metadata artist, album, and title as kept file",opeth | ghost reveries | the baying of the hounds,Opeth,Ghost Reveries,The Baying Of The Hounds,15398705,/mnt/d/Music/_Sorted_By_Artist/Opeth/02 - The Baying Of The Hounds.mp3,/mnt/d/Music/_Sorted_By_Artist/Opeth/02 - The Baying Of The Hounds (2).mp3,/mnt/d/Music/_Duplicate_Quarantine/02 - The Baying Of The Hounds.mp3
9088,keep,largest file in duplicate metadata group,opeth | ghost reveries | the baying of the hounds,Opeth,Ghost Reveries,The Baying Of The Hounds,15398705,/mnt/d/Music/_Sorted_By_Artist/Opeth/02 - The Baying Of The Hounds (2).mp3,/mnt/d/Music/_Sorted_By_Artist/Opeth/02 - The Baying Of The Hounds (2).mp3,
3235,quarantine,"same metadata artist, album, and title as kept file",opeth | ghost reveries | the grand conjuration,Opeth,Ghost Reveries,The Grand Conjuration,14917216,/mnt/d/Music/_Sorted_By_Artist/Opeth/07 - The Grand Conjuration.mp3,/mnt/d/Music/_Sorted_By_Artist/Opeth/07 - The Grand Conjuration (2).mp3,/mnt/d/Music/_Duplicate_Quarantine/07 - The Grand Conjuration.mp3
9093,keep,largest file in duplicate metadata group,opeth | ghost reveries | the grand conjuration,Opeth,Ghost Reveries,The Grand Conjuration,14917216,/mnt/d/Music/_Sorted_By_Artist/Opeth/07 - The Grand Conjuration (2).mp3,/mnt/d/Music/_Sorted_By_Artist/Opeth/07 - The Grand Conjuration (2).mp3,
3238,quarantine,"same metadata artist, album, and title as kept file",opeth | morningrise | advent,Opeth,Morningrise,Advent,19801529,/mnt/d/Music/_Sorted_By_Artist/Opeth/01 - Advent.mp3,/mnt/d/Music/_Sorted_By_Artist/Opeth/01 - Advent (2).mp3,/mnt/d/Music/_Duplicate_Quarantine/01 - Advent.mp3
9096,keep,largest file in duplicate metadata group,opeth | morningrise | advent,Opeth,Morningrise,Advent,19801529,/mnt/d/Music/_Sorted_By_Artist/Opeth/01 - Advent (2).mp3,/mnt/d/Music/_Sorted_By_Artist/Opeth/01 - Advent (2).mp3,
3241,quarantine,"same metadata artist, album, and title as kept file",opeth | morningrise | black rose immortal,Opeth,Morningrise,Black Rose Immortal,29154829,/mnt/d/Music/_Sorted_By_Artist/Opeth/04 - Black Rose Immortal.mp3,/mnt/d/Music/_Sorted_By_Artist/Opeth/04 - Black Rose Immortal (2).mp3,/mnt/d/Music/_Duplicate_Quarantine/04 - Black Rose Immortal.mp3
9099,keep,largest file in duplicate metadata group,opeth | morningrise | black rose immortal,Opeth,Morningrise,Black Rose Immortal,29154829,/mnt/d/Music/_Sorted_By_Artist/Opeth/04 - Black Rose Immortal (2).mp3,/mnt/d/Music/_Sorted_By_Artist/Opeth/04 - Black Rose Immortal (2).mp3,
3243,quarantine,"same metadata artist, album, and title as kept file",opeth | morningrise | eternal soul torture,Opeth,Morningrise,Eternal Soul Torture,12374185,/mnt/d/Music/_Sorted_By_Artist/Opeth/06 - Eternal Soul Torture.mp3,/mnt/d/Music/_Sorted_By_Artist/Opeth/06 - Eternal Soul Torture (2).mp3,/mnt/d/Music/_Duplicate_Quarantine/06 - Eternal Soul Torture.mp3
9101,keep,largest file in duplicate metadata group,opeth | morningrise | eternal soul torture,Opeth,Morningrise,Eternal Soul Torture,12374185,/mnt/d/Music/_Sorted_By_Artist/Opeth/06 - Eternal Soul Torture (2).mp3,/mnt/d/Music/_Sorted_By_Artist/Opeth/06 - Eternal Soul Torture (2).mp3,
3240,quarantine,"same metadata artist, album, and title as kept file",opeth | morningrise | nectar,Opeth,Morningrise,Nectar,14629911,/mnt/d/Music/_Sorted_By_Artist/Opeth/03 - Nectar.mp3,/mnt/d/Music/_Sorted_By_Artist/Opeth/03 - Nectar (2).mp3,/mnt/d/Music/_Duplicate_Quarantine/03 - Nectar.mp3
9098,keep,largest file in duplicate metadata group,opeth | morningrise | nectar,Opeth,Morningrise,Nectar,14629911,/mnt/d/Music/_Sorted_By_Artist/Opeth/03 - Nectar (2).mp3,/mnt/d/Music/_Sorted_By_Artist/Opeth/03 - Nectar (2).mp3,
3239,quarantine,"same metadata artist, album, and title as kept file",opeth | morningrise | the night and the silent water,Opeth,Morningrise,The Night and the Silent Water,15833633,/mnt/d/Music/_Sorted_By_Artist/Opeth/02 - The Night and the Silent Water.mp3,/mnt/d/Music/_Sorted_By_Artist/Opeth/02 - The Night and the Silent Water (2).mp3,/mnt/d/Music/_Duplicate_Quarantine/02 - The Night and the Silent Water.mp3
9097,keep,largest file in duplicate metadata group,opeth | morningrise | the night and the silent water,Opeth,Morningrise,The Night and the Silent Water,15833633,/mnt/d/Music/_Sorted_By_Artist/Opeth/02 - The Night and the Silent Water (2).mp3,/mnt/d/Music/_Sorted_By_Artist/Opeth/02 - The Night and the Silent Water (2).mp3,
3242,quarantine,"same metadata artist, album, and title as kept file",opeth | morningrise | to bid you farewell,Opeth,Morningrise,To Bid You Farewell,15713261,/mnt/d/Music/_Sorted_By_Artist/Opeth/05 - To Bid You Farewell.mp3,/mnt/d/Music/_Sorted_By_Artist/Opeth/05 - To Bid You Farewell (2).mp3,/mnt/d/Music/_Duplicate_Quarantine/05 - To Bid You Farewell.mp3
9100,keep,largest file in duplicate metadata group,opeth | morningrise | to bid you farewell,Opeth,Morningrise,To Bid You Farewell,15713261,/mnt/d/Music/_Sorted_By_Artist/Opeth/05 - To Bid You Farewell (2).mp3,/mnt/d/Music/_Sorted_By_Artist/Opeth/05 - To Bid You Farewell (2).mp3,
3245,quarantine,"same metadata artist, album, and title as kept file","opeth | my arms, your hearse [bonus tracks | april ethereal",Opeth,"My Arms, Your Hearse [Bonus Tracks]",April Ethereal,12572465,/mnt/d/Music/_Sorted_By_Artist/Opeth/02 - April Ethereal.mp3,/mnt/d/Music/_Sorted_By_Artist/Opeth/02 - April Ethereal (2).mp3,/mnt/d/Music/_Duplicate_Quarantine/02 - April Ethereal.mp3
9103,keep,largest file in duplicate metadata group,"opeth | my arms, your hearse [bonus tracks | april ethereal",Opeth,"My Arms, Your Hearse [Bonus Tracks]",April Ethereal,12572465,/mnt/d/Music/_Sorted_By_Artist/Opeth/02 - April Ethereal (2).mp3,/mnt/d/Music/_Sorted_By_Artist/Opeth/02 - April Ethereal (2).mp3,
3253,quarantine,"same metadata artist, album, and title as kept file","opeth | my arms, your hearse [bonus tracks | circle of the tyrant",Opeth,"My Arms, Your Hearse [Bonus Tracks]",Circle Of The Tyrant,7548178,/mnt/d/Music/_Sorted_By_Artist/Opeth/10 - Circle Of The Tyrant.mp3,/mnt/d/Music/_Sorted_By_Artist/Opeth/10 - Circle Of The Tyrant (2).mp3,/mnt/d/Music/_Duplicate_Quarantine/10 - Circle Of The Tyrant.mp3
9111,keep,largest file in duplicate metadata group,"opeth | my arms, your hearse [bonus tracks | circle of the tyrant",Opeth,"My Arms, Your Hearse [Bonus Tracks]",Circle Of The Tyrant,7548178,/mnt/d/Music/_Sorted_By_Artist/Opeth/10 - Circle Of The Tyrant (2).mp3,/mnt/d/Music/_Sorted_By_Artist/Opeth/10 - Circle Of The Tyrant (2).mp3,
3250,quarantine,"same metadata artist, album, and title as kept file","opeth | my arms, your hearse [bonus tracks | credence",Opeth,"My Arms, Your Hearse [Bonus Tracks]",Credence,7877948,/mnt/d/Music/_Sorted_By_Artist/Opeth/07 - Credence.mp3,/mnt/d/Music/_Sorted_By_Artist/Opeth/07 - Credence (2).mp3,/mnt/d/Music/_Duplicate_Quarantine/07 - Credence.mp3
9108,keep,largest file in duplicate metadata group,"opeth | my arms, your hearse [bonus tracks | credence",Opeth,"My Arms, Your Hearse [Bonus Tracks]",Credence,7877948,/mnt/d/Music/_Sorted_By_Artist/Opeth/07 - Credence (2).mp3,/mnt/d/Music/_Sorted_By_Artist/Opeth/07 - Credence (2).mp3,
3249,quarantine,"same metadata artist, album, and title as kept file","opeth | my arms, your hearse [bonus tracks | demon of the fall",Opeth,"My Arms, Your Hearse [Bonus Tracks]",Demon Of The Fall,9014588,/mnt/d/Music/_Sorted_By_Artist/Opeth/06 - Demon Of The Fall.mp3,/mnt/d/Music/_Sorted_By_Artist/Opeth/06 - Demon Of The Fall (2).mp3,/mnt/d/Music/_Duplicate_Quarantine/06 - Demon Of The Fall.mp3
9107,keep,largest file in duplicate metadata group,"opeth | my arms, your hearse [bonus tracks | demon of the fall",Opeth,"My Arms, Your Hearse [Bonus Tracks]",Demon Of The Fall,9014588,/mnt/d/Music/_Sorted_By_Artist/Opeth/06 - Demon Of The Fall (2).mp3,/mnt/d/Music/_Sorted_By_Artist/Opeth/06 - Demon Of The Fall (2).mp3,
3252,quarantine,"same metadata artist, album, and title as kept file","opeth | my arms, your hearse [bonus tracks | epilogue",Opeth,"My Arms, Your Hearse [Bonus Tracks]",Epilogue,5876132,/mnt/d/Music/_Sorted_By_Artist/Opeth/09 - Epilogue.mp3,/mnt/d/Music/_Sorted_By_Artist/Opeth/09 - Epilogue (2).mp3,/mnt/d/Music/_Duplicate_Quarantine/09 - Epilogue.mp3
9110,keep,largest file in duplicate metadata group,"opeth | my arms, your hearse [bonus tracks | epilogue",Opeth,"My Arms, Your Hearse [Bonus Tracks]",Epilogue,5876132,/mnt/d/Music/_Sorted_By_Artist/Opeth/09 - Epilogue (2).mp3,/mnt/d/Music/_Sorted_By_Artist/Opeth/09 - Epilogue (2).mp3,
3251,quarantine,"same metadata artist, album, and title as kept file","opeth | my arms, your hearse [bonus tracks | karma",Opeth,"My Arms, Your Hearse [Bonus Tracks]",Karma,11337396,/mnt/d/Music/_Sorted_By_Artist/Opeth/08 - Karma.mp3,/mnt/d/Music/_Sorted_By_Artist/Opeth/08 - Karma (2).mp3,/mnt/d/Music/_Duplicate_Quarantine/08 - Karma.mp3
9109,keep,largest file in duplicate metadata group,"opeth | my arms, your hearse [bonus tracks | karma",Opeth,"My Arms, Your Hearse [Bonus Tracks]",Karma,11337396,/mnt/d/Music/_Sorted_By_Artist/Opeth/08 - Karma (2).mp3,/mnt/d/Music/_Sorted_By_Artist/Opeth/08 - Karma (2).mp3,
3247,quarantine,"same metadata artist, album, and title as kept file","opeth | my arms, your hearse [bonus tracks | madrigal",Opeth,"My Arms, Your Hearse [Bonus Tracks]",Madrigal,2122023,/mnt/d/Music/_Sorted_By_Artist/Opeth/04 - Madrigal.mp3,/mnt/d/Music/_Sorted_By_Artist/Opeth/04 - Madrigal (2).mp3,/mnt/d/Music/_Duplicate_Quarantine/04 - Madrigal.mp3
9105,keep,largest file in duplicate metadata group,"opeth | my arms, your hearse [bonus tracks | madrigal",Opeth,"My Arms, Your Hearse [Bonus Tracks]",Madrigal,2122023,/mnt/d/Music/_Sorted_By_Artist/Opeth/04 - Madrigal (2).mp3,/mnt/d/Music/_Sorted_By_Artist/Opeth/04 - Madrigal (2).mp3,
3244,quarantine,"same metadata artist, album, and title as kept file","opeth | my arms, your hearse [bonus tracks | prologue",Opeth,"My Arms, Your Hearse [Bonus Tracks]",Prologue,1475649,/mnt/d/Music/_Sorted_By_Artist/Opeth/01 - Prologue.mp3,/mnt/d/Music/_Sorted_By_Artist/Opeth/01 - Prologue (2).mp3,/mnt/d/Music/_Duplicate_Quarantine/01 - Prologue.mp3
9102,keep,largest file in duplicate metadata group,"opeth | my arms, your hearse [bonus tracks | prologue",Opeth,"My Arms, Your Hearse [Bonus Tracks]",Prologue,1475649,/mnt/d/Music/_Sorted_By_Artist/Opeth/01 - Prologue (2).mp3,/mnt/d/Music/_Sorted_By_Artist/Opeth/01 - Prologue (2).mp3,
3254,quarantine,"same metadata artist, album, and title as kept file","opeth | my arms, your hearse [bonus tracks | remember tomorrow",Opeth,"My Arms, Your Hearse [Bonus Tracks]",Remember Tomorrow,7204615,/mnt/d/Music/_Sorted_By_Artist/Opeth/11 - Remember Tomorrow.mp3,/mnt/d/Music/_Sorted_By_Artist/Opeth/11 - Remember Tomorrow (2).mp3,/mnt/d/Music/_Duplicate_Quarantine/11 - Remember Tomorrow.mp3
9112,keep,largest file in duplicate metadata group,"opeth | my arms, your hearse [bonus tracks | remember tomorrow",Opeth,"My Arms, Your Hearse [Bonus Tracks]",Remember Tomorrow,7204615,/mnt/d/Music/_Sorted_By_Artist/Opeth/11 - Remember Tomorrow (2).mp3,/mnt/d/Music/_Sorted_By_Artist/Opeth/11 - Remember Tomorrow (2).mp3,
3248,quarantine,"same metadata artist, album, and title as kept file","opeth | my arms, your hearse [bonus tracks | the amen corner",Opeth,"My Arms, Your Hearse [Bonus Tracks]",The Amen Corner,12621366,/mnt/d/Music/_Sorted_By_Artist/Opeth/05 - The Amen Corner.mp3,/mnt/d/Music/_Sorted_By_Artist/Opeth/05 - The Amen Corner (2).mp3,/mnt/d/Music/_Duplicate_Quarantine/05 - The Amen Corner.mp3
9106,keep,largest file in duplicate metadata group,"opeth | my arms, your hearse [bonus tracks | the amen corner",Opeth,"My Arms, Your Hearse [Bonus Tracks]",The Amen Corner,12621366,/mnt/d/Music/_Sorted_By_Artist/Opeth/05 - The Amen Corner (2).mp3,/mnt/d/Music/_Sorted_By_Artist/Opeth/05 - The Amen Corner (2).mp3,
3246,quarantine,"same metadata artist, album, and title as kept file","opeth | my arms, your hearse [bonus tracks | when",Opeth,"My Arms, Your Hearse [Bonus Tracks]",When,13356766,/mnt/d/Music/_Sorted_By_Artist/Opeth/03 - When.mp3,/mnt/d/Music/_Sorted_By_Artist/Opeth/03 - When (2).mp3,/mnt/d/Music/_Duplicate_Quarantine/03 - When.mp3
9104,keep,largest file in duplicate metadata group,"opeth | my arms, your hearse [bonus tracks | when",Opeth,"My Arms, Your Hearse [Bonus Tracks]",When,13356766,/mnt/d/Music/_Sorted_By_Artist/Opeth/03 - When (2).mp3,/mnt/d/Music/_Sorted_By_Artist/Opeth/03 - When (2).mp3,
3258,quarantine,"same metadata artist, album, and title as kept file",opeth | orchid [bonus tracks | forest of october,Opeth,Orchid [Bonus Tracks],Forest Of October,18849376,/mnt/d/Music/_Sorted_By_Artist/Opeth/04 - Forest Of October.mp3,/mnt/d/Music/_Sorted_By_Artist/Opeth/04 - Forest Of October (2).mp3,/mnt/d/Music/_Duplicate_Quarantine/04 - Forest Of October.mp3
9116,keep,largest file in duplicate metadata group,opeth | orchid [bonus tracks | forest of october,Opeth,Orchid [Bonus Tracks],Forest Of October,18849376,/mnt/d/Music/_Sorted_By_Artist/Opeth/04 - Forest Of October (2).mp3,/mnt/d/Music/_Sorted_By_Artist/Opeth/04 - Forest Of October (2).mp3,
3255,quarantine,"same metadata artist, album, and title as kept file",opeth | orchid [bonus tracks | in mist she was standing,Opeth,Orchid [Bonus Tracks],In Mist She Was Standing,20396661,/mnt/d/Music/_Sorted_By_Artist/Opeth/01 - In Mist She Was Standing.mp3,/mnt/d/Music/_Sorted_By_Artist/Opeth/01 - In Mist She Was Standing (2).mp3,/mnt/d/Music/_Duplicate_Quarantine/01 - In Mist She Was Standing.mp3
9113,keep,largest file in duplicate metadata group,opeth | orchid [bonus tracks | in mist she was standing,Opeth,Orchid [Bonus Tracks],In Mist She Was Standing,20396661,/mnt/d/Music/_Sorted_By_Artist/Opeth/01 - In Mist She Was Standing (2).mp3,/mnt/d/Music/_Sorted_By_Artist/Opeth/01 - In Mist She Was Standing (2).mp3,
3262,quarantine,"same metadata artist, album, and title as kept file",opeth | orchid [bonus tracks | into the frost of winter,Opeth,Orchid [Bonus Tracks],Into The Frost Of Winter,9134960,/mnt/d/Music/_Sorted_By_Artist/Opeth/08 - Into The Frost Of Winter.mp3,/mnt/d/Music/_Sorted_By_Artist/Opeth/08 - Into The Frost Of Winter (2).mp3,/mnt/d/Music/_Duplicate_Quarantine/08 - Into The Frost Of Winter.mp3
9120,keep,largest file in duplicate metadata group,opeth | orchid [bonus tracks | into the frost of winter,Opeth,Orchid [Bonus Tracks],Into The Frost Of Winter,9134960,/mnt/d/Music/_Sorted_By_Artist/Opeth/08 - Into The Frost Of Winter (2).mp3,/mnt/d/Music/_Sorted_By_Artist/Opeth/08 - Into The Frost Of Winter (2).mp3,
3260,quarantine,"same metadata artist, album, and title as kept file",opeth | orchid [bonus tracks | requiem,Opeth,Orchid [Bonus Tracks],Requiem,1720782,/mnt/d/Music/_Sorted_By_Artist/Opeth/06 - Requiem.mp3,/mnt/d/Music/_Sorted_By_Artist/Opeth/06 - Requiem (2).mp3,/mnt/d/Music/_Duplicate_Quarantine/06 - Requiem.mp3
9118,keep,largest file in duplicate metadata group,opeth | orchid [bonus tracks | requiem,Opeth,Orchid [Bonus Tracks],Requiem,1720782,/mnt/d/Music/_Sorted_By_Artist/Opeth/06 - Requiem (2).mp3,/mnt/d/Music/_Sorted_By_Artist/Opeth/06 - Requiem (2).mp3,
3257,quarantine,"same metadata artist, album, and title as kept file",opeth | orchid [bonus tracks | silhouette,Opeth,Orchid [Bonus Tracks],Silhouette,4511913,/mnt/d/Music/_Sorted_By_Artist/Opeth/03 - Silhouette.mp3,/mnt/d/Music/_Sorted_By_Artist/Opeth/03 - Silhouette (2).mp3,/mnt/d/Music/_Duplicate_Quarantine/03 - Silhouette.mp3
9115,keep,largest file in duplicate metadata group,opeth | orchid [bonus tracks | silhouette,Opeth,Orchid [Bonus Tracks],Silhouette,4511913,/mnt/d/Music/_Sorted_By_Artist/Opeth/03 - Silhouette (2).mp3,/mnt/d/Music/_Sorted_By_Artist/Opeth/03 - Silhouette (2).mp3,
3261,quarantine,"same metadata artist, album, and title as kept file",opeth | orchid [bonus tracks | the apostle in triumph,Opeth,Orchid [Bonus Tracks],The Apostle In Triumph,18755962,/mnt/d/Music/_Sorted_By_Artist/Opeth/07 - The Apostle In Triumph.mp3,/mnt/d/Music/_Sorted_By_Artist/Opeth/07 - The Apostle In Triumph (2).mp3,/mnt/d/Music/_Duplicate_Quarantine/07 - The Apostle In Triumph.mp3
9119,keep,largest file in duplicate metadata group,opeth | orchid [bonus tracks | the apostle in triumph,Opeth,Orchid [Bonus Tracks],The Apostle In Triumph,18755962,/mnt/d/Music/_Sorted_By_Artist/Opeth/07 - The Apostle In Triumph (2).mp3,/mnt/d/Music/_Sorted_By_Artist/Opeth/07 - The Apostle In Triumph (2).mp3,
3259,quarantine,"same metadata artist, album, and title as kept file",opeth | orchid [bonus tracks | the twilight is my robe,Opeth,Orchid [Bonus Tracks],The Twilight Is My Robe,15893987,/mnt/d/Music/_Sorted_By_Artist/Opeth/05 - The Twilight Is My Robe.mp3,/mnt/d/Music/_Sorted_By_Artist/Opeth/05 - The Twilight Is My Robe (2).mp3,/mnt/d/Music/_Duplicate_Quarantine/05 - The Twilight Is My Robe.mp3
9117,keep,largest file in duplicate metadata group,opeth | orchid [bonus tracks | the twilight is my robe,Opeth,Orchid [Bonus Tracks],The Twilight Is My Robe,15893987,/mnt/d/Music/_Sorted_By_Artist/Opeth/05 - The Twilight Is My Robe (2).mp3,/mnt/d/Music/_Sorted_By_Artist/Opeth/05 - The Twilight Is My Robe (2).mp3,
3256,quarantine,"same metadata artist, album, and title as kept file",opeth | orchid [bonus tracks | under the weeping moon,Opeth,Orchid [Bonus Tracks],Under The Weeping Moon,14239495,/mnt/d/Music/_Sorted_By_Artist/Opeth/02 - Under The Weeping Moon.mp3,/mnt/d/Music/_Sorted_By_Artist/Opeth/02 - Under The Weeping Moon (2).mp3,/mnt/d/Music/_Duplicate_Quarantine/02 - Under The Weeping Moon.mp3
9114,keep,largest file in duplicate metadata group,opeth | orchid [bonus tracks | under the weeping moon,Opeth,Orchid [Bonus Tracks],Under The Weeping Moon,14239495,/mnt/d/Music/_Sorted_By_Artist/Opeth/02 - Under The Weeping Moon (2).mp3,/mnt/d/Music/_Sorted_By_Artist/Opeth/02 - Under The Weeping Moon (2).mp3,
3265,quarantine,"same metadata artist, album, and title as kept file",opeth | still life | benighted,Opeth,Still Life,Benighted,7211344,/mnt/d/Music/_Sorted_By_Artist/Opeth/03 - Benighted.mp3,/mnt/d/Music/_Sorted_By_Artist/Opeth/03 - Benighted (2).mp3,/mnt/d/Music/_Duplicate_Quarantine/03 - Benighted.mp3
9123,keep,largest file in duplicate metadata group,opeth | still life | benighted,Opeth,Still Life,Benighted,7211344,/mnt/d/Music/_Sorted_By_Artist/Opeth/03 - Benighted (2).mp3,/mnt/d/Music/_Sorted_By_Artist/Opeth/03 - Benighted (2).mp3,
3267,quarantine,"same metadata artist, album, and title as kept file",opeth | still life | face of melinda,Opeth,Still Life,Face of Melinda,11500233,/mnt/d/Music/_Sorted_By_Artist/Opeth/05 - Face of Melinda.mp3,/mnt/d/Music/_Sorted_By_Artist/Opeth/05 - Face of Melinda (2).mp3,/mnt/d/Music/_Duplicate_Quarantine/05 - Face of Melinda.mp3
9125,keep,largest file in duplicate metadata group,opeth | still life | face of melinda,Opeth,Still Life,Face of Melinda,11500233,/mnt/d/Music/_Sorted_By_Artist/Opeth/05 - Face of Melinda (2).mp3,/mnt/d/Music/_Sorted_By_Artist/Opeth/05 - Face of Melinda (2).mp3,
3264,quarantine,"same metadata artist, album, and title as kept file",opeth | still life | godhead's lament,Opeth,Still Life,Godhead's Lament,14112687,/mnt/d/Music/_Sorted_By_Artist/Opeth/02 - Godhead's Lament.mp3,/mnt/d/Music/_Sorted_By_Artist/Opeth/02 - Godhead's Lament (2).mp3,/mnt/d/Music/_Duplicate_Quarantine/02 - Godhead's Lament.mp3
9122,keep,largest file in duplicate metadata group,opeth | still life | godhead's lament,Opeth,Still Life,Godhead's Lament,14112687,/mnt/d/Music/_Sorted_By_Artist/Opeth/02 - Godhead's Lament (2).mp3,/mnt/d/Music/_Sorted_By_Artist/Opeth/02 - Godhead's Lament (2).mp3,
3266,quarantine,"same metadata artist, album, and title as kept file",opeth | still life | moonlapse vertigo,Opeth,Still Life,Moonlapse Vertigo,12971658,/mnt/d/Music/_Sorted_By_Artist/Opeth/04 - Moonlapse Vertigo.mp3,/mnt/d/Music/_Sorted_By_Artist/Opeth/04 - Moonlapse Vertigo (2).mp3,/mnt/d/Music/_Duplicate_Quarantine/04 - Moonlapse Vertigo.mp3
9124,keep,largest file in duplicate metadata group,opeth | still life | moonlapse vertigo,Opeth,Still Life,Moonlapse Vertigo,12971658,/mnt/d/Music/_Sorted_By_Artist/Opeth/04 - Moonlapse Vertigo (2).mp3,/mnt/d/Music/_Sorted_By_Artist/Opeth/04 - Moonlapse Vertigo (2).mp3,
3268,quarantine,"same metadata artist, album, and title as kept file",opeth | still life | serenity painted death,Opeth,Still Life,Serenity Painted Death,13297039,/mnt/d/Music/_Sorted_By_Artist/Opeth/06 - Serenity Painted Death.mp3,/mnt/d/Music/_Sorted_By_Artist/Opeth/06 - Serenity Painted Death (2).mp3,/mnt/d/Music/_Duplicate_Quarantine/06 - Serenity Painted Death.mp3
9126,keep,largest file in duplicate metadata group,opeth | still life | serenity painted death,Opeth,Still Life,Serenity Painted Death,13297039,/mnt/d/Music/_Sorted_By_Artist/Opeth/06 - Serenity Painted Death (2).mp3,/mnt/d/Music/_Sorted_By_Artist/Opeth/06 - Serenity Painted Death (2).mp3,
3263,quarantine,"same metadata artist, album, and title as kept file",opeth | still life | the moor,Opeth,Still Life,The Moor,16471230,/mnt/d/Music/_Sorted_By_Artist/Opeth/01 - The Moor.mp3,/mnt/d/Music/_Sorted_By_Artist/Opeth/01 - The Moor (2).mp3,/mnt/d/Music/_Duplicate_Quarantine/01 - The Moor.mp3
9121,keep,largest file in duplicate metadata group,opeth | still life | the moor,Opeth,Still Life,The Moor,16471230,/mnt/d/Music/_Sorted_By_Artist/Opeth/01 - The Moor (2).mp3,/mnt/d/Music/_Sorted_By_Artist/Opeth/01 - The Moor (2).mp3,
3269,quarantine,"same metadata artist, album, and title as kept file",opeth | still life | white cluster,Opeth,Still Life,White Cluster,14460638,/mnt/d/Music/_Sorted_By_Artist/Opeth/07 - White Cluster.mp3,/mnt/d/Music/_Sorted_By_Artist/Opeth/07 - White Cluster (2).mp3,/mnt/d/Music/_Duplicate_Quarantine/07 - White Cluster.mp3
9127,keep,largest file in duplicate metadata group,opeth | still life | white cluster,Opeth,Still Life,White Cluster,14460638,/mnt/d/Music/_Sorted_By_Artist/Opeth/07 - White Cluster (2).mp3,/mnt/d/Music/_Sorted_By_Artist/Opeth/07 - White Cluster (2).mp3,
974,quarantine,"same metadata artist, album, and title as kept file",poison | poison's greatest hits 1986-1996 | every rose has it's thorn,Poison,Poison's Greatest Hits 1986-1996,Every Rose Has It's Thorn,4174317,/mnt/d/Music/_Sorted_By_Artist/Poison/04 Every Rose Has It's Thorn.m4a,/mnt/d/Music/_Sorted_By_Artist/Poison/DCEP.m4a,/mnt/d/Music/_Duplicate_Quarantine/04 Every Rose Has It's Thorn.m4a
9296,keep,largest file in duplicate metadata group,poison | poison's greatest hits 1986-1996 | every rose has it's thorn,Poison,Poison's Greatest Hits 1986-1996,Every Rose Has It's Thorn,4178586,/mnt/d/Music/_Sorted_By_Artist/Poison/DCEP.m4a,/mnt/d/Music/_Sorted_By_Artist/Poison/DCEP.m4a,
976,quarantine,"same metadata artist, album, and title as kept file",poison | poison's greatest hits 1986-1996 | something to believe in,Poison,Poison's Greatest Hits 1986-1996,Something To Believe In,5323169,/mnt/d/Music/_Sorted_By_Artist/Poison/16 Something To Believe In.m4a,/mnt/d/Music/_Sorted_By_Artist/Poison/KSUB.m4a,/mnt/d/Music/_Duplicate_Quarantine/16 Something To Believe In.m4a
9299,keep,largest file in duplicate metadata group,poison | poison's greatest hits 1986-1996 | something to believe in,Poison,Poison's Greatest Hits 1986-1996,Something To Believe In,5358576,/mnt/d/Music/_Sorted_By_Artist/Poison/KSUB.m4a,/mnt/d/Music/_Sorted_By_Artist/Poison/KSUB.m4a,
973,quarantine,"same metadata artist, album, and title as kept file",poison | poison's greatest hits 1986-1996 | unskinny bop,Poison,Poison's Greatest Hits 1986-1996,Unskinny Bop,3680561,/mnt/d/Music/_Sorted_By_Artist/Poison/03 Unskinny Bop.m4a,/mnt/d/Music/_Sorted_By_Artist/Poison/KJDB.m4a,/mnt/d/Music/_Duplicate_Quarantine/03 Unskinny Bop.m4a
9298,keep,largest file in duplicate metadata group,poison | poison's greatest hits 1986-1996 | unskinny bop,Poison,Poison's Greatest Hits 1986-1996,Unskinny Bop,3695983,/mnt/d/Music/_Sorted_By_Artist/Poison/KJDB.m4a,/mnt/d/Music/_Sorted_By_Artist/Poison/KJDB.m4a,
3274,quarantine,"same metadata artist, album, and title as kept file","porcupine tree | deadwing"" album | arriving somewhere but not here",Porcupine Tree,"""Deadwing"" Album",Arriving Somewhere But Not Here,17387355,/mnt/d/Music/_Sorted_By_Artist/Porcupine Tree/05 - Arriving Somewhere But Not Here.mp3,/mnt/d/Music/_Sorted_By_Artist/Porcupine Tree/05 - Arriving Somewhere But Not Here (2).mp3,/mnt/d/Music/_Duplicate_Quarantine/05 - Arriving Somewhere But Not Here.mp3
9420,keep,largest file in duplicate metadata group,"porcupine tree | deadwing"" album | arriving somewhere but not here",Porcupine Tree,"""Deadwing"" Album",Arriving Somewhere But Not Here,17387355,/mnt/d/Music/_Sorted_By_Artist/Porcupine Tree/05 - Arriving Somewhere But Not Here (2).mp3,/mnt/d/Music/_Sorted_By_Artist/Porcupine Tree/05 - Arriving Somewhere But Not Here (2).mp3,
9429,quarantine,"same metadata artist, album, and title as kept file","porcupine tree | deadwing"" album | arriving somewhere but not here",Porcupine Tree,"""Deadwing"" Album",Arriving Somewhere But Not Here,17387355,/mnt/d/Music/_Sorted_By_Artist/Porcupine Tree/05 - Arriving Somewhere But Not Here (3).mp3,/mnt/d/Music/_Sorted_By_Artist/Porcupine Tree/05 - Arriving Somewhere But Not Here (2).mp3,/mnt/d/Music/_Duplicate_Quarantine/05 - Arriving Somewhere But Not Here (3).mp3
3270,quarantine,"same metadata artist, album, and title as kept file","porcupine tree | deadwing"" album | deadwing",Porcupine Tree,"""Deadwing"" Album",Deadwing,14132916,/mnt/d/Music/_Sorted_By_Artist/Porcupine Tree/01 - Deadwing.mp3,/mnt/d/Music/_Sorted_By_Artist/Porcupine Tree/01 - Deadwing (2).mp3,/mnt/d/Music/_Duplicate_Quarantine/01 - Deadwing.mp3
9416,keep,largest file in duplicate metadata group,"porcupine tree | deadwing"" album | deadwing",Porcupine Tree,"""Deadwing"" Album",Deadwing,14132916,/mnt/d/Music/_Sorted_By_Artist/Porcupine Tree/01 - Deadwing (2).mp3,/mnt/d/Music/_Sorted_By_Artist/Porcupine Tree/01 - Deadwing (2).mp3,
9425,quarantine,"same metadata artist, album, and title as kept file","porcupine tree | deadwing"" album | deadwing",Porcupine Tree,"""Deadwing"" Album",Deadwing,14132916,/mnt/d/Music/_Sorted_By_Artist/Porcupine Tree/01 - Deadwing (3).mp3,/mnt/d/Music/_Sorted_By_Artist/Porcupine Tree/01 - Deadwing (2).mp3,/mnt/d/Music/_Duplicate_Quarantine/01 - Deadwing (3).mp3
3278,quarantine,"same metadata artist, album, and title as kept file","porcupine tree | deadwing"" album | glass arm shattering",Porcupine Tree,"""Deadwing"" Album",Glass Arm Shattering,8943117,/mnt/d/Music/_Sorted_By_Artist/Porcupine Tree/09 - Glass Arm Shattering.mp3,/mnt/d/Music/_Sorted_By_Artist/Porcupine Tree/09 - Glass Arm Shattering (2).mp3,/mnt/d/Music/_Duplicate_Quarantine/09 - Glass Arm Shattering.mp3
9424,keep,largest file in duplicate metadata group,"porcupine tree | deadwing"" album | glass arm shattering",Porcupine Tree,"""Deadwing"" Album",Glass Arm Shattering,8943117,/mnt/d/Music/_Sorted_By_Artist/Porcupine Tree/09 - Glass Arm Shattering (2).mp3,/mnt/d/Music/_Sorted_By_Artist/Porcupine Tree/09 - Glass Arm Shattering (2).mp3,
9433,quarantine,"same metadata artist, album, and title as kept file","porcupine tree | deadwing"" album | glass arm shattering",Porcupine Tree,"""Deadwing"" Album",Glass Arm Shattering,8943117,/mnt/d/Music/_Sorted_By_Artist/Porcupine Tree/09 - Glass Arm Shattering (3).mp3,/mnt/d/Music/_Sorted_By_Artist/Porcupine Tree/09 - Glass Arm Shattering (2).mp3,/mnt/d/Music/_Duplicate_Quarantine/09 - Glass Arm Shattering (3).mp3
3273,quarantine,"same metadata artist, album, and title as kept file","porcupine tree | deadwing"" album | halo",Porcupine Tree,"""Deadwing"" Album",Halo,6740681,/mnt/d/Music/_Sorted_By_Artist/Porcupine Tree/04 - Halo.mp3,/mnt/d/Music/_Sorted_By_Artist/Porcupine Tree/04 - Halo (2).mp3,/mnt/d/Music/_Duplicate_Quarantine/04 - Halo.mp3
9419,keep,largest file in duplicate metadata group,"porcupine tree | deadwing"" album | halo",Porcupine Tree,"""Deadwing"" Album",Halo,6740681,/mnt/d/Music/_Sorted_By_Artist/Porcupine Tree/04 - Halo (2).mp3,/mnt/d/Music/_Sorted_By_Artist/Porcupine Tree/04 - Halo (2).mp3,
9428,quarantine,"same metadata artist, album, and title as kept file","porcupine tree | deadwing"" album | halo",Porcupine Tree,"""Deadwing"" Album",Halo,6740681,/mnt/d/Music/_Sorted_By_Artist/Porcupine Tree/04 - Halo (3).mp3,/mnt/d/Music/_Sorted_By_Artist/Porcupine Tree/04 - Halo (2).mp3,/mnt/d/Music/_Duplicate_Quarantine/04 - Halo (3).mp3
3272,quarantine,"same metadata artist, album, and title as kept file","porcupine tree | deadwing"" album | lazarus",Porcupine Tree,"""Deadwing"" Album",Lazarus,6259192,/mnt/d/Music/_Sorted_By_Artist/Porcupine Tree/03 - Lazarus.mp3,/mnt/d/Music/_Sorted_By_Artist/Porcupine Tree/03 - Lazarus (2).mp3,/mnt/d/Music/_Duplicate_Quarantine/03 - Lazarus.mp3
9418,keep,largest file in duplicate metadata group,"porcupine tree | deadwing"" album | lazarus",Porcupine Tree,"""Deadwing"" Album",Lazarus,6259192,/mnt/d/Music/_Sorted_By_Artist/Porcupine Tree/03 - Lazarus (2).mp3,/mnt/d/Music/_Sorted_By_Artist/Porcupine Tree/03 - Lazarus (2).mp3,
9427,quarantine,"same metadata artist, album, and title as kept file","porcupine tree | deadwing"" album | lazarus",Porcupine Tree,"""Deadwing"" Album",Lazarus,6259192,/mnt/d/Music/_Sorted_By_Artist/Porcupine Tree/03 - Lazarus (3).mp3,/mnt/d/Music/_Sorted_By_Artist/Porcupine Tree/03 - Lazarus (2).mp3,/mnt/d/Music/_Duplicate_Quarantine/03 - Lazarus (3).mp3
3275,quarantine,"same metadata artist, album, and title as kept file","porcupine tree | deadwing"" album | mellotron scratch",Porcupine Tree,"""Deadwing"" Album",Mellotron Scratch,10066591,/mnt/d/Music/_Sorted_By_Artist/Porcupine Tree/06 - Mellotron Scratch.mp3,/mnt/d/Music/_Sorted_By_Artist/Porcupine Tree/06 - Mellotron Scratch (2).mp3,/mnt/d/Music/_Duplicate_Quarantine/06 - Mellotron Scratch.mp3
9421,keep,largest file in duplicate metadata group,"porcupine tree | deadwing"" album | mellotron scratch",Porcupine Tree,"""Deadwing"" Album",Mellotron Scratch,10066591,/mnt/d/Music/_Sorted_By_Artist/Porcupine Tree/06 - Mellotron Scratch (2).mp3,/mnt/d/Music/_Sorted_By_Artist/Porcupine Tree/06 - Mellotron Scratch (2).mp3,
9430,quarantine,"same metadata artist, album, and title as kept file","porcupine tree | deadwing"" album | mellotron scratch",Porcupine Tree,"""Deadwing"" Album",Mellotron Scratch,10066591,/mnt/d/Music/_Sorted_By_Artist/Porcupine Tree/06 - Mellotron Scratch (3).mp3,/mnt/d/Music/_Sorted_By_Artist/Porcupine Tree/06 - Mellotron Scratch (2).mp3,/mnt/d/Music/_Duplicate_Quarantine/06 - Mellotron Scratch (3).mp3
3276,quarantine,"same metadata artist, album, and title as kept file","porcupine tree | deadwing"" album | open car",Porcupine Tree,"""Deadwing"" Album",Open Car,5496834,/mnt/d/Music/_Sorted_By_Artist/Porcupine Tree/07 - Open Car.mp3,/mnt/d/Music/_Sorted_By_Artist/Porcupine Tree/07 - Open Car (2).mp3,/mnt/d/Music/_Duplicate_Quarantine/07 - Open Car.mp3
9422,keep,largest file in duplicate metadata group,"porcupine tree | deadwing"" album | open car",Porcupine Tree,"""Deadwing"" Album",Open Car,5496834,/mnt/d/Music/_Sorted_By_Artist/Porcupine Tree/07 - Open Car (2).mp3,/mnt/d/Music/_Sorted_By_Artist/Porcupine Tree/07 - Open Car (2).mp3,
9431,quarantine,"same metadata artist, album, and title as kept file","porcupine tree | deadwing"" album | open car",Porcupine Tree,"""Deadwing"" Album",Open Car,5496834,/mnt/d/Music/_Sorted_By_Artist/Porcupine Tree/07 - Open Car (3).mp3,/mnt/d/Music/_Sorted_By_Artist/Porcupine Tree/07 - Open Car (2).mp3,/mnt/d/Music/_Duplicate_Quarantine/07 - Open Car (3).mp3
3271,quarantine,"same metadata artist, album, and title as kept file","porcupine tree | deadwing"" album | shallow",Porcupine Tree,"""Deadwing"" Album",Shallow,6228472,/mnt/d/Music/_Sorted_By_Artist/Porcupine Tree/02 - Shallow.mp3,/mnt/d/Music/_Sorted_By_Artist/Porcupine Tree/02 - Shallow (2).mp3,/mnt/d/Music/_Duplicate_Quarantine/02 - Shallow.mp3
9417,keep,largest file in duplicate metadata group,"porcupine tree | deadwing"" album | shallow",Porcupine Tree,"""Deadwing"" Album",Shallow,6228472,/mnt/d/Music/_Sorted_By_Artist/Porcupine Tree/02 - Shallow (2).mp3,/mnt/d/Music/_Sorted_By_Artist/Porcupine Tree/02 - Shallow (2).mp3,
9426,quarantine,"same metadata artist, album, and title as kept file","porcupine tree | deadwing"" album | shallow",Porcupine Tree,"""Deadwing"" Album",Shallow,6228472,/mnt/d/Music/_Sorted_By_Artist/Porcupine Tree/02 - Shallow (3).mp3,/mnt/d/Music/_Sorted_By_Artist/Porcupine Tree/02 - Shallow (2).mp3,/mnt/d/Music/_Duplicate_Quarantine/02 - Shallow (3).mp3
3277,quarantine,"same metadata artist, album, and title as kept file","porcupine tree | deadwing"" album | the start of something beautiful",Porcupine Tree,"""Deadwing"" Album",The Start Of Something Beautiful,11092263,/mnt/d/Music/_Sorted_By_Artist/Porcupine Tree/08 - The Start Of Something Beautiful.mp3,/mnt/d/Music/_Sorted_By_Artist/Porcupine Tree/08 - The Start Of Something Beautiful (2).mp3,/mnt/d/Music/_Duplicate_Quarantine/08 - The Start Of Something Beautiful.mp3
9423,keep,largest file in duplicate metadata group,"porcupine tree | deadwing"" album | the start of something beautiful",Porcupine Tree,"""Deadwing"" Album",The Start Of Something Beautiful,11092263,/mnt/d/Music/_Sorted_By_Artist/Porcupine Tree/08 - The Start Of Something Beautiful (2).mp3,/mnt/d/Music/_Sorted_By_Artist/Porcupine Tree/08 - The Start Of Something Beautiful (2).mp3,
9432,quarantine,"same metadata artist, album, and title as kept file","porcupine tree | deadwing"" album | the start of something beautiful",Porcupine Tree,"""Deadwing"" Album",The Start Of Something Beautiful,11092263,/mnt/d/Music/_Sorted_By_Artist/Porcupine Tree/08 - The Start Of Something Beautiful (3).mp3,/mnt/d/Music/_Sorted_By_Artist/Porcupine Tree/08 - The Start Of Something Beautiful (2).mp3,/mnt/d/Music/_Duplicate_Quarantine/08 - The Start Of Something Beautiful (3).mp3
3288,quarantine,"same metadata artist, album, and title as kept file",primus | antipop | ballad of bodacious,primus,Antipop,Ballad Of Bodacious,5015345,/mnt/d/Music/_Sorted_By_Artist/primus/10 - Ballad Of Bodacious.mp3,/mnt/d/Music/_Sorted_By_Artist/primus/10 - Ballad Of Bodacious (2).mp3,/mnt/d/Music/_Duplicate_Quarantine/10 - Ballad Of Bodacious.mp3
9447,keep,largest file in duplicate metadata group,primus | antipop | ballad of bodacious,primus,Antipop,Ballad Of Bodacious,5015345,/mnt/d/Music/_Sorted_By_Artist/primus/10 - Ballad Of Bodacious (2).mp3,/mnt/d/Music/_Sorted_By_Artist/primus/10 - Ballad Of Bodacious (2).mp3,
3291,quarantine,"same metadata artist, album, and title as kept file",primus | antipop | coattails of a dead man,primus,Antipop,Coattails Of A Dead Man,14351090,/mnt/d/Music/_Sorted_By_Artist/primus/13 - Coattails Of A Dead Man.mp3,/mnt/d/Music/_Sorted_By_Artist/primus/13 - Coattails Of A Dead Man (2).mp3,/mnt/d/Music/_Duplicate_Quarantine/13 - Coattails Of A Dead Man.mp3
9450,keep,largest file in duplicate metadata group,primus | antipop | coattails of a dead man,primus,Antipop,Coattails Of A Dead Man,14351090,/mnt/d/Music/_Sorted_By_Artist/primus/13 - Coattails Of A Dead Man (2).mp3,/mnt/d/Music/_Sorted_By_Artist/primus/13 - Coattails Of A Dead Man (2).mp3,
3287,quarantine,"same metadata artist, album, and title as kept file",primus | antipop | dirty drowning man,primus,Antipop,Dirty Drowning Man,6932524,/mnt/d/Music/_Sorted_By_Artist/primus/09 - Dirty Drowning Man.mp3,/mnt/d/Music/_Sorted_By_Artist/primus/09 - Dirty Drowning Man (2).mp3,/mnt/d/Music/_Duplicate_Quarantine/09 - Dirty Drowning Man.mp3
9446,keep,largest file in duplicate metadata group,primus | antipop | dirty drowning man,primus,Antipop,Dirty Drowning Man,6932524,/mnt/d/Music/_Sorted_By_Artist/primus/09 - Dirty Drowning Man (2).mp3,/mnt/d/Music/_Sorted_By_Artist/primus/09 - Dirty Drowning Man (2).mp3,
3284,quarantine,"same metadata artist, album, and title as kept file",primus | antipop | eclectic electric,primus,Antipop,Eclectic Electric,12367456,/mnt/d/Music/_Sorted_By_Artist/primus/06 - Eclectic Electric.mp3,/mnt/d/Music/_Sorted_By_Artist/primus/06 - Eclectic Electric (2).mp3,/mnt/d/Music/_Duplicate_Quarantine/06 - Eclectic Electric.mp3
9443,keep,largest file in duplicate metadata group,primus | antipop | eclectic electric,primus,Antipop,Eclectic Electric,12367456,/mnt/d/Music/_Sorted_By_Artist/primus/06 - Eclectic Electric (2).mp3,/mnt/d/Music/_Sorted_By_Artist/primus/06 - Eclectic Electric (2).mp3,
3280,quarantine,"same metadata artist, album, and title as kept file",primus | antipop | electric uncle sam,primus,Antipop,Electric Uncle Sam,4231045,/mnt/d/Music/_Sorted_By_Artist/primus/02 - Electric Uncle Sam.mp3,/mnt/d/Music/_Sorted_By_Artist/primus/02 - Electric Uncle Sam (2).mp3,/mnt/d/Music/_Duplicate_Quarantine/02 - Electric Uncle Sam.mp3
9439,keep,largest file in duplicate metadata group,primus | antipop | electric uncle sam,primus,Antipop,Electric Uncle Sam,4231045,/mnt/d/Music/_Sorted_By_Artist/primus/02 - Electric Uncle Sam (2).mp3,/mnt/d/Music/_Sorted_By_Artist/primus/02 - Electric Uncle Sam (2).mp3,
3285,quarantine,"same metadata artist, album, and title as kept file",primus | antipop | greet the sacred cow,primus,Antipop,Greet The Sacred Cow,7458526,/mnt/d/Music/_Sorted_By_Artist/primus/07 - Greet The Sacred Cow.mp3,/mnt/d/Music/_Sorted_By_Artist/primus/07 - Greet The Sacred Cow (2).mp3,/mnt/d/Music/_Duplicate_Quarantine/07 - Greet The Sacred Cow.mp3
9444,keep,largest file in duplicate metadata group,primus | antipop | greet the sacred cow,primus,Antipop,Greet The Sacred Cow,7458526,/mnt/d/Music/_Sorted_By_Artist/primus/07 - Greet The Sacred Cow (2).mp3,/mnt/d/Music/_Sorted_By_Artist/primus/07 - Greet The Sacred Cow (2).mp3,
3279,quarantine,"same metadata artist, album, and title as kept file",primus | antipop | intro,primus,Antipop,Intro,419257,/mnt/d/Music/_Sorted_By_Artist/primus/01 - Intro.mp3,/mnt/d/Music/_Sorted_By_Artist/primus/01 - Intro (2).mp3,/mnt/d/Music/_Duplicate_Quarantine/01 - Intro.mp3
9438,keep,largest file in duplicate metadata group,primus | antipop | intro,primus,Antipop,Intro,419257,/mnt/d/Music/_Sorted_By_Artist/primus/01 - Intro (2).mp3,/mnt/d/Music/_Sorted_By_Artist/primus/01 - Intro (2).mp3,
3282,quarantine,"same metadata artist, album, and title as kept file",primus | antipop | laquer head,primus,Antipop,Laquer Head,5510627,/mnt/d/Music/_Sorted_By_Artist/primus/04 - Laquer Head.mp3,/mnt/d/Music/_Sorted_By_Artist/primus/04 - Laquer Head (2).mp3,/mnt/d/Music/_Duplicate_Quarantine/04 - Laquer Head.mp3
9441,keep,largest file in duplicate metadata group,primus | antipop | laquer head,primus,Antipop,Laquer Head,5510627,/mnt/d/Music/_Sorted_By_Artist/primus/04 - Laquer Head (2).mp3,/mnt/d/Music/_Sorted_By_Artist/primus/04 - Laquer Head (2).mp3,
3286,quarantine,"same metadata artist, album, and title as kept file",primus | antipop | mama didn't raise no fool,primus,Antipop,Mama Didn't Raise No Fool,7302418,/mnt/d/Music/_Sorted_By_Artist/primus/08 - Mama Didn't Raise No Fool.mp3,/mnt/d/Music/_Sorted_By_Artist/primus/08 - Mama Didn't Raise No Fool (2).mp3,/mnt/d/Music/_Duplicate_Quarantine/08 - Mama Didn't Raise No Fool.mp3
9445,keep,largest file in duplicate metadata group,primus | antipop | mama didn't raise no fool,primus,Antipop,Mama Didn't Raise No Fool,7302418,/mnt/d/Music/_Sorted_By_Artist/primus/08 - Mama Didn't Raise No Fool (2).mp3,/mnt/d/Music/_Sorted_By_Artist/primus/08 - Mama Didn't Raise No Fool (2).mp3,
3281,quarantine,"same metadata artist, album, and title as kept file",primus | antipop | natural joe,primus,Antipop,Natural Joe,6076752,/mnt/d/Music/_Sorted_By_Artist/primus/03 - Natural Joe.mp3,/mnt/d/Music/_Sorted_By_Artist/primus/03 - Natural Joe (2).mp3,/mnt/d/Music/_Duplicate_Quarantine/03 - Natural Joe.mp3
9440,keep,largest file in duplicate metadata group,primus | antipop | natural joe,primus,Antipop,Natural Joe,6076752,/mnt/d/Music/_Sorted_By_Artist/primus/03 - Natural Joe (2).mp3,/mnt/d/Music/_Sorted_By_Artist/primus/03 - Natural Joe (2).mp3,
3289,quarantine,"same metadata artist, album, and title as kept file",primus | antipop | power mad,primus,Antipop,Power Mad,5336338,/mnt/d/Music/_Sorted_By_Artist/primus/11 - Power Mad.mp3,/mnt/d/Music/_Sorted_By_Artist/primus/11 - Power Mad (2).mp3,/mnt/d/Music/_Duplicate_Quarantine/11 - Power Mad.mp3
9448,keep,largest file in duplicate metadata group,primus | antipop | power mad,primus,Antipop,Power Mad,5336338,/mnt/d/Music/_Sorted_By_Artist/primus/11 - Power Mad (2).mp3,/mnt/d/Music/_Sorted_By_Artist/primus/11 - Power Mad (2).mp3,
3283,quarantine,"same metadata artist, album, and title as kept file",primus | antipop | the antipop,primus,Antipop,The Antipop,8007097,/mnt/d/Music/_Sorted_By_Artist/primus/05 - The Antipop.mp3,/mnt/d/Music/_Sorted_By_Artist/primus/05 - The Antipop (2).mp3,/mnt/d/Music/_Duplicate_Quarantine/05 - The Antipop.mp3
9442,keep,largest file in duplicate metadata group,primus | antipop | the antipop,primus,Antipop,The Antipop,8007097,/mnt/d/Music/_Sorted_By_Artist/primus/05 - The Antipop (2).mp3,/mnt/d/Music/_Sorted_By_Artist/primus/05 - The Antipop (2).mp3,
3290,quarantine,"same metadata artist, album, and title as kept file",primus | antipop | the final voyage of the liquid sky,primus,Antipop,The Final Voyage Of The Liquid Sky,8167593,/mnt/d/Music/_Sorted_By_Artist/primus/12 - The Final Voyage Of The Liquid Sky.mp3,/mnt/d/Music/_Sorted_By_Artist/primus/12 - The Final Voyage Of The Liquid Sky (2).mp3,/mnt/d/Music/_Duplicate_Quarantine/12 - The Final Voyage Of The Liquid Sky.mp3
9449,keep,largest file in duplicate metadata group,primus | antipop | the final voyage of the liquid sky,primus,Antipop,The Final Voyage Of The Liquid Sky,8167593,/mnt/d/Music/_Sorted_By_Artist/primus/12 - The Final Voyage Of The Liquid Sky (2).mp3,/mnt/d/Music/_Sorted_By_Artist/primus/12 - The Final Voyage Of The Liquid Sky (2).mp3,
3296,quarantine,"same metadata artist, album, and title as kept file",primus | frizzle fry [bonus track | frizzle fry,Primus,Frizzle Fry [Bonus Track],Frizzle Fry,8751900,/mnt/d/Music/_Sorted_By_Artist/Primus/05 - Frizzle Fry.mp3,/mnt/d/Music/_Sorted_By_Artist/Primus/05 - Frizzle Fry (2).mp3,/mnt/d/Music/_Duplicate_Quarantine/05 - Frizzle Fry.mp3
9455,keep,largest file in duplicate metadata group,primus | frizzle fry [bonus track | frizzle fry,Primus,Frizzle Fry [Bonus Track],Frizzle Fry,8751900,/mnt/d/Music/_Sorted_By_Artist/Primus/05 - Frizzle Fry (2).mp3,/mnt/d/Music/_Sorted_By_Artist/Primus/05 - Frizzle Fry (2).mp3,
3293,quarantine,"same metadata artist, album, and title as kept file",primus | frizzle fry [bonus track | groundhog's day,Primus,Frizzle Fry [Bonus Track],Groundhog's Day,7168880,/mnt/d/Music/_Sorted_By_Artist/Primus/02 - Groundhog's Day.mp3,/mnt/d/Music/_Sorted_By_Artist/Primus/02 - Groundhog's Day (2).mp3,/mnt/d/Music/_Duplicate_Quarantine/02 - Groundhog's Day.mp3
9452,keep,largest file in duplicate metadata group,primus | frizzle fry [bonus track | groundhog's day,Primus,Frizzle Fry [Bonus Track],Groundhog's Day,7168880,/mnt/d/Music/_Sorted_By_Artist/Primus/02 - Groundhog's Day (2).mp3,/mnt/d/Music/_Sorted_By_Artist/Primus/02 - Groundhog's Day (2).mp3,
3303,quarantine,"same metadata artist, album, and title as kept file",primus | frizzle fry [bonus track | harold of the rocks,Primus,Frizzle Fry [Bonus Track],Harold Of The Rocks,9067877,/mnt/d/Music/_Sorted_By_Artist/Primus/12 - Harold Of The Rocks.mp3,/mnt/d/Music/_Sorted_By_Artist/Primus/12 - Harold Of The Rocks (2).mp3,/mnt/d/Music/_Duplicate_Quarantine/12 - Harold Of The Rocks.mp3
9462,keep,largest file in duplicate metadata group,primus | frizzle fry [bonus track | harold of the rocks,Primus,Frizzle Fry [Bonus Track],Harold Of The Rocks,9067877,/mnt/d/Music/_Sorted_By_Artist/Primus/12 - Harold Of The Rocks (2).mp3,/mnt/d/Music/_Sorted_By_Artist/Primus/12 - Harold Of The Rocks (2).mp3,
3305,quarantine,"same metadata artist, album, and title as kept file",primus | frizzle fry [bonus track | hello skinny/constantinople,Primus,Frizzle Fry [Bonus Track],Hello Skinny/Constantinople,6932524,/mnt/d/Music/_Sorted_By_Artist/Primus/14 - Hello Skinny-Constantinople.mp3,/mnt/d/Music/_Sorted_By_Artist/Primus/14 - Hello Skinny-Constantinople (2).mp3,/mnt/d/Music/_Duplicate_Quarantine/14 - Hello Skinny-Constantinople.mp3
9464,keep,largest file in duplicate metadata group,primus | frizzle fry [bonus track | hello skinny/constantinople,Primus,Frizzle Fry [Bonus Track],Hello Skinny/Constantinople,6932524,/mnt/d/Music/_Sorted_By_Artist/Primus/14 - Hello Skinny-Constantinople (2).mp3,/mnt/d/Music/_Sorted_By_Artist/Primus/14 - Hello Skinny-Constantinople (2).mp3,
3297,quarantine,"same metadata artist, album, and title as kept file",primus | frizzle fry [bonus track | john the fisherman,Primus,Frizzle Fry [Bonus Track],John The Fisherman,5229758,/mnt/d/Music/_Sorted_By_Artist/Primus/06 - John The Fisherman.mp3,/mnt/d/Music/_Sorted_By_Artist/Primus/06 - John The Fisherman (2).mp3,/mnt/d/Music/_Duplicate_Quarantine/06 - John The Fisherman.mp3
9456,keep,largest file in duplicate metadata group,primus | frizzle fry [bonus track | john the fisherman,Primus,Frizzle Fry [Bonus Track],John The Fisherman,5229758,/mnt/d/Music/_Sorted_By_Artist/Primus/06 - John The Fisherman (2).mp3,/mnt/d/Music/_Sorted_By_Artist/Primus/06 - John The Fisherman (2).mp3,
3295,quarantine,"same metadata artist, album, and title as kept file",primus | frizzle fry [bonus track | mr. knowitall,Primus,Frizzle Fry [Bonus Track],Mr. Knowitall,5555139,/mnt/d/Music/_Sorted_By_Artist/Primus/04 - Mr. Knowitall.mp3,/mnt/d/Music/_Sorted_By_Artist/Primus/04 - Mr. Knowitall (2).mp3,/mnt/d/Music/_Duplicate_Quarantine/04 - Mr. Knowitall.mp3
9454,keep,largest file in duplicate metadata group,primus | frizzle fry [bonus track | mr. knowitall,Primus,Frizzle Fry [Bonus Track],Mr. Knowitall,5555139,/mnt/d/Music/_Sorted_By_Artist/Primus/04 - Mr. Knowitall (2).mp3,/mnt/d/Music/_Sorted_By_Artist/Primus/04 - Mr. Knowitall (2).mp3,
3300,quarantine,"same metadata artist, album, and title as kept file",primus | frizzle fry [bonus track | pudding time,Primus,Frizzle Fry [Bonus Track],Pudding Time,5965157,/mnt/d/Music/_Sorted_By_Artist/Primus/09 - Pudding Time.mp3,/mnt/d/Music/_Sorted_By_Artist/Primus/09 - Pudding Time (2).mp3,/mnt/d/Music/_Duplicate_Quarantine/09 - Pudding Time.mp3
9459,keep,largest file in duplicate metadata group,primus | frizzle fry [bonus track | pudding time,Primus,Frizzle Fry [Bonus Track],Pudding Time,5965157,/mnt/d/Music/_Sorted_By_Artist/Primus/09 - Pudding Time (2).mp3,/mnt/d/Music/_Sorted_By_Artist/Primus/09 - Pudding Time (2).mp3,
3301,quarantine,"same metadata artist, album, and title as kept file",primus | frizzle fry [bonus track | sathington willoughby,Primus,Frizzle Fry [Bonus Track],Sathington Willoughby,601696,/mnt/d/Music/_Sorted_By_Artist/Primus/10 - Sathington Willoughby.mp3,/mnt/d/Music/_Sorted_By_Artist/Primus/10 - Sathington Willoughby (2).mp3,/mnt/d/Music/_Duplicate_Quarantine/10 - Sathington Willoughby.mp3
9460,keep,largest file in duplicate metadata group,primus | frizzle fry [bonus track | sathington willoughby,Primus,Frizzle Fry [Bonus Track],Sathington Willoughby,601696,/mnt/d/Music/_Sorted_By_Artist/Primus/10 - Sathington Willoughby (2).mp3,/mnt/d/Music/_Sorted_By_Artist/Primus/10 - Sathington Willoughby (2).mp3,
3302,quarantine,"same metadata artist, album, and title as kept file",primus | frizzle fry [bonus track | spegetti western,Primus,Frizzle Fry [Bonus Track],Spegetti Western,8225272,/mnt/d/Music/_Sorted_By_Artist/Primus/11 - Spegetti Western.mp3,/mnt/d/Music/_Sorted_By_Artist/Primus/11 - Spegetti Western (2).mp3,/mnt/d/Music/_Duplicate_Quarantine/11 - Spegetti Western.mp3
9461,keep,largest file in duplicate metadata group,primus | frizzle fry [bonus track | spegetti western,Primus,Frizzle Fry [Bonus Track],Spegetti Western,8225272,/mnt/d/Music/_Sorted_By_Artist/Primus/11 - Spegetti Western (2).mp3,/mnt/d/Music/_Sorted_By_Artist/Primus/11 - Spegetti Western (2).mp3,
3299,quarantine,"same metadata artist, album, and title as kept file",primus | frizzle fry [bonus track | the toys go winding down,Primus,Frizzle Fry [Bonus Track],The Toys Go Winding Down,6607143,/mnt/d/Music/_Sorted_By_Artist/Primus/08 - The Toys Go Winding Down.mp3,/mnt/d/Music/_Sorted_By_Artist/Primus/08 - The Toys Go Winding Down (2).mp3,/mnt/d/Music/_Duplicate_Quarantine/08 - The Toys Go Winding Down.mp3
9458,keep,largest file in duplicate metadata group,primus | frizzle fry [bonus track | the toys go winding down,Primus,Frizzle Fry [Bonus Track],The Toys Go Winding Down,6607143,/mnt/d/Music/_Sorted_By_Artist/Primus/08 - The Toys Go Winding Down (2).mp3,/mnt/d/Music/_Sorted_By_Artist/Primus/08 - The Toys Go Winding Down (2).mp3,
3304,quarantine,"same metadata artist, album, and title as kept file",primus | frizzle fry [bonus track | to defy,Primus,Frizzle Fry [Bonus Track],To Defy,936481,/mnt/d/Music/_Sorted_By_Artist/Primus/13 - To Defy.mp3,/mnt/d/Music/_Sorted_By_Artist/Primus/13 - To Defy (2).mp3,/mnt/d/Music/_Duplicate_Quarantine/13 - To Defy.mp3
9463,keep,largest file in duplicate metadata group,primus | frizzle fry [bonus track | to defy,Primus,Frizzle Fry [Bonus Track],To Defy,936481,/mnt/d/Music/_Sorted_By_Artist/Primus/13 - To Defy (2).mp3,/mnt/d/Music/_Sorted_By_Artist/Primus/13 - To Defy (2).mp3,
3292,quarantine,"same metadata artist, album, and title as kept file",primus | frizzle fry [bonus track | to defy the laws of tradition,Primus,Frizzle Fry [Bonus Track],To Defy The Laws Of Tradition,9629615,/mnt/d/Music/_Sorted_By_Artist/Primus/01 - To Defy The Laws Of Tradition.mp3,/mnt/d/Music/_Sorted_By_Artist/Primus/01 - To Defy The Laws Of Tradition (2).mp3,/mnt/d/Music/_Duplicate_Quarantine/01 - To Defy The Laws Of Tradition.mp3
9451,keep,largest file in duplicate metadata group,primus | frizzle fry [bonus track | to defy the laws of tradition,Primus,Frizzle Fry [Bonus Track],To Defy The Laws Of Tradition,9629615,/mnt/d/Music/_Sorted_By_Artist/Primus/01 - To Defy The Laws Of Tradition (2).mp3,/mnt/d/Music/_Sorted_By_Artist/Primus/01 - To Defy The Laws Of Tradition (2).mp3,
3294,quarantine,"same metadata artist, album, and title as kept file",primus | frizzle fry [bonus track | too many puppies,Primus,Frizzle Fry [Bonus Track],Too Many Puppies,5702470,/mnt/d/Music/_Sorted_By_Artist/Primus/03 - Too Many Puppies.mp3,/mnt/d/Music/_Sorted_By_Artist/Primus/03 - Too Many Puppies (2).mp3,/mnt/d/Music/_Duplicate_Quarantine/03 - Too Many Puppies.mp3
9453,keep,largest file in duplicate metadata group,primus | frizzle fry [bonus track | too many puppies,Primus,Frizzle Fry [Bonus Track],Too Many Puppies,5702470,/mnt/d/Music/_Sorted_By_Artist/Primus/03 - Too Many Puppies (2).mp3,/mnt/d/Music/_Sorted_By_Artist/Primus/03 - Too Many Puppies (2).mp3,
3298,quarantine,"same metadata artist, album, and title as kept file",primus | frizzle fry [bonus track | you can't kill michael malloy,Primus,Frizzle Fry [Bonus Track],You Can't Kill Michael Malloy,628655,/mnt/d/Music/_Sorted_By_Artist/Primus/07 - You Can't Kill Michael Malloy.mp3,/mnt/d/Music/_Sorted_By_Artist/Primus/07 - You Can't Kill Michael Malloy (2).mp3,/mnt/d/Music/_Duplicate_Quarantine/07 - You Can't Kill Michael Malloy.mp3
9457,keep,largest file in duplicate metadata group,primus | frizzle fry [bonus track | you can't kill michael malloy,Primus,Frizzle Fry [Bonus Track],You Can't Kill Michael Malloy,628655,/mnt/d/Music/_Sorted_By_Artist/Primus/07 - You Can't Kill Michael Malloy (2).mp3,/mnt/d/Music/_Sorted_By_Artist/Primus/07 - You Can't Kill Michael Malloy (2).mp3,
3309,quarantine,"same metadata artist, album, and title as kept file",primus | sailing the seas of cheese | american life,Primus,Sailing The Seas Of Cheese,American Life,6553853,/mnt/d/Music/_Sorted_By_Artist/Primus/04 - American Life.mp3,/mnt/d/Music/_Sorted_By_Artist/Primus/04 - American Life (2).mp3,/mnt/d/Music/_Duplicate_Quarantine/04 - American Life.mp3
9468,keep,largest file in duplicate metadata group,primus | sailing the seas of cheese | american life,Primus,Sailing The Seas Of Cheese,American Life,6553853,/mnt/d/Music/_Sorted_By_Artist/Primus/04 - American Life (2).mp3,/mnt/d/Music/_Sorted_By_Artist/Primus/04 - American Life (2).mp3,
3311,quarantine,"same metadata artist, album, and title as kept file",primus | sailing the seas of cheese | eleven,Primus,Sailing The Seas Of Cheese,Eleven,6232860,/mnt/d/Music/_Sorted_By_Artist/Primus/06 - Eleven.mp3,/mnt/d/Music/_Sorted_By_Artist/Primus/06 - Eleven (2).mp3,/mnt/d/Music/_Duplicate_Quarantine/06 - Eleven.mp3
9470,keep,largest file in duplicate metadata group,primus | sailing the seas of cheese | eleven,Primus,Sailing The Seas Of Cheese,Eleven,6232860,/mnt/d/Music/_Sorted_By_Artist/Primus/06 - Eleven (2).mp3,/mnt/d/Music/_Sorted_By_Artist/Primus/06 - Eleven (2).mp3,
3317,quarantine,"same metadata artist, album, and title as kept file","primus | sailing the seas of cheese | fish on (fisherman chronicles, chapter ii",Primus,Sailing The Seas Of Cheese,"Fish On (Fisherman Chronicles, Chapter II)",11176899,"/mnt/d/Music/_Sorted_By_Artist/Primus/12 - Fish On (Fisherman Chronicles, Chapter II).mp3","/mnt/d/Music/_Sorted_By_Artist/Primus/12 - Fish On (Fisherman Chronicles, Chapter II) (2).mp3","/mnt/d/Music/_Duplicate_Quarantine/12 - Fish On (Fisherman Chronicles, Chapter II).mp3"
9476,keep,largest file in duplicate metadata group,"primus | sailing the seas of cheese | fish on (fisherman chronicles, chapter ii",Primus,Sailing The Seas Of Cheese,"Fish On (Fisherman Chronicles, Chapter II)",11176899,"/mnt/d/Music/_Sorted_By_Artist/Primus/12 - Fish On (Fisherman Chronicles, Chapter II) (2).mp3","/mnt/d/Music/_Sorted_By_Artist/Primus/12 - Fish On (Fisherman Chronicles, Chapter II) (2).mp3",
3313,quarantine,"same metadata artist, album, and title as kept file",primus | sailing the seas of cheese | grandad's little ditty,Primus,Sailing The Seas Of Cheese,Grandad's Little Ditty,909523,/mnt/d/Music/_Sorted_By_Artist/Primus/08 - Grandad's Little Ditty.mp3,/mnt/d/Music/_Sorted_By_Artist/Primus/08 - Grandad's Little Ditty (2).mp3,/mnt/d/Music/_Duplicate_Quarantine/08 - Grandad's Little Ditty.mp3
9472,keep,largest file in duplicate metadata group,primus | sailing the seas of cheese | grandad's little ditty,Primus,Sailing The Seas Of Cheese,Grandad's Little Ditty,909523,/mnt/d/Music/_Sorted_By_Artist/Primus/08 - Grandad's Little Ditty (2).mp3,/mnt/d/Music/_Sorted_By_Artist/Primus/08 - Grandad's Little Ditty (2).mp3,
3307,quarantine,"same metadata artist, album, and title as kept file",primus | sailing the seas of cheese | here come the bastards,Primus,Sailing The Seas Of Cheese,Here Come The Bastards,4199698,/mnt/d/Music/_Sorted_By_Artist/Primus/02 - Here Come The Bastards.mp3,/mnt/d/Music/_Sorted_By_Artist/Primus/02 - Here Come The Bastards (2).mp3,/mnt/d/Music/_Duplicate_Quarantine/02 - Here Come The Bastards.mp3
9466,keep,largest file in duplicate metadata group,primus | sailing the seas of cheese | here come the bastards,Primus,Sailing The Seas Of Cheese,Here Come The Bastards,4199698,/mnt/d/Music/_Sorted_By_Artist/Primus/02 - Here Come The Bastards (2).mp3,/mnt/d/Music/_Sorted_By_Artist/Primus/02 - Here Come The Bastards (2).mp3,
3312,quarantine,"same metadata artist, album, and title as kept file",primus | sailing the seas of cheese | is it luck,Primus,Sailing The Seas Of Cheese,Is It Luck?,4997791,/mnt/d/Music/_Sorted_By_Artist/Primus/07 - Is It Luck-.mp3,/mnt/d/Music/_Sorted_By_Artist/Primus/07 - Is It Luck- (2).mp3,/mnt/d/Music/_Duplicate_Quarantine/07 - Is It Luck-.mp3
9471,keep,largest file in duplicate metadata group,primus | sailing the seas of cheese | is it luck,Primus,Sailing The Seas Of Cheese,Is It Luck?,4997791,/mnt/d/Music/_Sorted_By_Artist/Primus/07 - Is It Luck- (2).mp3,/mnt/d/Music/_Sorted_By_Artist/Primus/07 - Is It Luck- (2).mp3,
3310,quarantine,"same metadata artist, album, and title as kept file",primus | sailing the seas of cheese | jerry was a race car driver,Primus,Sailing The Seas Of Cheese,Jerry Was A Race Car Driver,4587773,/mnt/d/Music/_Sorted_By_Artist/Primus/05 - Jerry Was A Race Car Driver.mp3,/mnt/d/Music/_Sorted_By_Artist/Primus/05 - Jerry Was A Race Car Driver (2).mp3,/mnt/d/Music/_Duplicate_Quarantine/05 - Jerry Was A Race Car Driver.mp3
9469,keep,largest file in duplicate metadata group,primus | sailing the seas of cheese | jerry was a race car driver,Primus,Sailing The Seas Of Cheese,Jerry Was A Race Car Driver,4587773,/mnt/d/Music/_Sorted_By_Artist/Primus/05 - Jerry Was A Race Car Driver (2).mp3,/mnt/d/Music/_Sorted_By_Artist/Primus/05 - Jerry Was A Race Car Driver (2).mp3,
3318,quarantine,"same metadata artist, album, and title as kept file",primus | sailing the seas of cheese | los bastardos,Primus,Sailing The Seas Of Cheese,Los Bastardos,3816638,/mnt/d/Music/_Sorted_By_Artist/Primus/13 - Los Bastardos.mp3,/mnt/d/Music/_Sorted_By_Artist/Primus/13 - Los Bastardos (2).mp3,/mnt/d/Music/_Duplicate_Quarantine/13 - Los Bastardos.mp3
9477,keep,largest file in duplicate metadata group,primus | sailing the seas of cheese | los bastardos,Primus,Sailing The Seas Of Cheese,Los Bastardos,3816638,/mnt/d/Music/_Sorted_By_Artist/Primus/13 - Los Bastardos (2).mp3,/mnt/d/Music/_Sorted_By_Artist/Primus/13 - Los Bastardos (2).mp3,
3315,quarantine,"same metadata artist, album, and title as kept file",primus | sailing the seas of cheese | sathington waltz,Primus,Sailing The Seas Of Cheese,Sathington Waltz,2474362,/mnt/d/Music/_Sorted_By_Artist/Primus/10 - Sathington Waltz.mp3,/mnt/d/Music/_Sorted_By_Artist/Primus/10 - Sathington Waltz (2).mp3,/mnt/d/Music/_Duplicate_Quarantine/10 - Sathington Waltz.mp3
9474,keep,largest file in duplicate metadata group,primus | sailing the seas of cheese | sathington waltz,Primus,Sailing The Seas Of Cheese,Sathington Waltz,2474362,/mnt/d/Music/_Sorted_By_Artist/Primus/10 - Sathington Waltz (2).mp3,/mnt/d/Music/_Sorted_By_Artist/Primus/10 - Sathington Waltz (2).mp3,
3306,quarantine,"same metadata artist, album, and title as kept file",primus | sailing the seas of cheese | seas of cheese,Primus,Sailing The Seas Of Cheese,Seas Of Cheese,1016730,/mnt/d/Music/_Sorted_By_Artist/Primus/01 - Seas Of Cheese.mp3,/mnt/d/Music/_Sorted_By_Artist/Primus/01 - Seas Of Cheese (2).mp3,/mnt/d/Music/_Duplicate_Quarantine/01 - Seas Of Cheese.mp3
9465,keep,largest file in duplicate metadata group,primus | sailing the seas of cheese | seas of cheese,Primus,Sailing The Seas Of Cheese,Seas Of Cheese,1016730,/mnt/d/Music/_Sorted_By_Artist/Primus/01 - Seas Of Cheese (2).mp3,/mnt/d/Music/_Sorted_By_Artist/Primus/01 - Seas Of Cheese (2).mp3,
3308,quarantine,"same metadata artist, album, and title as kept file",primus | sailing the seas of cheese | sgt. baker,Primus,Sailing The Seas Of Cheese,Sgt. Baker,6165778,/mnt/d/Music/_Sorted_By_Artist/Primus/03 - Sgt. Baker.mp3,/mnt/d/Music/_Sorted_By_Artist/Primus/03 - Sgt. Baker (2).mp3,/mnt/d/Music/_Duplicate_Quarantine/03 - Sgt. Baker.mp3
9467,keep,largest file in duplicate metadata group,primus | sailing the seas of cheese | sgt. baker,Primus,Sailing The Seas Of Cheese,Sgt. Baker,6165778,/mnt/d/Music/_Sorted_By_Artist/Primus/03 - Sgt. Baker (2).mp3,/mnt/d/Music/_Sorted_By_Artist/Primus/03 - Sgt. Baker (2).mp3,
3316,quarantine,"same metadata artist, album, and title as kept file",primus | sailing the seas of cheese | those damned blue collar tweekers,Primus,Sailing The Seas Of Cheese,Those Damned Blue Collar Tweekers,7672939,/mnt/d/Music/_Sorted_By_Artist/Primus/11 - Those Damned Blue Collar Tweekers.mp3,/mnt/d/Music/_Sorted_By_Artist/Primus/11 - Those Damned Blue Collar Tweekers (2).mp3,/mnt/d/Music/_Duplicate_Quarantine/11 - Those Damned Blue Collar Tweekers.mp3
9475,keep,largest file in duplicate metadata group,primus | sailing the seas of cheese | those damned blue collar tweekers,Primus,Sailing The Seas Of Cheese,Those Damned Blue Collar Tweekers,7672939,/mnt/d/Music/_Sorted_By_Artist/Primus/11 - Those Damned Blue Collar Tweekers (2).mp3,/mnt/d/Music/_Sorted_By_Artist/Primus/11 - Those Damned Blue Collar Tweekers (2).mp3,
3314,quarantine,"same metadata artist, album, and title as kept file",primus | sailing the seas of cheese | tommy the cat,Primus,Sailing The Seas Of Cheese,Tommy The Cat,6130042,/mnt/d/Music/_Sorted_By_Artist/Primus/09 - Tommy The Cat.mp3,/mnt/d/Music/_Sorted_By_Artist/Primus/09 - Tommy The Cat (2).mp3,/mnt/d/Music/_Duplicate_Quarantine/09 - Tommy The Cat.mp3
9473,keep,largest file in duplicate metadata group,primus | sailing the seas of cheese | tommy the cat,Primus,Sailing The Seas Of Cheese,Tommy The Cat,6130042,/mnt/d/Music/_Sorted_By_Artist/Primus/09 - Tommy The Cat (2).mp3,/mnt/d/Music/_Sorted_By_Artist/Primus/09 - Tommy The Cat (2).mp3,
1887,keep,largest file in duplicate metadata group,puddle of mudd | come clean | blurry,Puddle Of Mudd,Come Clean,Blurry,4927683,/mnt/d/Music/_Sorted_By_Artist/Puddle Of Mudd/05 Blurry.m4a,/mnt/d/Music/_Sorted_By_Artist/Puddle Of Mudd/05 Blurry.m4a,
9491,quarantine,"same metadata artist, album, and title as kept file",puddle of mudd | come clean | blurry,Puddle of Mudd,Come Clean,Blurry,4864269,/mnt/d/Music/_Sorted_By_Artist/Puddle of Mudd/ASRC.mp3,/mnt/d/Music/_Sorted_By_Artist/Puddle Of Mudd/05 Blurry.m4a,/mnt/d/Music/_Duplicate_Quarantine/ASRC.mp3
3332,quarantine,"same metadata artist, album, and title as kept file",rage against the machine | rage against the machine | bombtrack,Rage Against The Machine,Rage Against The Machine,Bombtrack,5933810,/mnt/d/Music/_Sorted_By_Artist/Rage Against The Machine/01 - Bombtrack.mp3,/mnt/d/Music/_Sorted_By_Artist/Rage Against The Machine/01 - Bombtrack (2).mp3,/mnt/d/Music/_Duplicate_Quarantine/01 - Bombtrack.mp3
9719,keep,largest file in duplicate metadata group,rage against the machine | rage against the machine | bombtrack,Rage Against The Machine,Rage Against The Machine,Bombtrack,5933810,/mnt/d/Music/_Sorted_By_Artist/Rage Against The Machine/01 - Bombtrack (2).mp3,/mnt/d/Music/_Sorted_By_Artist/Rage Against The Machine/01 - Bombtrack (2).mp3,
3336,quarantine,"same metadata artist, album, and title as kept file",rage against the machine | rage against the machine | bullet in the head,Rage Against The Machine,Rage Against The Machine,Bullet In The Head,7489872,/mnt/d/Music/_Sorted_By_Artist/Rage Against The Machine/05 - Bullet In The Head.mp3,/mnt/d/Music/_Sorted_By_Artist/Rage Against The Machine/05 - Bullet In The Head (2).mp3,/mnt/d/Music/_Duplicate_Quarantine/05 - Bullet In The Head.mp3
9723,keep,largest file in duplicate metadata group,rage against the machine | rage against the machine | bullet in the head,Rage Against The Machine,Rage Against The Machine,Bullet In The Head,7489872,/mnt/d/Music/_Sorted_By_Artist/Rage Against The Machine/05 - Bullet In The Head (2).mp3,/mnt/d/Music/_Sorted_By_Artist/Rage Against The Machine/05 - Bullet In The Head (2).mp3,
3339,quarantine,"same metadata artist, album, and title as kept file",rage against the machine | rage against the machine | fistful of steel,Rage Against The Machine,Rage Against The Machine,Fistful Of Steel,8002708,/mnt/d/Music/_Sorted_By_Artist/Rage Against The Machine/08 - Fistful Of Steel.mp3,/mnt/d/Music/_Sorted_By_Artist/Rage Against The Machine/08 - Fistful Of Steel (2).mp3,/mnt/d/Music/_Duplicate_Quarantine/08 - Fistful Of Steel.mp3
9726,keep,largest file in duplicate metadata group,rage against the machine | rage against the machine | fistful of steel,Rage Against The Machine,Rage Against The Machine,Fistful Of Steel,8002708,/mnt/d/Music/_Sorted_By_Artist/Rage Against The Machine/08 - Fistful Of Steel (2).mp3,/mnt/d/Music/_Sorted_By_Artist/Rage Against The Machine/08 - Fistful Of Steel (2).mp3,
3341,quarantine,"same metadata artist, album, and title as kept file",rage against the machine | rage against the machine | freedom,Rage Against The Machine,Rage Against The Machine,Freedom,8805190,/mnt/d/Music/_Sorted_By_Artist/Rage Against The Machine/10 - Freedom.mp3,/mnt/d/Music/_Sorted_By_Artist/Rage Against The Machine/10 - Freedom (2).mp3,/mnt/d/Music/_Duplicate_Quarantine/10 - Freedom.mp3
9728,keep,largest file in duplicate metadata group,rage against the machine | rage against the machine | freedom,Rage Against The Machine,Rage Against The Machine,Freedom,8805190,/mnt/d/Music/_Sorted_By_Artist/Rage Against The Machine/10 - Freedom (2).mp3,/mnt/d/Music/_Sorted_By_Artist/Rage Against The Machine/10 - Freedom (2).mp3,
3333,quarantine,"same metadata artist, album, and title as kept file",rage against the machine | rage against the machine | killing in the name,Rage Against The Machine,Rage Against The Machine,Killing In The Name,7597079,/mnt/d/Music/_Sorted_By_Artist/Rage Against The Machine/02 - Killing In The Name.mp3,/mnt/d/Music/_Sorted_By_Artist/Rage Against The Machine/02 - Killing In The Name (2).mp3,/mnt/d/Music/_Duplicate_Quarantine/02 - Killing In The Name.mp3
9720,keep,largest file in duplicate metadata group,rage against the machine | rage against the machine | killing in the name,Rage Against The Machine,Rage Against The Machine,Killing In The Name,7597079,/mnt/d/Music/_Sorted_By_Artist/Rage Against The Machine/02 - Killing In The Name (2).mp3,/mnt/d/Music/_Sorted_By_Artist/Rage Against The Machine/02 - Killing In The Name (2).mp3,
3337,quarantine,"same metadata artist, album, and title as kept file",rage against the machine | rage against the machine | know your enemy,Rage Against The Machine,Rage Against The Machine,Know Your Enemy,7151326,/mnt/d/Music/_Sorted_By_Artist/Rage Against The Machine/06 - Know Your Enemy.mp3,/mnt/d/Music/_Sorted_By_Artist/Rage Against The Machine/06 - Know Your Enemy (2).mp3,/mnt/d/Music/_Duplicate_Quarantine/06 - Know Your Enemy.mp3
9724,keep,largest file in duplicate metadata group,rage against the machine | rage against the machine | know your enemy,Rage Against The Machine,Rage Against The Machine,Know Your Enemy,7151326,/mnt/d/Music/_Sorted_By_Artist/Rage Against The Machine/06 - Know Your Enemy (2).mp3,/mnt/d/Music/_Sorted_By_Artist/Rage Against The Machine/06 - Know Your Enemy (2).mp3,
3335,quarantine,"same metadata artist, album, and title as kept file",rage against the machine | rage against the machine | settle for nothing,Rage Against The Machine,Rage Against The Machine,Settle For Nothing,6981425,/mnt/d/Music/_Sorted_By_Artist/Rage Against The Machine/04 - Settle For Nothing.mp3,/mnt/d/Music/_Sorted_By_Artist/Rage Against The Machine/04 - Settle For Nothing (2).mp3,/mnt/d/Music/_Duplicate_Quarantine/04 - Settle For Nothing.mp3
9722,keep,largest file in duplicate metadata group,rage against the machine | rage against the machine | settle for nothing,Rage Against The Machine,Rage Against The Machine,Settle For Nothing,6981425,/mnt/d/Music/_Sorted_By_Artist/Rage Against The Machine/04 - Settle For Nothing (2).mp3,/mnt/d/Music/_Sorted_By_Artist/Rage Against The Machine/04 - Settle For Nothing (2).mp3,
3334,quarantine,"same metadata artist, album, and title as kept file",rage against the machine | rage against the machine | take the power back,Rage Against The Machine,Rage Against The Machine,Take The Power Back,8145024,/mnt/d/Music/_Sorted_By_Artist/Rage Against The Machine/03 - Take The Power Back.mp3,/mnt/d/Music/_Sorted_By_Artist/Rage Against The Machine/03 - Take The Power Back (2).mp3,/mnt/d/Music/_Duplicate_Quarantine/03 - Take The Power Back.mp3
9721,keep,largest file in duplicate metadata group,rage against the machine | rage against the machine | take the power back,Rage Against The Machine,Rage Against The Machine,Take The Power Back,8145024,/mnt/d/Music/_Sorted_By_Artist/Rage Against The Machine/03 - Take The Power Back (2).mp3,/mnt/d/Music/_Sorted_By_Artist/Rage Against The Machine/03 - Take The Power Back (2).mp3,
3340,quarantine,"same metadata artist, album, and title as kept file",rage against the machine | rage against the machine | township rebellion,Rage Against The Machine,Rage Against The Machine,Township Rebellion,7840164,/mnt/d/Music/_Sorted_By_Artist/Rage Against The Machine/09 - Township Rebellion.mp3,/mnt/d/Music/_Sorted_By_Artist/Rage Against The Machine/09 - Township Rebellion (2).mp3,/mnt/d/Music/_Duplicate_Quarantine/09 - Township Rebellion.mp3
9727,keep,largest file in duplicate metadata group,rage against the machine | rage against the machine | township rebellion,Rage Against The Machine,Rage Against The Machine,Township Rebellion,7840164,/mnt/d/Music/_Sorted_By_Artist/Rage Against The Machine/09 - Township Rebellion (2).mp3,/mnt/d/Music/_Sorted_By_Artist/Rage Against The Machine/09 - Township Rebellion (2).mp3,
3338,quarantine,"same metadata artist, album, and title as kept file",rage against the machine | rage against the machine | wake up,Rage Against The Machine,Rage Against The Machine,Wake Up,8796413,/mnt/d/Music/_Sorted_By_Artist/Rage Against The Machine/07 - Wake Up.mp3,/mnt/d/Music/_Sorted_By_Artist/Rage Against The Machine/07 - Wake Up (2).mp3,/mnt/d/Music/_Duplicate_Quarantine/07 - Wake Up.mp3
9725,keep,largest file in duplicate metadata group,rage against the machine | rage against the machine | wake up,Rage Against The Machine,Rage Against The Machine,Wake Up,8796413,/mnt/d/Music/_Sorted_By_Artist/Rage Against The Machine/07 - Wake Up (2).mp3,/mnt/d/Music/_Sorted_By_Artist/Rage Against The Machine/07 - Wake Up (2).mp3,
3352,quarantine,"same metadata artist, album, and title as kept file",rage against the machine | the battle of los angeles | ashes in the fall,Rage Against The Machine,The Battle Of Los Angeles,Ashes In The Fall,6700557,/mnt/d/Music/_Sorted_By_Artist/Rage Against The Machine/11 - Ashes In The Fall.mp3,/mnt/d/Music/_Sorted_By_Artist/Rage Against The Machine/11 - Ashes In The Fall (2).mp3,/mnt/d/Music/_Duplicate_Quarantine/11 - Ashes In The Fall.mp3
9739,keep,largest file in duplicate metadata group,rage against the machine | the battle of los angeles | ashes in the fall,Rage Against The Machine,The Battle Of Los Angeles,Ashes In The Fall,6700557,/mnt/d/Music/_Sorted_By_Artist/Rage Against The Machine/11 - Ashes In The Fall (2).mp3,/mnt/d/Music/_Sorted_By_Artist/Rage Against The Machine/11 - Ashes In The Fall (2).mp3,
3348,quarantine,"same metadata artist, album, and title as kept file",rage against the machine | the battle of los angeles | born as ghosts,Rage Against The Machine,The Battle Of Los Angeles,Born As Ghosts,4904377,/mnt/d/Music/_Sorted_By_Artist/Rage Against The Machine/07 - Born As Ghosts.mp3,/mnt/d/Music/_Sorted_By_Artist/Rage Against The Machine/07 - Born As Ghosts (2).mp3,/mnt/d/Music/_Duplicate_Quarantine/07 - Born As Ghosts.mp3
9735,keep,largest file in duplicate metadata group,rage against the machine | the battle of los angeles | born as ghosts,Rage Against The Machine,The Battle Of Los Angeles,Born As Ghosts,4904377,/mnt/d/Music/_Sorted_By_Artist/Rage Against The Machine/07 - Born As Ghosts (2).mp3,/mnt/d/Music/_Sorted_By_Artist/Rage Against The Machine/07 - Born As Ghosts (2).mp3,
3347,quarantine,"same metadata artist, album, and title as kept file",rage against the machine | the battle of los angeles | born of a broken man,Rage Against The Machine,The Battle Of Los Angeles,Born Of A Broken Man,6798986,/mnt/d/Music/_Sorted_By_Artist/Rage Against The Machine/06 - Born Of A Broken Man.mp3,/mnt/d/Music/_Sorted_By_Artist/Rage Against The Machine/06 - Born Of A Broken Man (2).mp3,/mnt/d/Music/_Duplicate_Quarantine/06 - Born Of A Broken Man.mp3
9734,keep,largest file in duplicate metadata group,rage against the machine | the battle of los angeles | born of a broken man,Rage Against The Machine,The Battle Of Los Angeles,Born Of A Broken Man,6798986,/mnt/d/Music/_Sorted_By_Artist/Rage Against The Machine/06 - Born Of A Broken Man (2).mp3,/mnt/d/Music/_Sorted_By_Artist/Rage Against The Machine/06 - Born Of A Broken Man (2).mp3,
3344,quarantine,"same metadata artist, album, and title as kept file",rage against the machine | the battle of los angeles | calm like a bomb,Rage Against The Machine,The Battle Of Los Angeles,Calm Like A Bomb,7231574,/mnt/d/Music/_Sorted_By_Artist/Rage Against The Machine/03 - Calm Like A Bomb.mp3,/mnt/d/Music/_Sorted_By_Artist/Rage Against The Machine/03 - Calm Like A Bomb (2).mp3,/mnt/d/Music/_Duplicate_Quarantine/03 - Calm Like A Bomb.mp3
9731,keep,largest file in duplicate metadata group,rage against the machine | the battle of los angeles | calm like a bomb,Rage Against The Machine,The Battle Of Los Angeles,Calm Like A Bomb,7231574,/mnt/d/Music/_Sorted_By_Artist/Rage Against The Machine/03 - Calm Like A Bomb (2).mp3,/mnt/d/Music/_Sorted_By_Artist/Rage Against The Machine/03 - Calm Like A Bomb (2).mp3,
3343,quarantine,"same metadata artist, album, and title as kept file",rage against the machine | the battle of los angeles | guerilla radio,Rage Against The Machine,The Battle Of Los Angeles,Guerilla Radio,5002179,/mnt/d/Music/_Sorted_By_Artist/Rage Against The Machine/02 - Guerilla Radio.mp3,/mnt/d/Music/_Sorted_By_Artist/Rage Against The Machine/02 - Guerilla Radio (2).mp3,/mnt/d/Music/_Duplicate_Quarantine/02 - Guerilla Radio.mp3
9730,keep,largest file in duplicate metadata group,rage against the machine | the battle of los angeles | guerilla radio,Rage Against The Machine,The Battle Of Los Angeles,Guerilla Radio,5002179,/mnt/d/Music/_Sorted_By_Artist/Rage Against The Machine/02 - Guerilla Radio (2).mp3,/mnt/d/Music/_Sorted_By_Artist/Rage Against The Machine/02 - Guerilla Radio (2).mp3,
3349,quarantine,"same metadata artist, album, and title as kept file",rage against the machine | the battle of los angeles | maria,Rage Against The Machine,The Battle Of Los Angeles,Maria,5528181,/mnt/d/Music/_Sorted_By_Artist/Rage Against The Machine/08 - Maria.mp3,/mnt/d/Music/_Sorted_By_Artist/Rage Against The Machine/08 - Maria (2).mp3,/mnt/d/Music/_Duplicate_Quarantine/08 - Maria.mp3
9736,keep,largest file in duplicate metadata group,rage against the machine | the battle of los angeles | maria,Rage Against The Machine,The Battle Of Los Angeles,Maria,5528181,/mnt/d/Music/_Sorted_By_Artist/Rage Against The Machine/08 - Maria (2).mp3,/mnt/d/Music/_Sorted_By_Artist/Rage Against The Machine/08 - Maria (2).mp3,
3345,quarantine,"same metadata artist, album, and title as kept file",rage against the machine | the battle of los angeles | mic check,Rage Against The Machine,The Battle Of Los Angeles,Mic Check,5185246,/mnt/d/Music/_Sorted_By_Artist/Rage Against The Machine/04 - Mic Check.mp3,/mnt/d/Music/_Sorted_By_Artist/Rage Against The Machine/04 - Mic Check (2).mp3,/mnt/d/Music/_Duplicate_Quarantine/04 - Mic Check.mp3
9732,keep,largest file in duplicate metadata group,rage against the machine | the battle of los angeles | mic check,Rage Against The Machine,The Battle Of Los Angeles,Mic Check,5185246,/mnt/d/Music/_Sorted_By_Artist/Rage Against The Machine/04 - Mic Check (2).mp3,/mnt/d/Music/_Sorted_By_Artist/Rage Against The Machine/04 - Mic Check (2).mp3,
3351,quarantine,"same metadata artist, album, and title as kept file",rage against the machine | the battle of los angeles | new millenium homes,Rage Against The Machine,The Battle Of Los Angeles,New Millenium Homes,5452321,/mnt/d/Music/_Sorted_By_Artist/Rage Against The Machine/10 - New Millenium Homes.mp3,/mnt/d/Music/_Sorted_By_Artist/Rage Against The Machine/10 - New Millenium Homes (2).mp3,/mnt/d/Music/_Duplicate_Quarantine/10 - New Millenium Homes.mp3
9738,keep,largest file in duplicate metadata group,rage against the machine | the battle of los angeles | new millenium homes,Rage Against The Machine,The Battle Of Los Angeles,New Millenium Homes,5452321,/mnt/d/Music/_Sorted_By_Artist/Rage Against The Machine/10 - New Millenium Homes (2).mp3,/mnt/d/Music/_Sorted_By_Artist/Rage Against The Machine/10 - New Millenium Homes (2).mp3,
3346,quarantine,"same metadata artist, album, and title as kept file",rage against the machine | the battle of los angeles | sleep now in the fire,Rage Against The Machine,The Battle Of Los Angeles,Sleep Now In The Fire,4989014,/mnt/d/Music/_Sorted_By_Artist/Rage Against The Machine/05 - Sleep Now In The Fire.mp3,/mnt/d/Music/_Sorted_By_Artist/Rage Against The Machine/05 - Sleep Now In The Fire (2).mp3,/mnt/d/Music/_Duplicate_Quarantine/05 - Sleep Now In The Fire.mp3
9733,keep,largest file in duplicate metadata group,rage against the machine | the battle of los angeles | sleep now in the fire,Rage Against The Machine,The Battle Of Los Angeles,Sleep Now In The Fire,4989014,/mnt/d/Music/_Sorted_By_Artist/Rage Against The Machine/05 - Sleep Now In The Fire (2).mp3,/mnt/d/Music/_Sorted_By_Artist/Rage Against The Machine/05 - Sleep Now In The Fire (2).mp3,
3342,quarantine,"same metadata artist, album, and title as kept file",rage against the machine | the battle of los angeles | testify,Rage Against The Machine,The Battle Of Los Angeles,Testify,5104997,/mnt/d/Music/_Sorted_By_Artist/Rage Against The Machine/01 - Testify.mp3,/mnt/d/Music/_Sorted_By_Artist/Rage Against The Machine/01 - Testify (2).mp3,/mnt/d/Music/_Duplicate_Quarantine/01 - Testify.mp3
9729,keep,largest file in duplicate metadata group,rage against the machine | the battle of los angeles | testify,Rage Against The Machine,The Battle Of Los Angeles,Testify,5104997,/mnt/d/Music/_Sorted_By_Artist/Rage Against The Machine/01 - Testify (2).mp3,/mnt/d/Music/_Sorted_By_Artist/Rage Against The Machine/01 - Testify (2).mp3,
3350,quarantine,"same metadata artist, album, and title as kept file",rage against the machine | the battle of los angeles | voice of the voiceless,Rage Against The Machine,The Battle Of Los Angeles,Voice Of The Voiceless,3696266,/mnt/d/Music/_Sorted_By_Artist/Rage Against The Machine/09 - Voice Of The Voiceless.mp3,/mnt/d/Music/_Sorted_By_Artist/Rage Against The Machine/09 - Voice Of The Voiceless (2).mp3,/mnt/d/Music/_Duplicate_Quarantine/09 - Voice Of The Voiceless.mp3
9737,keep,largest file in duplicate metadata group,rage against the machine | the battle of los angeles | voice of the voiceless,Rage Against The Machine,The Battle Of Los Angeles,Voice Of The Voiceless,3696266,/mnt/d/Music/_Sorted_By_Artist/Rage Against The Machine/09 - Voice Of The Voiceless (2).mp3,/mnt/d/Music/_Sorted_By_Artist/Rage Against The Machine/09 - Voice Of The Voiceless (2).mp3,
3353,quarantine,"same metadata artist, album, and title as kept file",rage against the machine | the battle of los angeles | war within a breath,Rage Against The Machine,The Battle Of Los Angeles,War Within A Breath,5215966,/mnt/d/Music/_Sorted_By_Artist/Rage Against The Machine/12 - War Within A Breath.mp3,/mnt/d/Music/_Sorted_By_Artist/Rage Against The Machine/12 - War Within A Breath (2).mp3,/mnt/d/Music/_Duplicate_Quarantine/12 - War Within A Breath.mp3
9740,keep,largest file in duplicate metadata group,rage against the machine | the battle of los angeles | war within a breath,Rage Against The Machine,The Battle Of Los Angeles,War Within A Breath,5215966,/mnt/d/Music/_Sorted_By_Artist/Rage Against The Machine/12 - War Within A Breath (2).mp3,/mnt/d/Music/_Sorted_By_Artist/Rage Against The Machine/12 - War Within A Breath (2).mp3,
3363,quarantine,"same metadata artist, album, and title as kept file",rammstein | mutter | adios,Rammstein,Mutter,Adios,5512967,/mnt/d/Music/_Sorted_By_Artist/Rammstein/10 - Adios.mp3,/mnt/d/Music/_Sorted_By_Artist/Rammstein/10 - Adios (2).mp3,/mnt/d/Music/_Duplicate_Quarantine/10 - Adios.mp3
9750,keep,largest file in duplicate metadata group,rammstein | mutter | adios,Rammstein,Mutter,Adios,5512967,/mnt/d/Music/_Sorted_By_Artist/Rammstein/10 - Adios (2).mp3,/mnt/d/Music/_Sorted_By_Artist/Rammstein/10 - Adios (2).mp3,
3358,quarantine,"same metadata artist, album, and title as kept file",rammstein | mutter | feuer frei,Rammstein,Mutter,Feuer Frei!,4598891,/mnt/d/Music/_Sorted_By_Artist/Rammstein/05 - Feuer Frei!.mp3,/mnt/d/Music/_Sorted_By_Artist/Rammstein/05 - Feuer Frei! (2).mp3,/mnt/d/Music/_Duplicate_Quarantine/05 - Feuer Frei!.mp3
9745,keep,largest file in duplicate metadata group,rammstein | mutter | feuer frei,Rammstein,Mutter,Feuer Frei!,4598891,/mnt/d/Music/_Sorted_By_Artist/Rammstein/05 - Feuer Frei! (2).mp3,/mnt/d/Music/_Sorted_By_Artist/Rammstein/05 - Feuer Frei! (2).mp3,
3357,quarantine,"same metadata artist, album, and title as kept file",rammstein | mutter | ich will,Rammstein,Mutter,Ich will,5227710,/mnt/d/Music/_Sorted_By_Artist/Rammstein/04 - Ich will.mp3,/mnt/d/Music/_Sorted_By_Artist/Rammstein/04 - Ich will (2).mp3,/mnt/d/Music/_Duplicate_Quarantine/04 - Ich will.mp3
9744,keep,largest file in duplicate metadata group,rammstein | mutter | ich will,Rammstein,Mutter,Ich will,5227710,/mnt/d/Music/_Sorted_By_Artist/Rammstein/04 - Ich will (2).mp3,/mnt/d/Music/_Sorted_By_Artist/Rammstein/04 - Ich will (2).mp3,
3355,quarantine,"same metadata artist, album, and title as kept file",rammstein | mutter | links 234,Rammstein,Mutter,Links 234,5205140,/mnt/d/Music/_Sorted_By_Artist/Rammstein/02 - Links 234.mp3,/mnt/d/Music/_Sorted_By_Artist/Rammstein/02 - Links 234 (2).mp3,/mnt/d/Music/_Duplicate_Quarantine/02 - Links 234.mp3
9742,keep,largest file in duplicate metadata group,rammstein | mutter | links 234,Rammstein,Mutter,Links 234,5205140,/mnt/d/Music/_Sorted_By_Artist/Rammstein/02 - Links 234 (2).mp3,/mnt/d/Music/_Sorted_By_Artist/Rammstein/02 - Links 234 (2).mp3,
3354,quarantine,"same metadata artist, album, and title as kept file",rammstein | mutter | mein herz brennt,Rammstein,Mutter,Mein Herz Brennt,6716690,/mnt/d/Music/_Sorted_By_Artist/Rammstein/01 - Mein Herz Brennt.mp3,/mnt/d/Music/_Sorted_By_Artist/Rammstein/01 - Mein Herz Brennt (2).mp3,/mnt/d/Music/_Duplicate_Quarantine/01 - Mein Herz Brennt.mp3
9741,keep,largest file in duplicate metadata group,rammstein | mutter | mein herz brennt,Rammstein,Mutter,Mein Herz Brennt,6716690,/mnt/d/Music/_Sorted_By_Artist/Rammstein/01 - Mein Herz Brennt (2).mp3,/mnt/d/Music/_Sorted_By_Artist/Rammstein/01 - Mein Herz Brennt (2).mp3,
3359,quarantine,"same metadata artist, album, and title as kept file",rammstein | mutter | mutter,Rammstein,Mutter,Mutter,6547416,/mnt/d/Music/_Sorted_By_Artist/Rammstein/06 - Mutter.mp3,/mnt/d/Music/_Sorted_By_Artist/Rammstein/06 - Mutter (2).mp3,/mnt/d/Music/_Duplicate_Quarantine/06 - Mutter.mp3
9746,keep,largest file in duplicate metadata group,rammstein | mutter | mutter,Rammstein,Mutter,Mutter,6547416,/mnt/d/Music/_Sorted_By_Artist/Rammstein/06 - Mutter (2).mp3,/mnt/d/Music/_Sorted_By_Artist/Rammstein/06 - Mutter (2).mp3,
3364,quarantine,"same metadata artist, album, and title as kept file",rammstein | mutter | nebel,Rammstein,Mutter,Nebel,7064641,/mnt/d/Music/_Sorted_By_Artist/Rammstein/11 - Nebel.mp3,/mnt/d/Music/_Sorted_By_Artist/Rammstein/11 - Nebel (2).mp3,/mnt/d/Music/_Duplicate_Quarantine/11 - Nebel.mp3
9751,keep,largest file in duplicate metadata group,rammstein | mutter | nebel,Rammstein,Mutter,Nebel,7064641,/mnt/d/Music/_Sorted_By_Artist/Rammstein/11 - Nebel (2).mp3,/mnt/d/Music/_Sorted_By_Artist/Rammstein/11 - Nebel (2).mp3,
3362,quarantine,"same metadata artist, album, and title as kept file",rammstein | mutter | rein raus,Rammstein,Mutter,Rein Raus,4576948,/mnt/d/Music/_Sorted_By_Artist/Rammstein/09 - Rein Raus.mp3,/mnt/d/Music/_Sorted_By_Artist/Rammstein/09 - Rein Raus (2).mp3,/mnt/d/Music/_Duplicate_Quarantine/09 - Rein Raus.mp3
9749,keep,largest file in duplicate metadata group,rammstein | mutter | rein raus,Rammstein,Mutter,Rein Raus,4576948,/mnt/d/Music/_Sorted_By_Artist/Rammstein/09 - Rein Raus (2).mp3,/mnt/d/Music/_Sorted_By_Artist/Rammstein/09 - Rein Raus (2).mp3,
3356,quarantine,"same metadata artist, album, and title as kept file",rammstein | mutter | sonne,Rammstein,Mutter,Sonne,6556193,/mnt/d/Music/_Sorted_By_Artist/Rammstein/03 - Sonne.mp3,/mnt/d/Music/_Sorted_By_Artist/Rammstein/03 - Sonne (2).mp3,/mnt/d/Music/_Duplicate_Quarantine/03 - Sonne.mp3
9743,keep,largest file in duplicate metadata group,rammstein | mutter | sonne,Rammstein,Mutter,Sonne,6556193,/mnt/d/Music/_Sorted_By_Artist/Rammstein/03 - Sonne (2).mp3,/mnt/d/Music/_Sorted_By_Artist/Rammstein/03 - Sonne (2).mp3,
3360,quarantine,"same metadata artist, album, and title as kept file",rammstein | mutter | spieluhr,Rammstein,Mutter,Spieluhr,6868409,/mnt/d/Music/_Sorted_By_Artist/Rammstein/07 - Spieluhr.mp3,/mnt/d/Music/_Sorted_By_Artist/Rammstein/07 - Spieluhr (2).mp3,/mnt/d/Music/_Duplicate_Quarantine/07 - Spieluhr.mp3
9747,keep,largest file in duplicate metadata group,rammstein | mutter | spieluhr,Rammstein,Mutter,Spieluhr,6868409,/mnt/d/Music/_Sorted_By_Artist/Rammstein/07 - Spieluhr (2).mp3,/mnt/d/Music/_Sorted_By_Artist/Rammstein/07 - Spieluhr (2).mp3,
3361,quarantine,"same metadata artist, album, and title as kept file",rammstein | mutter | zwitter,Rammstein,Mutter,Zwitter,6186300,/mnt/d/Music/_Sorted_By_Artist/Rammstein/08 - Zwitter.mp3,/mnt/d/Music/_Sorted_By_Artist/Rammstein/08 - Zwitter (2).mp3,/mnt/d/Music/_Duplicate_Quarantine/08 - Zwitter.mp3
9748,keep,largest file in duplicate metadata group,rammstein | mutter | zwitter,Rammstein,Mutter,Zwitter,6186300,/mnt/d/Music/_Sorted_By_Artist/Rammstein/08 - Zwitter (2).mp3,/mnt/d/Music/_Sorted_By_Artist/Rammstein/08 - Zwitter (2).mp3,
1890,quarantine,"same metadata artist, album, and title as kept file",rascal flatts | feels like today | then i did,Rascal Flatts,Feels Like Today,Then I Did,3083375,/mnt/d/Music/_Sorted_By_Artist/Rascal Flatts/03 Then I Did 1.m4a,/mnt/d/Music/_Sorted_By_Artist/Rascal Flatts/03 Then I Did.m4a,/mnt/d/Music/_Duplicate_Quarantine/03 Then I Did 1.m4a
1891,keep,largest file in duplicate metadata group,rascal flatts | feels like today | then i did,Rascal Flatts,Feels Like Today,Then I Did,3119397,/mnt/d/Music/_Sorted_By_Artist/Rascal Flatts/03 Then I Did.m4a,/mnt/d/Music/_Sorted_By_Artist/Rascal Flatts/03 Then I Did.m4a,
8235,quarantine,"same metadata artist, album, and title as kept file",ray charles | ray | georgia on my mind,Ray Charles,Ray!,Georgia On My Mind,3536603,/mnt/d/Music/_Sorted_By_Artist/Ray Charles/DLWX.m4a,/mnt/d/Music/_Sorted_By_Artist/Ray Charles/WNKO.m4a,/mnt/d/Music/_Duplicate_Quarantine/DLWX.m4a
8246,keep,largest file in duplicate metadata group,ray charles | ray | georgia on my mind,Ray Charles,Ray!,Georgia On My Mind,5346967,/mnt/d/Music/_Sorted_By_Artist/Ray Charles/WNKO.m4a,/mnt/d/Music/_Sorted_By_Artist/Ray Charles/WNKO.m4a,
3365,quarantine,"same metadata artist, album, and title as kept file",rob zombie | hellbilly deluxe | call of the zombie,Rob Zombie,Hellbilly Deluxe,Call Of The Zombie,733813,/mnt/d/Music/_Sorted_By_Artist/Rob Zombie/01 - Call Of The Zombie.mp3,/mnt/d/Music/_Sorted_By_Artist/Rob Zombie/01 - Call Of The Zombie (2).mp3,/mnt/d/Music/_Duplicate_Quarantine/01 - Call Of The Zombie.mp3
9838,keep,largest file in duplicate metadata group,rob zombie | hellbilly deluxe | call of the zombie,Rob Zombie,Hellbilly Deluxe,Call Of The Zombie,733813,/mnt/d/Music/_Sorted_By_Artist/Rob Zombie/01 - Call Of The Zombie (2).mp3,/mnt/d/Music/_Sorted_By_Artist/Rob Zombie/01 - Call Of The Zombie (2).mp3,
9839,quarantine,"same metadata artist, album, and title as kept file",rob zombie | hellbilly deluxe | call of the zombie,Rob Zombie,Hellbilly Deluxe,Call Of The Zombie,484574,/mnt/d/Music/_Sorted_By_Artist/Rob Zombie/01 Call Of The Zombie.m4a,/mnt/d/Music/_Sorted_By_Artist/Rob Zombie/01 - Call Of The Zombie (2).mp3,/mnt/d/Music/_Duplicate_Quarantine/01 Call Of The Zombie.m4a
3370,quarantine,"same metadata artist, album, and title as kept file",rob zombie | hellbilly deluxe | demonoid phenomenon,Rob Zombie,Hellbilly Deluxe,Demonoid Phenomenon,6047746,/mnt/d/Music/_Sorted_By_Artist/Rob Zombie/06 - Demonoid Phenomenon.mp3,/mnt/d/Music/_Sorted_By_Artist/Rob Zombie/06 - Demonoid Phenomenon (2).mp3,/mnt/d/Music/_Duplicate_Quarantine/06 - Demonoid Phenomenon.mp3
9848,keep,largest file in duplicate metadata group,rob zombie | hellbilly deluxe | demonoid phenomenon,Rob Zombie,Hellbilly Deluxe,Demonoid Phenomenon,6047746,/mnt/d/Music/_Sorted_By_Artist/Rob Zombie/06 - Demonoid Phenomenon (2).mp3,/mnt/d/Music/_Sorted_By_Artist/Rob Zombie/06 - Demonoid Phenomenon (2).mp3,
9849,quarantine,"same metadata artist, album, and title as kept file",rob zombie | hellbilly deluxe | demonoid phenomenon,Rob Zombie,Hellbilly Deluxe,Demonoid Phenomenon,3982727,/mnt/d/Music/_Sorted_By_Artist/Rob Zombie/06 Demonoid Phenomenon.m4a,/mnt/d/Music/_Sorted_By_Artist/Rob Zombie/06 - Demonoid Phenomenon (2).mp3,/mnt/d/Music/_Duplicate_Quarantine/06 Demonoid Phenomenon.m4a
3367,quarantine,"same metadata artist, album, and title as kept file",rob zombie | hellbilly deluxe | dragula,Rob Zombie,Hellbilly Deluxe,Dragula,5352471,/mnt/d/Music/_Sorted_By_Artist/Rob Zombie/03 - Dragula.mp3,/mnt/d/Music/_Sorted_By_Artist/Rob Zombie/03 - Dragula (2).mp3,/mnt/d/Music/_Duplicate_Quarantine/03 - Dragula.mp3
9842,keep,largest file in duplicate metadata group,rob zombie | hellbilly deluxe | dragula,Rob Zombie,Hellbilly Deluxe,Dragula,5352471,/mnt/d/Music/_Sorted_By_Artist/Rob Zombie/03 - Dragula (2).mp3,/mnt/d/Music/_Sorted_By_Artist/Rob Zombie/03 - Dragula (2).mp3,
9843,quarantine,"same metadata artist, album, and title as kept file",rob zombie | hellbilly deluxe | dragula,Rob Zombie,Hellbilly Deluxe,Dragula,3677457,/mnt/d/Music/_Sorted_By_Artist/Rob Zombie/03 Dragula.m4a,/mnt/d/Music/_Sorted_By_Artist/Rob Zombie/03 - Dragula (2).mp3,/mnt/d/Music/_Duplicate_Quarantine/03 Dragula.m4a
3372,quarantine,"same metadata artist, album, and title as kept file",rob zombie | hellbilly deluxe | how to make a monster,Rob Zombie,Hellbilly Deluxe,How To Make A Monster,2374512,/mnt/d/Music/_Sorted_By_Artist/Rob Zombie/08 - How To Make A Monster.mp3,/mnt/d/Music/_Sorted_By_Artist/Rob Zombie/08 - How To Make A Monster (2).mp3,/mnt/d/Music/_Duplicate_Quarantine/08 - How To Make A Monster.mp3
9852,keep,largest file in duplicate metadata group,rob zombie | hellbilly deluxe | how to make a monster,Rob Zombie,Hellbilly Deluxe,How To Make A Monster,2374512,/mnt/d/Music/_Sorted_By_Artist/Rob Zombie/08 - How To Make A Monster (2).mp3,/mnt/d/Music/_Sorted_By_Artist/Rob Zombie/08 - How To Make A Monster (2).mp3,
9853,quarantine,"same metadata artist, album, and title as kept file",rob zombie | hellbilly deluxe | how to make a monster,Rob Zombie,Hellbilly Deluxe,How To Make A Monster,1585091,/mnt/d/Music/_Sorted_By_Artist/Rob Zombie/08 How To Make A Monster.m4a,/mnt/d/Music/_Sorted_By_Artist/Rob Zombie/08 - How To Make A Monster (2).mp3,/mnt/d/Music/_Duplicate_Quarantine/08 How To Make A Monster.m4a
3368,quarantine,"same metadata artist, album, and title as kept file",rob zombie | hellbilly deluxe | living dead girl,Rob Zombie,Hellbilly Deluxe,Living Dead Girl,4835247,/mnt/d/Music/_Sorted_By_Artist/Rob Zombie/04 - Living Dead Girl.mp3,/mnt/d/Music/_Sorted_By_Artist/Rob Zombie/04 - Living Dead Girl (2).mp3,/mnt/d/Music/_Duplicate_Quarantine/04 - Living Dead Girl.mp3
9844,keep,largest file in duplicate metadata group,rob zombie | hellbilly deluxe | living dead girl,Rob Zombie,Hellbilly Deluxe,Living Dead Girl,4835247,/mnt/d/Music/_Sorted_By_Artist/Rob Zombie/04 - Living Dead Girl (2).mp3,/mnt/d/Music/_Sorted_By_Artist/Rob Zombie/04 - Living Dead Girl (2).mp3,
9845,quarantine,"same metadata artist, album, and title as kept file",rob zombie | hellbilly deluxe | living dead girl,Rob Zombie,Hellbilly Deluxe,Living Dead Girl,3240801,/mnt/d/Music/_Sorted_By_Artist/Rob Zombie/04 Living Dead Girl.m4a,/mnt/d/Music/_Sorted_By_Artist/Rob Zombie/04 - Living Dead Girl (2).mp3,/mnt/d/Music/_Duplicate_Quarantine/04 Living Dead Girl.m4a
3373,quarantine,"same metadata artist, album, and title as kept file",rob zombie | hellbilly deluxe | meet the creeper,Rob Zombie,Hellbilly Deluxe,Meet The Creeper,4643403,/mnt/d/Music/_Sorted_By_Artist/Rob Zombie/09 - Meet The Creeper.mp3,/mnt/d/Music/_Sorted_By_Artist/Rob Zombie/09 - Meet The Creeper (2).mp3,/mnt/d/Music/_Duplicate_Quarantine/09 - Meet The Creeper.mp3
9854,keep,largest file in duplicate metadata group,rob zombie | hellbilly deluxe | meet the creeper,Rob Zombie,Hellbilly Deluxe,Meet The Creeper,4643403,/mnt/d/Music/_Sorted_By_Artist/Rob Zombie/09 - Meet The Creeper (2).mp3,/mnt/d/Music/_Sorted_By_Artist/Rob Zombie/09 - Meet The Creeper (2).mp3,
9855,quarantine,"same metadata artist, album, and title as kept file",rob zombie | hellbilly deluxe | meet the creeper,Rob Zombie,Hellbilly Deluxe,Meet The Creeper,3137548,/mnt/d/Music/_Sorted_By_Artist/Rob Zombie/09 Meet The Creeper.m4a,/mnt/d/Music/_Sorted_By_Artist/Rob Zombie/09 - Meet The Creeper (2).mp3,/mnt/d/Music/_Duplicate_Quarantine/09 Meet The Creeper.m4a
3369,quarantine,"same metadata artist, album, and title as kept file",rob zombie | hellbilly deluxe | perversion,Rob Zombie,Hellbilly Deluxe,Perversion,2481091,/mnt/d/Music/_Sorted_By_Artist/Rob Zombie/05 - Perversion.mp3,/mnt/d/Music/_Sorted_By_Artist/Rob Zombie/05 - Perversion (2).mp3,/mnt/d/Music/_Duplicate_Quarantine/05 - Perversion.mp3
9846,keep,largest file in duplicate metadata group,rob zombie | hellbilly deluxe | perversion,Rob Zombie,Hellbilly Deluxe,Perversion,2481091,/mnt/d/Music/_Sorted_By_Artist/Rob Zombie/05 - Perversion (2).mp3,/mnt/d/Music/_Sorted_By_Artist/Rob Zombie/05 - Perversion (2).mp3,
9847,quarantine,"same metadata artist, album, and title as kept file",rob zombie | hellbilly deluxe | perversion,Rob Zombie,Hellbilly Deluxe,Perversion,1680510,/mnt/d/Music/_Sorted_By_Artist/Rob Zombie/05 Perversion.m4a,/mnt/d/Music/_Sorted_By_Artist/Rob Zombie/05 - Perversion (2).mp3,/mnt/d/Music/_Duplicate_Quarantine/05 Perversion.m4a
3376,quarantine,"same metadata artist, album, and title as kept file",rob zombie | hellbilly deluxe | return of the phantom stranger,Rob Zombie,Hellbilly Deluxe,Return Of The Phantom Stranger,6520458,/mnt/d/Music/_Sorted_By_Artist/Rob Zombie/12 - Return Of The Phantom Stranger.mp3,/mnt/d/Music/_Sorted_By_Artist/Rob Zombie/12 - Return Of The Phantom Stranger (2).mp3,/mnt/d/Music/_Duplicate_Quarantine/12 - Return Of The Phantom Stranger.mp3
9860,keep,largest file in duplicate metadata group,rob zombie | hellbilly deluxe | return of the phantom stranger,Rob Zombie,Hellbilly Deluxe,Return Of The Phantom Stranger,6520458,/mnt/d/Music/_Sorted_By_Artist/Rob Zombie/12 - Return Of The Phantom Stranger (2).mp3,/mnt/d/Music/_Sorted_By_Artist/Rob Zombie/12 - Return Of The Phantom Stranger (2).mp3,
9861,quarantine,"same metadata artist, album, and title as kept file",rob zombie | hellbilly deluxe | return of the phantom stranger,Rob Zombie,Hellbilly Deluxe,Return Of The Phantom Stranger,4439897,/mnt/d/Music/_Sorted_By_Artist/Rob Zombie/12 Return Of The Phantom Stranger.m4a,/mnt/d/Music/_Sorted_By_Artist/Rob Zombie/12 - Return Of The Phantom Stranger (2).mp3,/mnt/d/Music/_Duplicate_Quarantine/12 Return Of The Phantom Stranger.m4a
3371,quarantine,"same metadata artist, album, and title as kept file",rob zombie | hellbilly deluxe | spookshow baby,Rob Zombie,Hellbilly Deluxe,Spookshow Baby,5236487,/mnt/d/Music/_Sorted_By_Artist/Rob Zombie/07 - Spookshow Baby.mp3,/mnt/d/Music/_Sorted_By_Artist/Rob Zombie/07 - Spookshow Baby (2).mp3,/mnt/d/Music/_Duplicate_Quarantine/07 - Spookshow Baby.mp3
9850,keep,largest file in duplicate metadata group,rob zombie | hellbilly deluxe | spookshow baby,Rob Zombie,Hellbilly Deluxe,Spookshow Baby,5236487,/mnt/d/Music/_Sorted_By_Artist/Rob Zombie/07 - Spookshow Baby (2).mp3,/mnt/d/Music/_Sorted_By_Artist/Rob Zombie/07 - Spookshow Baby (2).mp3,
9851,quarantine,"same metadata artist, album, and title as kept file",rob zombie | hellbilly deluxe | spookshow baby,Rob Zombie,Hellbilly Deluxe,Spookshow Baby,3474550,/mnt/d/Music/_Sorted_By_Artist/Rob Zombie/07 Spookshow Baby.m4a,/mnt/d/Music/_Sorted_By_Artist/Rob Zombie/07 - Spookshow Baby (2).mp3,/mnt/d/Music/_Duplicate_Quarantine/07 Spookshow Baby.m4a
3366,quarantine,"same metadata artist, album, and title as kept file",rob zombie | hellbilly deluxe | superbeast,Rob Zombie,Hellbilly Deluxe,Superbeast,5289777,/mnt/d/Music/_Sorted_By_Artist/Rob Zombie/02 - Superbeast.mp3,/mnt/d/Music/_Sorted_By_Artist/Rob Zombie/02 - Superbeast (2).mp3,/mnt/d/Music/_Duplicate_Quarantine/02 - Superbeast.mp3
9840,keep,largest file in duplicate metadata group,rob zombie | hellbilly deluxe | superbeast,Rob Zombie,Hellbilly Deluxe,Superbeast,5289777,/mnt/d/Music/_Sorted_By_Artist/Rob Zombie/02 - Superbeast (2).mp3,/mnt/d/Music/_Sorted_By_Artist/Rob Zombie/02 - Superbeast (2).mp3,
9841,quarantine,"same metadata artist, album, and title as kept file",rob zombie | hellbilly deluxe | superbeast,Rob Zombie,Hellbilly Deluxe,Superbeast,3545485,/mnt/d/Music/_Sorted_By_Artist/Rob Zombie/02 Superbeast.m4a,/mnt/d/Music/_Sorted_By_Artist/Rob Zombie/02 - Superbeast (2).mp3,/mnt/d/Music/_Duplicate_Quarantine/02 Superbeast.m4a
3374,quarantine,"same metadata artist, album, and title as kept file",rob zombie | hellbilly deluxe | the ballad of resurrection joe and rosa whore,Rob Zombie,Hellbilly Deluxe,The Ballad Of Resurrection Joe And Rosa Whore,5669075,/mnt/d/Music/_Sorted_By_Artist/Rob Zombie/10 - The Ballad Of Resurrection Joe And Rosa Whore.mp3,/mnt/d/Music/_Sorted_By_Artist/Rob Zombie/10 - The Ballad Of Resurrection Joe And Rosa Whore (2).mp3,/mnt/d/Music/_Duplicate_Quarantine/10 - The Ballad Of Resurrection Joe And Rosa Whore.mp3
9856,keep,largest file in duplicate metadata group,rob zombie | hellbilly deluxe | the ballad of resurrection joe and rosa whore,Rob Zombie,Hellbilly Deluxe,The Ballad Of Resurrection Joe And Rosa Whore,5669075,/mnt/d/Music/_Sorted_By_Artist/Rob Zombie/10 - The Ballad Of Resurrection Joe And Rosa Whore (2).mp3,/mnt/d/Music/_Sorted_By_Artist/Rob Zombie/10 - The Ballad Of Resurrection Joe And Rosa Whore (2).mp3,
9857,quarantine,"same metadata artist, album, and title as kept file",rob zombie | hellbilly deluxe | the ballad of resurrection joe and rosa whore,Rob Zombie,Hellbilly Deluxe,The Ballad Of Resurrection Joe And Rosa Whore,3896296,/mnt/d/Music/_Sorted_By_Artist/Rob Zombie/10 The Ballad Of Resurrection Joe An.m4a,/mnt/d/Music/_Sorted_By_Artist/Rob Zombie/10 - The Ballad Of Resurrection Joe And Rosa Whore (2).mp3,/mnt/d/Music/_Duplicate_Quarantine/10 The Ballad Of Resurrection Joe An.m4a
3377,quarantine,"same metadata artist, album, and title as kept file",rob zombie | hellbilly deluxe | the beginning of the end,Rob Zombie,Hellbilly Deluxe,The Beginning Of The End,2708670,/mnt/d/Music/_Sorted_By_Artist/Rob Zombie/13 - The Beginning Of The End.mp3,/mnt/d/Music/_Sorted_By_Artist/Rob Zombie/13 - The Beginning Of The End (2).mp3,/mnt/d/Music/_Duplicate_Quarantine/13 - The Beginning Of The End.mp3
9862,keep,largest file in duplicate metadata group,rob zombie | hellbilly deluxe | the beginning of the end,Rob Zombie,Hellbilly Deluxe,The Beginning Of The End,2708670,/mnt/d/Music/_Sorted_By_Artist/Rob Zombie/13 - The Beginning Of The End (2).mp3,/mnt/d/Music/_Sorted_By_Artist/Rob Zombie/13 - The Beginning Of The End (2).mp3,
9863,quarantine,"same metadata artist, album, and title as kept file",rob zombie | hellbilly deluxe | the beginning of the end,Rob Zombie,Hellbilly Deluxe,The Beginning Of The End,1863971,/mnt/d/Music/_Sorted_By_Artist/Rob Zombie/13 The Beginning Of The End.m4a,/mnt/d/Music/_Sorted_By_Artist/Rob Zombie/13 - The Beginning Of The End (2).mp3,/mnt/d/Music/_Duplicate_Quarantine/13 The Beginning Of The End.m4a
3375,quarantine,"same metadata artist, album, and title as kept file",rob zombie | hellbilly deluxe | what lurks on channel x,Rob Zombie,Hellbilly Deluxe,What Lurks On Channel X ?,3591400,/mnt/d/Music/_Sorted_By_Artist/Rob Zombie/11 - What Lurks On Channel X -.mp3,/mnt/d/Music/_Sorted_By_Artist/Rob Zombie/11 - What Lurks On Channel X - (2).mp3,/mnt/d/Music/_Duplicate_Quarantine/11 - What Lurks On Channel X -.mp3
9858,keep,largest file in duplicate metadata group,rob zombie | hellbilly deluxe | what lurks on channel x,Rob Zombie,Hellbilly Deluxe,What Lurks On Channel X ?,3591400,/mnt/d/Music/_Sorted_By_Artist/Rob Zombie/11 - What Lurks On Channel X - (2).mp3,/mnt/d/Music/_Sorted_By_Artist/Rob Zombie/11 - What Lurks On Channel X - (2).mp3,
9859,quarantine,"same metadata artist, album, and title as kept file",rob zombie | hellbilly deluxe | what lurks on channel x,Rob Zombie,Hellbilly Deluxe,What Lurks On Channel X ?,2460716,/mnt/d/Music/_Sorted_By_Artist/Rob Zombie/11 What Lurks On Channel X _.m4a,/mnt/d/Music/_Sorted_By_Artist/Rob Zombie/11 - What Lurks On Channel X - (2).mp3,/mnt/d/Music/_Duplicate_Quarantine/11 What Lurks On Channel X _.m4a
9971,quarantine,"same metadata artist, album, and title as kept file",santana | supernatural | maria maria,Santana,Supernatural,Maria Maria,4253493,/mnt/d/Music/_Sorted_By_Artist/Santana/KULV.m4a,/mnt/d/Music/_Sorted_By_Artist/Santana/ZCAE.mp3,/mnt/d/Music/_Duplicate_Quarantine/KULV.m4a
9973,keep,largest file in duplicate metadata group,santana | supernatural | maria maria,Santana,Supernatural,Maria Maria,5247272,/mnt/d/Music/_Sorted_By_Artist/Santana/ZCAE.mp3,/mnt/d/Music/_Sorted_By_Artist/Santana/ZCAE.mp3,
9402,keep,largest file in duplicate metadata group,santana | supernatural | smooth,Santana,Supernatural,Smooth,5760911,/mnt/d/Music/_Sorted_By_Artist/Santana/ZAYN.mp3,/mnt/d/Music/_Sorted_By_Artist/Santana/ZAYN.mp3,
9972,quarantine,"same metadata artist, album, and title as kept file",santana | supernatural | smooth,Santana,Supernatural,Smooth,4826883,/mnt/d/Music/_Sorted_By_Artist/Santana/TIXK.m4a,/mnt/d/Music/_Sorted_By_Artist/Santana/ZAYN.mp3,/mnt/d/Music/_Duplicate_Quarantine/TIXK.m4a
1974,quarantine,"same metadata artist, album, and title as kept file",savage garden | savage garden | i want you,Savage Garden,Savage Garden,I Want You,3762648,/mnt/d/Music/_Sorted_By_Artist/Savage Garden/02 I Want You.m4a,/mnt/d/Music/_Sorted_By_Artist/Savage Garden/HUHM.m4a,/mnt/d/Music/_Duplicate_Quarantine/02 I Want You.m4a
9978,keep,largest file in duplicate metadata group,savage garden | savage garden | i want you,Savage Garden,Savage Garden,I Want You,3768205,/mnt/d/Music/_Sorted_By_Artist/Savage Garden/HUHM.m4a,/mnt/d/Music/_Sorted_By_Artist/Savage Garden/HUHM.m4a,
1976,quarantine,"same metadata artist, album, and title as kept file",savage garden | savage garden | santa monica,Savage Garden,Savage Garden,Santa Monica,3472806,/mnt/d/Music/_Sorted_By_Artist/Savage Garden/11 Santa Monica.m4a,/mnt/d/Music/_Sorted_By_Artist/Savage Garden/NFDE.m4a,/mnt/d/Music/_Duplicate_Quarantine/11 Santa Monica.m4a
9982,keep,largest file in duplicate metadata group,savage garden | savage garden | santa monica,Savage Garden,Savage Garden,Santa Monica,3481566,/mnt/d/Music/_Sorted_By_Artist/Savage Garden/NFDE.m4a,/mnt/d/Music/_Sorted_By_Artist/Savage Garden/NFDE.m4a,
1975,quarantine,"same metadata artist, album, and title as kept file",savage garden | savage garden | truly madly deeply,Savage Garden,Savage Garden,Truly Madly Deeply,4494905,/mnt/d/Music/_Sorted_By_Artist/Savage Garden/03 Truly Madly Deeply.m4a,/mnt/d/Music/_Sorted_By_Artist/Savage Garden/GMMK.m4a,/mnt/d/Music/_Duplicate_Quarantine/03 Truly Madly Deeply.m4a
9975,keep,largest file in duplicate metadata group,savage garden | savage garden | truly madly deeply,Savage Garden,Savage Garden,Truly Madly Deeply,4495037,/mnt/d/Music/_Sorted_By_Artist/Savage Garden/GMMK.m4a,/mnt/d/Music/_Sorted_By_Artist/Savage Garden/GMMK.m4a,
3380,quarantine,"same metadata artist, album, and title as kept file",shadows fall | the war within | act of contrition,Shadows Fall,The War Within,Act Of Contrition,5301229,/mnt/d/Music/_Sorted_By_Artist/Shadows Fall/03 - Act Of Contrition.mp3,/mnt/d/Music/_Sorted_By_Artist/Shadows Fall/03 - Act Of Contrition (2).mp3,/mnt/d/Music/_Duplicate_Quarantine/03 - Act Of Contrition.mp3
10024,keep,largest file in duplicate metadata group,shadows fall | the war within | act of contrition,Shadows Fall,The War Within,Act Of Contrition,5301229,/mnt/d/Music/_Sorted_By_Artist/Shadows Fall/03 - Act Of Contrition (2).mp3,/mnt/d/Music/_Sorted_By_Artist/Shadows Fall/03 - Act Of Contrition (2).mp3,
3379,quarantine,"same metadata artist, album, and title as kept file",shadows fall | the war within | enlightened by the cold,Shadows Fall,The War Within,Enlightened By The Cold,4373360,/mnt/d/Music/_Sorted_By_Artist/Shadows Fall/02 - Enlightened By The Cold.mp3,/mnt/d/Music/_Sorted_By_Artist/Shadows Fall/02 - Enlightened By The Cold (2).mp3,/mnt/d/Music/_Duplicate_Quarantine/02 - Enlightened By The Cold.mp3
10023,keep,largest file in duplicate metadata group,shadows fall | the war within | enlightened by the cold,Shadows Fall,The War Within,Enlightened By The Cold,4373360,/mnt/d/Music/_Sorted_By_Artist/Shadows Fall/02 - Enlightened By The Cold (2).mp3,/mnt/d/Music/_Sorted_By_Artist/Shadows Fall/02 - Enlightened By The Cold (2).mp3,
3386,quarantine,"same metadata artist, album, and title as kept file",shadows fall | the war within | eternity is within,Shadows Fall,The War Within,Eternity Is Within,5956380,/mnt/d/Music/_Sorted_By_Artist/Shadows Fall/09 - Eternity Is Within.mp3,/mnt/d/Music/_Sorted_By_Artist/Shadows Fall/09 - Eternity Is Within (2).mp3,/mnt/d/Music/_Duplicate_Quarantine/09 - Eternity Is Within.mp3
10030,keep,largest file in duplicate metadata group,shadows fall | the war within | eternity is within,Shadows Fall,The War Within,Eternity Is Within,5956380,/mnt/d/Music/_Sorted_By_Artist/Shadows Fall/09 - Eternity Is Within (2).mp3,/mnt/d/Music/_Sorted_By_Artist/Shadows Fall/09 - Eternity Is Within (2).mp3,
3385,quarantine,"same metadata artist, album, and title as kept file",shadows fall | the war within | ghosts of past failures,Shadows Fall,The War Within,Ghosts Of Past Failures,6067975,/mnt/d/Music/_Sorted_By_Artist/Shadows Fall/08 - Ghosts Of Past Failures.mp3,/mnt/d/Music/_Sorted_By_Artist/Shadows Fall/08 - Ghosts Of Past Failures (2).mp3,/mnt/d/Music/_Duplicate_Quarantine/08 - Ghosts Of Past Failures.mp3
10029,keep,largest file in duplicate metadata group,shadows fall | the war within | ghosts of past failures,Shadows Fall,The War Within,Ghosts Of Past Failures,6067975,/mnt/d/Music/_Sorted_By_Artist/Shadows Fall/08 - Ghosts Of Past Failures (2).mp3,/mnt/d/Music/_Sorted_By_Artist/Shadows Fall/08 - Ghosts Of Past Failures (2).mp3,
3383,quarantine,"same metadata artist, album, and title as kept file",shadows fall | the war within | inspiration on demand,Shadows Fall,The War Within,Inspiration On Demand,5586486,/mnt/d/Music/_Sorted_By_Artist/Shadows Fall/06 - Inspiration On Demand.mp3,/mnt/d/Music/_Sorted_By_Artist/Shadows Fall/06 - Inspiration On Demand (2).mp3,/mnt/d/Music/_Duplicate_Quarantine/06 - Inspiration On Demand.mp3
10027,keep,largest file in duplicate metadata group,shadows fall | the war within | inspiration on demand,Shadows Fall,The War Within,Inspiration On Demand,5586486,/mnt/d/Music/_Sorted_By_Artist/Shadows Fall/06 - Inspiration On Demand (2).mp3,/mnt/d/Music/_Sorted_By_Artist/Shadows Fall/06 - Inspiration On Demand (2).mp3,
3382,quarantine,"same metadata artist, album, and title as kept file",shadows fall | the war within | stillness,Shadows Fall,The War Within,Stillness,7017161,/mnt/d/Music/_Sorted_By_Artist/Shadows Fall/05 - Stillness.mp3,/mnt/d/Music/_Sorted_By_Artist/Shadows Fall/05 - Stillness (2).mp3,/mnt/d/Music/_Duplicate_Quarantine/05 - Stillness.mp3
10026,keep,largest file in duplicate metadata group,shadows fall | the war within | stillness,Shadows Fall,The War Within,Stillness,7017161,/mnt/d/Music/_Sorted_By_Artist/Shadows Fall/05 - Stillness (2).mp3,/mnt/d/Music/_Sorted_By_Artist/Shadows Fall/05 - Stillness (2).mp3,
3378,quarantine,"same metadata artist, album, and title as kept file",shadows fall | the war within | the light that blinds,Shadows Fall,The War Within,The Light That Blinds,7168880,/mnt/d/Music/_Sorted_By_Artist/Shadows Fall/01 - The Light That Blinds.mp3,/mnt/d/Music/_Sorted_By_Artist/Shadows Fall/01 - The Light That Blinds (2).mp3,/mnt/d/Music/_Duplicate_Quarantine/01 - The Light That Blinds.mp3
10022,keep,largest file in duplicate metadata group,shadows fall | the war within | the light that blinds,Shadows Fall,The War Within,The Light That Blinds,7168880,/mnt/d/Music/_Sorted_By_Artist/Shadows Fall/01 - The Light That Blinds (2).mp3,/mnt/d/Music/_Sorted_By_Artist/Shadows Fall/01 - The Light That Blinds (2).mp3,
3384,quarantine,"same metadata artist, album, and title as kept file",shadows fall | the war within | the power of i and i,Shadows Fall,The War Within,The Power Of I And I,5153899,/mnt/d/Music/_Sorted_By_Artist/Shadows Fall/07 - The Power Of I And I.mp3,/mnt/d/Music/_Sorted_By_Artist/Shadows Fall/07 - The Power Of I And I (2).mp3,/mnt/d/Music/_Duplicate_Quarantine/07 - The Power Of I And I.mp3
10028,keep,largest file in duplicate metadata group,shadows fall | the war within | the power of i and i,Shadows Fall,The War Within,The Power Of I And I,5153899,/mnt/d/Music/_Sorted_By_Artist/Shadows Fall/07 - The Power Of I And I (2).mp3,/mnt/d/Music/_Sorted_By_Artist/Shadows Fall/07 - The Power Of I And I (2).mp3,
3387,quarantine,"same metadata artist, album, and title as kept file",shadows fall | the war within | those who cannot speak,Shadows Fall,The War Within,Those Who Cannot Speak,7614633,/mnt/d/Music/_Sorted_By_Artist/Shadows Fall/10 - Those Who Cannot Speak.mp3,/mnt/d/Music/_Sorted_By_Artist/Shadows Fall/10 - Those Who Cannot Speak (2).mp3,/mnt/d/Music/_Duplicate_Quarantine/10 - Those Who Cannot Speak.mp3
10031,keep,largest file in duplicate metadata group,shadows fall | the war within | those who cannot speak,Shadows Fall,The War Within,Those Who Cannot Speak,7614633,/mnt/d/Music/_Sorted_By_Artist/Shadows Fall/10 - Those Who Cannot Speak (2).mp3,/mnt/d/Music/_Sorted_By_Artist/Shadows Fall/10 - Those Who Cannot Speak (2).mp3,
3381,quarantine,"same metadata artist, album, and title as kept file",shadows fall | the war within | what drives the weak,Shadows Fall,The War Within,What Drives The Weak,6816540,/mnt/d/Music/_Sorted_By_Artist/Shadows Fall/04 - What Drives The Weak.mp3,/mnt/d/Music/_Sorted_By_Artist/Shadows Fall/04 - What Drives The Weak (2).mp3,/mnt/d/Music/_Duplicate_Quarantine/04 - What Drives The Weak.mp3
10025,keep,largest file in duplicate metadata group,shadows fall | the war within | what drives the weak,Shadows Fall,The War Within,What Drives The Weak,6816540,/mnt/d/Music/_Sorted_By_Artist/Shadows Fall/04 - What Drives The Weak (2).mp3,/mnt/d/Music/_Sorted_By_Artist/Shadows Fall/04 - What Drives The Weak (2).mp3,
3393,quarantine,"same metadata artist, album, and title as kept file",shadows fall | threads of life | another hero lost - shadows fall,Shadows Fall,Threads Of Life,Another Hero Lost - Shadows Fall,5871744,/mnt/d/Music/_Sorted_By_Artist/Shadows Fall/06 - Another Hero Lost - Shadows Fall.mp3,/mnt/d/Music/_Sorted_By_Artist/Shadows Fall/06 - Another Hero Lost - Shadows Fall (2).mp3,/mnt/d/Music/_Duplicate_Quarantine/06 - Another Hero Lost - Shadows Fall.mp3
10037,keep,largest file in duplicate metadata group,shadows fall | threads of life | another hero lost - shadows fall,Shadows Fall,Threads Of Life,Another Hero Lost - Shadows Fall,5871744,/mnt/d/Music/_Sorted_By_Artist/Shadows Fall/06 - Another Hero Lost - Shadows Fall (2).mp3,/mnt/d/Music/_Sorted_By_Artist/Shadows Fall/06 - Another Hero Lost - Shadows Fall (2).mp3,
3389,quarantine,"same metadata artist, album, and title as kept file",shadows fall | threads of life | burning the lives - shadows fall,Shadows Fall,Threads Of Life,Burning The Lives - Shadows Fall,5880521,/mnt/d/Music/_Sorted_By_Artist/Shadows Fall/02 - Burning The Lives - Shadows Fall.mp3,/mnt/d/Music/_Sorted_By_Artist/Shadows Fall/02 - Burning The Lives - Shadows Fall (2).mp3,/mnt/d/Music/_Duplicate_Quarantine/02 - Burning The Lives - Shadows Fall.mp3
10033,keep,largest file in duplicate metadata group,shadows fall | threads of life | burning the lives - shadows fall,Shadows Fall,Threads Of Life,Burning The Lives - Shadows Fall,5880521,/mnt/d/Music/_Sorted_By_Artist/Shadows Fall/02 - Burning The Lives - Shadows Fall (2).mp3,/mnt/d/Music/_Sorted_By_Artist/Shadows Fall/02 - Burning The Lives - Shadows Fall (2).mp3,
3395,quarantine,"same metadata artist, album, and title as kept file",shadows fall | threads of life | dread uprising - shadows fall,Shadows Fall,Threads Of Life,Dread Uprising - Shadows Fall,6108099,/mnt/d/Music/_Sorted_By_Artist/Shadows Fall/08 - Dread Uprising - Shadows Fall.mp3,/mnt/d/Music/_Sorted_By_Artist/Shadows Fall/08 - Dread Uprising - Shadows Fall (2).mp3,/mnt/d/Music/_Duplicate_Quarantine/08 - Dread Uprising - Shadows Fall.mp3
10039,keep,largest file in duplicate metadata group,shadows fall | threads of life | dread uprising - shadows fall,Shadows Fall,Threads Of Life,Dread Uprising - Shadows Fall,6108099,/mnt/d/Music/_Sorted_By_Artist/Shadows Fall/08 - Dread Uprising - Shadows Fall (2).mp3,/mnt/d/Music/_Sorted_By_Artist/Shadows Fall/08 - Dread Uprising - Shadows Fall (2).mp3,
3391,quarantine,"same metadata artist, album, and title as kept file",shadows fall | threads of life | failure of the devout - shadows fall,Shadows Fall,Threads Of Life,Failure Of The Devout - Shadows Fall,7824031,/mnt/d/Music/_Sorted_By_Artist/Shadows Fall/04 - Failure Of The Devout - Shadows Fall.mp3,/mnt/d/Music/_Sorted_By_Artist/Shadows Fall/04 - Failure Of The Devout - Shadows Fall (2).mp3,/mnt/d/Music/_Duplicate_Quarantine/04 - Failure Of The Devout - Shadows Fall.mp3
10035,keep,largest file in duplicate metadata group,shadows fall | threads of life | failure of the devout - shadows fall,Shadows Fall,Threads Of Life,Failure Of The Devout - Shadows Fall,7824031,/mnt/d/Music/_Sorted_By_Artist/Shadows Fall/04 - Failure Of The Devout - Shadows Fall (2).mp3,/mnt/d/Music/_Sorted_By_Artist/Shadows Fall/04 - Failure Of The Devout - Shadows Fall (2).mp3,
3394,quarantine,"same metadata artist, album, and title as kept file",shadows fall | threads of life | final call - shadows fall,Shadows Fall,Threads Of Life,Final Call - Shadows Fall,9799515,/mnt/d/Music/_Sorted_By_Artist/Shadows Fall/07 - Final Call - Shadows Fall.mp3,/mnt/d/Music/_Sorted_By_Artist/Shadows Fall/07 - Final Call - Shadows Fall (2).mp3,/mnt/d/Music/_Duplicate_Quarantine/07 - Final Call - Shadows Fall.mp3
10038,keep,largest file in duplicate metadata group,shadows fall | threads of life | final call - shadows fall,Shadows Fall,Threads Of Life,Final Call - Shadows Fall,9799515,/mnt/d/Music/_Sorted_By_Artist/Shadows Fall/07 - Final Call - Shadows Fall (2).mp3,/mnt/d/Music/_Sorted_By_Artist/Shadows Fall/07 - Final Call - Shadows Fall (2).mp3,
3398,quarantine,"same metadata artist, album, and title as kept file",shadows fall | threads of life | forevermore - shadows fall,Shadows Fall,Threads Of Life,Forevermore - Shadows Fall,7641592,/mnt/d/Music/_Sorted_By_Artist/Shadows Fall/11 - Forevermore - Shadows Fall.mp3,/mnt/d/Music/_Sorted_By_Artist/Shadows Fall/11 - Forevermore - Shadows Fall (2).mp3,/mnt/d/Music/_Duplicate_Quarantine/11 - Forevermore - Shadows Fall.mp3
10042,keep,largest file in duplicate metadata group,shadows fall | threads of life | forevermore - shadows fall,Shadows Fall,Threads Of Life,Forevermore - Shadows Fall,7641592,/mnt/d/Music/_Sorted_By_Artist/Shadows Fall/11 - Forevermore - Shadows Fall (2).mp3,/mnt/d/Music/_Sorted_By_Artist/Shadows Fall/11 - Forevermore - Shadows Fall (2).mp3,
3397,quarantine,"same metadata artist, album, and title as kept file",shadows fall | threads of life | just another nightmare - shadows fall,Shadows Fall,Threads Of Life,Just Another Nightmare - Shadows Fall,7097409,/mnt/d/Music/_Sorted_By_Artist/Shadows Fall/10 - Just Another Nightmare - Shadows Fall.mp3,/mnt/d/Music/_Sorted_By_Artist/Shadows Fall/10 - Just Another Nightmare - Shadows Fall (2).mp3,/mnt/d/Music/_Duplicate_Quarantine/10 - Just Another Nightmare - Shadows Fall.mp3
10041,keep,largest file in duplicate metadata group,shadows fall | threads of life | just another nightmare - shadows fall,Shadows Fall,Threads Of Life,Just Another Nightmare - Shadows Fall,7097409,/mnt/d/Music/_Sorted_By_Artist/Shadows Fall/10 - Just Another Nightmare - Shadows Fall (2).mp3,/mnt/d/Music/_Sorted_By_Artist/Shadows Fall/10 - Just Another Nightmare - Shadows Fall (2).mp3,
3388,quarantine,"same metadata artist, album, and title as kept file",shadows fall | threads of life | redemption - shadows fall,Shadows Fall,Threads Of Life,Redemption - Shadows Fall,6178944,/mnt/d/Music/_Sorted_By_Artist/Shadows Fall/01 - Redemption - Shadows Fall.mp3,/mnt/d/Music/_Sorted_By_Artist/Shadows Fall/01 - Redemption - Shadows Fall (2).mp3,/mnt/d/Music/_Duplicate_Quarantine/01 - Redemption - Shadows Fall.mp3
10032,keep,largest file in duplicate metadata group,shadows fall | threads of life | redemption - shadows fall,Shadows Fall,Threads Of Life,Redemption - Shadows Fall,6178944,/mnt/d/Music/_Sorted_By_Artist/Shadows Fall/01 - Redemption - Shadows Fall (2).mp3,/mnt/d/Music/_Sorted_By_Artist/Shadows Fall/01 - Redemption - Shadows Fall (2).mp3,
3390,quarantine,"same metadata artist, album, and title as kept file",shadows fall | threads of life | storm winds - shadows fall,Shadows Fall,Threads Of Life,Storm Winds - Shadows Fall,6981425,/mnt/d/Music/_Sorted_By_Artist/Shadows Fall/03 - Storm Winds - Shadows Fall.mp3,/mnt/d/Music/_Sorted_By_Artist/Shadows Fall/03 - Storm Winds - Shadows Fall (2).mp3,/mnt/d/Music/_Duplicate_Quarantine/03 - Storm Winds - Shadows Fall.mp3
10034,keep,largest file in duplicate metadata group,shadows fall | threads of life | storm winds - shadows fall,Shadows Fall,Threads Of Life,Storm Winds - Shadows Fall,6981425,/mnt/d/Music/_Sorted_By_Artist/Shadows Fall/03 - Storm Winds - Shadows Fall (2).mp3,/mnt/d/Music/_Sorted_By_Artist/Shadows Fall/03 - Storm Winds - Shadows Fall (2).mp3,
3396,quarantine,"same metadata artist, album, and title as kept file",shadows fall | threads of life | the great collapse - shadows fall,Shadows Fall,Threads Of Life,The Great Collapse - Shadows Fall,2327032,/mnt/d/Music/_Sorted_By_Artist/Shadows Fall/09 - The Great Collapse - Shadows Fall.mp3,/mnt/d/Music/_Sorted_By_Artist/Shadows Fall/09 - The Great Collapse - Shadows Fall (2).mp3,/mnt/d/Music/_Duplicate_Quarantine/09 - The Great Collapse - Shadows Fall.mp3
10040,keep,largest file in duplicate metadata group,shadows fall | threads of life | the great collapse - shadows fall,Shadows Fall,Threads Of Life,The Great Collapse - Shadows Fall,2327032,/mnt/d/Music/_Sorted_By_Artist/Shadows Fall/09 - The Great Collapse - Shadows Fall (2).mp3,/mnt/d/Music/_Sorted_By_Artist/Shadows Fall/09 - The Great Collapse - Shadows Fall (2).mp3,
3392,quarantine,"same metadata artist, album, and title as kept file",shadows fall | threads of life | venomous - shadows fall,Shadows Fall,Threads Of Life,Venomous - Shadows Fall,5091205,/mnt/d/Music/_Sorted_By_Artist/Shadows Fall/05 - Venomous - Shadows Fall.mp3,/mnt/d/Music/_Sorted_By_Artist/Shadows Fall/05 - Venomous - Shadows Fall (2).mp3,/mnt/d/Music/_Duplicate_Quarantine/05 - Venomous - Shadows Fall.mp3
10036,keep,largest file in duplicate metadata group,shadows fall | threads of life | venomous - shadows fall,Shadows Fall,Threads Of Life,Venomous - Shadows Fall,5091205,/mnt/d/Music/_Sorted_By_Artist/Shadows Fall/05 - Venomous - Shadows Fall (2).mp3,/mnt/d/Music/_Sorted_By_Artist/Shadows Fall/05 - Venomous - Shadows Fall (2).mp3,
3399,quarantine,"same metadata artist, album, and title as kept file",slipknot | iowa | 515,Slipknot,Iowa,(515),1444302,/mnt/d/Music/_Sorted_By_Artist/Slipknot/01 - (515).mp3,/mnt/d/Music/_Sorted_By_Artist/Slipknot/01 - (515) (2).mp3,/mnt/d/Music/_Duplicate_Quarantine/01 - (515).mp3
4937,quarantine,"same metadata artist, album, and title as kept file",slipknot | iowa | 515,Slipknot,Iowa,(515),957066,/mnt/d/Music/_Sorted_By_Artist/Slipknot/01 (515).m4a,/mnt/d/Music/_Sorted_By_Artist/Slipknot/01 - (515) (2).mp3,/mnt/d/Music/_Duplicate_Quarantine/01 (515).m4a
10077,keep,largest file in duplicate metadata group,slipknot | iowa | 515,Slipknot,Iowa,(515),1444302,/mnt/d/Music/_Sorted_By_Artist/Slipknot/01 - (515) (2).mp3,/mnt/d/Music/_Sorted_By_Artist/Slipknot/01 - (515) (2).mp3,
3401,quarantine,"same metadata artist, album, and title as kept file",slipknot | iowa | disasterpiece,Slipknot,Iowa,Disasterpiece,7405236,/mnt/d/Music/_Sorted_By_Artist/Slipknot/03 - Disasterpiece.mp3,/mnt/d/Music/_Sorted_By_Artist/Slipknot/03 - Disasterpiece (2).mp3,/mnt/d/Music/_Duplicate_Quarantine/03 - Disasterpiece.mp3
4939,quarantine,"same metadata artist, album, and title as kept file",slipknot | iowa | disasterpiece,Slipknot,Iowa,Disasterpiece,4971397,/mnt/d/Music/_Sorted_By_Artist/Slipknot/03 Disasterpiece.m4a,/mnt/d/Music/_Sorted_By_Artist/Slipknot/03 - Disasterpiece (2).mp3,/mnt/d/Music/_Duplicate_Quarantine/03 Disasterpiece.m4a
10079,keep,largest file in duplicate metadata group,slipknot | iowa | disasterpiece,Slipknot,Iowa,Disasterpiece,7405236,/mnt/d/Music/_Sorted_By_Artist/Slipknot/03 - Disasterpiece (2).mp3,/mnt/d/Music/_Sorted_By_Artist/Slipknot/03 - Disasterpiece (2).mp3,
3403,quarantine,"same metadata artist, album, and title as kept file",slipknot | iowa | everything ends,Slipknot,Iowa,Everything Ends,6103711,/mnt/d/Music/_Sorted_By_Artist/Slipknot/05 - Everything Ends.mp3,/mnt/d/Music/_Sorted_By_Artist/Slipknot/05 - Everything Ends (2).mp3,/mnt/d/Music/_Duplicate_Quarantine/05 - Everything Ends.mp3
4941,quarantine,"same metadata artist, album, and title as kept file",slipknot | iowa | everything ends,Slipknot,Iowa,Everything Ends,4099737,/mnt/d/Music/_Sorted_By_Artist/Slipknot/05 Everything Ends.m4a,/mnt/d/Music/_Sorted_By_Artist/Slipknot/05 - Everything Ends (2).mp3,/mnt/d/Music/_Duplicate_Quarantine/05 Everything Ends.m4a
10081,keep,largest file in duplicate metadata group,slipknot | iowa | everything ends,Slipknot,Iowa,Everything Ends,6103711,/mnt/d/Music/_Sorted_By_Artist/Slipknot/05 - Everything Ends (2).mp3,/mnt/d/Music/_Sorted_By_Artist/Slipknot/05 - Everything Ends (2).mp3,
3405,quarantine,"same metadata artist, album, and title as kept file",slipknot | iowa | gently,Slipknot,Iowa,Gently,7061673,/mnt/d/Music/_Sorted_By_Artist/Slipknot/07 - Gently.mp3,/mnt/d/Music/_Sorted_By_Artist/Slipknot/07 - Gently (2).mp3,/mnt/d/Music/_Duplicate_Quarantine/07 - Gently.mp3
4943,quarantine,"same metadata artist, album, and title as kept file",slipknot | iowa | gently,Slipknot,Iowa,Gently,4707904,/mnt/d/Music/_Sorted_By_Artist/Slipknot/07 Gently.m4a,/mnt/d/Music/_Sorted_By_Artist/Slipknot/07 - Gently (2).mp3,/mnt/d/Music/_Duplicate_Quarantine/07 Gently.m4a
10083,keep,largest file in duplicate metadata group,slipknot | iowa | gently,Slipknot,Iowa,Gently,7061673,/mnt/d/Music/_Sorted_By_Artist/Slipknot/07 - Gently (2).mp3,/mnt/d/Music/_Sorted_By_Artist/Slipknot/07 - Gently (2).mp3,
3408,quarantine,"same metadata artist, album, and title as kept file",slipknot | iowa | i am hated,Slipknot,Iowa,I Am Hated,3794068,/mnt/d/Music/_Sorted_By_Artist/Slipknot/10 - I Am Hated.mp3,/mnt/d/Music/_Sorted_By_Artist/Slipknot/10 - I Am Hated (2).mp3,/mnt/d/Music/_Duplicate_Quarantine/10 - I Am Hated.mp3
4946,quarantine,"same metadata artist, album, and title as kept file",slipknot | iowa | i am hated,Slipknot,Iowa,I Am Hated,2589425,/mnt/d/Music/_Sorted_By_Artist/Slipknot/10 I Am Hated.m4a,/mnt/d/Music/_Sorted_By_Artist/Slipknot/10 - I Am Hated (2).mp3,/mnt/d/Music/_Duplicate_Quarantine/10 I Am Hated.m4a
10086,keep,largest file in duplicate metadata group,slipknot | iowa | i am hated,Slipknot,Iowa,I Am Hated,3794068,/mnt/d/Music/_Sorted_By_Artist/Slipknot/10 - I Am Hated (2).mp3,/mnt/d/Music/_Sorted_By_Artist/Slipknot/10 - I Am Hated (2).mp3,
3412,quarantine,"same metadata artist, album, and title as kept file",slipknot | iowa | iowa,Slipknot,Iowa,Iowa,21733921,/mnt/d/Music/_Sorted_By_Artist/Slipknot/14 - Iowa.mp3,/mnt/d/Music/_Sorted_By_Artist/Slipknot/14 - Iowa (2).mp3,/mnt/d/Music/_Duplicate_Quarantine/14 - Iowa.mp3
4950,quarantine,"same metadata artist, album, and title as kept file",slipknot | iowa | iowa,Slipknot,Iowa,Iowa,14389241,/mnt/d/Music/_Sorted_By_Artist/Slipknot/14 Iowa.m4a,/mnt/d/Music/_Sorted_By_Artist/Slipknot/14 - Iowa (2).mp3,/mnt/d/Music/_Duplicate_Quarantine/14 Iowa.m4a
10090,keep,largest file in duplicate metadata group,slipknot | iowa | iowa,Slipknot,Iowa,Iowa,21733921,/mnt/d/Music/_Sorted_By_Artist/Slipknot/14 - Iowa (2).mp3,/mnt/d/Music/_Sorted_By_Artist/Slipknot/14 - Iowa (2).mp3,
3406,quarantine,"same metadata artist, album, and title as kept file",slipknot | iowa | left behind,Slipknot,Iowa,Left Behind,5800272,/mnt/d/Music/_Sorted_By_Artist/Slipknot/08 - Left Behind.mp3,/mnt/d/Music/_Sorted_By_Artist/Slipknot/08 - Left Behind (2).mp3,/mnt/d/Music/_Duplicate_Quarantine/08 - Left Behind.mp3
4944,quarantine,"same metadata artist, album, and title as kept file",slipknot | iowa | left behind,Slipknot,Iowa,Left Behind,3998109,/mnt/d/Music/_Sorted_By_Artist/Slipknot/08 Left Behind.m4a,/mnt/d/Music/_Sorted_By_Artist/Slipknot/08 - Left Behind (2).mp3,/mnt/d/Music/_Duplicate_Quarantine/08 Left Behind.m4a
10084,keep,largest file in duplicate metadata group,slipknot | iowa | left behind,Slipknot,Iowa,Left Behind,5800272,/mnt/d/Music/_Sorted_By_Artist/Slipknot/08 - Left Behind (2).mp3,/mnt/d/Music/_Sorted_By_Artist/Slipknot/08 - Left Behind (2).mp3,
3411,quarantine,"same metadata artist, album, and title as kept file",slipknot | iowa | metabolic,Slipknot,Iowa,Metabolic,5755760,/mnt/d/Music/_Sorted_By_Artist/Slipknot/13 - Metabolic.mp3,/mnt/d/Music/_Sorted_By_Artist/Slipknot/13 - Metabolic (2).mp3,/mnt/d/Music/_Duplicate_Quarantine/13 - Metabolic.mp3
4949,quarantine,"same metadata artist, album, and title as kept file",slipknot | iowa | metabolic,Slipknot,Iowa,Metabolic,3897807,/mnt/d/Music/_Sorted_By_Artist/Slipknot/13 Metabolic.m4a,/mnt/d/Music/_Sorted_By_Artist/Slipknot/13 - Metabolic (2).mp3,/mnt/d/Music/_Duplicate_Quarantine/13 Metabolic.m4a
10089,keep,largest file in duplicate metadata group,slipknot | iowa | metabolic,Slipknot,Iowa,Metabolic,5755760,/mnt/d/Music/_Sorted_By_Artist/Slipknot/13 - Metabolic (2).mp3,/mnt/d/Music/_Sorted_By_Artist/Slipknot/13 - Metabolic (2).mp3,
3402,quarantine,"same metadata artist, album, and title as kept file",slipknot | iowa | my plague,Slipknot,Iowa,My Plague,5291825,/mnt/d/Music/_Sorted_By_Artist/Slipknot/04 - My Plague.mp3,/mnt/d/Music/_Sorted_By_Artist/Slipknot/04 - My Plague (2).mp3,/mnt/d/Music/_Duplicate_Quarantine/04 - My Plague.mp3
4940,quarantine,"same metadata artist, album, and title as kept file",slipknot | iowa | my plague,Slipknot,Iowa,My Plague,3645541,/mnt/d/Music/_Sorted_By_Artist/Slipknot/04 My Plague.m4a,/mnt/d/Music/_Sorted_By_Artist/Slipknot/04 - My Plague (2).mp3,/mnt/d/Music/_Duplicate_Quarantine/04 My Plague.m4a
10080,keep,largest file in duplicate metadata group,slipknot | iowa | my plague,Slipknot,Iowa,My Plague,5291825,/mnt/d/Music/_Sorted_By_Artist/Slipknot/04 - My Plague (2).mp3,/mnt/d/Music/_Sorted_By_Artist/Slipknot/04 - My Plague (2).mp3,
3410,quarantine,"same metadata artist, album, and title as kept file",slipknot | iowa | new abortion,Slipknot,Iowa,New Abortion,5207188,/mnt/d/Music/_Sorted_By_Artist/Slipknot/12 - New Abortion.mp3,/mnt/d/Music/_Sorted_By_Artist/Slipknot/12 - New Abortion (2).mp3,/mnt/d/Music/_Duplicate_Quarantine/12 - New Abortion.mp3
4948,quarantine,"same metadata artist, album, and title as kept file",slipknot | iowa | new abortion,Slipknot,Iowa,New Abortion,3482132,/mnt/d/Music/_Sorted_By_Artist/Slipknot/12 New Abortion.m4a,/mnt/d/Music/_Sorted_By_Artist/Slipknot/12 - New Abortion (2).mp3,/mnt/d/Music/_Duplicate_Quarantine/12 New Abortion.m4a
10088,keep,largest file in duplicate metadata group,slipknot | iowa | new abortion,Slipknot,Iowa,New Abortion,5207188,/mnt/d/Music/_Sorted_By_Artist/Slipknot/12 - New Abortion (2).mp3,/mnt/d/Music/_Sorted_By_Artist/Slipknot/12 - New Abortion (2).mp3,
3400,quarantine,"same metadata artist, album, and title as kept file",slipknot | iowa | people=shit,Slipknot,Iowa,People=Shit,5180857,/mnt/d/Music/_Sorted_By_Artist/Slipknot/02 - People=Shit.mp3,/mnt/d/Music/_Sorted_By_Artist/Slipknot/02 - People=Shit (2).mp3,/mnt/d/Music/_Duplicate_Quarantine/02 - People=Shit.mp3
10078,keep,largest file in duplicate metadata group,slipknot | iowa | people=shit,Slipknot,Iowa,People=Shit,5180857,/mnt/d/Music/_Sorted_By_Artist/Slipknot/02 - People=Shit (2).mp3,/mnt/d/Music/_Sorted_By_Artist/Slipknot/02 - People=Shit (2).mp3,
3409,quarantine,"same metadata artist, album, and title as kept file",slipknot | iowa | skin ticket,Slipknot,Iowa,Skin Ticket,9634630,/mnt/d/Music/_Sorted_By_Artist/Slipknot/11 - Skin Ticket.mp3,/mnt/d/Music/_Sorted_By_Artist/Slipknot/11 - Skin Ticket (2).mp3,/mnt/d/Music/_Duplicate_Quarantine/11 - Skin Ticket.mp3
4947,quarantine,"same metadata artist, album, and title as kept file",slipknot | iowa | skin ticket,Slipknot,Iowa,Skin Ticket,6456596,/mnt/d/Music/_Sorted_By_Artist/Slipknot/11 Skin Ticket.m4a,/mnt/d/Music/_Sorted_By_Artist/Slipknot/11 - Skin Ticket (2).mp3,/mnt/d/Music/_Duplicate_Quarantine/11 Skin Ticket.m4a
10087,keep,largest file in duplicate metadata group,slipknot | iowa | skin ticket,Slipknot,Iowa,Skin Ticket,9634630,/mnt/d/Music/_Sorted_By_Artist/Slipknot/11 - Skin Ticket (2).mp3,/mnt/d/Music/_Sorted_By_Artist/Slipknot/11 - Skin Ticket (2).mp3,
3404,quarantine,"same metadata artist, album, and title as kept file",slipknot | iowa | the heretic anthem,Slipknot,Iowa,The Heretic Anthem,6103711,/mnt/d/Music/_Sorted_By_Artist/Slipknot/06 - The Heretic Anthem.mp3,/mnt/d/Music/_Sorted_By_Artist/Slipknot/06 - The Heretic Anthem (2).mp3,/mnt/d/Music/_Duplicate_Quarantine/06 - The Heretic Anthem.mp3
4942,quarantine,"same metadata artist, album, and title as kept file",slipknot | iowa | the heretic anthem,Slipknot,Iowa,The Heretic Anthem,4133059,/mnt/d/Music/_Sorted_By_Artist/Slipknot/06 The Heretic Anthem.m4a,/mnt/d/Music/_Sorted_By_Artist/Slipknot/06 - The Heretic Anthem (2).mp3,/mnt/d/Music/_Duplicate_Quarantine/06 The Heretic Anthem.m4a
10082,keep,largest file in duplicate metadata group,slipknot | iowa | the heretic anthem,Slipknot,Iowa,The Heretic Anthem,6103711,/mnt/d/Music/_Sorted_By_Artist/Slipknot/06 - The Heretic Anthem (2).mp3,/mnt/d/Music/_Sorted_By_Artist/Slipknot/06 - The Heretic Anthem (2).mp3,
3407,quarantine,"same metadata artist, album, and title as kept file",slipknot | iowa | the shape,Slipknot,Iowa,The Shape,5229758,/mnt/d/Music/_Sorted_By_Artist/Slipknot/09 - The Shape.mp3,/mnt/d/Music/_Sorted_By_Artist/Slipknot/09 - The Shape (2).mp3,/mnt/d/Music/_Duplicate_Quarantine/09 - The Shape.mp3
4945,quarantine,"same metadata artist, album, and title as kept file",slipknot | iowa | the shape,Slipknot,Iowa,The Shape,3475293,/mnt/d/Music/_Sorted_By_Artist/Slipknot/09 The Shape.m4a,/mnt/d/Music/_Sorted_By_Artist/Slipknot/09 - The Shape (2).mp3,/mnt/d/Music/_Duplicate_Quarantine/09 The Shape.m4a
10085,keep,largest file in duplicate metadata group,slipknot | iowa | the shape,Slipknot,Iowa,The Shape,5229758,/mnt/d/Music/_Sorted_By_Artist/Slipknot/09 - The Shape (2).mp3,/mnt/d/Music/_Sorted_By_Artist/Slipknot/09 - The Shape (2).mp3,
2034,quarantine,"same metadata artist, album, and title as kept file",staind | break the cycle | fade,Staind,Break The Cycle,Fade,3935753,/mnt/d/Music/_Sorted_By_Artist/Staind/03 Fade.m4a,/mnt/d/Music/_Sorted_By_Artist/Staind/SGCP.m4a,/mnt/d/Music/_Duplicate_Quarantine/03 Fade.m4a
10175,keep,largest file in duplicate metadata group,staind | break the cycle | fade,Staind,Break The Cycle,Fade,3949359,/mnt/d/Music/_Sorted_By_Artist/Staind/SGCP.m4a,/mnt/d/Music/_Sorted_By_Artist/Staind/SGCP.m4a,
10181,quarantine,"same metadata artist, album, and title as kept file",staind | break the cycle | fade,Staind,Break The Cycle,Fade,3938892,/mnt/d/Music/_Sorted_By_Artist/Staind/ZAES.m4a,/mnt/d/Music/_Sorted_By_Artist/Staind/SGCP.m4a,/mnt/d/Music/_Duplicate_Quarantine/ZAES.m4a
2036,quarantine,"same metadata artist, album, and title as kept file",staind | break the cycle | for you,Staind,Break The Cycle,For You,3334982,/mnt/d/Music/_Sorted_By_Artist/Staind/10 For You.m4a,/mnt/d/Music/_Sorted_By_Artist/Staind/NMXS.m4a,/mnt/d/Music/_Duplicate_Quarantine/10 For You.m4a
10174,keep,largest file in duplicate metadata group,staind | break the cycle | for you,Staind,Break The Cycle,For You,3345128,/mnt/d/Music/_Sorted_By_Artist/Staind/NMXS.m4a,/mnt/d/Music/_Sorted_By_Artist/Staind/NMXS.m4a,
2035,quarantine,"same metadata artist, album, and title as kept file",staind | break the cycle | it's been awhile,Staind,Break The Cycle,It's Been Awhile,4304357,/mnt/d/Music/_Sorted_By_Artist/Staind/04 It's Been Awhile.m4a,/mnt/d/Music/_Sorted_By_Artist/Staind/IEYL.m4a,/mnt/d/Music/_Duplicate_Quarantine/04 It's Been Awhile.m4a
10171,keep,largest file in duplicate metadata group,staind | break the cycle | it's been awhile,Staind,Break The Cycle,It's Been Awhile,4304651,/mnt/d/Music/_Sorted_By_Artist/Staind/IEYL.m4a,/mnt/d/Music/_Sorted_By_Artist/Staind/IEYL.m4a,
10173,quarantine,"same metadata artist, album, and title as kept file",staind | break the cycle | it's been awhile,Staind,Break The Cycle,It's Been Awhile,4301559,/mnt/d/Music/_Sorted_By_Artist/Staind/NLTT.m4a,/mnt/d/Music/_Sorted_By_Artist/Staind/IEYL.m4a,/mnt/d/Music/_Duplicate_Quarantine/NLTT.m4a
2037,quarantine,"same metadata artist, album, and title as kept file",staind | break the cycle | outside,Staind,Break The Cycle,Outside,4729511,/mnt/d/Music/_Sorted_By_Artist/Staind/11 Outside.m4a,/mnt/d/Music/_Sorted_By_Artist/Staind/UAWE.m4a,/mnt/d/Music/_Duplicate_Quarantine/11 Outside.m4a
10177,keep,largest file in duplicate metadata group,staind | break the cycle | outside,Staind,Break The Cycle,Outside,4729638,/mnt/d/Music/_Sorted_By_Artist/Staind/UAWE.m4a,/mnt/d/Music/_Sorted_By_Artist/Staind/UAWE.m4a,
10179,quarantine,"same metadata artist, album, and title as kept file",staind | break the cycle | outside,Staind,Break The Cycle,Outside,4729566,/mnt/d/Music/_Sorted_By_Artist/Staind/UXVX.m4a,/mnt/d/Music/_Sorted_By_Artist/Staind/UAWE.m4a,/mnt/d/Music/_Duplicate_Quarantine/UXVX.m4a
10184,keep,largest file in duplicate metadata group,staind | chapter v | cross to bear,Staind,Chapter V,Cross To Bear,3589784,/mnt/d/Music/_Sorted_By_Artist/Staind/AYUW.m4a,/mnt/d/Music/_Sorted_By_Artist/Staind/AYUW.m4a,
10190,quarantine,"same metadata artist, album, and title as kept file",staind | chapter v | cross to bear,Staind,Chapter V,Cross To Bear,3589051,/mnt/d/Music/_Sorted_By_Artist/Staind/NWAF.m4a,/mnt/d/Music/_Sorted_By_Artist/Staind/AYUW.m4a,/mnt/d/Music/_Duplicate_Quarantine/NWAF.m4a
10186,quarantine,"same metadata artist, album, and title as kept file",staind | chapter v | right here,Staind,Chapter V,Right Here,4113998,/mnt/d/Music/_Sorted_By_Artist/Staind/JTQP.m4a,/mnt/d/Music/_Sorted_By_Artist/Staind/XUAQ.m4a,/mnt/d/Music/_Duplicate_Quarantine/JTQP.m4a
10195,keep,largest file in duplicate metadata group,staind | chapter v | right here,Staind,Chapter V,Right Here,4114810,/mnt/d/Music/_Sorted_By_Artist/Staind/XUAQ.m4a,/mnt/d/Music/_Sorted_By_Artist/Staind/XUAQ.m4a,
4127,keep,largest file in duplicate metadata group,stone sour | come what(ever) may | 1st person,Stone Sour,Come What(Ever) May,1st Person,3919422,/mnt/d/Music/_Sorted_By_Artist/Stone Sour/OTTD.m4a,/mnt/d/Music/_Sorted_By_Artist/Stone Sour/OTTD.m4a,
10255,quarantine,"same metadata artist, album, and title as kept file",stone sour | come what(ever) may | 1st person,Stone Sour,Come What(Ever) May,1st Person,3892748,/mnt/d/Music/_Sorted_By_Artist/Stone Sour/10 1st Person.m4a,/mnt/d/Music/_Sorted_By_Artist/Stone Sour/OTTD.m4a,/mnt/d/Music/_Duplicate_Quarantine/10 1st Person.m4a
4124,quarantine,"same metadata artist, album, and title as kept file",stone sour | come what(ever) may | 30/30-150,Stone Sour,Come What(Ever) May,30/30-150,4184993,/mnt/d/Music/_Sorted_By_Artist/Stone Sour/HETD.m4a,/mnt/d/Music/_Sorted_By_Artist/Stone Sour/01 30_30-150.m4a,/mnt/d/Music/_Duplicate_Quarantine/HETD.m4a
10246,keep,largest file in duplicate metadata group,stone sour | come what(ever) may | 30/30-150,Stone Sour,Come What(Ever) May,30/30-150,4201537,/mnt/d/Music/_Sorted_By_Artist/Stone Sour/01 30_30-150.m4a,/mnt/d/Music/_Sorted_By_Artist/Stone Sour/01 30_30-150.m4a,
4122,keep,largest file in duplicate metadata group,stone sour | come what(ever) may | cardiff,Stone Sour,Come What(Ever) May,Cardiff,4569743,/mnt/d/Music/_Sorted_By_Artist/Stone Sour/FGXF.m4a,/mnt/d/Music/_Sorted_By_Artist/Stone Sour/FGXF.m4a,
10256,quarantine,"same metadata artist, album, and title as kept file",stone sour | come what(ever) may | cardiff,Stone Sour,Come What(Ever) May,Cardiff,4535997,/mnt/d/Music/_Sorted_By_Artist/Stone Sour/11 Cardiff.m4a,/mnt/d/Music/_Sorted_By_Artist/Stone Sour/FGXF.m4a,/mnt/d/Music/_Duplicate_Quarantine/11 Cardiff.m4a
4126,keep,largest file in duplicate metadata group,stone sour | come what(ever) may | come what(ever) may,Stone Sour,Come What(Ever) May,Come What(Ever) May,3570446,/mnt/d/Music/_Sorted_By_Artist/Stone Sour/LHFU.m4a,/mnt/d/Music/_Sorted_By_Artist/Stone Sour/LHFU.m4a,
10247,quarantine,"same metadata artist, album, and title as kept file",stone sour | come what(ever) may | come what(ever) may,Stone Sour,Come What(Ever) May,Come What(Ever) May,3522729,/mnt/d/Music/_Sorted_By_Artist/Stone Sour/02 Come What(Ever) May.m4a,/mnt/d/Music/_Sorted_By_Artist/Stone Sour/LHFU.m4a,/mnt/d/Music/_Duplicate_Quarantine/02 Come What(Ever) May.m4a
4131,keep,largest file in duplicate metadata group,stone sour | come what(ever) may | hell & consequences,Stone Sour,Come What(Ever) May,Hell & Consequences,3433558,/mnt/d/Music/_Sorted_By_Artist/Stone Sour/WXIK.m4a,/mnt/d/Music/_Sorted_By_Artist/Stone Sour/WXIK.m4a,
10248,quarantine,"same metadata artist, album, and title as kept file",stone sour | come what(ever) may | hell & consequences,Stone Sour,Come What(Ever) May,Hell & Consequences,3372803,/mnt/d/Music/_Sorted_By_Artist/Stone Sour/03 Hell & Consequences.m4a,/mnt/d/Music/_Sorted_By_Artist/Stone Sour/WXIK.m4a,/mnt/d/Music/_Duplicate_Quarantine/03 Hell & Consequences.m4a
4130,keep,largest file in duplicate metadata group,stone sour | come what(ever) may | made of scars,Stone Sour,Come What(Ever) May,Made Of Scars,3310917,/mnt/d/Music/_Sorted_By_Artist/Stone Sour/WJPB.m4a,/mnt/d/Music/_Sorted_By_Artist/Stone Sour/WJPB.m4a,
10250,quarantine,"same metadata artist, album, and title as kept file",stone sour | come what(ever) may | made of scars,Stone Sour,Come What(Ever) May,Made Of Scars,3283000,/mnt/d/Music/_Sorted_By_Artist/Stone Sour/05 Made Of Scars.m4a,/mnt/d/Music/_Sorted_By_Artist/Stone Sour/WJPB.m4a,/mnt/d/Music/_Duplicate_Quarantine/05 Made Of Scars.m4a
4129,keep,largest file in duplicate metadata group,stone sour | come what(ever) may | reborn,Stone Sour,Come What(Ever) May,Reborn,3142950,/mnt/d/Music/_Sorted_By_Artist/Stone Sour/VOAR.m4a,/mnt/d/Music/_Sorted_By_Artist/Stone Sour/VOAR.m4a,
10251,quarantine,"same metadata artist, album, and title as kept file",stone sour | come what(ever) may | reborn,Stone Sour,Come What(Ever) May,Reborn,3118334,/mnt/d/Music/_Sorted_By_Artist/Stone Sour/06 Reborn.m4a,/mnt/d/Music/_Sorted_By_Artist/Stone Sour/VOAR.m4a,/mnt/d/Music/_Duplicate_Quarantine/06 Reborn.m4a
4123,quarantine,"same metadata artist, album, and title as kept file",stone sour | come what(ever) may | sillyworld,Stone Sour,Come What(Ever) May,Sillyworld,4037792,/mnt/d/Music/_Sorted_By_Artist/Stone Sour/GFCI.m4a,/mnt/d/Music/_Sorted_By_Artist/Stone Sour/04 Sillyworld.m4a,/mnt/d/Music/_Duplicate_Quarantine/GFCI.m4a
10249,keep,largest file in duplicate metadata group,stone sour | come what(ever) may | sillyworld,Stone Sour,Come What(Ever) May,Sillyworld,4064532,/mnt/d/Music/_Sorted_By_Artist/Stone Sour/04 Sillyworld.m4a,/mnt/d/Music/_Sorted_By_Artist/Stone Sour/04 Sillyworld.m4a,
4121,keep,largest file in duplicate metadata group,stone sour | come what(ever) may | socio,Stone Sour,Come What(Ever) May,Socio,3255895,/mnt/d/Music/_Sorted_By_Artist/Stone Sour/BHIZ.m4a,/mnt/d/Music/_Sorted_By_Artist/Stone Sour/BHIZ.m4a,
10254,quarantine,"same metadata artist, album, and title as kept file",stone sour | come what(ever) may | socio,Stone Sour,Come What(Ever) May,Socio,3209012,/mnt/d/Music/_Sorted_By_Artist/Stone Sour/09 Socio.m4a,/mnt/d/Music/_Sorted_By_Artist/Stone Sour/BHIZ.m4a,/mnt/d/Music/_Duplicate_Quarantine/09 Socio.m4a
2045,quarantine,"same metadata artist, album, and title as kept file",stone sour | come what(ever) may | through glass,Stone Sour,Come What(Ever) May,Through Glass,4495804,/mnt/d/Music/_Sorted_By_Artist/Stone Sour/08 Through Glass.m4a,/mnt/d/Music/_Sorted_By_Artist/Stone Sour/KTUL.m4a,/mnt/d/Music/_Duplicate_Quarantine/08 Through Glass.m4a
4125,keep,largest file in duplicate metadata group,stone sour | come what(ever) may | through glass,Stone Sour,Come What(Ever) May,Through Glass,4584439,/mnt/d/Music/_Sorted_By_Artist/Stone Sour/KTUL.m4a,/mnt/d/Music/_Sorted_By_Artist/Stone Sour/KTUL.m4a,
10253,quarantine,"same metadata artist, album, and title as kept file",stone sour | come what(ever) may | through glass,Stone Sour,Come What(Ever) May,Through Glass,4492851,/mnt/d/Music/_Sorted_By_Artist/Stone Sour/08 Through Glass (2).m4a,/mnt/d/Music/_Sorted_By_Artist/Stone Sour/KTUL.m4a,/mnt/d/Music/_Duplicate_Quarantine/08 Through Glass (2).m4a
4132,keep,largest file in duplicate metadata group,stone sour | come what(ever) may | your god,Stone Sour,Come What(Ever) May,Your God,4589071,/mnt/d/Music/_Sorted_By_Artist/Stone Sour/YLDV.m4a,/mnt/d/Music/_Sorted_By_Artist/Stone Sour/YLDV.m4a,
10252,quarantine,"same metadata artist, album, and title as kept file",stone sour | come what(ever) may | your god,Stone Sour,Come What(Ever) May,Your God,4559627,/mnt/d/Music/_Sorted_By_Artist/Stone Sour/07 Your God.m4a,/mnt/d/Music/_Sorted_By_Artist/Stone Sour/YLDV.m4a,/mnt/d/Music/_Duplicate_Quarantine/07 Your God.m4a
4128,keep,largest file in duplicate metadata group,stone sour | come what(ever) may | zzyzx rd,Stone Sour,Come What(Ever) May,Zzyzx Rd.,5119725,/mnt/d/Music/_Sorted_By_Artist/Stone Sour/PFOX.m4a,/mnt/d/Music/_Sorted_By_Artist/Stone Sour/PFOX.m4a,
10257,quarantine,"same metadata artist, album, and title as kept file",stone sour | come what(ever) may | zzyzx rd,Stone Sour,Come What(Ever) May,Zzyzx Rd.,5024749,/mnt/d/Music/_Sorted_By_Artist/Stone Sour/12 Zzyzx Rd..m4a,/mnt/d/Music/_Sorted_By_Artist/Stone Sour/PFOX.m4a,/mnt/d/Music/_Duplicate_Quarantine/12 Zzyzx Rd..m4a
3424,quarantine,"same metadata artist, album, and title as kept file",stone temple pilots | thank you | all in the suit that you wear [previously unreleased,Stone Temple Pilots,Thank You,All In The Suit That You Wear [Previously Unreleased],5323172,/mnt/d/Music/_Sorted_By_Artist/Stone Temple Pilots/11 - All In The Suit That You Wear [Previously Unreleased].mp3,/mnt/d/Music/_Sorted_By_Artist/Stone Temple Pilots/11 - All In The Suit That You Wear [Previously Unreleased] (2).mp3,/mnt/d/Music/_Duplicate_Quarantine/11 - All In The Suit That You Wear [Previously Unreleased].mp3
10275,keep,largest file in duplicate metadata group,stone temple pilots | thank you | all in the suit that you wear [previously unreleased,Stone Temple Pilots,Thank You,All In The Suit That You Wear [Previously Unreleased],5323172,/mnt/d/Music/_Sorted_By_Artist/Stone Temple Pilots/11 - All In The Suit That You Wear [Previously Unreleased] (2).mp3,/mnt/d/Music/_Sorted_By_Artist/Stone Temple Pilots/11 - All In The Suit That You Wear [Previously Unreleased] (2).mp3,
3419,quarantine,"same metadata artist, album, and title as kept file",stone temple pilots | thank you | big bang baby,Stone Temple Pilots,Thank You,Big Bang Baby,4921931,/mnt/d/Music/_Sorted_By_Artist/Stone Temple Pilots/06 - Big Bang Baby.mp3,/mnt/d/Music/_Sorted_By_Artist/Stone Temple Pilots/06 - Big Bang Baby (2).mp3,/mnt/d/Music/_Duplicate_Quarantine/06 - Big Bang Baby.mp3
10270,keep,largest file in duplicate metadata group,stone temple pilots | thank you | big bang baby,Stone Temple Pilots,Thank You,Big Bang Baby,4921931,/mnt/d/Music/_Sorted_By_Artist/Stone Temple Pilots/06 - Big Bang Baby (2).mp3,/mnt/d/Music/_Sorted_By_Artist/Stone Temple Pilots/06 - Big Bang Baby (2).mp3,
3417,quarantine,"same metadata artist, album, and title as kept file",stone temple pilots | thank you | big empty,Stone Temple Pilots,Thank You,Big Empty,7111201,/mnt/d/Music/_Sorted_By_Artist/Stone Temple Pilots/04 - Big Empty.mp3,/mnt/d/Music/_Sorted_By_Artist/Stone Temple Pilots/04 - Big Empty (2).mp3,/mnt/d/Music/_Duplicate_Quarantine/04 - Big Empty.mp3
10268,keep,largest file in duplicate metadata group,stone temple pilots | thank you | big empty,Stone Temple Pilots,Thank You,Big Empty,7111201,/mnt/d/Music/_Sorted_By_Artist/Stone Temple Pilots/04 - Big Empty (2).mp3,/mnt/d/Music/_Sorted_By_Artist/Stone Temple Pilots/04 - Big Empty (2).mp3,
3420,quarantine,"same metadata artist, album, and title as kept file",stone temple pilots | thank you | creep,Stone Temple Pilots,Thank You,Creep,8038444,/mnt/d/Music/_Sorted_By_Artist/Stone Temple Pilots/07 - Creep.mp3,/mnt/d/Music/_Sorted_By_Artist/Stone Temple Pilots/07 - Creep (2).mp3,/mnt/d/Music/_Duplicate_Quarantine/07 - Creep.mp3
10271,keep,largest file in duplicate metadata group,stone temple pilots | thank you | creep,Stone Temple Pilots,Thank You,Creep,8038444,/mnt/d/Music/_Sorted_By_Artist/Stone Temple Pilots/07 - Creep (2).mp3,/mnt/d/Music/_Sorted_By_Artist/Stone Temple Pilots/07 - Creep (2).mp3,
3426,quarantine,"same metadata artist, album, and title as kept file",stone temple pilots | thank you | days of the week,Stone Temple Pilots,Thank You,Days Of The Week,3780903,/mnt/d/Music/_Sorted_By_Artist/Stone Temple Pilots/13 - Days Of The Week.mp3,/mnt/d/Music/_Sorted_By_Artist/Stone Temple Pilots/13 - Days Of The Week (2).mp3,/mnt/d/Music/_Duplicate_Quarantine/13 - Days Of The Week.mp3
10277,keep,largest file in duplicate metadata group,stone temple pilots | thank you | days of the week,Stone Temple Pilots,Thank You,Days Of The Week,3780903,/mnt/d/Music/_Sorted_By_Artist/Stone Temple Pilots/13 - Days Of The Week (2).mp3,/mnt/d/Music/_Sorted_By_Artist/Stone Temple Pilots/13 - Days Of The Week (2).mp3,
3415,quarantine,"same metadata artist, album, and title as kept file",stone temple pilots | thank you | down,Stone Temple Pilots,Thank You,Down,5550751,/mnt/d/Music/_Sorted_By_Artist/Stone Temple Pilots/02 - Down.mp3,/mnt/d/Music/_Sorted_By_Artist/Stone Temple Pilots/02 - Down (2).mp3,/mnt/d/Music/_Duplicate_Quarantine/02 - Down.mp3
10266,keep,largest file in duplicate metadata group,stone temple pilots | thank you | down,Stone Temple Pilots,Thank You,Down,5550751,/mnt/d/Music/_Sorted_By_Artist/Stone Temple Pilots/02 - Down (2).mp3,/mnt/d/Music/_Sorted_By_Artist/Stone Temple Pilots/02 - Down (2).mp3,
3423,quarantine,"same metadata artist, album, and title as kept file",stone temple pilots | thank you | interstate love song,Stone Temple Pilots,Thank You,Interstate Love Song,4703757,/mnt/d/Music/_Sorted_By_Artist/Stone Temple Pilots/10 - Interstate Love Song.mp3,/mnt/d/Music/_Sorted_By_Artist/Stone Temple Pilots/10 - Interstate Love Song (2).mp3,/mnt/d/Music/_Duplicate_Quarantine/10 - Interstate Love Song.mp3
10274,keep,largest file in duplicate metadata group,stone temple pilots | thank you | interstate love song,Stone Temple Pilots,Thank You,Interstate Love Song,4703757,/mnt/d/Music/_Sorted_By_Artist/Stone Temple Pilots/10 - Interstate Love Song (2).mp3,/mnt/d/Music/_Sorted_By_Artist/Stone Temple Pilots/10 - Interstate Love Song (2).mp3,
3421,quarantine,"same metadata artist, album, and title as kept file",stone temple pilots | thank you | lady picture show,Stone Temple Pilots,Thank You,Lady Picture Show,5965157,/mnt/d/Music/_Sorted_By_Artist/Stone Temple Pilots/08 - Lady Picture Show.mp3,/mnt/d/Music/_Sorted_By_Artist/Stone Temple Pilots/08 - Lady Picture Show (2).mp3,/mnt/d/Music/_Duplicate_Quarantine/08 - Lady Picture Show.mp3
10272,keep,largest file in duplicate metadata group,stone temple pilots | thank you | lady picture show,Stone Temple Pilots,Thank You,Lady Picture Show,5965157,/mnt/d/Music/_Sorted_By_Artist/Stone Temple Pilots/08 - Lady Picture Show (2).mp3,/mnt/d/Music/_Sorted_By_Artist/Stone Temple Pilots/08 - Lady Picture Show (2).mp3,
3418,quarantine,"same metadata artist, album, and title as kept file",stone temple pilots | thank you | plush,Stone Temple Pilots,Thank You,Plush,7503038,/mnt/d/Music/_Sorted_By_Artist/Stone Temple Pilots/05 - Plush.mp3,/mnt/d/Music/_Sorted_By_Artist/Stone Temple Pilots/05 - Plush (2).mp3,/mnt/d/Music/_Duplicate_Quarantine/05 - Plush.mp3
10269,keep,largest file in duplicate metadata group,stone temple pilots | thank you | plush,Stone Temple Pilots,Thank You,Plush,7503038,/mnt/d/Music/_Sorted_By_Artist/Stone Temple Pilots/05 - Plush (2).mp3,/mnt/d/Music/_Sorted_By_Artist/Stone Temple Pilots/05 - Plush (2).mp3,
3428,quarantine,"same metadata artist, album, and title as kept file",stone temple pilots | thank you | plush [acoustic version,Stone Temple Pilots,Thank You,Plush [Acoustic Version],5532570,/mnt/d/Music/_Sorted_By_Artist/Stone Temple Pilots/15 - Plush [Acoustic Version].mp3,/mnt/d/Music/_Sorted_By_Artist/Stone Temple Pilots/15 - Plush [Acoustic Version] (2).mp3,/mnt/d/Music/_Duplicate_Quarantine/15 - Plush [Acoustic Version].mp3
10279,keep,largest file in duplicate metadata group,stone temple pilots | thank you | plush [acoustic version,Stone Temple Pilots,Thank You,Plush [Acoustic Version],5532570,/mnt/d/Music/_Sorted_By_Artist/Stone Temple Pilots/15 - Plush [Acoustic Version] (2).mp3,/mnt/d/Music/_Sorted_By_Artist/Stone Temple Pilots/15 - Plush [Acoustic Version] (2).mp3,
3425,quarantine,"same metadata artist, album, and title as kept file",stone temple pilots | thank you | sex type thing,Stone Temple Pilots,Thank You,Sex Type Thing,5291825,/mnt/d/Music/_Sorted_By_Artist/Stone Temple Pilots/12 - Sex Type Thing.mp3,/mnt/d/Music/_Sorted_By_Artist/Stone Temple Pilots/12 - Sex Type Thing (2).mp3,/mnt/d/Music/_Duplicate_Quarantine/12 - Sex Type Thing.mp3
10276,keep,largest file in duplicate metadata group,stone temple pilots | thank you | sex type thing,Stone Temple Pilots,Thank You,Sex Type Thing,5291825,/mnt/d/Music/_Sorted_By_Artist/Stone Temple Pilots/12 - Sex Type Thing (2).mp3,/mnt/d/Music/_Sorted_By_Artist/Stone Temple Pilots/12 - Sex Type Thing (2).mp3,
3427,quarantine,"same metadata artist, album, and title as kept file",stone temple pilots | thank you | sour girl,Stone Temple Pilots,Thank You,Sour Girl,6205902,/mnt/d/Music/_Sorted_By_Artist/Stone Temple Pilots/14 - Sour Girl.mp3,/mnt/d/Music/_Sorted_By_Artist/Stone Temple Pilots/14 - Sour Girl (2).mp3,/mnt/d/Music/_Duplicate_Quarantine/14 - Sour Girl.mp3
10278,keep,largest file in duplicate metadata group,stone temple pilots | thank you | sour girl,Stone Temple Pilots,Thank You,Sour Girl,6205902,/mnt/d/Music/_Sorted_By_Artist/Stone Temple Pilots/14 - Sour Girl (2).mp3,/mnt/d/Music/_Sorted_By_Artist/Stone Temple Pilots/14 - Sour Girl (2).mp3,
3422,quarantine,"same metadata artist, album, and title as kept file",stone temple pilots | thank you | trippin' on a hole in a paper heart,Stone Temple Pilots,Thank You,Trippin' On A Hole In A Paper Heart,4275557,/mnt/d/Music/_Sorted_By_Artist/Stone Temple Pilots/09 - Trippin' On A Hole In A Paper Heart.mp3,/mnt/d/Music/_Sorted_By_Artist/Stone Temple Pilots/09 - Trippin' On A Hole In A Paper Heart (2).mp3,/mnt/d/Music/_Duplicate_Quarantine/09 - Trippin' On A Hole In A Paper Heart.mp3
10273,keep,largest file in duplicate metadata group,stone temple pilots | thank you | trippin' on a hole in a paper heart,Stone Temple Pilots,Thank You,Trippin' On A Hole In A Paper Heart,4275557,/mnt/d/Music/_Sorted_By_Artist/Stone Temple Pilots/09 - Trippin' On A Hole In A Paper Heart (2).mp3,/mnt/d/Music/_Sorted_By_Artist/Stone Temple Pilots/09 - Trippin' On A Hole In A Paper Heart (2).mp3,
3414,quarantine,"same metadata artist, album, and title as kept file",stone temple pilots | thank you | vasoline,Stone Temple Pilots,Thank You,Vasoline,4248599,/mnt/d/Music/_Sorted_By_Artist/Stone Temple Pilots/01 - Vasoline.mp3,/mnt/d/Music/_Sorted_By_Artist/Stone Temple Pilots/01 - Vasoline (2).mp3,/mnt/d/Music/_Duplicate_Quarantine/01 - Vasoline.mp3
10265,keep,largest file in duplicate metadata group,stone temple pilots | thank you | vasoline,Stone Temple Pilots,Thank You,Vasoline,4248599,/mnt/d/Music/_Sorted_By_Artist/Stone Temple Pilots/01 - Vasoline (2).mp3,/mnt/d/Music/_Sorted_By_Artist/Stone Temple Pilots/01 - Vasoline (2).mp3,
3416,quarantine,"same metadata artist, album, and title as kept file",stone temple pilots | thank you | wicked garden,Stone Temple Pilots,Thank You,Wicked Garden,5943215,/mnt/d/Music/_Sorted_By_Artist/Stone Temple Pilots/03 - Wicked Garden.mp3,/mnt/d/Music/_Sorted_By_Artist/Stone Temple Pilots/03 - Wicked Garden (2).mp3,/mnt/d/Music/_Duplicate_Quarantine/03 - Wicked Garden.mp3
10267,keep,largest file in duplicate metadata group,stone temple pilots | thank you | wicked garden,Stone Temple Pilots,Thank You,Wicked Garden,5943215,/mnt/d/Music/_Sorted_By_Artist/Stone Temple Pilots/03 - Wicked Garden (2).mp3,/mnt/d/Music/_Sorted_By_Artist/Stone Temple Pilots/03 - Wicked Garden (2).mp3,
3433,quarantine,"same metadata artist, album, and title as kept file",strapping young lad | syl | strapping young lad - aftermath,Strapping Young Lad,Syl,Strapping Young Lad - Aftermath,9768168,/mnt/d/Music/_Sorted_By_Artist/Strapping Young Lad/05 - Strapping Young Lad - Aftermath.mp3,/mnt/d/Music/_Sorted_By_Artist/Strapping Young Lad/05 - Strapping Young Lad - Aftermath (2).mp3,/mnt/d/Music/_Duplicate_Quarantine/05 - Strapping Young Lad - Aftermath.mp3
10284,keep,largest file in duplicate metadata group,strapping young lad | syl | strapping young lad - aftermath,Strapping Young Lad,Syl,Strapping Young Lad - Aftermath,9768168,/mnt/d/Music/_Sorted_By_Artist/Strapping Young Lad/05 - Strapping Young Lad - Aftermath (2).mp3,/mnt/d/Music/_Sorted_By_Artist/Strapping Young Lad/05 - Strapping Young Lad - Aftermath (2).mp3,
3438,quarantine,"same metadata artist, album, and title as kept file",strapping young lad | syl | strapping young lad - bring on the young,Strapping Young Lad,Syl,Strapping Young Lad - Bring on The Young,8492975,/mnt/d/Music/_Sorted_By_Artist/Strapping Young Lad/10 - Strapping Young Lad - Bring on The Young.mp3,/mnt/d/Music/_Sorted_By_Artist/Strapping Young Lad/10 - Strapping Young Lad - Bring on The Young (2).mp3,/mnt/d/Music/_Duplicate_Quarantine/10 - Strapping Young Lad - Bring on The Young.mp3
10289,keep,largest file in duplicate metadata group,strapping young lad | syl | strapping young lad - bring on the young,Strapping Young Lad,Syl,Strapping Young Lad - Bring on The Young,8492975,/mnt/d/Music/_Sorted_By_Artist/Strapping Young Lad/10 - Strapping Young Lad - Bring on The Young (2).mp3,/mnt/d/Music/_Sorted_By_Artist/Strapping Young Lad/10 - Strapping Young Lad - Bring on The Young (2).mp3,
3430,quarantine,"same metadata artist, album, and title as kept file",strapping young lad | syl | strapping young lad - consequence,Strapping Young Lad,Syl,Strapping Young Lad - Consequence,5822842,/mnt/d/Music/_Sorted_By_Artist/Strapping Young Lad/02 - Strapping Young Lad - Consequence.mp3,/mnt/d/Music/_Sorted_By_Artist/Strapping Young Lad/02 - Strapping Young Lad - Consequence (2).mp3,/mnt/d/Music/_Duplicate_Quarantine/02 - Strapping Young Lad - Consequence.mp3
10281,keep,largest file in duplicate metadata group,strapping young lad | syl | strapping young lad - consequence,Strapping Young Lad,Syl,Strapping Young Lad - Consequence,5822842,/mnt/d/Music/_Sorted_By_Artist/Strapping Young Lad/02 - Strapping Young Lad - Consequence (2).mp3,/mnt/d/Music/_Sorted_By_Artist/Strapping Young Lad/02 - Strapping Young Lad - Consequence (2).mp3,
3434,quarantine,"same metadata artist, album, and title as kept file",strapping young lad | syl | strapping young lad - devour,Strapping Young Lad,Syl,Strapping Young Lad - Devour,4163962,/mnt/d/Music/_Sorted_By_Artist/Strapping Young Lad/06 - Strapping Young Lad - Devour.mp3,/mnt/d/Music/_Sorted_By_Artist/Strapping Young Lad/06 - Strapping Young Lad - Devour (2).mp3,/mnt/d/Music/_Duplicate_Quarantine/06 - Strapping Young Lad - Devour.mp3
10285,keep,largest file in duplicate metadata group,strapping young lad | syl | strapping young lad - devour,Strapping Young Lad,Syl,Strapping Young Lad - Devour,4163962,/mnt/d/Music/_Sorted_By_Artist/Strapping Young Lad/06 - Strapping Young Lad - Devour (2).mp3,/mnt/d/Music/_Sorted_By_Artist/Strapping Young Lad/06 - Strapping Young Lad - Devour (2).mp3,
3429,quarantine,"same metadata artist, album, and title as kept file",strapping young lad | syl | strapping young lad - dire,Strapping Young Lad,Syl,Strapping Young Lad - Dire,1694450,/mnt/d/Music/_Sorted_By_Artist/Strapping Young Lad/01 - Strapping Young Lad - Dire.mp3,/mnt/d/Music/_Sorted_By_Artist/Strapping Young Lad/01 - Strapping Young Lad - Dire (2).mp3,/mnt/d/Music/_Duplicate_Quarantine/01 - Strapping Young Lad - Dire.mp3
10280,keep,largest file in duplicate metadata group,strapping young lad | syl | strapping young lad - dire,Strapping Young Lad,Syl,Strapping Young Lad - Dire,1694450,/mnt/d/Music/_Sorted_By_Artist/Strapping Young Lad/01 - Strapping Young Lad - Dire (2).mp3,/mnt/d/Music/_Sorted_By_Artist/Strapping Young Lad/01 - Strapping Young Lad - Dire (2).mp3,
3437,quarantine,"same metadata artist, album, and title as kept file",strapping young lad | syl | strapping young lad - dirt pride,Strapping Young Lad,Syl,Strapping Young Lad - Dirt Pride,3851747,/mnt/d/Music/_Sorted_By_Artist/Strapping Young Lad/09 - Strapping Young Lad - Dirt Pride.mp3,/mnt/d/Music/_Sorted_By_Artist/Strapping Young Lad/09 - Strapping Young Lad - Dirt Pride (2).mp3,/mnt/d/Music/_Duplicate_Quarantine/09 - Strapping Young Lad - Dirt Pride.mp3
10288,keep,largest file in duplicate metadata group,strapping young lad | syl | strapping young lad - dirt pride,Strapping Young Lad,Syl,Strapping Young Lad - Dirt Pride,3851747,/mnt/d/Music/_Sorted_By_Artist/Strapping Young Lad/09 - Strapping Young Lad - Dirt Pride (2).mp3,/mnt/d/Music/_Sorted_By_Artist/Strapping Young Lad/09 - Strapping Young Lad - Dirt Pride (2).mp3,
3436,quarantine,"same metadata artist, album, and title as kept file",strapping young lad | syl | strapping young lad - force fed,Strapping Young Lad,Syl,Strapping Young Lad - Force Fed,7770741,/mnt/d/Music/_Sorted_By_Artist/Strapping Young Lad/08 - Strapping Young Lad - Force Fed.mp3,/mnt/d/Music/_Sorted_By_Artist/Strapping Young Lad/08 - Strapping Young Lad - Force Fed (2).mp3,/mnt/d/Music/_Duplicate_Quarantine/08 - Strapping Young Lad - Force Fed.mp3
10287,keep,largest file in duplicate metadata group,strapping young lad | syl | strapping young lad - force fed,Strapping Young Lad,Syl,Strapping Young Lad - Force Fed,7770741,/mnt/d/Music/_Sorted_By_Artist/Strapping Young Lad/08 - Strapping Young Lad - Force Fed (2).mp3,/mnt/d/Music/_Sorted_By_Artist/Strapping Young Lad/08 - Strapping Young Lad - Force Fed (2).mp3,
3435,quarantine,"same metadata artist, album, and title as kept file",strapping young lad | syl | strapping young lad - last minute,Strapping Young Lad,Syl,Strapping Young Lad - Last Minute,5737579,/mnt/d/Music/_Sorted_By_Artist/Strapping Young Lad/07 - Strapping Young Lad - Last Minute.mp3,/mnt/d/Music/_Sorted_By_Artist/Strapping Young Lad/07 - Strapping Young Lad - Last Minute (2).mp3,/mnt/d/Music/_Duplicate_Quarantine/07 - Strapping Young Lad - Last Minute.mp3
10286,keep,largest file in duplicate metadata group,strapping young lad | syl | strapping young lad - last minute,Strapping Young Lad,Syl,Strapping Young Lad - Last Minute,5737579,/mnt/d/Music/_Sorted_By_Artist/Strapping Young Lad/07 - Strapping Young Lad - Last Minute (2).mp3,/mnt/d/Music/_Sorted_By_Artist/Strapping Young Lad/07 - Strapping Young Lad - Last Minute (2).mp3,
3432,quarantine,"same metadata artist, album, and title as kept file",strapping young lad | syl | strapping young lad - rape song,Strapping Young Lad,Syl,Strapping Young Lad - Rape Song,4543260,/mnt/d/Music/_Sorted_By_Artist/Strapping Young Lad/04 - Strapping Young Lad - Rape Song.mp3,/mnt/d/Music/_Sorted_By_Artist/Strapping Young Lad/04 - Strapping Young Lad - Rape Song (2).mp3,/mnt/d/Music/_Duplicate_Quarantine/04 - Strapping Young Lad - Rape Song.mp3
10283,keep,largest file in duplicate metadata group,strapping young lad | syl | strapping young lad - rape song,Strapping Young Lad,Syl,Strapping Young Lad - Rape Song,4543260,/mnt/d/Music/_Sorted_By_Artist/Strapping Young Lad/04 - Strapping Young Lad - Rape Song (2).mp3,/mnt/d/Music/_Sorted_By_Artist/Strapping Young Lad/04 - Strapping Young Lad - Rape Song (2).mp3,
3431,quarantine,"same metadata artist, album, and title as kept file",strapping young lad | syl | strapping young lad - relentless,Strapping Young Lad,Syl,Strapping Young Lad - Relentless,4404707,/mnt/d/Music/_Sorted_By_Artist/Strapping Young Lad/03 - Strapping Young Lad - Relentless.mp3,/mnt/d/Music/_Sorted_By_Artist/Strapping Young Lad/03 - Strapping Young Lad - Relentless (2).mp3,/mnt/d/Music/_Duplicate_Quarantine/03 - Strapping Young Lad - Relentless.mp3
10282,keep,largest file in duplicate metadata group,strapping young lad | syl | strapping young lad - relentless,Strapping Young Lad,Syl,Strapping Young Lad - Relentless,4404707,/mnt/d/Music/_Sorted_By_Artist/Strapping Young Lad/03 - Strapping Young Lad - Relentless (2).mp3,/mnt/d/Music/_Sorted_By_Artist/Strapping Young Lad/03 - Strapping Young Lad - Relentless (2).mp3,
3439,quarantine,"same metadata artist, album, and title as kept file",system of a down | hypnotize | attack,System of a Down,Hypnotize,Attack,4478518,/mnt/d/Music/_Sorted_By_Artist/System of a Down/01 - Attack.mp3,/mnt/d/Music/_Sorted_By_Artist/System of a Down/01 - Attack (2).mp3,/mnt/d/Music/_Duplicate_Quarantine/01 - Attack.mp3
10318,keep,largest file in duplicate metadata group,system of a down | hypnotize | attack,System of a Down,Hypnotize,Attack,4478518,/mnt/d/Music/_Sorted_By_Artist/System of a Down/01 - Attack (2).mp3,/mnt/d/Music/_Sorted_By_Artist/System of a Down/01 - Attack (2).mp3,
3440,quarantine,"same metadata artist, album, and title as kept file",system of a down | hypnotize | dreaming,System of a Down,Hypnotize,Dreaming,5762489,/mnt/d/Music/_Sorted_By_Artist/System of a Down/02 - Dreaming.mp3,/mnt/d/Music/_Sorted_By_Artist/System of a Down/02 - Dreaming (2).mp3,/mnt/d/Music/_Duplicate_Quarantine/02 - Dreaming.mp3
10319,keep,largest file in duplicate metadata group,system of a down | hypnotize | dreaming,System of a Down,Hypnotize,Dreaming,5762489,/mnt/d/Music/_Sorted_By_Artist/System of a Down/02 - Dreaming (2).mp3,/mnt/d/Music/_Sorted_By_Artist/System of a Down/02 - Dreaming (2).mp3,
3446,quarantine,"same metadata artist, album, and title as kept file",system of a down | hypnotize | holy mountains [explicit album version,System of a Down,Hypnotize,Holy Mountains [Explicit Album Version],7897842,/mnt/d/Music/_Sorted_By_Artist/System of a Down/08 - Holy Mountains [Explicit Album Version].mp3,/mnt/d/Music/_Sorted_By_Artist/System of a Down/08 - Holy Mountains [Explicit Album Version] (2).mp3,/mnt/d/Music/_Duplicate_Quarantine/08 - Holy Mountains [Explicit Album Version].mp3
10325,keep,largest file in duplicate metadata group,system of a down | hypnotize | holy mountains [explicit album version,System of a Down,Hypnotize,Holy Mountains [Explicit Album Version],7897842,/mnt/d/Music/_Sorted_By_Artist/System of a Down/08 - Holy Mountains [Explicit Album Version] (2).mp3,/mnt/d/Music/_Sorted_By_Artist/System of a Down/08 - Holy Mountains [Explicit Album Version] (2).mp3,
3442,quarantine,"same metadata artist, album, and title as kept file",system of a down | hypnotize | hypnotize,System of a Down,Hypnotize,Hypnotize,4549989,/mnt/d/Music/_Sorted_By_Artist/System of a Down/04 - Hypnotize.mp3,/mnt/d/Music/_Sorted_By_Artist/System of a Down/04 - Hypnotize (2).mp3,/mnt/d/Music/_Duplicate_Quarantine/04 - Hypnotize.mp3
10321,keep,largest file in duplicate metadata group,system of a down | hypnotize | hypnotize,System of a Down,Hypnotize,Hypnotize,4549989,/mnt/d/Music/_Sorted_By_Artist/System of a Down/04 - Hypnotize (2).mp3,/mnt/d/Music/_Sorted_By_Artist/System of a Down/04 - Hypnotize (2).mp3,
3441,quarantine,"same metadata artist, album, and title as kept file",system of a down | hypnotize | kill rock 'n roll [explicit album version,System of a Down,Hypnotize,Kill Rock 'n Roll [Explicit Album Version],3555664,/mnt/d/Music/_Sorted_By_Artist/System of a Down/03 - Kill Rock 'n Roll [Explicit Album Version].mp3,/mnt/d/Music/_Sorted_By_Artist/System of a Down/03 - Kill Rock 'n Roll [Explicit Album Version] (2).mp3,/mnt/d/Music/_Duplicate_Quarantine/03 - Kill Rock 'n Roll [Explicit Album Version].mp3
10320,keep,largest file in duplicate metadata group,system of a down | hypnotize | kill rock 'n roll [explicit album version,System of a Down,Hypnotize,Kill Rock 'n Roll [Explicit Album Version],3555664,/mnt/d/Music/_Sorted_By_Artist/System of a Down/03 - Kill Rock 'n Roll [Explicit Album Version] (2).mp3,/mnt/d/Music/_Sorted_By_Artist/System of a Down/03 - Kill Rock 'n Roll [Explicit Album Version] (2).mp3,
3449,quarantine,"same metadata artist, album, and title as kept file",system of a down | hypnotize | lonely day,System of a Down,Hypnotize,Lonely Day,4032765,/mnt/d/Music/_Sorted_By_Artist/System of a Down/11 - Lonely Day.mp3,/mnt/d/Music/_Sorted_By_Artist/System of a Down/11 - Lonely Day (2).mp3,/mnt/d/Music/_Duplicate_Quarantine/11 - Lonely Day.mp3
10328,keep,largest file in duplicate metadata group,system of a down | hypnotize | lonely day,System of a Down,Hypnotize,Lonely Day,4032765,/mnt/d/Music/_Sorted_By_Artist/System of a Down/11 - Lonely Day (2).mp3,/mnt/d/Music/_Sorted_By_Artist/System of a Down/11 - Lonely Day (2).mp3,
3448,quarantine,"same metadata artist, album, and title as kept file",system of a down | hypnotize | she's like heroin [explicit album version,System of a Down,Hypnotize,She's Like Heroin [Explicit Album Version],3943740,/mnt/d/Music/_Sorted_By_Artist/System of a Down/10 - She's Like Heroin [Explicit Album Version].mp3,/mnt/d/Music/_Sorted_By_Artist/System of a Down/10 - She's Like Heroin [Explicit Album Version] (2).mp3,/mnt/d/Music/_Duplicate_Quarantine/10 - She's Like Heroin [Explicit Album Version].mp3
10327,keep,largest file in duplicate metadata group,system of a down | hypnotize | she's like heroin [explicit album version,System of a Down,Hypnotize,She's Like Heroin [Explicit Album Version],3943740,/mnt/d/Music/_Sorted_By_Artist/System of a Down/10 - She's Like Heroin [Explicit Album Version] (2).mp3,/mnt/d/Music/_Sorted_By_Artist/System of a Down/10 - She's Like Heroin [Explicit Album Version] (2).mp3,
3450,quarantine,"same metadata artist, album, and title as kept file",system of a down | hypnotize | soldier side,System of a Down,Hypnotize,Soldier Side,5289777,/mnt/d/Music/_Sorted_By_Artist/System of a Down/12 - Soldier Side.mp3,/mnt/d/Music/_Sorted_By_Artist/System of a Down/12 - Soldier Side (2).mp3,/mnt/d/Music/_Duplicate_Quarantine/12 - Soldier Side.mp3
10329,keep,largest file in duplicate metadata group,system of a down | hypnotize | soldier side,System of a Down,Hypnotize,Soldier Side,5289777,/mnt/d/Music/_Sorted_By_Artist/System of a Down/12 - Soldier Side (2).mp3,/mnt/d/Music/_Sorted_By_Artist/System of a Down/12 - Soldier Side (2).mp3,
3443,quarantine,"same metadata artist, album, and title as kept file",system of a down | hypnotize | stealing society [explicit album version,System of a Down,Hypnotize,Stealing Society [Explicit Album Version],4277898,/mnt/d/Music/_Sorted_By_Artist/System of a Down/05 - Stealing Society [Explicit Album Version].mp3,/mnt/d/Music/_Sorted_By_Artist/System of a Down/05 - Stealing Society [Explicit Album Version] (2).mp3,/mnt/d/Music/_Duplicate_Quarantine/05 - Stealing Society [Explicit Album Version].mp3
10322,keep,largest file in duplicate metadata group,system of a down | hypnotize | stealing society [explicit album version,System of a Down,Hypnotize,Stealing Society [Explicit Album Version],4277898,/mnt/d/Music/_Sorted_By_Artist/System of a Down/05 - Stealing Society [Explicit Album Version] (2).mp3,/mnt/d/Music/_Sorted_By_Artist/System of a Down/05 - Stealing Society [Explicit Album Version] (2).mp3,
3444,quarantine,"same metadata artist, album, and title as kept file",system of a down | hypnotize | tentative,System of a Down,Hypnotize,Tentative,5200752,/mnt/d/Music/_Sorted_By_Artist/System of a Down/06 - Tentative.mp3,/mnt/d/Music/_Sorted_By_Artist/System of a Down/06 - Tentative (2).mp3,/mnt/d/Music/_Duplicate_Quarantine/06 - Tentative.mp3
10323,keep,largest file in duplicate metadata group,system of a down | hypnotize | tentative,System of a Down,Hypnotize,Tentative,5200752,/mnt/d/Music/_Sorted_By_Artist/System of a Down/06 - Tentative (2).mp3,/mnt/d/Music/_Sorted_By_Artist/System of a Down/06 - Tentative (2).mp3,
3445,quarantine,"same metadata artist, album, and title as kept file",system of a down | hypnotize | u-fig,System of a Down,Hypnotize,U-Fig,4210816,/mnt/d/Music/_Sorted_By_Artist/System of a Down/07 - U-Fig.mp3,/mnt/d/Music/_Sorted_By_Artist/System of a Down/07 - U-Fig (2).mp3,/mnt/d/Music/_Duplicate_Quarantine/07 - U-Fig.mp3
10324,keep,largest file in duplicate metadata group,system of a down | hypnotize | u-fig,System of a Down,Hypnotize,U-Fig,4210816,/mnt/d/Music/_Sorted_By_Artist/System of a Down/07 - U-Fig (2).mp3,/mnt/d/Music/_Sorted_By_Artist/System of a Down/07 - U-Fig (2).mp3,
3447,quarantine,"same metadata artist, album, and title as kept file",system of a down | hypnotize | vicinity of obscenity [explicit album version,System of a Down,Hypnotize,Vicinity Of Obscenity [Explicit Album Version],4126179,/mnt/d/Music/_Sorted_By_Artist/System of a Down/09 - Vicinity Of Obscenity [Explicit Album Version].mp3,/mnt/d/Music/_Sorted_By_Artist/System of a Down/09 - Vicinity Of Obscenity [Explicit Album Version] (2).mp3,/mnt/d/Music/_Duplicate_Quarantine/09 - Vicinity Of Obscenity [Explicit Album Version].mp3
10326,keep,largest file in duplicate metadata group,system of a down | hypnotize | vicinity of obscenity [explicit album version,System of a Down,Hypnotize,Vicinity Of Obscenity [Explicit Album Version],4126179,/mnt/d/Music/_Sorted_By_Artist/System of a Down/09 - Vicinity Of Obscenity [Explicit Album Version] (2).mp3,/mnt/d/Music/_Sorted_By_Artist/System of a Down/09 - Vicinity Of Obscenity [Explicit Album Version] (2).mp3,
3452,quarantine,"same metadata artist, album, and title as kept file",system of a down | mezmerize | b.y.o.b,System Of A Down,Mezmerize,B.Y.O.B.,6136899,/mnt/d/Music/_Sorted_By_Artist/System Of A Down/02 - B.Y.O.B.mp3,/mnt/d/Music/_Sorted_By_Artist/System Of A Down/02 - B.Y.O.B (2).mp3,/mnt/d/Music/_Duplicate_Quarantine/02 - B.Y.O.B.mp3
10331,keep,largest file in duplicate metadata group,system of a down | mezmerize | b.y.o.b,System Of A Down,Mezmerize,B.Y.O.B.,6136899,/mnt/d/Music/_Sorted_By_Artist/System Of A Down/02 - B.Y.O.B (2).mp3,/mnt/d/Music/_Sorted_By_Artist/System Of A Down/02 - B.Y.O.B (2).mp3,
10344,quarantine,"same metadata artist, album, and title as kept file",system of a down | mezmerize | b.y.o.b,System Of A Down,Mezmerize,B.Y.O.B.,4144347,/mnt/d/Music/_Sorted_By_Artist/System Of A Down/GYPF.m4a,/mnt/d/Music/_Sorted_By_Artist/System Of A Down/02 - B.Y.O.B (2).mp3,/mnt/d/Music/_Duplicate_Quarantine/GYPF.m4a
3454,quarantine,"same metadata artist, album, and title as kept file",system of a down | mezmerize | cigaro,System Of A Down,Mezmerize,Cigaro,3167589,/mnt/d/Music/_Sorted_By_Artist/System Of A Down/04 - Cigaro.mp3,/mnt/d/Music/_Sorted_By_Artist/System Of A Down/04 - Cigaro (2).mp3,/mnt/d/Music/_Duplicate_Quarantine/04 - Cigaro.mp3
10333,keep,largest file in duplicate metadata group,system of a down | mezmerize | cigaro,System Of A Down,Mezmerize,Cigaro,3167589,/mnt/d/Music/_Sorted_By_Artist/System Of A Down/04 - Cigaro (2).mp3,/mnt/d/Music/_Sorted_By_Artist/System Of A Down/04 - Cigaro (2).mp3,
10349,quarantine,"same metadata artist, album, and title as kept file",system of a down | mezmerize | cigaro,System Of A Down,Mezmerize,Cigaro,2161029,/mnt/d/Music/_Sorted_By_Artist/System Of A Down/TFLH.m4a,/mnt/d/Music/_Sorted_By_Artist/System Of A Down/04 - Cigaro (2).mp3,/mnt/d/Music/_Duplicate_Quarantine/TFLH.m4a
3461,quarantine,"same metadata artist, album, and title as kept file",system of a down | mezmerize | lost in hollywood,System Of A Down,Mezmerize,Lost In Hollywood,7701611,/mnt/d/Music/_Sorted_By_Artist/System Of A Down/11 - Lost In Hollywood.mp3,/mnt/d/Music/_Sorted_By_Artist/System Of A Down/11 - Lost In Hollywood (2).mp3,/mnt/d/Music/_Duplicate_Quarantine/11 - Lost In Hollywood.mp3
10340,keep,largest file in duplicate metadata group,system of a down | mezmerize | lost in hollywood,System Of A Down,Mezmerize,Lost In Hollywood,7701611,/mnt/d/Music/_Sorted_By_Artist/System Of A Down/11 - Lost In Hollywood (2).mp3,/mnt/d/Music/_Sorted_By_Artist/System Of A Down/11 - Lost In Hollywood (2).mp3,
10342,quarantine,"same metadata artist, album, and title as kept file",system of a down | mezmerize | lost in hollywood,System Of A Down,Mezmerize,Lost in Hollywood,5191508,/mnt/d/Music/_Sorted_By_Artist/System Of A Down/EKQW.m4a,/mnt/d/Music/_Sorted_By_Artist/System Of A Down/11 - Lost In Hollywood (2).mp3,/mnt/d/Music/_Duplicate_Quarantine/EKQW.m4a
3460,quarantine,"same metadata artist, album, and title as kept file",system of a down | mezmerize | old school hollywood,System Of A Down,Mezmerize,Old School Hollywood,4251068,/mnt/d/Music/_Sorted_By_Artist/System Of A Down/10 - Old School Hollywood.mp3,/mnt/d/Music/_Sorted_By_Artist/System Of A Down/10 - Old School Hollywood (2).mp3,/mnt/d/Music/_Duplicate_Quarantine/10 - Old School Hollywood.mp3
10339,keep,largest file in duplicate metadata group,system of a down | mezmerize | old school hollywood,System Of A Down,Mezmerize,Old School Hollywood,4251068,/mnt/d/Music/_Sorted_By_Artist/System Of A Down/10 - Old School Hollywood (2).mp3,/mnt/d/Music/_Sorted_By_Artist/System Of A Down/10 - Old School Hollywood (2).mp3,
10347,quarantine,"same metadata artist, album, and title as kept file",system of a down | mezmerize | old school hollywood,System Of A Down,Mezmerize,Old School Hollywood,2884171,/mnt/d/Music/_Sorted_By_Artist/System Of A Down/OJKK.m4a,/mnt/d/Music/_Sorted_By_Artist/System Of A Down/10 - Old School Hollywood (2).mp3,/mnt/d/Music/_Duplicate_Quarantine/OJKK.m4a
3458,quarantine,"same metadata artist, album, and title as kept file",system of a down | mezmerize | question,System Of A Down,Mezmerize,Question!,4817692,/mnt/d/Music/_Sorted_By_Artist/System Of A Down/08 - Question!.mp3,/mnt/d/Music/_Sorted_By_Artist/System Of A Down/08 - Question! (2).mp3,/mnt/d/Music/_Duplicate_Quarantine/08 - Question!.mp3
10337,keep,largest file in duplicate metadata group,system of a down | mezmerize | question,System Of A Down,Mezmerize,Question!,4817692,/mnt/d/Music/_Sorted_By_Artist/System Of A Down/08 - Question! (2).mp3,/mnt/d/Music/_Sorted_By_Artist/System Of A Down/08 - Question! (2).mp3,
10351,quarantine,"same metadata artist, album, and title as kept file",system of a down | mezmerize | question,System Of A Down,Mezmerize,Question!,3265463,/mnt/d/Music/_Sorted_By_Artist/System Of A Down/ZWWZ.m4a,/mnt/d/Music/_Sorted_By_Artist/System Of A Down/08 - Question! (2).mp3,/mnt/d/Music/_Duplicate_Quarantine/ZWWZ.m4a
3455,quarantine,"same metadata artist, album, and title as kept file",system of a down | mezmerize | radio/video,System Of A Down,Mezmerize,Radio/Video,5985679,/mnt/d/Music/_Sorted_By_Artist/System Of A Down/05 - Radio-Video.mp3,/mnt/d/Music/_Sorted_By_Artist/System Of A Down/05 - Radio-Video (2).mp3,/mnt/d/Music/_Duplicate_Quarantine/05 - Radio-Video.mp3
10334,keep,largest file in duplicate metadata group,system of a down | mezmerize | radio/video,System Of A Down,Mezmerize,Radio/Video,5985679,/mnt/d/Music/_Sorted_By_Artist/System Of A Down/05 - Radio-Video (2).mp3,/mnt/d/Music/_Sorted_By_Artist/System Of A Down/05 - Radio-Video (2).mp3,
10350,quarantine,"same metadata artist, album, and title as kept file",system of a down | mezmerize | radio/video,System Of A Down,Mezmerize,Radio/Video,4043562,/mnt/d/Music/_Sorted_By_Artist/System Of A Down/ZKOU.m4a,/mnt/d/Music/_Sorted_By_Artist/System Of A Down/05 - Radio-Video (2).mp3,/mnt/d/Music/_Duplicate_Quarantine/ZKOU.m4a
3453,quarantine,"same metadata artist, album, and title as kept file",system of a down | mezmerize | revenga,System Of A Down,Mezmerize,Revenga,5477232,/mnt/d/Music/_Sorted_By_Artist/System Of A Down/03 - Revenga.mp3,/mnt/d/Music/_Sorted_By_Artist/System Of A Down/03 - Revenga (2).mp3,/mnt/d/Music/_Duplicate_Quarantine/03 - Revenga.mp3
10332,keep,largest file in duplicate metadata group,system of a down | mezmerize | revenga,System Of A Down,Mezmerize,Revenga,5477232,/mnt/d/Music/_Sorted_By_Artist/System Of A Down/03 - Revenga (2).mp3,/mnt/d/Music/_Sorted_By_Artist/System Of A Down/03 - Revenga (2).mp3,
10346,quarantine,"same metadata artist, album, and title as kept file",system of a down | mezmerize | revenga,System Of A Down,Mezmerize,Revenga,3704375,/mnt/d/Music/_Sorted_By_Artist/System Of A Down/MJIO.m4a,/mnt/d/Music/_Sorted_By_Artist/System Of A Down/03 - Revenga (2).mp3,/mnt/d/Music/_Duplicate_Quarantine/MJIO.m4a
3459,quarantine,"same metadata artist, album, and title as kept file",system of a down | mezmerize | sad statue,System Of A Down,Mezmerize,Sad Statue,4942453,/mnt/d/Music/_Sorted_By_Artist/System Of A Down/09 - Sad Statue.mp3,/mnt/d/Music/_Sorted_By_Artist/System Of A Down/09 - Sad Statue (2).mp3,/mnt/d/Music/_Duplicate_Quarantine/09 - Sad Statue.mp3
10338,keep,largest file in duplicate metadata group,system of a down | mezmerize | sad statue,System Of A Down,Mezmerize,Sad Statue,4942453,/mnt/d/Music/_Sorted_By_Artist/System Of A Down/09 - Sad Statue (2).mp3,/mnt/d/Music/_Sorted_By_Artist/System Of A Down/09 - Sad Statue (2).mp3,
10343,quarantine,"same metadata artist, album, and title as kept file",system of a down | mezmerize | sad statue,System Of A Down,Mezmerize,Sad Statue,3342904,/mnt/d/Music/_Sorted_By_Artist/System Of A Down/FFBV.m4a,/mnt/d/Music/_Sorted_By_Artist/System Of A Down/09 - Sad Statue (2).mp3,/mnt/d/Music/_Duplicate_Quarantine/FFBV.m4a
3451,quarantine,"same metadata artist, album, and title as kept file",system of a down | mezmerize | soldier slide - intro,System Of A Down,Mezmerize,Soldier Slide - Intro,1531906,/mnt/d/Music/_Sorted_By_Artist/System Of A Down/01 - Soldier Slide - Intro.mp3,/mnt/d/Music/_Sorted_By_Artist/System Of A Down/01 - Soldier Slide - Intro (2).mp3,/mnt/d/Music/_Duplicate_Quarantine/01 - Soldier Slide - Intro.mp3
10330,keep,largest file in duplicate metadata group,system of a down | mezmerize | soldier slide - intro,System Of A Down,Mezmerize,Soldier Slide - Intro,1531906,/mnt/d/Music/_Sorted_By_Artist/System Of A Down/01 - Soldier Slide - Intro (2).mp3,/mnt/d/Music/_Sorted_By_Artist/System Of A Down/01 - Soldier Slide - Intro (2).mp3,
3456,quarantine,"same metadata artist, album, and title as kept file",system of a down | mezmerize | this cocaine makes me feel like i'm on this song,System Of A Down,Mezmerize,This Cocaine Makes Me Feel Like I'm On This Song,3082953,/mnt/d/Music/_Sorted_By_Artist/System Of A Down/06 - This Cocaine Makes Me Feel Like I'm On This Song.mp3,/mnt/d/Music/_Sorted_By_Artist/System Of A Down/06 - This Cocaine Makes Me Feel Like I'm On This Song (2).mp3,/mnt/d/Music/_Duplicate_Quarantine/06 - This Cocaine Makes Me Feel Like I'm On This Song.mp3
10335,keep,largest file in duplicate metadata group,system of a down | mezmerize | this cocaine makes me feel like i'm on this song,System Of A Down,Mezmerize,This Cocaine Makes Me Feel Like I'm On This Song,3082953,/mnt/d/Music/_Sorted_By_Artist/System Of A Down/06 - This Cocaine Makes Me Feel Like I'm On This Song (2).mp3,/mnt/d/Music/_Sorted_By_Artist/System Of A Down/06 - This Cocaine Makes Me Feel Like I'm On This Song (2).mp3,
10341,quarantine,"same metadata artist, album, and title as kept file",system of a down | mezmerize | this cocaine makes me feel like i'm on this song,System Of A Down,Mezmerize,This Cocaine Makes Me Feel Like I'm On This Song,2105658,/mnt/d/Music/_Sorted_By_Artist/System Of A Down/AHPL.m4a,/mnt/d/Music/_Sorted_By_Artist/System Of A Down/06 - This Cocaine Makes Me Feel Like I'm On This Song (2).mp3,/mnt/d/Music/_Duplicate_Quarantine/AHPL.m4a
3457,quarantine,"same metadata artist, album, and title as kept file",system of a down | mezmerize | violent pornography,System Of A Down,Mezmerize,Violent Pornography,5075991,/mnt/d/Music/_Sorted_By_Artist/System Of A Down/07 - Violent Pornography.mp3,/mnt/d/Music/_Sorted_By_Artist/System Of A Down/07 - Violent Pornography (2).mp3,/mnt/d/Music/_Duplicate_Quarantine/07 - Violent Pornography.mp3
10336,keep,largest file in duplicate metadata group,system of a down | mezmerize | violent pornography,System Of A Down,Mezmerize,Violent Pornography,5075991,/mnt/d/Music/_Sorted_By_Artist/System Of A Down/07 - Violent Pornography (2).mp3,/mnt/d/Music/_Sorted_By_Artist/System Of A Down/07 - Violent Pornography (2).mp3,
10348,quarantine,"same metadata artist, album, and title as kept file",system of a down | mezmerize | violent pornography,System Of A Down,Mezmerize,Violent Pornography,3436719,/mnt/d/Music/_Sorted_By_Artist/System Of A Down/PDZR.m4a,/mnt/d/Music/_Sorted_By_Artist/System Of A Down/07 - Violent Pornography (2).mp3,/mnt/d/Music/_Duplicate_Quarantine/PDZR.m4a
3470,quarantine,"same metadata artist, album, and title as kept file",system of a down | steal this album | 36,System Of A Down,Steal This Album!,36,1116873,/mnt/d/Music/_Sorted_By_Artist/System Of A Down/09 - 36.mp3,/mnt/d/Music/_Sorted_By_Artist/System Of A Down/09 - 36 (2).mp3,/mnt/d/Music/_Duplicate_Quarantine/09 - 36.mp3
10369,keep,largest file in duplicate metadata group,system of a down | steal this album | 36,System Of A Down,Steal This Album!,36,1116873,/mnt/d/Music/_Sorted_By_Artist/System Of A Down/09 - 36 (2).mp3,/mnt/d/Music/_Sorted_By_Artist/System Of A Down/09 - 36 (2).mp3,
10370,quarantine,"same metadata artist, album, and title as kept file",system of a down | steal this album | 36,System Of A Down,Steal This Album!,36,759251,/mnt/d/Music/_Sorted_By_Artist/System Of A Down/09 36.m4a,/mnt/d/Music/_Sorted_By_Artist/System Of A Down/09 - 36 (2).mp3,/mnt/d/Music/_Duplicate_Quarantine/09 36.m4a
10387,quarantine,"same metadata artist, album, and title as kept file",system of a down | steal this album | 36,System Of A Down,Steal This Album!,36,794496,/mnt/d/Music/_Sorted_By_Artist/System Of A Down/HBZI.m4a,/mnt/d/Music/_Sorted_By_Artist/System Of A Down/09 - 36 (2).mp3,/mnt/d/Music/_Duplicate_Quarantine/HBZI.m4a
3467,quarantine,"same metadata artist, album, and title as kept file",system of a down | steal this album | a.d.d,System Of A Down,Steal This Album!,A.D.D,4741833,/mnt/d/Music/_Sorted_By_Artist/System Of A Down/06 - A.D.D.mp3,/mnt/d/Music/_Sorted_By_Artist/System Of A Down/06 - A.D.D (2).mp3,/mnt/d/Music/_Duplicate_Quarantine/06 - A.D.D.mp3
10363,keep,largest file in duplicate metadata group,system of a down | steal this album | a.d.d,System Of A Down,Steal This Album!,A.D.D,4741833,/mnt/d/Music/_Sorted_By_Artist/System Of A Down/06 - A.D.D (2).mp3,/mnt/d/Music/_Sorted_By_Artist/System Of A Down/06 - A.D.D (2).mp3,
10364,quarantine,"same metadata artist, album, and title as kept file",system of a down | steal this album | a.d.d,System Of A Down,Steal This Album!,A.D.D,3182437,/mnt/d/Music/_Sorted_By_Artist/System Of A Down/06 A.D.D.m4a,/mnt/d/Music/_Sorted_By_Artist/System Of A Down/06 - A.D.D (2).mp3,/mnt/d/Music/_Duplicate_Quarantine/06 A.D.D.m4a
3465,quarantine,"same metadata artist, album, and title as kept file",system of a down | steal this album | boom,System Of A Down,Steal This Album!,Boom!,3243449,/mnt/d/Music/_Sorted_By_Artist/System Of A Down/04 - Boom!.mp3,/mnt/d/Music/_Sorted_By_Artist/System Of A Down/04 - Boom! (2).mp3,/mnt/d/Music/_Duplicate_Quarantine/04 - Boom!.mp3
10359,keep,largest file in duplicate metadata group,system of a down | steal this album | boom,System Of A Down,Steal This Album!,Boom!,3243449,/mnt/d/Music/_Sorted_By_Artist/System Of A Down/04 - Boom! (2).mp3,/mnt/d/Music/_Sorted_By_Artist/System Of A Down/04 - Boom! (2).mp3,
10360,quarantine,"same metadata artist, album, and title as kept file",system of a down | steal this album | boom,System Of A Down,Steal This Album!,Boom!,2206693,/mnt/d/Music/_Sorted_By_Artist/System Of A Down/04 Boom!.m4a,/mnt/d/Music/_Sorted_By_Artist/System Of A Down/04 - Boom! (2).mp3,/mnt/d/Music/_Duplicate_Quarantine/04 Boom!.m4a
10388,quarantine,"same metadata artist, album, and title as kept file",system of a down | steal this album | boom,System Of A Down,Steal This Album!,Boom!,2212707,/mnt/d/Music/_Sorted_By_Artist/System Of A Down/MNYD.m4a,/mnt/d/Music/_Sorted_By_Artist/System Of A Down/04 - Boom! (2).mp3,/mnt/d/Music/_Duplicate_Quarantine/MNYD.m4a
3464,quarantine,"same metadata artist, album, and title as kept file",system of a down | steal this album | bubbles,System Of A Down,Steal This Album!,Bubbles,2811488,/mnt/d/Music/_Sorted_By_Artist/System Of A Down/03 - Bubbles.mp3,/mnt/d/Music/_Sorted_By_Artist/System Of A Down/03 - Bubbles (2).mp3,/mnt/d/Music/_Duplicate_Quarantine/03 - Bubbles.mp3
10357,keep,largest file in duplicate metadata group,system of a down | steal this album | bubbles,System Of A Down,Steal This Album!,Bubbles,2811488,/mnt/d/Music/_Sorted_By_Artist/System Of A Down/03 - Bubbles (2).mp3,/mnt/d/Music/_Sorted_By_Artist/System Of A Down/03 - Bubbles (2).mp3,
10358,quarantine,"same metadata artist, album, and title as kept file",system of a down | steal this album | bubbles,System Of A Down,Steal This Album!,Bubbles,1900305,/mnt/d/Music/_Sorted_By_Artist/System Of A Down/03 Bubbles.m4a,/mnt/d/Music/_Sorted_By_Artist/System Of A Down/03 - Bubbles (2).mp3,/mnt/d/Music/_Duplicate_Quarantine/03 Bubbles.m4a
10397,quarantine,"same metadata artist, album, and title as kept file",system of a down | steal this album | bubbles,System Of A Down,Steal This Album!,Bubbles,1924489,/mnt/d/Music/_Sorted_By_Artist/System Of A Down/XGRE.m4a,/mnt/d/Music/_Sorted_By_Artist/System Of A Down/03 - Bubbles (2).mp3,/mnt/d/Music/_Duplicate_Quarantine/XGRE.m4a
3462,quarantine,"same metadata artist, album, and title as kept file",system of a down | steal this album | chic n' stu,System Of A Down,Steal This Album!,Chic N' Stu,3453473,/mnt/d/Music/_Sorted_By_Artist/System Of A Down/01 - Chic N' Stu.mp3,/mnt/d/Music/_Sorted_By_Artist/System Of A Down/01 - Chic N' Stu (2).mp3,/mnt/d/Music/_Duplicate_Quarantine/01 - Chic N' Stu.mp3
10353,keep,largest file in duplicate metadata group,system of a down | steal this album | chic n' stu,System Of A Down,Steal This Album!,Chic N' Stu,3453473,/mnt/d/Music/_Sorted_By_Artist/System Of A Down/01 - Chic N' Stu (2).mp3,/mnt/d/Music/_Sorted_By_Artist/System Of A Down/01 - Chic N' Stu (2).mp3,
10354,quarantine,"same metadata artist, album, and title as kept file",system of a down | steal this album | chic n' stu,System Of A Down,Steal This Album!,Chic N' Stu,2317122,/mnt/d/Music/_Sorted_By_Artist/System Of A Down/01 Chic N' Stu.m4a,/mnt/d/Music/_Sorted_By_Artist/System Of A Down/01 - Chic N' Stu (2).mp3,/mnt/d/Music/_Duplicate_Quarantine/01 Chic N' Stu.m4a
3474,quarantine,"same metadata artist, album, and title as kept file",system of a down | steal this album | ego brain,System Of A Down,Steal This Album!,Ego Brain,4848412,/mnt/d/Music/_Sorted_By_Artist/System Of A Down/13 - Ego Brain.mp3,/mnt/d/Music/_Sorted_By_Artist/System Of A Down/13 - Ego Brain (2).mp3,/mnt/d/Music/_Duplicate_Quarantine/13 - Ego Brain.mp3
10377,keep,largest file in duplicate metadata group,system of a down | steal this album | ego brain,System Of A Down,Steal This Album!,Ego Brain,4848412,/mnt/d/Music/_Sorted_By_Artist/System Of A Down/13 - Ego Brain (2).mp3,/mnt/d/Music/_Sorted_By_Artist/System Of A Down/13 - Ego Brain (2).mp3,
10378,quarantine,"same metadata artist, album, and title as kept file",system of a down | steal this album | ego brain,System Of A Down,Steal This Album!,Ego Brain,3292809,/mnt/d/Music/_Sorted_By_Artist/System Of A Down/13 Ego Brain.m4a,/mnt/d/Music/_Sorted_By_Artist/System Of A Down/13 - Ego Brain (2).mp3,/mnt/d/Music/_Duplicate_Quarantine/13 Ego Brain.m4a
10399,quarantine,"same metadata artist, album, and title as kept file",system of a down | steal this album | ego brain,System Of A Down,Steal This Album!,Ego Brain,3285654,/mnt/d/Music/_Sorted_By_Artist/System Of A Down/YBKF.m4a,/mnt/d/Music/_Sorted_By_Artist/System Of A Down/13 - Ego Brain (2).mp3,/mnt/d/Music/_Duplicate_Quarantine/YBKF.m4a
3473,quarantine,"same metadata artist, album, and title as kept file",system of a down | steal this album | fuck the system,System Of A Down,Steal This Album!,Fuck The System,3190159,/mnt/d/Music/_Sorted_By_Artist/System Of A Down/12 - Fuck The System.mp3,/mnt/d/Music/_Sorted_By_Artist/System Of A Down/12 - Fuck The System (2).mp3,/mnt/d/Music/_Duplicate_Quarantine/12 - Fuck The System.mp3
10375,keep,largest file in duplicate metadata group,system of a down | steal this album | fuck the system,System Of A Down,Steal This Album!,Fuck The System,3190159,/mnt/d/Music/_Sorted_By_Artist/System Of A Down/12 - Fuck The System (2).mp3,/mnt/d/Music/_Sorted_By_Artist/System Of A Down/12 - Fuck The System (2).mp3,
10376,quarantine,"same metadata artist, album, and title as kept file",system of a down | steal this album | fuck the system,System Of A Down,Steal This Album!,Fuck The System,2135052,/mnt/d/Music/_Sorted_By_Artist/System Of A Down/12 Fuck The System.m4a,/mnt/d/Music/_Sorted_By_Artist/System Of A Down/12 - Fuck The System (2).mp3,/mnt/d/Music/_Duplicate_Quarantine/12 Fuck The System.m4a
3472,quarantine,"same metadata artist, album, and title as kept file",system of a down | steal this album | highway song,System Of A Down,Steal This Album!,Highway Song,4654228,/mnt/d/Music/_Sorted_By_Artist/System Of A Down/11 - Highway Song.mp3,/mnt/d/Music/_Sorted_By_Artist/System Of A Down/11 - Highway Song (2).mp3,/mnt/d/Music/_Duplicate_Quarantine/11 - Highway Song.mp3
10373,keep,largest file in duplicate metadata group,system of a down | steal this album | highway song,System Of A Down,Steal This Album!,Highway Song,4654228,/mnt/d/Music/_Sorted_By_Artist/System Of A Down/11 - Highway Song (2).mp3,/mnt/d/Music/_Sorted_By_Artist/System Of A Down/11 - Highway Song (2).mp3,
10374,quarantine,"same metadata artist, album, and title as kept file",system of a down | steal this album | highway song,System Of A Down,Steal This Album!,Highway Song,3165678,/mnt/d/Music/_Sorted_By_Artist/System Of A Down/11 Highway Song.m4a,/mnt/d/Music/_Sorted_By_Artist/System Of A Down/11 - Highway Song (2).mp3,/mnt/d/Music/_Duplicate_Quarantine/11 Highway Song.m4a
10386,quarantine,"same metadata artist, album, and title as kept file",system of a down | steal this album | highway song,System Of A Down,Steal This Album!,Highway song,3153653,/mnt/d/Music/_Sorted_By_Artist/System Of A Down/FBRG.m4a,/mnt/d/Music/_Sorted_By_Artist/System Of A Down/11 - Highway Song (2).mp3,/mnt/d/Music/_Duplicate_Quarantine/FBRG.m4a
3469,quarantine,"same metadata artist, album, and title as kept file",system of a down | steal this album | i-e-a-i-a-i-o,System Of A Down,Steal This Album!,I-E-A-I-A-I-O,4531808,/mnt/d/Music/_Sorted_By_Artist/System Of A Down/08 - I-E-A-I-A-I-O.mp3,/mnt/d/Music/_Sorted_By_Artist/System Of A Down/08 - I-E-A-I-A-I-O (2).mp3,/mnt/d/Music/_Duplicate_Quarantine/08 - I-E-A-I-A-I-O.mp3
10367,keep,largest file in duplicate metadata group,system of a down | steal this album | i-e-a-i-a-i-o,System Of A Down,Steal This Album!,I-E-A-I-A-I-O,4531808,/mnt/d/Music/_Sorted_By_Artist/System Of A Down/08 - I-E-A-I-A-I-O (2).mp3,/mnt/d/Music/_Sorted_By_Artist/System Of A Down/08 - I-E-A-I-A-I-O (2).mp3,
10368,quarantine,"same metadata artist, album, and title as kept file",system of a down | steal this album | i-e-a-i-a-i-o,System Of A Down,Steal This Album!,I-E-A-I-A-I-O,3040978,/mnt/d/Music/_Sorted_By_Artist/System Of A Down/08 I-E-A-I-A-I-O.m4a,/mnt/d/Music/_Sorted_By_Artist/System Of A Down/08 - I-E-A-I-A-I-O (2).mp3,/mnt/d/Music/_Duplicate_Quarantine/08 I-E-A-I-A-I-O.m4a
10396,quarantine,"same metadata artist, album, and title as kept file",system of a down | steal this album | i-e-a-i-a-i-o,System Of A Down,Steal This Album!,I-E-A-I-A-I-O,3072788,/mnt/d/Music/_Sorted_By_Artist/System Of A Down/VSSQ.m4a,/mnt/d/Music/_Sorted_By_Artist/System Of A Down/08 - I-E-A-I-A-I-O (2).mp3,/mnt/d/Music/_Duplicate_Quarantine/VSSQ.m4a
3463,quarantine,"same metadata artist, album, and title as kept file",system of a down | steal this album | inner vision,System Of A Down,Steal This Album!,Inner Vision,3696266,/mnt/d/Music/_Sorted_By_Artist/System Of A Down/02 - Inner Vision.mp3,/mnt/d/Music/_Sorted_By_Artist/System Of A Down/02 - Inner Vision (2).mp3,/mnt/d/Music/_Duplicate_Quarantine/02 - Inner Vision.mp3
10355,keep,largest file in duplicate metadata group,system of a down | steal this album | inner vision,System Of A Down,Steal This Album!,Inner Vision,3696266,/mnt/d/Music/_Sorted_By_Artist/System Of A Down/02 - Inner Vision (2).mp3,/mnt/d/Music/_Sorted_By_Artist/System Of A Down/02 - Inner Vision (2).mp3,
10356,quarantine,"same metadata artist, album, and title as kept file",system of a down | steal this album | inner vision,System Of A Down,Steal This Album!,Inner Vision,2463420,/mnt/d/Music/_Sorted_By_Artist/System Of A Down/02 Inner Vision.m4a,/mnt/d/Music/_Sorted_By_Artist/System Of A Down/02 - Inner Vision (2).mp3,/mnt/d/Music/_Duplicate_Quarantine/02 Inner Vision.m4a
10352,quarantine,"same metadata artist, album, and title as kept file",system of a down | steal this album | innervision,System Of A Down,Steal This Album,Innervision,2514212,/mnt/d/Music/_Sorted_By_Artist/System Of A Down/QYTB.m4a,/mnt/d/Music/_Sorted_By_Artist/System Of A Down/NZUG.m4a,/mnt/d/Music/_Duplicate_Quarantine/QYTB.m4a
10389,keep,largest file in duplicate metadata group,system of a down | steal this album | innervision,System Of A Down,Steal This Album!,Innervision,2514805,/mnt/d/Music/_Sorted_By_Artist/System Of A Down/NZUG.m4a,/mnt/d/Music/_Sorted_By_Artist/System Of A Down/NZUG.m4a,
3468,quarantine,"same metadata artist, album, and title as kept file",system of a down | steal this album | mr. jack,System Of A Down,Steal This Album!,Mr. Jack,5994456,/mnt/d/Music/_Sorted_By_Artist/System Of A Down/07 - Mr. Jack.mp3,/mnt/d/Music/_Sorted_By_Artist/System Of A Down/07 - Mr. Jack (2).mp3,/mnt/d/Music/_Duplicate_Quarantine/07 - Mr. Jack.mp3
10365,keep,largest file in duplicate metadata group,system of a down | steal this album | mr. jack,System Of A Down,Steal This Album!,Mr. Jack,5994456,/mnt/d/Music/_Sorted_By_Artist/System Of A Down/07 - Mr. Jack (2).mp3,/mnt/d/Music/_Sorted_By_Artist/System Of A Down/07 - Mr. Jack (2).mp3,
10366,quarantine,"same metadata artist, album, and title as kept file",system of a down | steal this album | mr. jack,System Of A Down,Steal This Album!,Mr. Jack,4035497,/mnt/d/Music/_Sorted_By_Artist/System Of A Down/07 Mr. Jack.m4a,/mnt/d/Music/_Sorted_By_Artist/System Of A Down/07 - Mr. Jack (2).mp3,/mnt/d/Music/_Duplicate_Quarantine/07 Mr. Jack.m4a
3466,quarantine,"same metadata artist, album, and title as kept file",system of a down | steal this album | nuguns,System Of A Down,Steal This Album!,Nuguns,3613970,/mnt/d/Music/_Sorted_By_Artist/System Of A Down/05 - Nuguns.mp3,/mnt/d/Music/_Sorted_By_Artist/System Of A Down/05 - Nuguns (2).mp3,/mnt/d/Music/_Duplicate_Quarantine/05 - Nuguns.mp3
10361,keep,largest file in duplicate metadata group,system of a down | steal this album | nuguns,System Of A Down,Steal This Album!,Nuguns,3613970,/mnt/d/Music/_Sorted_By_Artist/System Of A Down/05 - Nuguns (2).mp3,/mnt/d/Music/_Sorted_By_Artist/System Of A Down/05 - Nuguns (2).mp3,
10362,quarantine,"same metadata artist, album, and title as kept file",system of a down | steal this album | nuguns,System Of A Down,Steal This Album!,Nuguns,2466174,/mnt/d/Music/_Sorted_By_Artist/System Of A Down/05 Nuguns.m4a,/mnt/d/Music/_Sorted_By_Artist/System Of A Down/05 - Nuguns (2).mp3,/mnt/d/Music/_Duplicate_Quarantine/05 Nuguns.m4a
3471,quarantine,"same metadata artist, album, and title as kept file",system of a down | steal this album | pictures,System Of A Down,Steal This Album!,Pictures,3036099,/mnt/d/Music/_Sorted_By_Artist/System Of A Down/10 - Pictures.mp3,/mnt/d/Music/_Sorted_By_Artist/System Of A Down/10 - Pictures (2).mp3,/mnt/d/Music/_Duplicate_Quarantine/10 - Pictures.mp3
10371,keep,largest file in duplicate metadata group,system of a down | steal this album | pictures,System Of A Down,Steal This Album!,Pictures,3036099,/mnt/d/Music/_Sorted_By_Artist/System Of A Down/10 - Pictures (2).mp3,/mnt/d/Music/_Sorted_By_Artist/System Of A Down/10 - Pictures (2).mp3,
10372,quarantine,"same metadata artist, album, and title as kept file",system of a down | steal this album | pictures,System Of A Down,Steal This Album!,Pictures,2013097,/mnt/d/Music/_Sorted_By_Artist/System Of A Down/10 Pictures.m4a,/mnt/d/Music/_Sorted_By_Artist/System Of A Down/10 - Pictures (2).mp3,/mnt/d/Music/_Duplicate_Quarantine/10 Pictures.m4a
10400,quarantine,"same metadata artist, album, and title as kept file",system of a down | steal this album | pictures,System Of A Down,Steal This Album!,Pictures,2075454,/mnt/d/Music/_Sorted_By_Artist/System Of A Down/ZWQX.m4a,/mnt/d/Music/_Sorted_By_Artist/System Of A Down/10 - Pictures (2).mp3,/mnt/d/Music/_Duplicate_Quarantine/ZWQX.m4a
3476,quarantine,"same metadata artist, album, and title as kept file",system of a down | steal this album | roulette,System Of A Down,Steal This Album!,Roulette,4835247,/mnt/d/Music/_Sorted_By_Artist/System Of A Down/15 - Roulette.mp3,/mnt/d/Music/_Sorted_By_Artist/System Of A Down/15 - Roulette (2).mp3,/mnt/d/Music/_Duplicate_Quarantine/15 - Roulette.mp3
10381,keep,largest file in duplicate metadata group,system of a down | steal this album | roulette,System Of A Down,Steal This Album!,Roulette,4835247,/mnt/d/Music/_Sorted_By_Artist/System Of A Down/15 - Roulette (2).mp3,/mnt/d/Music/_Sorted_By_Artist/System Of A Down/15 - Roulette (2).mp3,
10382,quarantine,"same metadata artist, album, and title as kept file",system of a down | steal this album | roulette,System Of A Down,Steal This Album!,Roulette,3186728,/mnt/d/Music/_Sorted_By_Artist/System Of A Down/15 Roulette.m4a,/mnt/d/Music/_Sorted_By_Artist/System Of A Down/15 - Roulette (2).mp3,/mnt/d/Music/_Duplicate_Quarantine/15 Roulette.m4a
10385,quarantine,"same metadata artist, album, and title as kept file",system of a down | steal this album | roulette,System Of A Down,Steal This Album!,Roulette,3268991,/mnt/d/Music/_Sorted_By_Artist/System Of A Down/BIRM.m4a,/mnt/d/Music/_Sorted_By_Artist/System Of A Down/15 - Roulette (2).mp3,/mnt/d/Music/_Duplicate_Quarantine/BIRM.m4a
3477,quarantine,"same metadata artist, album, and title as kept file",system of a down | steal this album | streamline,System Of A Down,Steal This Album!,Streamline,5227710,/mnt/d/Music/_Sorted_By_Artist/System Of A Down/16 - Streamline.mp3,/mnt/d/Music/_Sorted_By_Artist/System Of A Down/16 - Streamline (2).mp3,/mnt/d/Music/_Duplicate_Quarantine/16 - Streamline.mp3
10383,keep,largest file in duplicate metadata group,system of a down | steal this album | streamline,System Of A Down,Steal This Album!,Streamline,5227710,/mnt/d/Music/_Sorted_By_Artist/System Of A Down/16 - Streamline (2).mp3,/mnt/d/Music/_Sorted_By_Artist/System Of A Down/16 - Streamline (2).mp3,
10384,quarantine,"same metadata artist, album, and title as kept file",system of a down | steal this album | streamline,System Of A Down,Steal This Album!,Streamline,3459404,/mnt/d/Music/_Sorted_By_Artist/System Of A Down/16 Streamline.m4a,/mnt/d/Music/_Sorted_By_Artist/System Of A Down/16 - Streamline (2).mp3,/mnt/d/Music/_Duplicate_Quarantine/16 Streamline.m4a
10390,quarantine,"same metadata artist, album, and title as kept file",system of a down | steal this album | streamline,System Of A Down,Steal This Album!,Streamline,3523899,/mnt/d/Music/_Sorted_By_Artist/System Of A Down/OKGX.m4a,/mnt/d/Music/_Sorted_By_Artist/System Of A Down/16 - Streamline (2).mp3,/mnt/d/Music/_Duplicate_Quarantine/OKGX.m4a
3475,quarantine,"same metadata artist, album, and title as kept file",system of a down | steal this album | thetawaves,System Of A Down,Steal This Album!,Thetawaves,3765062,/mnt/d/Music/_Sorted_By_Artist/System Of A Down/14 - Thetawaves.mp3,/mnt/d/Music/_Sorted_By_Artist/System Of A Down/14 - Thetawaves (2).mp3,/mnt/d/Music/_Duplicate_Quarantine/14 - Thetawaves.mp3
10379,keep,largest file in duplicate metadata group,system of a down | steal this album | thetawaves,System Of A Down,Steal This Album!,Thetawaves,3765062,/mnt/d/Music/_Sorted_By_Artist/System Of A Down/14 - Thetawaves (2).mp3,/mnt/d/Music/_Sorted_By_Artist/System Of A Down/14 - Thetawaves (2).mp3,
10380,quarantine,"same metadata artist, album, and title as kept file",system of a down | steal this album | thetawaves,System Of A Down,Steal This Album!,Thetawaves,2510670,/mnt/d/Music/_Sorted_By_Artist/System Of A Down/14 Thetawaves.m4a,/mnt/d/Music/_Sorted_By_Artist/System Of A Down/14 - Thetawaves (2).mp3,/mnt/d/Music/_Duplicate_Quarantine/14 Thetawaves.m4a
10394,quarantine,"same metadata artist, album, and title as kept file",system of a down | steal this album | thetawaves,System Of A Down,Steal This Album!,Thetawaves,2561148,/mnt/d/Music/_Sorted_By_Artist/System Of A Down/QSBA.m4a,/mnt/d/Music/_Sorted_By_Artist/System Of A Down/14 - Thetawaves (2).mp3,/mnt/d/Music/_Duplicate_Quarantine/QSBA.m4a
4150,quarantine,"same metadata artist, album, and title as kept file",tenacious d | tenacious d | fuck her gently,Tenacious D,Tenacious D,Fuck Her Gently,2958323,/mnt/d/Music/_Sorted_By_Artist/Tenacious D/JWRV.mp3,/mnt/d/Music/_Sorted_By_Artist/Tenacious D/PFSA.mp3,/mnt/d/Music/_Duplicate_Quarantine/JWRV.mp3
10455,keep,largest file in duplicate metadata group,tenacious d | tenacious d | fuck her gently,Tenacious D,Tenacious D,Fuck Her Gently,2959091,/mnt/d/Music/_Sorted_By_Artist/Tenacious D/PFSA.mp3,/mnt/d/Music/_Sorted_By_Artist/Tenacious D/PFSA.mp3,
4149,quarantine,"same metadata artist, album, and title as kept file",tenacious d | tenacious d | tribute,Tenacious D,Tenacious D,Tribute,5944968,/mnt/d/Music/_Sorted_By_Artist/Tenacious D/IHGN.mp3,/mnt/d/Music/_Sorted_By_Artist/Tenacious D/BGNZ.mp3,/mnt/d/Music/_Duplicate_Quarantine/IHGN.mp3
10453,keep,largest file in duplicate metadata group,tenacious d | tenacious d | tribute,Tenacious D,Tenacious D,Tribute,5945736,/mnt/d/Music/_Sorted_By_Artist/Tenacious D/BGNZ.mp3,/mnt/d/Music/_Sorted_By_Artist/Tenacious D/BGNZ.mp3,
7521,quarantine,"same metadata artist, album, and title as kept file",the fugees | the score | killing me softly,The Fugees,The Score,Killing Me Softly,3963739,/mnt/d/Music/_Sorted_By_Artist/The Fugees/JMLD.mp3,/mnt/d/Music/_Sorted_By_Artist/The Fugees/FBQU.mp3,/mnt/d/Music/_Duplicate_Quarantine/JMLD.mp3
9699,keep,largest file in duplicate metadata group,the fugees | the score | killing me softly,The Fugees,The Score,Killing Me Softly,3963739,/mnt/d/Music/_Sorted_By_Artist/The Fugees/FBQU.mp3,/mnt/d/Music/_Sorted_By_Artist/The Fugees/FBQU.mp3,
10488,keep,largest file in duplicate metadata group,the haunted | revolver | 99,The Haunted,Revolver,99,3914298,/mnt/d/Music/_Sorted_By_Artist/The Haunted/02 99 1.m4a,/mnt/d/Music/_Sorted_By_Artist/The Haunted/02 99 1.m4a,
10489,quarantine,"same metadata artist, album, and title as kept file",the haunted | revolver | 99,The Haunted,Revolver,99,3914298,/mnt/d/Music/_Sorted_By_Artist/The Haunted/02 99.m4a,/mnt/d/Music/_Sorted_By_Artist/The Haunted/02 99 1.m4a,/mnt/d/Music/_Duplicate_Quarantine/02 99.m4a
10490,keep,largest file in duplicate metadata group,the haunted | revolver | abysmal,The Haunted,Revolver,Abysmal,4710491,/mnt/d/Music/_Sorted_By_Artist/The Haunted/03 Abysmal 1.m4a,/mnt/d/Music/_Sorted_By_Artist/The Haunted/03 Abysmal 1.m4a,
10491,quarantine,"same metadata artist, album, and title as kept file",the haunted | revolver | abysmal,The Haunted,Revolver,Abysmal,4710491,/mnt/d/Music/_Sorted_By_Artist/The Haunted/03 Abysmal.m4a,/mnt/d/Music/_Sorted_By_Artist/The Haunted/03 Abysmal 1.m4a,/mnt/d/Music/_Duplicate_Quarantine/03 Abysmal.m4a
10494,keep,largest file in duplicate metadata group,the haunted | revolver | all against all,The Haunted,Revolver,All Against All,4474025,/mnt/d/Music/_Sorted_By_Artist/The Haunted/05 All Against All 1.m4a,/mnt/d/Music/_Sorted_By_Artist/The Haunted/05 All Against All 1.m4a,
10495,quarantine,"same metadata artist, album, and title as kept file",the haunted | revolver | all against all,The Haunted,Revolver,All Against All,4474025,/mnt/d/Music/_Sorted_By_Artist/The Haunted/05 All Against All.m4a,/mnt/d/Music/_Sorted_By_Artist/The Haunted/05 All Against All 1.m4a,/mnt/d/Music/_Duplicate_Quarantine/05 All Against All.m4a
10498,keep,largest file in duplicate metadata group,the haunted | revolver | burnt to a shell,The Haunted,Revolver,Burnt To A Shell,3738362,/mnt/d/Music/_Sorted_By_Artist/The Haunted/07 Burnt To A Shell 1.m4a,/mnt/d/Music/_Sorted_By_Artist/The Haunted/07 Burnt To A Shell 1.m4a,
10499,quarantine,"same metadata artist, album, and title as kept file",the haunted | revolver | burnt to a shell,The Haunted,Revolver,Burnt To A Shell,3738344,/mnt/d/Music/_Sorted_By_Artist/The Haunted/07 Burnt To A Shell.m4a,/mnt/d/Music/_Sorted_By_Artist/The Haunted/07 Burnt To A Shell 1.m4a,/mnt/d/Music/_Duplicate_Quarantine/07 Burnt To A Shell.m4a
10506,quarantine,"same metadata artist, album, and title as kept file",the haunted | revolver | fire alive [bonus track,The Haunted,Revolver,Fire Alive [Bonus Track],3659734,/mnt/d/Music/_Sorted_By_Artist/The Haunted/11 Fire Alive [Bonus Track] 1.m4a,/mnt/d/Music/_Sorted_By_Artist/The Haunted/11 Fire Alive [Bonus Track].m4a,/mnt/d/Music/_Duplicate_Quarantine/11 Fire Alive [Bonus Track] 1.m4a
10507,keep,largest file in duplicate metadata group,the haunted | revolver | fire alive [bonus track,The Haunted,Revolver,Fire Alive [Bonus Track],3660051,/mnt/d/Music/_Sorted_By_Artist/The Haunted/11 Fire Alive [Bonus Track].m4a,/mnt/d/Music/_Sorted_By_Artist/The Haunted/11 Fire Alive [Bonus Track].m4a,
10504,keep,largest file in duplicate metadata group,the haunted | revolver | liquid burns,The Haunted,Revolver,Liquid Burns,4633885,/mnt/d/Music/_Sorted_By_Artist/The Haunted/10 Liquid Burns 1.m4a,/mnt/d/Music/_Sorted_By_Artist/The Haunted/10 Liquid Burns 1.m4a,
10505,quarantine,"same metadata artist, album, and title as kept file",the haunted | revolver | liquid burns,The Haunted,Revolver,Liquid Burns,4633865,/mnt/d/Music/_Sorted_By_Artist/The Haunted/10 Liquid Burns.m4a,/mnt/d/Music/_Sorted_By_Artist/The Haunted/10 Liquid Burns 1.m4a,/mnt/d/Music/_Duplicate_Quarantine/10 Liquid Burns.m4a
10510,keep,largest file in duplicate metadata group,the haunted | revolver | my shadow,The Haunted,Revolver,My Shadow,6653299,/mnt/d/Music/_Sorted_By_Artist/The Haunted/13 My Shadow 1.m4a,/mnt/d/Music/_Sorted_By_Artist/The Haunted/13 My Shadow 1.m4a,
10511,quarantine,"same metadata artist, album, and title as kept file",the haunted | revolver | my shadow,The Haunted,Revolver,My Shadow,6653299,/mnt/d/Music/_Sorted_By_Artist/The Haunted/13 My Shadow.m4a,/mnt/d/Music/_Sorted_By_Artist/The Haunted/13 My Shadow 1.m4a,/mnt/d/Music/_Duplicate_Quarantine/13 My Shadow.m4a
10486,keep,largest file in duplicate metadata group,the haunted | revolver | no compromise,The Haunted,Revolver,No Compromise,3694597,/mnt/d/Music/_Sorted_By_Artist/The Haunted/01 No Compromise 1.m4a,/mnt/d/Music/_Sorted_By_Artist/The Haunted/01 No Compromise 1.m4a,
10487,quarantine,"same metadata artist, album, and title as kept file",the haunted | revolver | no compromise,The Haunted,Revolver,No Compromise,3694387,/mnt/d/Music/_Sorted_By_Artist/The Haunted/01 No Compromise.m4a,/mnt/d/Music/_Sorted_By_Artist/The Haunted/01 No Compromise 1.m4a,/mnt/d/Music/_Duplicate_Quarantine/01 No Compromise.m4a
10502,keep,largest file in duplicate metadata group,the haunted | revolver | nothing right,The Haunted,Revolver,Nothing Right,3700589,/mnt/d/Music/_Sorted_By_Artist/The Haunted/09 Nothing Right 1.m4a,/mnt/d/Music/_Sorted_By_Artist/The Haunted/09 Nothing Right 1.m4a,
10503,quarantine,"same metadata artist, album, and title as kept file",the haunted | revolver | nothing right,The Haunted,Revolver,Nothing Right,3700589,/mnt/d/Music/_Sorted_By_Artist/The Haunted/09 Nothing Right.m4a,/mnt/d/Music/_Sorted_By_Artist/The Haunted/09 Nothing Right 1.m4a,/mnt/d/Music/_Duplicate_Quarantine/09 Nothing Right.m4a
10492,keep,largest file in duplicate metadata group,the haunted | revolver | sabotage,The Haunted,Revolver,Sabotage,2564861,/mnt/d/Music/_Sorted_By_Artist/The Haunted/04 Sabotage 1.m4a,/mnt/d/Music/_Sorted_By_Artist/The Haunted/04 Sabotage 1.m4a,
10493,quarantine,"same metadata artist, album, and title as kept file",the haunted | revolver | sabotage,The Haunted,Revolver,Sabotage,2564861,/mnt/d/Music/_Sorted_By_Artist/The Haunted/04 Sabotage.m4a,/mnt/d/Music/_Sorted_By_Artist/The Haunted/04 Sabotage 1.m4a,/mnt/d/Music/_Duplicate_Quarantine/04 Sabotage.m4a
10508,keep,largest file in duplicate metadata group,the haunted | revolver | smut king,The Haunted,Revolver,Smut King,3093606,/mnt/d/Music/_Sorted_By_Artist/The Haunted/12 Smut King 1.m4a,/mnt/d/Music/_Sorted_By_Artist/The Haunted/12 Smut King 1.m4a,
10509,quarantine,"same metadata artist, album, and title as kept file",the haunted | revolver | smut king,The Haunted,Revolver,Smut King,3093576,/mnt/d/Music/_Sorted_By_Artist/The Haunted/12 Smut King.m4a,/mnt/d/Music/_Sorted_By_Artist/The Haunted/12 Smut King 1.m4a,/mnt/d/Music/_Duplicate_Quarantine/12 Smut King.m4a
10496,quarantine,"same metadata artist, album, and title as kept file",the haunted | revolver | sweet relief,The Haunted,Revolver,Sweet Relief,3375098,/mnt/d/Music/_Sorted_By_Artist/The Haunted/06 Sweet Relief 1.m4a,/mnt/d/Music/_Sorted_By_Artist/The Haunted/06 Sweet Relief.m4a,/mnt/d/Music/_Duplicate_Quarantine/06 Sweet Relief 1.m4a
10497,keep,largest file in duplicate metadata group,the haunted | revolver | sweet relief,The Haunted,Revolver,Sweet Relief,3375139,/mnt/d/Music/_Sorted_By_Artist/The Haunted/06 Sweet Relief.m4a,/mnt/d/Music/_Sorted_By_Artist/The Haunted/06 Sweet Relief.m4a,
10500,quarantine,"same metadata artist, album, and title as kept file",the haunted | revolver | who will decide,The Haunted,Revolver,Who Will Decide,3442664,/mnt/d/Music/_Sorted_By_Artist/The Haunted/08 Who Will Decide 1.m4a,/mnt/d/Music/_Sorted_By_Artist/The Haunted/08 Who Will Decide.m4a,/mnt/d/Music/_Duplicate_Quarantine/08 Who Will Decide 1.m4a
10501,keep,largest file in duplicate metadata group,the haunted | revolver | who will decide,The Haunted,Revolver,Who Will Decide,3442679,/mnt/d/Music/_Sorted_By_Artist/The Haunted/08 Who Will Decide.m4a,/mnt/d/Music/_Sorted_By_Artist/The Haunted/08 Who Will Decide.m4a,
3488,quarantine,"same metadata artist, album, and title as kept file",the haunted | the dead eye limited edition | the cynic,The Haunted,The Dead Eye limited edition,The Cynic,5488057,/mnt/d/Music/_Sorted_By_Artist/The Haunted/11 - The Cynic.mp3,/mnt/d/Music/_Sorted_By_Artist/The Haunted/11 - The Cynic (2).mp3,/mnt/d/Music/_Duplicate_Quarantine/11 - The Cynic.mp3
10522,keep,largest file in duplicate metadata group,the haunted | the dead eye limited edition | the cynic,The Haunted,The Dead Eye limited edition,The Cynic,5488057,/mnt/d/Music/_Sorted_By_Artist/The Haunted/11 - The Cynic (2).mp3,/mnt/d/Music/_Sorted_By_Artist/The Haunted/11 - The Cynic (2).mp3,
3481,quarantine,"same metadata artist, album, and title as kept file",the haunted | the dead eye limited edition | the drowning,The Haunted,The Dead Eye limited edition,The Drowning,6098695,/mnt/d/Music/_Sorted_By_Artist/The Haunted/04 - The Drowning.mp3,/mnt/d/Music/_Sorted_By_Artist/The Haunted/04 - The Drowning (2).mp3,/mnt/d/Music/_Duplicate_Quarantine/04 - The Drowning.mp3
10515,keep,largest file in duplicate metadata group,the haunted | the dead eye limited edition | the drowning,The Haunted,The Dead Eye limited edition,The Drowning,6098695,/mnt/d/Music/_Sorted_By_Artist/The Haunted/04 - The Drowning (2).mp3,/mnt/d/Music/_Sorted_By_Artist/The Haunted/04 - The Drowning (2).mp3,
3489,quarantine,"same metadata artist, album, and title as kept file",the haunted | the dead eye limited edition | the failure,The Haunted,The Dead Eye limited edition,The Failure,7458526,/mnt/d/Music/_Sorted_By_Artist/The Haunted/12 - The Failure.mp3,/mnt/d/Music/_Sorted_By_Artist/The Haunted/12 - The Failure (2).mp3,/mnt/d/Music/_Duplicate_Quarantine/12 - The Failure.mp3
10523,keep,largest file in duplicate metadata group,the haunted | the dead eye limited edition | the failure,The Haunted,The Dead Eye limited edition,The Failure,7458526,/mnt/d/Music/_Sorted_By_Artist/The Haunted/12 - The Failure (2).mp3,/mnt/d/Music/_Sorted_By_Artist/The Haunted/12 - The Failure (2).mp3,
3484,quarantine,"same metadata artist, album, and title as kept file",the haunted | the dead eye limited edition | the fallout,The Haunted,The Dead Eye limited edition,The Fallout,6313108,/mnt/d/Music/_Sorted_By_Artist/The Haunted/07 - The Fallout.mp3,/mnt/d/Music/_Sorted_By_Artist/The Haunted/07 - The Fallout (2).mp3,/mnt/d/Music/_Duplicate_Quarantine/07 - The Fallout.mp3
10518,keep,largest file in duplicate metadata group,the haunted | the dead eye limited edition | the fallout,The Haunted,The Dead Eye limited edition,The Fallout,6313108,/mnt/d/Music/_Sorted_By_Artist/The Haunted/07 - The Fallout (2).mp3,/mnt/d/Music/_Sorted_By_Artist/The Haunted/07 - The Fallout (2).mp3,
3479,quarantine,"same metadata artist, album, and title as kept file",the haunted | the dead eye limited edition | the flood,The Haunted,The Dead Eye limited edition,The Flood,5947603,/mnt/d/Music/_Sorted_By_Artist/The Haunted/02 - The Flood.mp3,/mnt/d/Music/_Sorted_By_Artist/The Haunted/02 - The Flood (2).mp3,/mnt/d/Music/_Duplicate_Quarantine/02 - The Flood.mp3
10513,keep,largest file in duplicate metadata group,the haunted | the dead eye limited edition | the flood,The Haunted,The Dead Eye limited edition,The Flood,5947603,/mnt/d/Music/_Sorted_By_Artist/The Haunted/02 - The Flood (2).mp3,/mnt/d/Music/_Sorted_By_Artist/The Haunted/02 - The Flood (2).mp3,
3492,quarantine,"same metadata artist, album, and title as kept file",the haunted | the dead eye limited edition | the guilttrip,The Haunted,The Dead Eye limited edition,The Guilttrip,14868315,/mnt/d/Music/_Sorted_By_Artist/The Haunted/15 - The Guilttrip.mp3,/mnt/d/Music/_Sorted_By_Artist/The Haunted/15 - The Guilttrip (2).mp3,/mnt/d/Music/_Duplicate_Quarantine/15 - The Guilttrip.mp3
10526,keep,largest file in duplicate metadata group,the haunted | the dead eye limited edition | the guilttrip,The Haunted,The Dead Eye limited edition,The Guilttrip,14868315,/mnt/d/Music/_Sorted_By_Artist/The Haunted/15 - The Guilttrip (2).mp3,/mnt/d/Music/_Sorted_By_Artist/The Haunted/15 - The Guilttrip (2).mp3,
3486,quarantine,"same metadata artist, album, and title as kept file",the haunted | the dead eye limited edition | the highwire,The Haunted,The Dead Eye limited edition,The Highwire,1212961,/mnt/d/Music/_Sorted_By_Artist/The Haunted/09 - The Highwire.mp3,/mnt/d/Music/_Sorted_By_Artist/The Haunted/09 - The Highwire (2).mp3,/mnt/d/Music/_Duplicate_Quarantine/09 - The Highwire.mp3
10520,keep,largest file in duplicate metadata group,the haunted | the dead eye limited edition | the highwire,The Haunted,The Dead Eye limited edition,The Highwire,1212961,/mnt/d/Music/_Sorted_By_Artist/The Haunted/09 - The Highwire (2).mp3,/mnt/d/Music/_Sorted_By_Artist/The Haunted/09 - The Highwire (2).mp3,
3480,quarantine,"same metadata artist, album, and title as kept file",the haunted | the dead eye limited edition | the medication,The Haunted,The Dead Eye limited edition,The Medication,4583384,/mnt/d/Music/_Sorted_By_Artist/The Haunted/03 - The Medication.mp3,/mnt/d/Music/_Sorted_By_Artist/The Haunted/03 - The Medication (2).mp3,/mnt/d/Music/_Duplicate_Quarantine/03 - The Medication.mp3
10514,keep,largest file in duplicate metadata group,the haunted | the dead eye limited edition | the medication,The Haunted,The Dead Eye limited edition,The Medication,4583384,/mnt/d/Music/_Sorted_By_Artist/The Haunted/03 - The Medication (2).mp3,/mnt/d/Music/_Sorted_By_Artist/The Haunted/03 - The Medication (2).mp3,
3485,quarantine,"same metadata artist, album, and title as kept file",the haunted | the dead eye limited edition | the medusa,The Haunted,The Dead Eye limited edition,The Medusa,5840397,/mnt/d/Music/_Sorted_By_Artist/The Haunted/08 - The Medusa.mp3,/mnt/d/Music/_Sorted_By_Artist/The Haunted/08 - The Medusa (2).mp3,/mnt/d/Music/_Duplicate_Quarantine/08 - The Medusa.mp3
10519,keep,largest file in duplicate metadata group,the haunted | the dead eye limited edition | the medusa,The Haunted,The Dead Eye limited edition,The Medusa,5840397,/mnt/d/Music/_Sorted_By_Artist/The Haunted/08 - The Medusa (2).mp3,/mnt/d/Music/_Sorted_By_Artist/The Haunted/08 - The Medusa (2).mp3,
3478,quarantine,"same metadata artist, album, and title as kept file",the haunted | the dead eye limited edition | the premonition,The Haunted,The Dead Eye limited edition,The Premonition,1409193,/mnt/d/Music/_Sorted_By_Artist/The Haunted/01 - The Premonition.mp3,/mnt/d/Music/_Sorted_By_Artist/The Haunted/01 - The Premonition (2).mp3,/mnt/d/Music/_Duplicate_Quarantine/01 - The Premonition.mp3
10512,keep,largest file in duplicate metadata group,the haunted | the dead eye limited edition | the premonition,The Haunted,The Dead Eye limited edition,The Premonition,1409193,/mnt/d/Music/_Sorted_By_Artist/The Haunted/01 - The Premonition (2).mp3,/mnt/d/Music/_Sorted_By_Artist/The Haunted/01 - The Premonition (2).mp3,
3491,quarantine,"same metadata artist, album, and title as kept file",the haunted | the dead eye limited edition | the program,The Haunted,The Dead Eye limited edition,The Program,7101797,/mnt/d/Music/_Sorted_By_Artist/The Haunted/14 - The Program.mp3,/mnt/d/Music/_Sorted_By_Artist/The Haunted/14 - The Program (2).mp3,/mnt/d/Music/_Duplicate_Quarantine/14 - The Program.mp3
10525,keep,largest file in duplicate metadata group,the haunted | the dead eye limited edition | the program,The Haunted,The Dead Eye limited edition,The Program,7101797,/mnt/d/Music/_Sorted_By_Artist/The Haunted/14 - The Program (2).mp3,/mnt/d/Music/_Sorted_By_Artist/The Haunted/14 - The Program (2).mp3,
3483,quarantine,"same metadata artist, album, and title as kept file",the haunted | the dead eye limited edition | the prosecution,The Haunted,The Dead Eye limited edition,The Prosecution,5515015,/mnt/d/Music/_Sorted_By_Artist/The Haunted/06 - The Prosecution.mp3,/mnt/d/Music/_Sorted_By_Artist/The Haunted/06 - The Prosecution (2).mp3,/mnt/d/Music/_Duplicate_Quarantine/06 - The Prosecution.mp3
10517,keep,largest file in duplicate metadata group,the haunted | the dead eye limited edition | the prosecution,The Haunted,The Dead Eye limited edition,The Prosecution,5515015,/mnt/d/Music/_Sorted_By_Artist/The Haunted/06 - The Prosecution (2).mp3,/mnt/d/Music/_Sorted_By_Artist/The Haunted/06 - The Prosecution (2).mp3,
3482,quarantine,"same metadata artist, album, and title as kept file",the haunted | the dead eye limited edition | the reflection,The Haunted,The Dead Eye limited edition,The Reflection,5479280,/mnt/d/Music/_Sorted_By_Artist/The Haunted/05 - The Reflection.mp3,/mnt/d/Music/_Sorted_By_Artist/The Haunted/05 - The Reflection (2).mp3,/mnt/d/Music/_Duplicate_Quarantine/05 - The Reflection.mp3
10516,keep,largest file in duplicate metadata group,the haunted | the dead eye limited edition | the reflection,The Haunted,The Dead Eye limited edition,The Reflection,5479280,/mnt/d/Music/_Sorted_By_Artist/The Haunted/05 - The Reflection (2).mp3,/mnt/d/Music/_Sorted_By_Artist/The Haunted/05 - The Reflection (2).mp3,
3487,quarantine,"same metadata artist, album, and title as kept file",the haunted | the dead eye limited edition | the shifter,The Haunted,The Dead Eye limited edition,The Shifter,4222268,/mnt/d/Music/_Sorted_By_Artist/The Haunted/10 - The Shifter.mp3,/mnt/d/Music/_Sorted_By_Artist/The Haunted/10 - The Shifter (2).mp3,/mnt/d/Music/_Duplicate_Quarantine/10 - The Shifter.mp3
10521,keep,largest file in duplicate metadata group,the haunted | the dead eye limited edition | the shifter,The Haunted,The Dead Eye limited edition,The Shifter,4222268,/mnt/d/Music/_Sorted_By_Artist/The Haunted/10 - The Shifter (2).mp3,/mnt/d/Music/_Sorted_By_Artist/The Haunted/10 - The Shifter (2).mp3,
3490,quarantine,"same metadata artist, album, and title as kept file",the haunted | the dead eye limited edition | the stain,The Haunted,The Dead Eye limited edition,The Stain,6108099,/mnt/d/Music/_Sorted_By_Artist/The Haunted/13 - The Stain.mp3,/mnt/d/Music/_Sorted_By_Artist/The Haunted/13 - The Stain (2).mp3,/mnt/d/Music/_Duplicate_Quarantine/13 - The Stain.mp3
10524,keep,largest file in duplicate metadata group,the haunted | the dead eye limited edition | the stain,The Haunted,The Dead Eye limited edition,The Stain,6108099,/mnt/d/Music/_Sorted_By_Artist/The Haunted/13 - The Stain (2).mp3,/mnt/d/Music/_Sorted_By_Artist/The Haunted/13 - The Stain (2).mp3,
3500,quarantine,"same metadata artist, album, and title as kept file",the mars volta | frances the mute | cassandra geminni: a. tarantism,The Mars Volta,Frances The Mute,Cassandra Geminni: A. Tarantism,11079097,/mnt/d/Music/_Sorted_By_Artist/The Mars Volta/08 - Cassandra Geminni- A. Tarantism.mp3,/mnt/d/Music/_Sorted_By_Artist/The Mars Volta/08 - Cassandra Geminni- A. Tarantism (2).mp3,/mnt/d/Music/_Duplicate_Quarantine/08 - Cassandra Geminni- A. Tarantism.mp3
10597,keep,largest file in duplicate metadata group,the mars volta | frances the mute | cassandra geminni: a. tarantism,The Mars Volta,Frances The Mute,Cassandra Geminni: A. Tarantism,11079097,/mnt/d/Music/_Sorted_By_Artist/The Mars Volta/08 - Cassandra Geminni- A. Tarantism (2).mp3,/mnt/d/Music/_Sorted_By_Artist/The Mars Volta/08 - Cassandra Geminni- A. Tarantism (2).mp3,
3501,quarantine,"same metadata artist, album, and title as kept file",the mars volta | frances the mute | cassandra geminni: b. plant a nail in the navel stream,The Mars Volta,Frances The Mute,Cassandra Geminni: B. Plant A Nail In The Navel Stream,7204615,/mnt/d/Music/_Sorted_By_Artist/The Mars Volta/09 - Cassandra Geminni- B. Plant A Nail In The Navel Stream.mp3,/mnt/d/Music/_Sorted_By_Artist/The Mars Volta/09 - Cassandra Geminni- B. Plant A Nail In The Navel Stream (2).mp3,/mnt/d/Music/_Duplicate_Quarantine/09 - Cassandra Geminni- B. Plant A Nail In The Navel Stream.mp3
10598,keep,largest file in duplicate metadata group,the mars volta | frances the mute | cassandra geminni: b. plant a nail in the navel stream,The Mars Volta,Frances The Mute,Cassandra Geminni: B. Plant A Nail In The Navel Stream,7204615,/mnt/d/Music/_Sorted_By_Artist/The Mars Volta/09 - Cassandra Geminni- B. Plant A Nail In The Navel Stream (2).mp3,/mnt/d/Music/_Sorted_By_Artist/The Mars Volta/09 - Cassandra Geminni- B. Plant A Nail In The Navel Stream (2).mp3,
3502,quarantine,"same metadata artist, album, and title as kept file",the mars volta | frances the mute | cassandra geminni: c. faminepulse,The Mars Volta,Frances The Mute,Cassandra Geminni: C. Faminepulse,5488057,/mnt/d/Music/_Sorted_By_Artist/The Mars Volta/10 - Cassandra Geminni- C. Faminepulse.mp3,/mnt/d/Music/_Sorted_By_Artist/The Mars Volta/10 - Cassandra Geminni- C. Faminepulse (2).mp3,/mnt/d/Music/_Duplicate_Quarantine/10 - Cassandra Geminni- C. Faminepulse.mp3
10599,keep,largest file in duplicate metadata group,the mars volta | frances the mute | cassandra geminni: c. faminepulse,The Mars Volta,Frances The Mute,Cassandra Geminni: C. Faminepulse,5488057,/mnt/d/Music/_Sorted_By_Artist/The Mars Volta/10 - Cassandra Geminni- C. Faminepulse (2).mp3,/mnt/d/Music/_Sorted_By_Artist/The Mars Volta/10 - Cassandra Geminni- C. Faminepulse (2).mp3,
3503,quarantine,"same metadata artist, album, and title as kept file",the mars volta | frances the mute | cassandra geminni: d. multiple spouse wounds,The Mars Volta,Frances The Mute,Cassandra Geminni: D. Multiple Spouse Wounds,1128325,/mnt/d/Music/_Sorted_By_Artist/The Mars Volta/11 - Cassandra Geminni- D. Multiple Spouse Wounds.mp3,/mnt/d/Music/_Sorted_By_Artist/The Mars Volta/11 - Cassandra Geminni- D. Multiple Spouse Wounds (2).mp3,/mnt/d/Music/_Duplicate_Quarantine/11 - Cassandra Geminni- D. Multiple Spouse Wounds.mp3
10600,keep,largest file in duplicate metadata group,the mars volta | frances the mute | cassandra geminni: d. multiple spouse wounds,The Mars Volta,Frances The Mute,Cassandra Geminni: D. Multiple Spouse Wounds,1128325,/mnt/d/Music/_Sorted_By_Artist/The Mars Volta/11 - Cassandra Geminni- D. Multiple Spouse Wounds (2).mp3,/mnt/d/Music/_Sorted_By_Artist/The Mars Volta/11 - Cassandra Geminni- D. Multiple Spouse Wounds (2).mp3,
3504,quarantine,"same metadata artist, album, and title as kept file",the mars volta | frances the mute | cassandra geminni: e. sarcophagi,The Mars Volta,Frances The Mute,Cassandra Geminni: E. Sarcophagi,1301987,/mnt/d/Music/_Sorted_By_Artist/The Mars Volta/12 - Cassandra Geminni- E. Sarcophagi.mp3,/mnt/d/Music/_Sorted_By_Artist/The Mars Volta/12 - Cassandra Geminni- E. Sarcophagi (2).mp3,/mnt/d/Music/_Duplicate_Quarantine/12 - Cassandra Geminni- E. Sarcophagi.mp3
10601,keep,largest file in duplicate metadata group,the mars volta | frances the mute | cassandra geminni: e. sarcophagi,The Mars Volta,Frances The Mute,Cassandra Geminni: E. Sarcophagi,1301987,/mnt/d/Music/_Sorted_By_Artist/The Mars Volta/12 - Cassandra Geminni- E. Sarcophagi (2).mp3,/mnt/d/Music/_Sorted_By_Artist/The Mars Volta/12 - Cassandra Geminni- E. Sarcophagi (2).mp3,
3493,quarantine,"same metadata artist, album, and title as kept file",the mars volta | frances the mute | cygnus....vismund cygnus,The Mars Volta,Frances The Mute,Cygnus....Vismund Cygnus,18773517,/mnt/d/Music/_Sorted_By_Artist/The Mars Volta/01 - Cygnus....Vismund Cygnus.mp3,/mnt/d/Music/_Sorted_By_Artist/The Mars Volta/01 - Cygnus....Vismund Cygnus (2).mp3,/mnt/d/Music/_Duplicate_Quarantine/01 - Cygnus....Vismund Cygnus.mp3
10590,keep,largest file in duplicate metadata group,the mars volta | frances the mute | cygnus....vismund cygnus,The Mars Volta,Frances The Mute,Cygnus....Vismund Cygnus,18773517,/mnt/d/Music/_Sorted_By_Artist/The Mars Volta/01 - Cygnus....Vismund Cygnus (2).mp3,/mnt/d/Music/_Sorted_By_Artist/The Mars Volta/01 - Cygnus....Vismund Cygnus (2).mp3,
3495,quarantine,"same metadata artist, album, and title as kept file",the mars volta | frances the mute | l'via l'viaquez,The Mars Volta,Frances The Mute,L'Via L'Viaquez,17806150,/mnt/d/Music/_Sorted_By_Artist/The Mars Volta/03 - L'Via L'Viaquez.mp3,/mnt/d/Music/_Sorted_By_Artist/The Mars Volta/03 - L'Via L'Viaquez (2).mp3,/mnt/d/Music/_Duplicate_Quarantine/03 - L'Via L'Viaquez.mp3
10592,keep,largest file in duplicate metadata group,the mars volta | frances the mute | l'via l'viaquez,The Mars Volta,Frances The Mute,L'Via L'Viaquez,17806150,/mnt/d/Music/_Sorted_By_Artist/The Mars Volta/03 - L'Via L'Viaquez (2).mp3,/mnt/d/Music/_Sorted_By_Artist/The Mars Volta/03 - L'Via L'Viaquez (2).mp3,
3496,quarantine,"same metadata artist, album, and title as kept file",the mars volta | frances the mute | miranda that ghost just isn't holy anymore: a. vade mecum,The Mars Volta,Frances The Mute,Miranda That Ghost Just Isn't Holy Anymore: A. Vade Mecum,18956583,/mnt/d/Music/_Sorted_By_Artist/The Mars Volta/04 - Miranda That Ghost Just Isn't Holy Anymore- A. Vade Mecum.mp3,/mnt/d/Music/_Sorted_By_Artist/The Mars Volta/04 - Miranda That Ghost Just Isn't Holy Anymore- A. Vade Mecum (2).mp3,/mnt/d/Music/_Duplicate_Quarantine/04 - Miranda That Ghost Just Isn't Holy Anymore- A. Vade Mecum.mp3
10593,keep,largest file in duplicate metadata group,the mars volta | frances the mute | miranda that ghost just isn't holy anymore: a. vade mecum,The Mars Volta,Frances The Mute,Miranda That Ghost Just Isn't Holy Anymore: A. Vade Mecum,18956583,/mnt/d/Music/_Sorted_By_Artist/The Mars Volta/04 - Miranda That Ghost Just Isn't Holy Anymore- A. Vade Mecum (2).mp3,/mnt/d/Music/_Sorted_By_Artist/The Mars Volta/04 - Miranda That Ghost Just Isn't Holy Anymore- A. Vade Mecum (2).mp3,
3497,quarantine,"same metadata artist, album, and title as kept file",the mars volta | frances the mute | miranda that ghost just isn't holy anymore: b. pour another icepick,The Mars Volta,Frances The Mute,Miranda That Ghost Just Isn't Holy Anymore: B. Pour Another Icepick,6861053,/mnt/d/Music/_Sorted_By_Artist/The Mars Volta/05 - Miranda That Ghost Just Isn't Holy Anymore- B. Pour Another Icepick.mp3,/mnt/d/Music/_Sorted_By_Artist/The Mars Volta/05 - Miranda That Ghost Just Isn't Holy Anymore- B. Pour Another Icepick (2).mp3,/mnt/d/Music/_Duplicate_Quarantine/05 - Miranda That Ghost Just Isn't Holy Anymore- B. Pour Another Icepick.mp3
10594,keep,largest file in duplicate metadata group,the mars volta | frances the mute | miranda that ghost just isn't holy anymore: b. pour another icepick,The Mars Volta,Frances The Mute,Miranda That Ghost Just Isn't Holy Anymore: B. Pour Another Icepick,6861053,/mnt/d/Music/_Sorted_By_Artist/The Mars Volta/05 - Miranda That Ghost Just Isn't Holy Anymore- B. Pour Another Icepick (2).mp3,/mnt/d/Music/_Sorted_By_Artist/The Mars Volta/05 - Miranda That Ghost Just Isn't Holy Anymore- B. Pour Another Icepick (2).mp3,
3498,quarantine,"same metadata artist, album, and title as kept file",the mars volta | frances the mute | miranda that ghost just isn't holy anymore: c. pisacis (phra-men-ma,The Mars Volta,Frances The Mute,Miranda That Ghost Just Isn't Holy Anymore: C. Pisacis (Phra-Men-Ma),9607672,/mnt/d/Music/_Sorted_By_Artist/The Mars Volta/06 - Miranda That Ghost Just Isn't Holy Anymore- C. Pisacis (Phra-Men-Ma).mp3,/mnt/d/Music/_Sorted_By_Artist/The Mars Volta/06 - Miranda That Ghost Just Isn't Holy Anymore- C. Pisacis (Phra-Men-Ma) (2).mp3,/mnt/d/Music/_Duplicate_Quarantine/06 - Miranda That Ghost Just Isn't Holy Anymore- C. Pisacis (Phra-Men-Ma).mp3
10595,keep,largest file in duplicate metadata group,the mars volta | frances the mute | miranda that ghost just isn't holy anymore: c. pisacis (phra-men-ma,The Mars Volta,Frances The Mute,Miranda That Ghost Just Isn't Holy Anymore: C. Pisacis (Phra-Men-Ma),9607672,/mnt/d/Music/_Sorted_By_Artist/The Mars Volta/06 - Miranda That Ghost Just Isn't Holy Anymore- C. Pisacis (Phra-Men-Ma) (2).mp3,/mnt/d/Music/_Sorted_By_Artist/The Mars Volta/06 - Miranda That Ghost Just Isn't Holy Anymore- C. Pisacis (Phra-Men-Ma) (2).mp3,
3499,quarantine,"same metadata artist, album, and title as kept file",the mars volta | frances the mute | miranda that ghost just isn't holy anymore: d. con safo,The Mars Volta,Frances The Mute,Miranda That Ghost Just Isn't Holy Anymore: D. Con Safo,4226656,/mnt/d/Music/_Sorted_By_Artist/The Mars Volta/07 - Miranda That Ghost Just Isn't Holy Anymore- D. Con Safo.mp3,/mnt/d/Music/_Sorted_By_Artist/The Mars Volta/07 - Miranda That Ghost Just Isn't Holy Anymore- D. Con Safo (2).mp3,/mnt/d/Music/_Duplicate_Quarantine/07 - Miranda That Ghost Just Isn't Holy Anymore- D. Con Safo.mp3
10596,keep,largest file in duplicate metadata group,the mars volta | frances the mute | miranda that ghost just isn't holy anymore: d. con safo,The Mars Volta,Frances The Mute,Miranda That Ghost Just Isn't Holy Anymore: D. Con Safo,4226656,/mnt/d/Music/_Sorted_By_Artist/The Mars Volta/07 - Miranda That Ghost Just Isn't Holy Anymore- D. Con Safo (2).mp3,/mnt/d/Music/_Sorted_By_Artist/The Mars Volta/07 - Miranda That Ghost Just Isn't Holy Anymore- D. Con Safo (2).mp3,
3494,quarantine,"same metadata artist, album, and title as kept file",the mars volta | frances the mute | the widow,The Mars Volta,Frances The Mute,The Widow,8425892,/mnt/d/Music/_Sorted_By_Artist/The Mars Volta/02 - The Widow.mp3,/mnt/d/Music/_Sorted_By_Artist/The Mars Volta/02 - The Widow (2).mp3,/mnt/d/Music/_Duplicate_Quarantine/02 - The Widow.mp3
10591,keep,largest file in duplicate metadata group,the mars volta | frances the mute | the widow,The Mars Volta,Frances The Mute,The Widow,8425892,/mnt/d/Music/_Sorted_By_Artist/The Mars Volta/02 - The Widow (2).mp3,/mnt/d/Music/_Sorted_By_Artist/The Mars Volta/02 - The Widow (2).mp3,
4162,quarantine,"same metadata artist, album, and title as kept file",the offspring | americana | the kids aren't alright,The Offspring,Americana,The Kids Aren't Alright,2929816,/mnt/d/Music/_Sorted_By_Artist/The Offspring/XYBI.m4a,/mnt/d/Music/_Sorted_By_Artist/The Offspring/CLVF.m4a,/mnt/d/Music/_Duplicate_Quarantine/XYBI.m4a
10604,keep,largest file in duplicate metadata group,the offspring | americana | the kids aren't alright,The Offspring,Americana,The Kids Aren't Alright,2935111,/mnt/d/Music/_Sorted_By_Artist/The Offspring/CLVF.m4a,/mnt/d/Music/_Sorted_By_Artist/The Offspring/CLVF.m4a,
4159,quarantine,"same metadata artist, album, and title as kept file",the offspring | americana | why don't you get a job,The Offspring,Americana,Why Don't You Get A Job,2801531,/mnt/d/Music/_Sorted_By_Artist/The Offspring/LTVD.m4a,/mnt/d/Music/_Sorted_By_Artist/The Offspring/DPYX.m4a,/mnt/d/Music/_Duplicate_Quarantine/LTVD.m4a
10605,keep,largest file in duplicate metadata group,the offspring | americana | why don't you get a job,The Offspring,Americana,Why Don't You Get A Job,2810652,/mnt/d/Music/_Sorted_By_Artist/The Offspring/DPYX.m4a,/mnt/d/Music/_Sorted_By_Artist/The Offspring/DPYX.m4a,
3510,quarantine,"same metadata artist, album, and title as kept file",the string tribute to tool | third eye open | hush,The String Tribute To Tool,Third Eye Open,Hush,4123838,/mnt/d/Music/_Sorted_By_Artist/The String Tribute To Tool/06 - Hush.mp3,/mnt/d/Music/_Sorted_By_Artist/The String Tribute To Tool/06 - Hush (2).mp3,/mnt/d/Music/_Duplicate_Quarantine/06 - Hush.mp3
10611,keep,largest file in duplicate metadata group,the string tribute to tool | third eye open | hush,The String Tribute To Tool,Third Eye Open,Hush,4123838,/mnt/d/Music/_Sorted_By_Artist/The String Tribute To Tool/06 - Hush (2).mp3,/mnt/d/Music/_Sorted_By_Artist/The String Tribute To Tool/06 - Hush (2).mp3,
3506,quarantine,"same metadata artist, album, and title as kept file",the string tribute to tool | third eye open | intolerance,The String Tribute To Tool,Third Eye Open,Intolerance,7289252,/mnt/d/Music/_Sorted_By_Artist/The String Tribute To Tool/02 - Intolerance.mp3,/mnt/d/Music/_Sorted_By_Artist/The String Tribute To Tool/02 - Intolerance (2).mp3,/mnt/d/Music/_Duplicate_Quarantine/02 - Intolerance.mp3
10607,keep,largest file in duplicate metadata group,the string tribute to tool | third eye open | intolerance,The String Tribute To Tool,Third Eye Open,Intolerance,7289252,/mnt/d/Music/_Sorted_By_Artist/The String Tribute To Tool/02 - Intolerance (2).mp3,/mnt/d/Music/_Sorted_By_Artist/The String Tribute To Tool/02 - Intolerance (2).mp3,
3509,quarantine,"same metadata artist, album, and title as kept file",the string tribute to tool | third eye open | opiate,The String Tribute To Tool,Third Eye Open,Opiate,5367685,/mnt/d/Music/_Sorted_By_Artist/The String Tribute To Tool/05 - Opiate.mp3,/mnt/d/Music/_Sorted_By_Artist/The String Tribute To Tool/05 - Opiate (2).mp3,/mnt/d/Music/_Duplicate_Quarantine/05 - Opiate.mp3
10610,keep,largest file in duplicate metadata group,the string tribute to tool | third eye open | opiate,The String Tribute To Tool,Third Eye Open,Opiate,5367685,/mnt/d/Music/_Sorted_By_Artist/The String Tribute To Tool/05 - Opiate (2).mp3,/mnt/d/Music/_Sorted_By_Artist/The String Tribute To Tool/05 - Opiate (2).mp3,
3514,quarantine,"same metadata artist, album, and title as kept file",the string tribute to tool | third eye open | pushit,The String Tribute To Tool,Third Eye Open,Pushit,11274702,/mnt/d/Music/_Sorted_By_Artist/The String Tribute To Tool/10 - Pushit.mp3,/mnt/d/Music/_Sorted_By_Artist/The String Tribute To Tool/10 - Pushit (2).mp3,/mnt/d/Music/_Duplicate_Quarantine/10 - Pushit.mp3
10615,keep,largest file in duplicate metadata group,the string tribute to tool | third eye open | pushit,The String Tribute To Tool,Third Eye Open,Pushit,11274702,/mnt/d/Music/_Sorted_By_Artist/The String Tribute To Tool/10 - Pushit (2).mp3,/mnt/d/Music/_Sorted_By_Artist/The String Tribute To Tool/10 - Pushit (2).mp3,
3511,quarantine,"same metadata artist, album, and title as kept file",the string tribute to tool | third eye open | schism,The String Tribute To Tool,Third Eye Open,Schism,7850989,/mnt/d/Music/_Sorted_By_Artist/The String Tribute To Tool/07 - Schism.mp3,/mnt/d/Music/_Sorted_By_Artist/The String Tribute To Tool/07 - Schism (2).mp3,/mnt/d/Music/_Duplicate_Quarantine/07 - Schism.mp3
10612,keep,largest file in duplicate metadata group,the string tribute to tool | third eye open | schism,The String Tribute To Tool,Third Eye Open,Schism,7850989,/mnt/d/Music/_Sorted_By_Artist/The String Tribute To Tool/07 - Schism (2).mp3,/mnt/d/Music/_Sorted_By_Artist/The String Tribute To Tool/07 - Schism (2).mp3,
3505,quarantine,"same metadata artist, album, and title as kept file",the string tribute to tool | third eye open | sober,The String Tribute To Tool,Third Eye Open,Sober,7373889,/mnt/d/Music/_Sorted_By_Artist/The String Tribute To Tool/01 - Sober.mp3,/mnt/d/Music/_Sorted_By_Artist/The String Tribute To Tool/01 - Sober (2).mp3,/mnt/d/Music/_Duplicate_Quarantine/01 - Sober.mp3
10606,keep,largest file in duplicate metadata group,the string tribute to tool | third eye open | sober,The String Tribute To Tool,Third Eye Open,Sober,7373889,/mnt/d/Music/_Sorted_By_Artist/The String Tribute To Tool/01 - Sober (2).mp3,/mnt/d/Music/_Sorted_By_Artist/The String Tribute To Tool/01 - Sober (2).mp3,
3507,quarantine,"same metadata artist, album, and title as kept file",the string tribute to tool | third eye open | the grudge,The String Tribute To Tool,Third Eye Open,The Grudge,8818356,/mnt/d/Music/_Sorted_By_Artist/The String Tribute To Tool/03 - The Grudge.mp3,/mnt/d/Music/_Sorted_By_Artist/The String Tribute To Tool/03 - The Grudge (2).mp3,/mnt/d/Music/_Duplicate_Quarantine/03 - The Grudge.mp3
10608,keep,largest file in duplicate metadata group,the string tribute to tool | third eye open | the grudge,The String Tribute To Tool,Third Eye Open,The Grudge,8818356,/mnt/d/Music/_Sorted_By_Artist/The String Tribute To Tool/03 - The Grudge (2).mp3,/mnt/d/Music/_Sorted_By_Artist/The String Tribute To Tool/03 - The Grudge (2).mp3,
3508,quarantine,"same metadata artist, album, and title as kept file",the string tribute to tool | third eye open | the patient,The String Tribute To Tool,Third Eye Open,The Patient,7690493,/mnt/d/Music/_Sorted_By_Artist/The String Tribute To Tool/04 - The Patient.mp3,/mnt/d/Music/_Sorted_By_Artist/The String Tribute To Tool/04 - The Patient (2).mp3,/mnt/d/Music/_Duplicate_Quarantine/04 - The Patient.mp3
10609,keep,largest file in duplicate metadata group,the string tribute to tool | third eye open | the patient,The String Tribute To Tool,Third Eye Open,The Patient,7690493,/mnt/d/Music/_Sorted_By_Artist/The String Tribute To Tool/04 - The Patient (2).mp3,/mnt/d/Music/_Sorted_By_Artist/The String Tribute To Tool/04 - The Patient (2).mp3,
3512,quarantine,"same metadata artist, album, and title as kept file",the string tribute to tool | third eye open | ticks & leeches,The String Tribute To Tool,Third Eye Open,Ticks & Leeches,6955094,/mnt/d/Music/_Sorted_By_Artist/The String Tribute To Tool/08 - Ticks & Leeches.mp3,/mnt/d/Music/_Sorted_By_Artist/The String Tribute To Tool/08 - Ticks & Leeches (2).mp3,/mnt/d/Music/_Duplicate_Quarantine/08 - Ticks & Leeches.mp3
10613,keep,largest file in duplicate metadata group,the string tribute to tool | third eye open | ticks & leeches,The String Tribute To Tool,Third Eye Open,Ticks & Leeches,6955094,/mnt/d/Music/_Sorted_By_Artist/The String Tribute To Tool/08 - Ticks & Leeches (2).mp3,/mnt/d/Music/_Sorted_By_Artist/The String Tribute To Tool/08 - Ticks & Leeches (2).mp3,
3513,quarantine,"same metadata artist, album, and title as kept file",the string tribute to tool | third eye open | ænema,The String Tribute To Tool,Third Eye Open,Ænema,9126183,/mnt/d/Music/_Sorted_By_Artist/The String Tribute To Tool/09 - Ænema.mp3,/mnt/d/Music/_Sorted_By_Artist/The String Tribute To Tool/09 - Ænema (2).mp3,/mnt/d/Music/_Duplicate_Quarantine/09 - Ænema.mp3
10614,keep,largest file in duplicate metadata group,the string tribute to tool | third eye open | ænema,The String Tribute To Tool,Third Eye Open,Ænema,9126183,/mnt/d/Music/_Sorted_By_Artist/The String Tribute To Tool/09 - Ænema (2).mp3,/mnt/d/Music/_Sorted_By_Artist/The String Tribute To Tool/09 - Ænema (2).mp3,
7362,keep,largest file in duplicate metadata group,three 6 mafia | most known unknown | stay fly,Three 6 Mafia,Most Known Unknown,Stay Fly,3841605,/mnt/d/Music/_Sorted_By_Artist/Three 6 Mafia/NCFC.m4a,/mnt/d/Music/_Sorted_By_Artist/Three 6 Mafia/NCFC.m4a,
7365,quarantine,"same metadata artist, album, and title as kept file",three 6 mafia | most known unknown | stay fly,Three 6 Mafia,Most Known Unknown,Stay Fly,3756590,/mnt/d/Music/_Sorted_By_Artist/Three 6 Mafia/PRIG.m4a,/mnt/d/Music/_Sorted_By_Artist/Three 6 Mafia/NCFC.m4a,/mnt/d/Music/_Duplicate_Quarantine/PRIG.m4a
7409,quarantine,"same metadata artist, album, and title as kept file",three 6 mafia | the best of | who run it,Three 6 Mafia,The Best Of...,Who Run It,2444385,/mnt/d/Music/_Sorted_By_Artist/Three 6 Mafia/SREG.m4a,/mnt/d/Music/_Sorted_By_Artist/Three 6 Mafia/VBTB.m4a,/mnt/d/Music/_Duplicate_Quarantine/SREG.m4a
7411,keep,largest file in duplicate metadata group,three 6 mafia | the best of | who run it,Three 6 Mafia,The Best Of...,Who Run It,4052359,/mnt/d/Music/_Sorted_By_Artist/Three 6 Mafia/VBTB.m4a,/mnt/d/Music/_Sorted_By_Artist/Three 6 Mafia/VBTB.m4a,
3524,quarantine,"same metadata artist, album, and title as kept file",tool | lateralus | disposition,Tool,Lateralus,Disposition,6870457,/mnt/d/Music/_Sorted_By_Artist/Tool/10 - Disposition.mp3,/mnt/d/Music/_Sorted_By_Artist/Tool/10 - Disposition (2).mp3,/mnt/d/Music/_Duplicate_Quarantine/10 - Disposition.mp3
10645,keep,largest file in duplicate metadata group,tool | lateralus | disposition,Tool,Lateralus,Disposition,6870457,/mnt/d/Music/_Sorted_By_Artist/Tool/10 - Disposition (2).mp3,/mnt/d/Music/_Sorted_By_Artist/Tool/10 - Disposition (2).mp3,
3516,quarantine,"same metadata artist, album, and title as kept file",tool | lateralus | eon blue apocalypse,Tool,Lateralus,Eon Blue Apocalypse,1560286,/mnt/d/Music/_Sorted_By_Artist/Tool/02 - Eon Blue Apocalypse.mp3,/mnt/d/Music/_Sorted_By_Artist/Tool/02 - Eon Blue Apocalypse (2).mp3,/mnt/d/Music/_Duplicate_Quarantine/02 - Eon Blue Apocalypse.mp3
10637,keep,largest file in duplicate metadata group,tool | lateralus | eon blue apocalypse,Tool,Lateralus,Eon Blue Apocalypse,1560286,/mnt/d/Music/_Sorted_By_Artist/Tool/02 - Eon Blue Apocalypse (2).mp3,/mnt/d/Music/_Sorted_By_Artist/Tool/02 - Eon Blue Apocalypse (2).mp3,
3523,quarantine,"same metadata artist, album, and title as kept file",tool | lateralus | lateralus,Tool,Lateralus,Lateralus,13548609,/mnt/d/Music/_Sorted_By_Artist/Tool/09 - Lateralus.mp3,/mnt/d/Music/_Sorted_By_Artist/Tool/09 - Lateralus (2).mp3,/mnt/d/Music/_Duplicate_Quarantine/09 - Lateralus.mp3
10644,keep,largest file in duplicate metadata group,tool | lateralus | lateralus,Tool,Lateralus,Lateralus,13548609,/mnt/d/Music/_Sorted_By_Artist/Tool/09 - Lateralus (2).mp3,/mnt/d/Music/_Sorted_By_Artist/Tool/09 - Lateralus (2).mp3,
10649,quarantine,"same metadata artist, album, and title as kept file",tool | lateralus | lateralus,Tool,Lateralus,Lateralus,9142491,/mnt/d/Music/_Sorted_By_Artist/Tool/BUJW.m4a,/mnt/d/Music/_Sorted_By_Artist/Tool/09 - Lateralus (2).mp3,/mnt/d/Music/_Duplicate_Quarantine/BUJW.m4a
3518,quarantine,"same metadata artist, album, and title as kept file",tool | lateralus | mantra,Tool,Lateralus,Mantra,1747740,/mnt/d/Music/_Sorted_By_Artist/Tool/04 - Mantra.mp3,/mnt/d/Music/_Sorted_By_Artist/Tool/04 - Mantra (2).mp3,/mnt/d/Music/_Duplicate_Quarantine/04 - Mantra.mp3
10639,keep,largest file in duplicate metadata group,tool | lateralus | mantra,Tool,Lateralus,Mantra,1747740,/mnt/d/Music/_Sorted_By_Artist/Tool/04 - Mantra (2).mp3,/mnt/d/Music/_Sorted_By_Artist/Tool/04 - Mantra (2).mp3,
3520,quarantine,"same metadata artist, album, and title as kept file",tool | lateralus | parabol,Tool,Lateralus,Parabol,4431665,/mnt/d/Music/_Sorted_By_Artist/Tool/06 - Parabol.mp3,/mnt/d/Music/_Sorted_By_Artist/Tool/06 - Parabol (2).mp3,/mnt/d/Music/_Duplicate_Quarantine/06 - Parabol.mp3
10641,keep,largest file in duplicate metadata group,tool | lateralus | parabol,Tool,Lateralus,Parabol,4431665,/mnt/d/Music/_Sorted_By_Artist/Tool/06 - Parabol (2).mp3,/mnt/d/Music/_Sorted_By_Artist/Tool/06 - Parabol (2).mp3,
3521,quarantine,"same metadata artist, album, and title as kept file",tool | lateralus | parabola,Tool,Lateralus,Parabola,8733719,/mnt/d/Music/_Sorted_By_Artist/Tool/07 - Parabola.mp3,/mnt/d/Music/_Sorted_By_Artist/Tool/07 - Parabola (2).mp3,/mnt/d/Music/_Duplicate_Quarantine/07 - Parabola.mp3
10642,keep,largest file in duplicate metadata group,tool | lateralus | parabola,Tool,Lateralus,Parabola,8733719,/mnt/d/Music/_Sorted_By_Artist/Tool/07 - Parabola (2).mp3,/mnt/d/Music/_Sorted_By_Artist/Tool/07 - Parabola (2).mp3,
10653,quarantine,"same metadata artist, album, and title as kept file",tool | lateralus | parabola,Tool,Lateralus,Parabola,5893561,/mnt/d/Music/_Sorted_By_Artist/Tool/RGBE.m4a,/mnt/d/Music/_Sorted_By_Artist/Tool/07 - Parabola (2).mp3,/mnt/d/Music/_Duplicate_Quarantine/RGBE.m4a
3525,quarantine,"same metadata artist, album, and title as kept file",tool | lateralus | reflection,Tool,Lateralus,Reflection,16031913,/mnt/d/Music/_Sorted_By_Artist/Tool/11 - Reflection.mp3,/mnt/d/Music/_Sorted_By_Artist/Tool/11 - Reflection (2).mp3,/mnt/d/Music/_Duplicate_Quarantine/11 - Reflection.mp3
10646,keep,largest file in duplicate metadata group,tool | lateralus | reflection,Tool,Lateralus,Reflection,16031913,/mnt/d/Music/_Sorted_By_Artist/Tool/11 - Reflection (2).mp3,/mnt/d/Music/_Sorted_By_Artist/Tool/11 - Reflection (2).mp3,
3519,quarantine,"same metadata artist, album, and title as kept file",tool | lateralus | schism,Tool,Lateralus,Schism,9790111,/mnt/d/Music/_Sorted_By_Artist/Tool/05 - Schism.mp3,/mnt/d/Music/_Sorted_By_Artist/Tool/05 - Schism (2).mp3,/mnt/d/Music/_Duplicate_Quarantine/05 - Schism.mp3
10640,keep,largest file in duplicate metadata group,tool | lateralus | schism,Tool,Lateralus,Schism,9790111,/mnt/d/Music/_Sorted_By_Artist/Tool/05 - Schism (2).mp3,/mnt/d/Music/_Sorted_By_Artist/Tool/05 - Schism (2).mp3,
10648,quarantine,"same metadata artist, album, and title as kept file",tool | lateralus | schism,Tool,Lateralus,Schism,8720497,/mnt/d/Music/_Sorted_By_Artist/Tool/BSFM.mp3,/mnt/d/Music/_Sorted_By_Artist/Tool/05 - Schism (2).mp3,/mnt/d/Music/_Duplicate_Quarantine/BSFM.mp3
3515,quarantine,"same metadata artist, album, and title as kept file",tool | lateralus | the grudge,Tool,Lateralus,The Grudge,12398176,/mnt/d/Music/_Sorted_By_Artist/Tool/01 - The Grudge.mp3,/mnt/d/Music/_Sorted_By_Artist/Tool/01 - The Grudge (2).mp3,/mnt/d/Music/_Duplicate_Quarantine/01 - The Grudge.mp3
10636,keep,largest file in duplicate metadata group,tool | lateralus | the grudge,Tool,Lateralus,The Grudge,12398176,/mnt/d/Music/_Sorted_By_Artist/Tool/01 - The Grudge (2).mp3,/mnt/d/Music/_Sorted_By_Artist/Tool/01 - The Grudge (2).mp3,
10651,quarantine,"same metadata artist, album, and title as kept file",tool | lateralus | the grudge,Tool,Lateralus,The Grudge,8366308,/mnt/d/Music/_Sorted_By_Artist/Tool/KPUZ.m4a,/mnt/d/Music/_Sorted_By_Artist/Tool/01 - The Grudge (2).mp3,/mnt/d/Music/_Duplicate_Quarantine/KPUZ.m4a
3517,quarantine,"same metadata artist, album, and title as kept file",tool | lateralus | the patient,Tool,Lateralus,The Patient,10423319,/mnt/d/Music/_Sorted_By_Artist/Tool/03 - The Patient.mp3,/mnt/d/Music/_Sorted_By_Artist/Tool/03 - The Patient (2).mp3,/mnt/d/Music/_Duplicate_Quarantine/03 - The Patient.mp3
10638,keep,largest file in duplicate metadata group,tool | lateralus | the patient,Tool,Lateralus,The Patient,10423319,/mnt/d/Music/_Sorted_By_Artist/Tool/03 - The Patient (2).mp3,/mnt/d/Music/_Sorted_By_Artist/Tool/03 - The Patient (2).mp3,
10650,quarantine,"same metadata artist, album, and title as kept file",tool | lateralus | the patient,Tool,Lateralus,The Patient,7033052,/mnt/d/Music/_Sorted_By_Artist/Tool/JEKA.m4a,/mnt/d/Music/_Sorted_By_Artist/Tool/03 - The Patient (2).mp3,/mnt/d/Music/_Duplicate_Quarantine/JEKA.m4a
3522,quarantine,"same metadata artist, album, and title as kept file",tool | lateralus | ticks & leeches,Tool,Lateralus,Ticks & Leeches,11769984,/mnt/d/Music/_Sorted_By_Artist/Tool/08 - Ticks & Leeches.mp3,/mnt/d/Music/_Sorted_By_Artist/Tool/08 - Ticks & Leeches (2).mp3,/mnt/d/Music/_Duplicate_Quarantine/08 - Ticks & Leeches (2).mp3
10643,keep,largest file in duplicate metadata group,tool | lateralus | ticks & leeches,Tool,Lateralus,Ticks & Leeches,11769984,/mnt/d/Music/_Sorted_By_Artist/Tool/08 - Ticks & Leeches (2).mp3,/mnt/d/Music/_Sorted_By_Artist/Tool/08 - Ticks & Leeches (2).mp3,
10652,quarantine,"same metadata artist, album, and title as kept file",tool | lateralus | ticks & leeches,Tool,Lateralus,Ticks & Leeches,7941843,/mnt/d/Music/_Sorted_By_Artist/Tool/PLHG.m4a,/mnt/d/Music/_Sorted_By_Artist/Tool/08 - Ticks & Leeches (2).mp3,/mnt/d/Music/_Duplicate_Quarantine/PLHG.m4a
3526,quarantine,"same metadata artist, album, and title as kept file",tool | lateralus | triad,Tool,Lateralus,Triad,12643936,/mnt/d/Music/_Sorted_By_Artist/Tool/12 - Triad.mp3,/mnt/d/Music/_Sorted_By_Artist/Tool/12 - Triad (2).mp3,/mnt/d/Music/_Duplicate_Quarantine/12 - Triad.mp3
10647,keep,largest file in duplicate metadata group,tool | lateralus | triad,Tool,Lateralus,Triad,12643936,/mnt/d/Music/_Sorted_By_Artist/Tool/12 - Triad (2).mp3,/mnt/d/Music/_Sorted_By_Artist/Tool/12 - Triad (2).mp3,
3530,quarantine,"same metadata artist, album, and title as kept file",tool | opiate | cold and ugly (live,Tool,Opiate,Cold And Ugly (Live),5992116,/mnt/d/Music/_Sorted_By_Artist/Tool/04 - Cold And Ugly (Live).mp3,/mnt/d/Music/_Sorted_By_Artist/Tool/04 - Cold And Ugly (Live) (2).mp3,/mnt/d/Music/_Duplicate_Quarantine/04 - Cold And Ugly (Live).mp3
10657,keep,largest file in duplicate metadata group,tool | opiate | cold and ugly (live,Tool,Opiate,Cold And Ugly (Live),5992116,/mnt/d/Music/_Sorted_By_Artist/Tool/04 - Cold And Ugly (Live) (2).mp3,/mnt/d/Music/_Sorted_By_Artist/Tool/04 - Cold And Ugly (Live) (2).mp3,
3528,quarantine,"same metadata artist, album, and title as kept file",tool | opiate | hush,Tool,Opiate,Hush,4047979,/mnt/d/Music/_Sorted_By_Artist/Tool/02 - Hush.mp3,/mnt/d/Music/_Sorted_By_Artist/Tool/02 - Hush (2).mp3,/mnt/d/Music/_Duplicate_Quarantine/02 - Hush.mp3
10655,keep,largest file in duplicate metadata group,tool | opiate | hush,Tool,Opiate,Hush,4047979,/mnt/d/Music/_Sorted_By_Artist/Tool/02 - Hush (2).mp3,/mnt/d/Music/_Sorted_By_Artist/Tool/02 - Hush (2).mp3,
3531,quarantine,"same metadata artist, album, and title as kept file",tool | opiate | jerk-off (live,Tool,Opiate,Jerk-Off (Live),6357621,/mnt/d/Music/_Sorted_By_Artist/Tool/05 - Jerk-Off (Live).mp3,/mnt/d/Music/_Sorted_By_Artist/Tool/05 - Jerk-Off (Live) (2).mp3,/mnt/d/Music/_Duplicate_Quarantine/05 - Jerk-Off (Live).mp3
10658,keep,largest file in duplicate metadata group,tool | opiate | jerk-off (live,Tool,Opiate,Jerk-Off (Live),6357621,/mnt/d/Music/_Sorted_By_Artist/Tool/05 - Jerk-Off (Live) (2).mp3,/mnt/d/Music/_Sorted_By_Artist/Tool/05 - Jerk-Off (Live) (2).mp3,
3532,quarantine,"same metadata artist, album, and title as kept file",tool | opiate | opiate,Tool,Opiate,Opiate,12220126,/mnt/d/Music/_Sorted_By_Artist/Tool/06 - Opiate.mp3,/mnt/d/Music/_Sorted_By_Artist/Tool/06 - Opiate (2).mp3,/mnt/d/Music/_Duplicate_Quarantine/06 - Opiate.mp3
10659,keep,largest file in duplicate metadata group,tool | opiate | opiate,Tool,Opiate,Opiate,12220126,/mnt/d/Music/_Sorted_By_Artist/Tool/06 - Opiate (2).mp3,/mnt/d/Music/_Sorted_By_Artist/Tool/06 - Opiate (2).mp3,
3529,quarantine,"same metadata artist, album, and title as kept file",tool | opiate | part of me,Tool,Opiate,Part Of Me,4739492,/mnt/d/Music/_Sorted_By_Artist/Tool/03 - Part Of Me.mp3,/mnt/d/Music/_Sorted_By_Artist/Tool/03 - Part Of Me (2).mp3,/mnt/d/Music/_Duplicate_Quarantine/03 - Part Of Me.mp3
10656,keep,largest file in duplicate metadata group,tool | opiate | part of me,Tool,Opiate,Part Of Me,4739492,/mnt/d/Music/_Sorted_By_Artist/Tool/03 - Part Of Me (2).mp3,/mnt/d/Music/_Sorted_By_Artist/Tool/03 - Part Of Me (2).mp3,
3527,quarantine,"same metadata artist, album, and title as kept file",tool | opiate | sweat,Tool,Opiate,Sweat,5434767,/mnt/d/Music/_Sorted_By_Artist/Tool/01 - Sweat.mp3,/mnt/d/Music/_Sorted_By_Artist/Tool/01 - Sweat (2).mp3,/mnt/d/Music/_Duplicate_Quarantine/01 - Sweat.mp3
10654,keep,largest file in duplicate metadata group,tool | opiate | sweat,Tool,Opiate,Sweat,5434767,/mnt/d/Music/_Sorted_By_Artist/Tool/01 - Sweat (2).mp3,/mnt/d/Music/_Sorted_By_Artist/Tool/01 - Sweat (2).mp3,
3540,quarantine,"same metadata artist, album, and title as kept file",tool | undertow | 4 degrees,Tool,Undertow,4 Degrees,8722601,/mnt/d/Music/_Sorted_By_Artist/Tool/08 - 4 Degrees.mp3,/mnt/d/Music/_Sorted_By_Artist/Tool/08 - 4 Degrees (2).mp3,/mnt/d/Music/_Duplicate_Quarantine/08 - 4 Degrees.mp3
10667,keep,largest file in duplicate metadata group,tool | undertow | 4 degrees,Tool,Undertow,4 Degrees,8722601,/mnt/d/Music/_Sorted_By_Artist/Tool/08 - 4 Degrees (2).mp3,/mnt/d/Music/_Sorted_By_Artist/Tool/08 - 4 Degrees (2).mp3,
3542,quarantine,"same metadata artist, album, and title as kept file",tool | undertow | blank,Tool,Undertow,Blank,31182,/mnt/d/Music/_Sorted_By_Artist/Tool/10 - Blank.mp3,/mnt/d/Music/_Sorted_By_Artist/Tool/68 - Blank (2).mp3,/mnt/d/Music/_Duplicate_Quarantine/10 - Blank.mp3
3543,quarantine,"same metadata artist, album, and title as kept file",tool | undertow | blank,Tool,Undertow,Blank,31182,/mnt/d/Music/_Sorted_By_Artist/Tool/11 - Blank.mp3,/mnt/d/Music/_Sorted_By_Artist/Tool/68 - Blank (2).mp3,/mnt/d/Music/_Duplicate_Quarantine/11 - Blank.mp3
3544,quarantine,"same metadata artist, album, and title as kept file",tool | undertow | blank,Tool,Undertow,Blank,31182,/mnt/d/Music/_Sorted_By_Artist/Tool/12 - Blank.mp3,/mnt/d/Music/_Sorted_By_Artist/Tool/68 - Blank (2).mp3,/mnt/d/Music/_Duplicate_Quarantine/12 - Blank.mp3
3545,quarantine,"same metadata artist, album, and title as kept file",tool | undertow | blank,Tool,Undertow,Blank,31182,/mnt/d/Music/_Sorted_By_Artist/Tool/13 - Blank.mp3,/mnt/d/Music/_Sorted_By_Artist/Tool/68 - Blank (2).mp3,/mnt/d/Music/_Duplicate_Quarantine/13 - Blank.mp3
3546,quarantine,"same metadata artist, album, and title as kept file",tool | undertow | blank,Tool,Undertow,Blank,31182,/mnt/d/Music/_Sorted_By_Artist/Tool/14 - Blank.mp3,/mnt/d/Music/_Sorted_By_Artist/Tool/68 - Blank (2).mp3,/mnt/d/Music/_Duplicate_Quarantine/14 - Blank.mp3
3547,quarantine,"same metadata artist, album, and title as kept file",tool | undertow | blank,Tool,Undertow,Blank,31182,/mnt/d/Music/_Sorted_By_Artist/Tool/15 - Blank.mp3,/mnt/d/Music/_Sorted_By_Artist/Tool/68 - Blank (2).mp3,/mnt/d/Music/_Duplicate_Quarantine/15 - Blank.mp3
3548,quarantine,"same metadata artist, album, and title as kept file",tool | undertow | blank,Tool,Undertow,Blank,31182,/mnt/d/Music/_Sorted_By_Artist/Tool/16 - Blank.mp3,/mnt/d/Music/_Sorted_By_Artist/Tool/68 - Blank (2).mp3,/mnt/d/Music/_Duplicate_Quarantine/16 - Blank.mp3
3549,quarantine,"same metadata artist, album, and title as kept file",tool | undertow | blank,Tool,Undertow,Blank,31182,/mnt/d/Music/_Sorted_By_Artist/Tool/17 - Blank.mp3,/mnt/d/Music/_Sorted_By_Artist/Tool/68 - Blank (2).mp3,/mnt/d/Music/_Duplicate_Quarantine/17 - Blank.mp3
3550,quarantine,"same metadata artist, album, and title as kept file",tool | undertow | blank,Tool,Undertow,Blank,31182,/mnt/d/Music/_Sorted_By_Artist/Tool/18 - Blank.mp3,/mnt/d/Music/_Sorted_By_Artist/Tool/68 - Blank (2).mp3,/mnt/d/Music/_Duplicate_Quarantine/18 - Blank.mp3
3551,quarantine,"same metadata artist, album, and title as kept file",tool | undertow | blank,Tool,Undertow,Blank,31182,/mnt/d/Music/_Sorted_By_Artist/Tool/19 - Blank.mp3,/mnt/d/Music/_Sorted_By_Artist/Tool/68 - Blank (2).mp3,/mnt/d/Music/_Duplicate_Quarantine/19 - Blank.mp3
3552,quarantine,"same metadata artist, album, and title as kept file",tool | undertow | blank,Tool,Undertow,Blank,31182,/mnt/d/Music/_Sorted_By_Artist/Tool/20 - Blank.mp3,/mnt/d/Music/_Sorted_By_Artist/Tool/68 - Blank (2).mp3,/mnt/d/Music/_Duplicate_Quarantine/20 - Blank.mp3
3553,quarantine,"same metadata artist, album, and title as kept file",tool | undertow | blank,Tool,Undertow,Blank,31182,/mnt/d/Music/_Sorted_By_Artist/Tool/21 - Blank.mp3,/mnt/d/Music/_Sorted_By_Artist/Tool/68 - Blank (2).mp3,/mnt/d/Music/_Duplicate_Quarantine/21 - Blank.mp3
3554,quarantine,"same metadata artist, album, and title as kept file",tool | undertow | blank,Tool,Undertow,Blank,31182,/mnt/d/Music/_Sorted_By_Artist/Tool/22 - Blank.mp3,/mnt/d/Music/_Sorted_By_Artist/Tool/68 - Blank (2).mp3,/mnt/d/Music/_Duplicate_Quarantine/22 - Blank.mp3
3555,quarantine,"same metadata artist, album, and title as kept file",tool | undertow | blank,Tool,Undertow,Blank,31182,/mnt/d/Music/_Sorted_By_Artist/Tool/23 - Blank.mp3,/mnt/d/Music/_Sorted_By_Artist/Tool/68 - Blank (2).mp3,/mnt/d/Music/_Duplicate_Quarantine/23 - Blank.mp3
3556,quarantine,"same metadata artist, album, and title as kept file",tool | undertow | blank,Tool,Undertow,Blank,31182,/mnt/d/Music/_Sorted_By_Artist/Tool/24 - Blank.mp3,/mnt/d/Music/_Sorted_By_Artist/Tool/68 - Blank (2).mp3,/mnt/d/Music/_Duplicate_Quarantine/24 - Blank.mp3
3557,quarantine,"same metadata artist, album, and title as kept file",tool | undertow | blank,Tool,Undertow,Blank,31182,/mnt/d/Music/_Sorted_By_Artist/Tool/25 - Blank.mp3,/mnt/d/Music/_Sorted_By_Artist/Tool/68 - Blank (2).mp3,/mnt/d/Music/_Duplicate_Quarantine/25 - Blank.mp3
3558,quarantine,"same metadata artist, album, and title as kept file",tool | undertow | blank,Tool,Undertow,Blank,31182,/mnt/d/Music/_Sorted_By_Artist/Tool/26 - Blank.mp3,/mnt/d/Music/_Sorted_By_Artist/Tool/68 - Blank (2).mp3,/mnt/d/Music/_Duplicate_Quarantine/26 - Blank.mp3
3559,quarantine,"same metadata artist, album, and title as kept file",tool | undertow | blank,Tool,Undertow,Blank,31182,/mnt/d/Music/_Sorted_By_Artist/Tool/27 - Blank.mp3,/mnt/d/Music/_Sorted_By_Artist/Tool/68 - Blank (2).mp3,/mnt/d/Music/_Duplicate_Quarantine/27 - Blank.mp3
3560,quarantine,"same metadata artist, album, and title as kept file",tool | undertow | blank,Tool,Undertow,Blank,31182,/mnt/d/Music/_Sorted_By_Artist/Tool/28 - Blank.mp3,/mnt/d/Music/_Sorted_By_Artist/Tool/68 - Blank (2).mp3,/mnt/d/Music/_Duplicate_Quarantine/28 - Blank.mp3
3561,quarantine,"same metadata artist, album, and title as kept file",tool | undertow | blank,Tool,Undertow,Blank,31182,/mnt/d/Music/_Sorted_By_Artist/Tool/29 - Blank.mp3,/mnt/d/Music/_Sorted_By_Artist/Tool/68 - Blank (2).mp3,/mnt/d/Music/_Duplicate_Quarantine/29 - Blank.mp3
3562,quarantine,"same metadata artist, album, and title as kept file",tool | undertow | blank,Tool,Undertow,Blank,31182,/mnt/d/Music/_Sorted_By_Artist/Tool/30 - Blank.mp3,/mnt/d/Music/_Sorted_By_Artist/Tool/68 - Blank (2).mp3,/mnt/d/Music/_Duplicate_Quarantine/30 - Blank.mp3
3563,quarantine,"same metadata artist, album, and title as kept file",tool | undertow | blank,Tool,Undertow,Blank,31182,/mnt/d/Music/_Sorted_By_Artist/Tool/31 - Blank.mp3,/mnt/d/Music/_Sorted_By_Artist/Tool/68 - Blank (2).mp3,/mnt/d/Music/_Duplicate_Quarantine/31 - Blank.mp3
3564,quarantine,"same metadata artist, album, and title as kept file",tool | undertow | blank,Tool,Undertow,Blank,31182,/mnt/d/Music/_Sorted_By_Artist/Tool/32 - Blank.mp3,/mnt/d/Music/_Sorted_By_Artist/Tool/68 - Blank (2).mp3,/mnt/d/Music/_Duplicate_Quarantine/32 - Blank.mp3
3565,quarantine,"same metadata artist, album, and title as kept file",tool | undertow | blank,Tool,Undertow,Blank,31182,/mnt/d/Music/_Sorted_By_Artist/Tool/33 - Blank.mp3,/mnt/d/Music/_Sorted_By_Artist/Tool/68 - Blank (2).mp3,/mnt/d/Music/_Duplicate_Quarantine/33 - Blank.mp3
3566,quarantine,"same metadata artist, album, and title as kept file",tool | undertow | blank,Tool,Undertow,Blank,31182,/mnt/d/Music/_Sorted_By_Artist/Tool/34 - Blank.mp3,/mnt/d/Music/_Sorted_By_Artist/Tool/68 - Blank (2).mp3,/mnt/d/Music/_Duplicate_Quarantine/34 - Blank.mp3
3567,quarantine,"same metadata artist, album, and title as kept file",tool | undertow | blank,Tool,Undertow,Blank,31182,/mnt/d/Music/_Sorted_By_Artist/Tool/35 - Blank.mp3,/mnt/d/Music/_Sorted_By_Artist/Tool/68 - Blank (2).mp3,/mnt/d/Music/_Duplicate_Quarantine/35 - Blank.mp3
3568,quarantine,"same metadata artist, album, and title as kept file",tool | undertow | blank,Tool,Undertow,Blank,31182,/mnt/d/Music/_Sorted_By_Artist/Tool/36 - Blank.mp3,/mnt/d/Music/_Sorted_By_Artist/Tool/68 - Blank (2).mp3,/mnt/d/Music/_Duplicate_Quarantine/36 - Blank.mp3
3569,quarantine,"same metadata artist, album, and title as kept file",tool | undertow | blank,Tool,Undertow,Blank,31182,/mnt/d/Music/_Sorted_By_Artist/Tool/37 - Blank.mp3,/mnt/d/Music/_Sorted_By_Artist/Tool/68 - Blank (2).mp3,/mnt/d/Music/_Duplicate_Quarantine/37 - Blank.mp3
3570,quarantine,"same metadata artist, album, and title as kept file",tool | undertow | blank,Tool,Undertow,Blank,31182,/mnt/d/Music/_Sorted_By_Artist/Tool/38 - Blank.mp3,/mnt/d/Music/_Sorted_By_Artist/Tool/68 - Blank (2).mp3,/mnt/d/Music/_Duplicate_Quarantine/38 - Blank.mp3
3571,quarantine,"same metadata artist, album, and title as kept file",tool | undertow | blank,Tool,Undertow,Blank,31182,/mnt/d/Music/_Sorted_By_Artist/Tool/39 - Blank.mp3,/mnt/d/Music/_Sorted_By_Artist/Tool/68 - Blank (2).mp3,/mnt/d/Music/_Duplicate_Quarantine/39 - Blank.mp3
3572,quarantine,"same metadata artist, album, and title as kept file",tool | undertow | blank,Tool,Undertow,Blank,31182,/mnt/d/Music/_Sorted_By_Artist/Tool/40 - Blank.mp3,/mnt/d/Music/_Sorted_By_Artist/Tool/68 - Blank (2).mp3,/mnt/d/Music/_Duplicate_Quarantine/40 - Blank.mp3
3573,quarantine,"same metadata artist, album, and title as kept file",tool | undertow | blank,Tool,Undertow,Blank,31182,/mnt/d/Music/_Sorted_By_Artist/Tool/41 - Blank.mp3,/mnt/d/Music/_Sorted_By_Artist/Tool/68 - Blank (2).mp3,/mnt/d/Music/_Duplicate_Quarantine/41 - Blank.mp3
3574,quarantine,"same metadata artist, album, and title as kept file",tool | undertow | blank,Tool,Undertow,Blank,31182,/mnt/d/Music/_Sorted_By_Artist/Tool/42 - Blank.mp3,/mnt/d/Music/_Sorted_By_Artist/Tool/68 - Blank (2).mp3,/mnt/d/Music/_Duplicate_Quarantine/42 - Blank.mp3
3575,quarantine,"same metadata artist, album, and title as kept file",tool | undertow | blank,Tool,Undertow,Blank,31182,/mnt/d/Music/_Sorted_By_Artist/Tool/43 - Blank.mp3,/mnt/d/Music/_Sorted_By_Artist/Tool/68 - Blank (2).mp3,/mnt/d/Music/_Duplicate_Quarantine/43 - Blank.mp3
3576,quarantine,"same metadata artist, album, and title as kept file",tool | undertow | blank,Tool,Undertow,Blank,31182,/mnt/d/Music/_Sorted_By_Artist/Tool/44 - Blank.mp3,/mnt/d/Music/_Sorted_By_Artist/Tool/68 - Blank (2).mp3,/mnt/d/Music/_Duplicate_Quarantine/44 - Blank.mp3
3577,quarantine,"same metadata artist, album, and title as kept file",tool | undertow | blank,Tool,Undertow,Blank,31182,/mnt/d/Music/_Sorted_By_Artist/Tool/45 - Blank.mp3,/mnt/d/Music/_Sorted_By_Artist/Tool/68 - Blank (2).mp3,/mnt/d/Music/_Duplicate_Quarantine/45 - Blank.mp3
3578,quarantine,"same metadata artist, album, and title as kept file",tool | undertow | blank,Tool,Undertow,Blank,31182,/mnt/d/Music/_Sorted_By_Artist/Tool/46 - Blank.mp3,/mnt/d/Music/_Sorted_By_Artist/Tool/68 - Blank (2).mp3,/mnt/d/Music/_Duplicate_Quarantine/46 - Blank.mp3
3579,quarantine,"same metadata artist, album, and title as kept file",tool | undertow | blank,Tool,Undertow,Blank,31182,/mnt/d/Music/_Sorted_By_Artist/Tool/47 - Blank.mp3,/mnt/d/Music/_Sorted_By_Artist/Tool/68 - Blank (2).mp3,/mnt/d/Music/_Duplicate_Quarantine/47 - Blank.mp3
3580,quarantine,"same metadata artist, album, and title as kept file",tool | undertow | blank,Tool,Undertow,Blank,31182,/mnt/d/Music/_Sorted_By_Artist/Tool/48 - Blank.mp3,/mnt/d/Music/_Sorted_By_Artist/Tool/68 - Blank (2).mp3,/mnt/d/Music/_Duplicate_Quarantine/48 - Blank.mp3
3581,quarantine,"same metadata artist, album, and title as kept file",tool | undertow | blank,Tool,Undertow,Blank,31182,/mnt/d/Music/_Sorted_By_Artist/Tool/49 - Blank.mp3,/mnt/d/Music/_Sorted_By_Artist/Tool/68 - Blank (2).mp3,/mnt/d/Music/_Duplicate_Quarantine/49 - Blank.mp3
3582,quarantine,"same metadata artist, album, and title as kept file",tool | undertow | blank,Tool,Undertow,Blank,31182,/mnt/d/Music/_Sorted_By_Artist/Tool/50 - Blank.mp3,/mnt/d/Music/_Sorted_By_Artist/Tool/68 - Blank (2).mp3,/mnt/d/Music/_Duplicate_Quarantine/50 - Blank.mp3
3583,quarantine,"same metadata artist, album, and title as kept file",tool | undertow | blank,Tool,Undertow,Blank,31182,/mnt/d/Music/_Sorted_By_Artist/Tool/51 - Blank.mp3,/mnt/d/Music/_Sorted_By_Artist/Tool/68 - Blank (2).mp3,/mnt/d/Music/_Duplicate_Quarantine/51 - Blank.mp3
3584,quarantine,"same metadata artist, album, and title as kept file",tool | undertow | blank,Tool,Undertow,Blank,31182,/mnt/d/Music/_Sorted_By_Artist/Tool/52 - Blank.mp3,/mnt/d/Music/_Sorted_By_Artist/Tool/68 - Blank (2).mp3,/mnt/d/Music/_Duplicate_Quarantine/52 - Blank.mp3
3585,quarantine,"same metadata artist, album, and title as kept file",tool | undertow | blank,Tool,Undertow,Blank,31182,/mnt/d/Music/_Sorted_By_Artist/Tool/53 - Blank.mp3,/mnt/d/Music/_Sorted_By_Artist/Tool/68 - Blank (2).mp3,/mnt/d/Music/_Duplicate_Quarantine/53 - Blank.mp3
3586,quarantine,"same metadata artist, album, and title as kept file",tool | undertow | blank,Tool,Undertow,Blank,31182,/mnt/d/Music/_Sorted_By_Artist/Tool/54 - Blank.mp3,/mnt/d/Music/_Sorted_By_Artist/Tool/68 - Blank (2).mp3,/mnt/d/Music/_Duplicate_Quarantine/54 - Blank.mp3
3587,quarantine,"same metadata artist, album, and title as kept file",tool | undertow | blank,Tool,Undertow,Blank,31182,/mnt/d/Music/_Sorted_By_Artist/Tool/55 - Blank.mp3,/mnt/d/Music/_Sorted_By_Artist/Tool/68 - Blank (2).mp3,/mnt/d/Music/_Duplicate_Quarantine/55 - Blank.mp3
3588,quarantine,"same metadata artist, album, and title as kept file",tool | undertow | blank,Tool,Undertow,Blank,31182,/mnt/d/Music/_Sorted_By_Artist/Tool/56 - Blank.mp3,/mnt/d/Music/_Sorted_By_Artist/Tool/68 - Blank (2).mp3,/mnt/d/Music/_Duplicate_Quarantine/56 - Blank.mp3
3589,quarantine,"same metadata artist, album, and title as kept file",tool | undertow | blank,Tool,Undertow,Blank,31182,/mnt/d/Music/_Sorted_By_Artist/Tool/57 - Blank.mp3,/mnt/d/Music/_Sorted_By_Artist/Tool/68 - Blank (2).mp3,/mnt/d/Music/_Duplicate_Quarantine/57 - Blank.mp3
3590,quarantine,"same metadata artist, album, and title as kept file",tool | undertow | blank,Tool,Undertow,Blank,31182,/mnt/d/Music/_Sorted_By_Artist/Tool/58 - Blank.mp3,/mnt/d/Music/_Sorted_By_Artist/Tool/68 - Blank (2).mp3,/mnt/d/Music/_Duplicate_Quarantine/58 - Blank.mp3
3591,quarantine,"same metadata artist, album, and title as kept file",tool | undertow | blank,Tool,Undertow,Blank,31182,/mnt/d/Music/_Sorted_By_Artist/Tool/59 - Blank.mp3,/mnt/d/Music/_Sorted_By_Artist/Tool/68 - Blank (2).mp3,/mnt/d/Music/_Duplicate_Quarantine/59 - Blank.mp3
3592,quarantine,"same metadata artist, album, and title as kept file",tool | undertow | blank,Tool,Undertow,Blank,31182,/mnt/d/Music/_Sorted_By_Artist/Tool/60 - Blank.mp3,/mnt/d/Music/_Sorted_By_Artist/Tool/68 - Blank (2).mp3,/mnt/d/Music/_Duplicate_Quarantine/60 - Blank.mp3
3593,quarantine,"same metadata artist, album, and title as kept file",tool | undertow | blank,Tool,Undertow,Blank,31182,/mnt/d/Music/_Sorted_By_Artist/Tool/61 - Blank.mp3,/mnt/d/Music/_Sorted_By_Artist/Tool/68 - Blank (2).mp3,/mnt/d/Music/_Duplicate_Quarantine/61 - Blank.mp3
3594,quarantine,"same metadata artist, album, and title as kept file",tool | undertow | blank,Tool,Undertow,Blank,31182,/mnt/d/Music/_Sorted_By_Artist/Tool/62 - Blank.mp3,/mnt/d/Music/_Sorted_By_Artist/Tool/68 - Blank (2).mp3,/mnt/d/Music/_Duplicate_Quarantine/62 - Blank.mp3
3595,quarantine,"same metadata artist, album, and title as kept file",tool | undertow | blank,Tool,Undertow,Blank,31182,/mnt/d/Music/_Sorted_By_Artist/Tool/63 - Blank.mp3,/mnt/d/Music/_Sorted_By_Artist/Tool/68 - Blank (2).mp3,/mnt/d/Music/_Duplicate_Quarantine/63 - Blank.mp3
3596,quarantine,"same metadata artist, album, and title as kept file",tool | undertow | blank,Tool,Undertow,Blank,31182,/mnt/d/Music/_Sorted_By_Artist/Tool/64 - Blank.mp3,/mnt/d/Music/_Sorted_By_Artist/Tool/68 - Blank (2).mp3,/mnt/d/Music/_Duplicate_Quarantine/64 - Blank.mp3
3597,quarantine,"same metadata artist, album, and title as kept file",tool | undertow | blank,Tool,Undertow,Blank,31182,/mnt/d/Music/_Sorted_By_Artist/Tool/65 - Blank.mp3,/mnt/d/Music/_Sorted_By_Artist/Tool/68 - Blank (2).mp3,/mnt/d/Music/_Duplicate_Quarantine/65 - Blank.mp3
3598,quarantine,"same metadata artist, album, and title as kept file",tool | undertow | blank,Tool,Undertow,Blank,31182,/mnt/d/Music/_Sorted_By_Artist/Tool/66 - Blank.mp3,/mnt/d/Music/_Sorted_By_Artist/Tool/68 - Blank (2).mp3,/mnt/d/Music/_Duplicate_Quarantine/66 - Blank.mp3
3599,quarantine,"same metadata artist, album, and title as kept file",tool | undertow | blank,Tool,Undertow,Blank,31182,/mnt/d/Music/_Sorted_By_Artist/Tool/67 - Blank.mp3,/mnt/d/Music/_Sorted_By_Artist/Tool/68 - Blank (2).mp3,/mnt/d/Music/_Duplicate_Quarantine/67 - Blank.mp3
3600,quarantine,"same metadata artist, album, and title as kept file",tool | undertow | blank,Tool,Undertow,Blank,58140,/mnt/d/Music/_Sorted_By_Artist/Tool/68 - Blank.mp3,/mnt/d/Music/_Sorted_By_Artist/Tool/68 - Blank (2).mp3,/mnt/d/Music/_Duplicate_Quarantine/68 - Blank.mp3
10669,quarantine,"same metadata artist, album, and title as kept file",tool | undertow | blank,Tool,Undertow,Blank,31182,/mnt/d/Music/_Sorted_By_Artist/Tool/10 - Blank (2).mp3,/mnt/d/Music/_Sorted_By_Artist/Tool/68 - Blank (2).mp3,/mnt/d/Music/_Duplicate_Quarantine/10 - Blank (2).mp3
10670,quarantine,"same metadata artist, album, and title as kept file",tool | undertow | blank,Tool,Undertow,Blank,31182,/mnt/d/Music/_Sorted_By_Artist/Tool/11 - Blank (2).mp3,/mnt/d/Music/_Sorted_By_Artist/Tool/68 - Blank (2).mp3,/mnt/d/Music/_Duplicate_Quarantine/11 - Blank (2).mp3
10671,quarantine,"same metadata artist, album, and title as kept file",tool | undertow | blank,Tool,Undertow,Blank,31182,/mnt/d/Music/_Sorted_By_Artist/Tool/12 - Blank (2).mp3,/mnt/d/Music/_Sorted_By_Artist/Tool/68 - Blank (2).mp3,/mnt/d/Music/_Duplicate_Quarantine/12 - Blank (2).mp3
10672,quarantine,"same metadata artist, album, and title as kept file",tool | undertow | blank,Tool,Undertow,Blank,31182,/mnt/d/Music/_Sorted_By_Artist/Tool/13 - Blank (2).mp3,/mnt/d/Music/_Sorted_By_Artist/Tool/68 - Blank (2).mp3,/mnt/d/Music/_Duplicate_Quarantine/13 - Blank (2).mp3
10673,quarantine,"same metadata artist, album, and title as kept file",tool | undertow | blank,Tool,Undertow,Blank,31182,/mnt/d/Music/_Sorted_By_Artist/Tool/14 - Blank (2).mp3,/mnt/d/Music/_Sorted_By_Artist/Tool/68 - Blank (2).mp3,/mnt/d/Music/_Duplicate_Quarantine/14 - Blank (2).mp3
10674,quarantine,"same metadata artist, album, and title as kept file",tool | undertow | blank,Tool,Undertow,Blank,31182,/mnt/d/Music/_Sorted_By_Artist/Tool/15 - Blank (2).mp3,/mnt/d/Music/_Sorted_By_Artist/Tool/68 - Blank (2).mp3,/mnt/d/Music/_Duplicate_Quarantine/15 - Blank (2).mp3
10675,quarantine,"same metadata artist, album, and title as kept file",tool | undertow | blank,Tool,Undertow,Blank,31182,/mnt/d/Music/_Sorted_By_Artist/Tool/16 - Blank (2).mp3,/mnt/d/Music/_Sorted_By_Artist/Tool/68 - Blank (2).mp3,/mnt/d/Music/_Duplicate_Quarantine/16 - Blank (2).mp3
10676,quarantine,"same metadata artist, album, and title as kept file",tool | undertow | blank,Tool,Undertow,Blank,31182,/mnt/d/Music/_Sorted_By_Artist/Tool/17 - Blank (2).mp3,/mnt/d/Music/_Sorted_By_Artist/Tool/68 - Blank (2).mp3,/mnt/d/Music/_Duplicate_Quarantine/17 - Blank (2).mp3
10677,quarantine,"same metadata artist, album, and title as kept file",tool | undertow | blank,Tool,Undertow,Blank,31182,/mnt/d/Music/_Sorted_By_Artist/Tool/18 - Blank (2).mp3,/mnt/d/Music/_Sorted_By_Artist/Tool/68 - Blank (2).mp3,/mnt/d/Music/_Duplicate_Quarantine/18 - Blank (2).mp3
10678,quarantine,"same metadata artist, album, and title as kept file",tool | undertow | blank,Tool,Undertow,Blank,31182,/mnt/d/Music/_Sorted_By_Artist/Tool/19 - Blank (2).mp3,/mnt/d/Music/_Sorted_By_Artist/Tool/68 - Blank (2).mp3,/mnt/d/Music/_Duplicate_Quarantine/19 - Blank (2).mp3
10679,quarantine,"same metadata artist, album, and title as kept file",tool | undertow | blank,Tool,Undertow,Blank,31182,/mnt/d/Music/_Sorted_By_Artist/Tool/20 - Blank (2).mp3,/mnt/d/Music/_Sorted_By_Artist/Tool/68 - Blank (2).mp3,/mnt/d/Music/_Duplicate_Quarantine/20 - Blank (2).mp3
10680,quarantine,"same metadata artist, album, and title as kept file",tool | undertow | blank,Tool,Undertow,Blank,31182,/mnt/d/Music/_Sorted_By_Artist/Tool/21 - Blank (2).mp3,/mnt/d/Music/_Sorted_By_Artist/Tool/68 - Blank (2).mp3,/mnt/d/Music/_Duplicate_Quarantine/21 - Blank (2).mp3
10681,quarantine,"same metadata artist, album, and title as kept file",tool | undertow | blank,Tool,Undertow,Blank,31182,/mnt/d/Music/_Sorted_By_Artist/Tool/22 - Blank (2).mp3,/mnt/d/Music/_Sorted_By_Artist/Tool/68 - Blank (2).mp3,/mnt/d/Music/_Duplicate_Quarantine/22 - Blank (2).mp3
10682,quarantine,"same metadata artist, album, and title as kept file",tool | undertow | blank,Tool,Undertow,Blank,31182,/mnt/d/Music/_Sorted_By_Artist/Tool/23 - Blank (2).mp3,/mnt/d/Music/_Sorted_By_Artist/Tool/68 - Blank (2).mp3,/mnt/d/Music/_Duplicate_Quarantine/23 - Blank (2).mp3
10683,quarantine,"same metadata artist, album, and title as kept file",tool | undertow | blank,Tool,Undertow,Blank,31182,/mnt/d/Music/_Sorted_By_Artist/Tool/24 - Blank (2).mp3,/mnt/d/Music/_Sorted_By_Artist/Tool/68 - Blank (2).mp3,/mnt/d/Music/_Duplicate_Quarantine/24 - Blank (2).mp3
10684,quarantine,"same metadata artist, album, and title as kept file",tool | undertow | blank,Tool,Undertow,Blank,31182,/mnt/d/Music/_Sorted_By_Artist/Tool/25 - Blank (2).mp3,/mnt/d/Music/_Sorted_By_Artist/Tool/68 - Blank (2).mp3,/mnt/d/Music/_Duplicate_Quarantine/25 - Blank (2).mp3
10685,quarantine,"same metadata artist, album, and title as kept file",tool | undertow | blank,Tool,Undertow,Blank,31182,/mnt/d/Music/_Sorted_By_Artist/Tool/26 - Blank (2).mp3,/mnt/d/Music/_Sorted_By_Artist/Tool/68 - Blank (2).mp3,/mnt/d/Music/_Duplicate_Quarantine/26 - Blank (2).mp3
10686,quarantine,"same metadata artist, album, and title as kept file",tool | undertow | blank,Tool,Undertow,Blank,31182,/mnt/d/Music/_Sorted_By_Artist/Tool/27 - Blank (2).mp3,/mnt/d/Music/_Sorted_By_Artist/Tool/68 - Blank (2).mp3,/mnt/d/Music/_Duplicate_Quarantine/27 - Blank (2).mp3
10687,quarantine,"same metadata artist, album, and title as kept file",tool | undertow | blank,Tool,Undertow,Blank,31182,/mnt/d/Music/_Sorted_By_Artist/Tool/28 - Blank (2).mp3,/mnt/d/Music/_Sorted_By_Artist/Tool/68 - Blank (2).mp3,/mnt/d/Music/_Duplicate_Quarantine/28 - Blank (2).mp3
10688,quarantine,"same metadata artist, album, and title as kept file",tool | undertow | blank,Tool,Undertow,Blank,31182,/mnt/d/Music/_Sorted_By_Artist/Tool/29 - Blank (2).mp3,/mnt/d/Music/_Sorted_By_Artist/Tool/68 - Blank (2).mp3,/mnt/d/Music/_Duplicate_Quarantine/29 - Blank (2).mp3
10689,quarantine,"same metadata artist, album, and title as kept file",tool | undertow | blank,Tool,Undertow,Blank,31182,/mnt/d/Music/_Sorted_By_Artist/Tool/30 - Blank (2).mp3,/mnt/d/Music/_Sorted_By_Artist/Tool/68 - Blank (2).mp3,/mnt/d/Music/_Duplicate_Quarantine/30 - Blank (2).mp3
10690,quarantine,"same metadata artist, album, and title as kept file",tool | undertow | blank,Tool,Undertow,Blank,31182,/mnt/d/Music/_Sorted_By_Artist/Tool/31 - Blank (2).mp3,/mnt/d/Music/_Sorted_By_Artist/Tool/68 - Blank (2).mp3,/mnt/d/Music/_Duplicate_Quarantine/31 - Blank (2).mp3
10691,quarantine,"same metadata artist, album, and title as kept file",tool | undertow | blank,Tool,Undertow,Blank,31182,/mnt/d/Music/_Sorted_By_Artist/Tool/32 - Blank (2).mp3,/mnt/d/Music/_Sorted_By_Artist/Tool/68 - Blank (2).mp3,/mnt/d/Music/_Duplicate_Quarantine/32 - Blank (2).mp3
10692,quarantine,"same metadata artist, album, and title as kept file",tool | undertow | blank,Tool,Undertow,Blank,31182,/mnt/d/Music/_Sorted_By_Artist/Tool/33 - Blank (2).mp3,/mnt/d/Music/_Sorted_By_Artist/Tool/68 - Blank (2).mp3,/mnt/d/Music/_Duplicate_Quarantine/33 - Blank (2).mp3
10693,quarantine,"same metadata artist, album, and title as kept file",tool | undertow | blank,Tool,Undertow,Blank,31182,/mnt/d/Music/_Sorted_By_Artist/Tool/34 - Blank (2).mp3,/mnt/d/Music/_Sorted_By_Artist/Tool/68 - Blank (2).mp3,/mnt/d/Music/_Duplicate_Quarantine/34 - Blank (2).mp3
10694,quarantine,"same metadata artist, album, and title as kept file",tool | undertow | blank,Tool,Undertow,Blank,31182,/mnt/d/Music/_Sorted_By_Artist/Tool/35 - Blank (2).mp3,/mnt/d/Music/_Sorted_By_Artist/Tool/68 - Blank (2).mp3,/mnt/d/Music/_Duplicate_Quarantine/35 - Blank (2).mp3
10695,quarantine,"same metadata artist, album, and title as kept file",tool | undertow | blank,Tool,Undertow,Blank,31182,/mnt/d/Music/_Sorted_By_Artist/Tool/36 - Blank (2).mp3,/mnt/d/Music/_Sorted_By_Artist/Tool/68 - Blank (2).mp3,/mnt/d/Music/_Duplicate_Quarantine/36 - Blank (2).mp3
10696,quarantine,"same metadata artist, album, and title as kept file",tool | undertow | blank,Tool,Undertow,Blank,31182,/mnt/d/Music/_Sorted_By_Artist/Tool/37 - Blank (2).mp3,/mnt/d/Music/_Sorted_By_Artist/Tool/68 - Blank (2).mp3,/mnt/d/Music/_Duplicate_Quarantine/37 - Blank (2).mp3
10697,quarantine,"same metadata artist, album, and title as kept file",tool | undertow | blank,Tool,Undertow,Blank,31182,/mnt/d/Music/_Sorted_By_Artist/Tool/38 - Blank (2).mp3,/mnt/d/Music/_Sorted_By_Artist/Tool/68 - Blank (2).mp3,/mnt/d/Music/_Duplicate_Quarantine/38 - Blank (2).mp3
10698,quarantine,"same metadata artist, album, and title as kept file",tool | undertow | blank,Tool,Undertow,Blank,31182,/mnt/d/Music/_Sorted_By_Artist/Tool/39 - Blank (2).mp3,/mnt/d/Music/_Sorted_By_Artist/Tool/68 - Blank (2).mp3,/mnt/d/Music/_Duplicate_Quarantine/39 - Blank (2).mp3
10699,quarantine,"same metadata artist, album, and title as kept file",tool | undertow | blank,Tool,Undertow,Blank,31182,/mnt/d/Music/_Sorted_By_Artist/Tool/40 - Blank (2).mp3,/mnt/d/Music/_Sorted_By_Artist/Tool/68 - Blank (2).mp3,/mnt/d/Music/_Duplicate_Quarantine/40 - Blank (2).mp3
10700,quarantine,"same metadata artist, album, and title as kept file",tool | undertow | blank,Tool,Undertow,Blank,31182,/mnt/d/Music/_Sorted_By_Artist/Tool/41 - Blank (2).mp3,/mnt/d/Music/_Sorted_By_Artist/Tool/68 - Blank (2).mp3,/mnt/d/Music/_Duplicate_Quarantine/41 - Blank (2).mp3
10701,quarantine,"same metadata artist, album, and title as kept file",tool | undertow | blank,Tool,Undertow,Blank,31182,/mnt/d/Music/_Sorted_By_Artist/Tool/42 - Blank (2).mp3,/mnt/d/Music/_Sorted_By_Artist/Tool/68 - Blank (2).mp3,/mnt/d/Music/_Duplicate_Quarantine/42 - Blank (2).mp3
10702,quarantine,"same metadata artist, album, and title as kept file",tool | undertow | blank,Tool,Undertow,Blank,31182,/mnt/d/Music/_Sorted_By_Artist/Tool/43 - Blank (2).mp3,/mnt/d/Music/_Sorted_By_Artist/Tool/68 - Blank (2).mp3,/mnt/d/Music/_Duplicate_Quarantine/43 - Blank (2).mp3
10703,quarantine,"same metadata artist, album, and title as kept file",tool | undertow | blank,Tool,Undertow,Blank,31182,/mnt/d/Music/_Sorted_By_Artist/Tool/44 - Blank (2).mp3,/mnt/d/Music/_Sorted_By_Artist/Tool/68 - Blank (2).mp3,/mnt/d/Music/_Duplicate_Quarantine/44 - Blank (2).mp3
10704,quarantine,"same metadata artist, album, and title as kept file",tool | undertow | blank,Tool,Undertow,Blank,31182,/mnt/d/Music/_Sorted_By_Artist/Tool/45 - Blank (2).mp3,/mnt/d/Music/_Sorted_By_Artist/Tool/68 - Blank (2).mp3,/mnt/d/Music/_Duplicate_Quarantine/45 - Blank (2).mp3
10705,quarantine,"same metadata artist, album, and title as kept file",tool | undertow | blank,Tool,Undertow,Blank,31182,/mnt/d/Music/_Sorted_By_Artist/Tool/46 - Blank (2).mp3,/mnt/d/Music/_Sorted_By_Artist/Tool/68 - Blank (2).mp3,/mnt/d/Music/_Duplicate_Quarantine/46 - Blank (2).mp3
10706,quarantine,"same metadata artist, album, and title as kept file",tool | undertow | blank,Tool,Undertow,Blank,31182,/mnt/d/Music/_Sorted_By_Artist/Tool/47 - Blank (2).mp3,/mnt/d/Music/_Sorted_By_Artist/Tool/68 - Blank (2).mp3,/mnt/d/Music/_Duplicate_Quarantine/47 - Blank (2).mp3
10707,quarantine,"same metadata artist, album, and title as kept file",tool | undertow | blank,Tool,Undertow,Blank,31182,/mnt/d/Music/_Sorted_By_Artist/Tool/48 - Blank (2).mp3,/mnt/d/Music/_Sorted_By_Artist/Tool/68 - Blank (2).mp3,/mnt/d/Music/_Duplicate_Quarantine/48 - Blank (2).mp3
10708,quarantine,"same metadata artist, album, and title as kept file",tool | undertow | blank,Tool,Undertow,Blank,31182,/mnt/d/Music/_Sorted_By_Artist/Tool/49 - Blank (2).mp3,/mnt/d/Music/_Sorted_By_Artist/Tool/68 - Blank (2).mp3,/mnt/d/Music/_Duplicate_Quarantine/49 - Blank (2).mp3
10709,quarantine,"same metadata artist, album, and title as kept file",tool | undertow | blank,Tool,Undertow,Blank,31182,/mnt/d/Music/_Sorted_By_Artist/Tool/50 - Blank (2).mp3,/mnt/d/Music/_Sorted_By_Artist/Tool/68 - Blank (2).mp3,/mnt/d/Music/_Duplicate_Quarantine/50 - Blank (2).mp3
10710,quarantine,"same metadata artist, album, and title as kept file",tool | undertow | blank,Tool,Undertow,Blank,31182,/mnt/d/Music/_Sorted_By_Artist/Tool/51 - Blank (2).mp3,/mnt/d/Music/_Sorted_By_Artist/Tool/68 - Blank (2).mp3,/mnt/d/Music/_Duplicate_Quarantine/51 - Blank (2).mp3
10711,quarantine,"same metadata artist, album, and title as kept file",tool | undertow | blank,Tool,Undertow,Blank,31182,/mnt/d/Music/_Sorted_By_Artist/Tool/52 - Blank (2).mp3,/mnt/d/Music/_Sorted_By_Artist/Tool/68 - Blank (2).mp3,/mnt/d/Music/_Duplicate_Quarantine/52 - Blank (2).mp3
10712,quarantine,"same metadata artist, album, and title as kept file",tool | undertow | blank,Tool,Undertow,Blank,31182,/mnt/d/Music/_Sorted_By_Artist/Tool/53 - Blank (2).mp3,/mnt/d/Music/_Sorted_By_Artist/Tool/68 - Blank (2).mp3,/mnt/d/Music/_Duplicate_Quarantine/53 - Blank (2).mp3
10713,quarantine,"same metadata artist, album, and title as kept file",tool | undertow | blank,Tool,Undertow,Blank,31182,/mnt/d/Music/_Sorted_By_Artist/Tool/54 - Blank (2).mp3,/mnt/d/Music/_Sorted_By_Artist/Tool/68 - Blank (2).mp3,/mnt/d/Music/_Duplicate_Quarantine/54 - Blank (2).mp3
10714,quarantine,"same metadata artist, album, and title as kept file",tool | undertow | blank,Tool,Undertow,Blank,31182,/mnt/d/Music/_Sorted_By_Artist/Tool/55 - Blank (2).mp3,/mnt/d/Music/_Sorted_By_Artist/Tool/68 - Blank (2).mp3,/mnt/d/Music/_Duplicate_Quarantine/55 - Blank (2).mp3
10715,quarantine,"same metadata artist, album, and title as kept file",tool | undertow | blank,Tool,Undertow,Blank,31182,/mnt/d/Music/_Sorted_By_Artist/Tool/56 - Blank (2).mp3,/mnt/d/Music/_Sorted_By_Artist/Tool/68 - Blank (2).mp3,/mnt/d/Music/_Duplicate_Quarantine/56 - Blank (2).mp3
10716,quarantine,"same metadata artist, album, and title as kept file",tool | undertow | blank,Tool,Undertow,Blank,31182,/mnt/d/Music/_Sorted_By_Artist/Tool/57 - Blank (2).mp3,/mnt/d/Music/_Sorted_By_Artist/Tool/68 - Blank (2).mp3,/mnt/d/Music/_Duplicate_Quarantine/57 - Blank (2).mp3
10717,quarantine,"same metadata artist, album, and title as kept file",tool | undertow | blank,Tool,Undertow,Blank,31182,/mnt/d/Music/_Sorted_By_Artist/Tool/58 - Blank (2).mp3,/mnt/d/Music/_Sorted_By_Artist/Tool/68 - Blank (2).mp3,/mnt/d/Music/_Duplicate_Quarantine/58 - Blank (2).mp3
10718,quarantine,"same metadata artist, album, and title as kept file",tool | undertow | blank,Tool,Undertow,Blank,31182,/mnt/d/Music/_Sorted_By_Artist/Tool/59 - Blank (2).mp3,/mnt/d/Music/_Sorted_By_Artist/Tool/68 - Blank (2).mp3,/mnt/d/Music/_Duplicate_Quarantine/59 - Blank (2).mp3
10719,quarantine,"same metadata artist, album, and title as kept file",tool | undertow | blank,Tool,Undertow,Blank,31182,/mnt/d/Music/_Sorted_By_Artist/Tool/60 - Blank (2).mp3,/mnt/d/Music/_Sorted_By_Artist/Tool/68 - Blank (2).mp3,/mnt/d/Music/_Duplicate_Quarantine/60 - Blank (2).mp3
10720,quarantine,"same metadata artist, album, and title as kept file",tool | undertow | blank,Tool,Undertow,Blank,31182,/mnt/d/Music/_Sorted_By_Artist/Tool/61 - Blank (2).mp3,/mnt/d/Music/_Sorted_By_Artist/Tool/68 - Blank (2).mp3,/mnt/d/Music/_Duplicate_Quarantine/61 - Blank (2).mp3
10721,quarantine,"same metadata artist, album, and title as kept file",tool | undertow | blank,Tool,Undertow,Blank,31182,/mnt/d/Music/_Sorted_By_Artist/Tool/62 - Blank (2).mp3,/mnt/d/Music/_Sorted_By_Artist/Tool/68 - Blank (2).mp3,/mnt/d/Music/_Duplicate_Quarantine/62 - Blank (2).mp3
10722,quarantine,"same metadata artist, album, and title as kept file",tool | undertow | blank,Tool,Undertow,Blank,31182,/mnt/d/Music/_Sorted_By_Artist/Tool/63 - Blank (2).mp3,/mnt/d/Music/_Sorted_By_Artist/Tool/68 - Blank (2).mp3,/mnt/d/Music/_Duplicate_Quarantine/63 - Blank (2).mp3
10723,quarantine,"same metadata artist, album, and title as kept file",tool | undertow | blank,Tool,Undertow,Blank,31182,/mnt/d/Music/_Sorted_By_Artist/Tool/64 - Blank (2).mp3,/mnt/d/Music/_Sorted_By_Artist/Tool/68 - Blank (2).mp3,/mnt/d/Music/_Duplicate_Quarantine/64 - Blank (2).mp3
10724,quarantine,"same metadata artist, album, and title as kept file",tool | undertow | blank,Tool,Undertow,Blank,31182,/mnt/d/Music/_Sorted_By_Artist/Tool/65 - Blank (2).mp3,/mnt/d/Music/_Sorted_By_Artist/Tool/68 - Blank (2).mp3,/mnt/d/Music/_Duplicate_Quarantine/65 - Blank (2).mp3
10725,quarantine,"same metadata artist, album, and title as kept file",tool | undertow | blank,Tool,Undertow,Blank,31182,/mnt/d/Music/_Sorted_By_Artist/Tool/66 - Blank (2).mp3,/mnt/d/Music/_Sorted_By_Artist/Tool/68 - Blank (2).mp3,/mnt/d/Music/_Duplicate_Quarantine/66 - Blank (2).mp3
10726,quarantine,"same metadata artist, album, and title as kept file",tool | undertow | blank,Tool,Undertow,Blank,31182,/mnt/d/Music/_Sorted_By_Artist/Tool/67 - Blank (2).mp3,/mnt/d/Music/_Sorted_By_Artist/Tool/68 - Blank (2).mp3,/mnt/d/Music/_Duplicate_Quarantine/67 - Blank (2).mp3
10727,keep,largest file in duplicate metadata group,tool | undertow | blank,Tool,Undertow,Blank,58140,/mnt/d/Music/_Sorted_By_Artist/Tool/68 - Blank (2).mp3,/mnt/d/Music/_Sorted_By_Artist/Tool/68 - Blank (2).mp3,
3536,quarantine,"same metadata artist, album, and title as kept file",tool | undertow | bottom,Tool,Undertow,Bottom,10425367,/mnt/d/Music/_Sorted_By_Artist/Tool/04 - Bottom.mp3,/mnt/d/Music/_Sorted_By_Artist/Tool/04 - Bottom (2).mp3,/mnt/d/Music/_Duplicate_Quarantine/04 - Bottom.mp3
10663,keep,largest file in duplicate metadata group,tool | undertow | bottom,Tool,Undertow,Bottom,10425367,/mnt/d/Music/_Sorted_By_Artist/Tool/04 - Bottom (2).mp3,/mnt/d/Music/_Sorted_By_Artist/Tool/04 - Bottom (2).mp3,
3537,quarantine,"same metadata artist, album, and title as kept file",tool | undertow | crawl away,Tool,Undertow,Crawl Away,7933285,/mnt/d/Music/_Sorted_By_Artist/Tool/05 - Crawl Away.mp3,/mnt/d/Music/_Sorted_By_Artist/Tool/05 - Crawl Away (2).mp3,/mnt/d/Music/_Duplicate_Quarantine/05 - Crawl Away.mp3
10664,keep,largest file in duplicate metadata group,tool | undertow | crawl away,Tool,Undertow,Crawl Away,7933285,/mnt/d/Music/_Sorted_By_Artist/Tool/05 - Crawl Away (2).mp3,/mnt/d/Music/_Sorted_By_Artist/Tool/05 - Crawl Away (2).mp3,
3601,quarantine,"same metadata artist, album, and title as kept file",tool | undertow | disgustipated,Tool,Undertow,Disgustipated,22747849,/mnt/d/Music/_Sorted_By_Artist/Tool/69 - Disgustipated.mp3,/mnt/d/Music/_Sorted_By_Artist/Tool/69 - Disgustipated (2).mp3,/mnt/d/Music/_Duplicate_Quarantine/69 - Disgustipated.mp3
10728,keep,largest file in duplicate metadata group,tool | undertow | disgustipated,Tool,Undertow,Disgustipated,22747849,/mnt/d/Music/_Sorted_By_Artist/Tool/69 - Disgustipated (2).mp3,/mnt/d/Music/_Sorted_By_Artist/Tool/69 - Disgustipated (2).mp3,
3541,quarantine,"same metadata artist, album, and title as kept file",tool | undertow | flood,Tool,Undertow,Flood,11196502,/mnt/d/Music/_Sorted_By_Artist/Tool/09 - Flood.mp3,/mnt/d/Music/_Sorted_By_Artist/Tool/09 - Flood (2).mp3,/mnt/d/Music/_Duplicate_Quarantine/09 - Flood.mp3
10668,keep,largest file in duplicate metadata group,tool | undertow | flood,Tool,Undertow,Flood,11196502,/mnt/d/Music/_Sorted_By_Artist/Tool/09 - Flood (2).mp3,/mnt/d/Music/_Sorted_By_Artist/Tool/09 - Flood (2).mp3,
3533,quarantine,"same metadata artist, album, and title as kept file",tool | undertow | intolerance,Tool,Undertow,Intolerance,7050556,/mnt/d/Music/_Sorted_By_Artist/Tool/01 - Intolerance.mp3,/mnt/d/Music/_Sorted_By_Artist/Tool/01 - Intolerance (2).mp3,/mnt/d/Music/_Duplicate_Quarantine/01 - Intolerance.mp3
10660,keep,largest file in duplicate metadata group,tool | undertow | intolerance,Tool,Undertow,Intolerance,7050556,/mnt/d/Music/_Sorted_By_Artist/Tool/01 - Intolerance (2).mp3,/mnt/d/Music/_Sorted_By_Artist/Tool/01 - Intolerance (2).mp3,
3534,quarantine,"same metadata artist, album, and title as kept file",tool | undertow | prison sex,Tool,Undertow,Prison Sex,7122027,/mnt/d/Music/_Sorted_By_Artist/Tool/02 - Prison Sex.mp3,/mnt/d/Music/_Sorted_By_Artist/Tool/02 - Prison Sex (2).mp3,/mnt/d/Music/_Duplicate_Quarantine/02 - Prison Sex.mp3
10661,keep,largest file in duplicate metadata group,tool | undertow | prison sex,Tool,Undertow,Prison Sex,7122027,/mnt/d/Music/_Sorted_By_Artist/Tool/02 - Prison Sex (2).mp3,/mnt/d/Music/_Sorted_By_Artist/Tool/02 - Prison Sex (2).mp3,
3535,quarantine,"same metadata artist, album, and title as kept file",tool | undertow | sober,Tool,Undertow,Sober,7371548,/mnt/d/Music/_Sorted_By_Artist/Tool/03 - Sober.mp3,/mnt/d/Music/_Sorted_By_Artist/Tool/03 - Sober (2).mp3,/mnt/d/Music/_Duplicate_Quarantine/03 - Sober.mp3
10662,keep,largest file in duplicate metadata group,tool | undertow | sober,Tool,Undertow,Sober,7371548,/mnt/d/Music/_Sorted_By_Artist/Tool/03 - Sober (2).mp3,/mnt/d/Music/_Sorted_By_Artist/Tool/03 - Sober (2).mp3,
10729,quarantine,"same metadata artist, album, and title as kept file",tool | undertow | sober,Tool,Undertow,Sober,4849640,/mnt/d/Music/_Sorted_By_Artist/Tool/GRUQ.mp3,/mnt/d/Music/_Sorted_By_Artist/Tool/03 - Sober (2).mp3,/mnt/d/Music/_Duplicate_Quarantine/GRUQ.mp3
3538,quarantine,"same metadata artist, album, and title as kept file",tool | undertow | swamp song,Tool,Undertow,Swamp Song,7973409,/mnt/d/Music/_Sorted_By_Artist/Tool/06 - Swamp Song.mp3,/mnt/d/Music/_Sorted_By_Artist/Tool/06 - Swamp Song (2).mp3,/mnt/d/Music/_Duplicate_Quarantine/06 - Swamp Song.mp3
10665,keep,largest file in duplicate metadata group,tool | undertow | swamp song,Tool,Undertow,Swamp Song,7973409,/mnt/d/Music/_Sorted_By_Artist/Tool/06 - Swamp Song (2).mp3,/mnt/d/Music/_Sorted_By_Artist/Tool/06 - Swamp Song (2).mp3,
3539,quarantine,"same metadata artist, album, and title as kept file",tool | undertow | undertow,Tool,Undertow,Undertow,7737054,/mnt/d/Music/_Sorted_By_Artist/Tool/07 - Undertow.mp3,/mnt/d/Music/_Sorted_By_Artist/Tool/07 - Undertow (2).mp3,/mnt/d/Music/_Duplicate_Quarantine/07 - Undertow.mp3
10666,keep,largest file in duplicate metadata group,tool | undertow | undertow,Tool,Undertow,Undertow,7737054,/mnt/d/Music/_Sorted_By_Artist/Tool/07 - Undertow (2).mp3,/mnt/d/Music/_Sorted_By_Artist/Tool/07 - Undertow (2).mp3,
3615,quarantine,"same metadata artist, album, and title as kept file",tool | ænima | cesaro summability,Tool,Ænima,Cesaro Summability,2077510,/mnt/d/Music/_Sorted_By_Artist/Tool/12 - Cesaro Summability.mp3,/mnt/d/Music/_Sorted_By_Artist/Tool/12 - Cesaro Summability (2).mp3,/mnt/d/Music/_Duplicate_Quarantine/12 - Cesaro Summability.mp3
10743,keep,largest file in duplicate metadata group,tool | ænima | cesaro summability,Tool,Ænima,Cesaro Summability,2077510,/mnt/d/Music/_Sorted_By_Artist/Tool/12 - Cesaro Summability (2).mp3,/mnt/d/Music/_Sorted_By_Artist/Tool/12 - Cesaro Summability (2).mp3,
3613,quarantine,"same metadata artist, album, and title as kept file",tool | ænima | die eier von satan,Tool,Ænima,Die Eier Von Satan,3299414,/mnt/d/Music/_Sorted_By_Artist/Tool/10 - Die Eier Von Satan.mp3,/mnt/d/Music/_Sorted_By_Artist/Tool/10 - Die Eier Von Satan (2).mp3,/mnt/d/Music/_Duplicate_Quarantine/10 - Die Eier Von Satan.mp3
10741,keep,largest file in duplicate metadata group,tool | ænima | die eier von satan,Tool,Ænima,Die Eier Von Satan,3299414,/mnt/d/Music/_Sorted_By_Artist/Tool/10 - Die Eier Von Satan (2).mp3,/mnt/d/Music/_Sorted_By_Artist/Tool/10 - Die Eier Von Satan (2).mp3,
3604,quarantine,"same metadata artist, album, and title as kept file",tool | ænima | eulogy,Tool,Ænima,Eulogy,12220126,/mnt/d/Music/_Sorted_By_Artist/Tool/02 - Eulogy(2).mp3,/mnt/d/Music/_Sorted_By_Artist/Tool/02 - Eulogy(2) (2).mp3,/mnt/d/Music/_Duplicate_Quarantine/02 - Eulogy(2).mp3
10732,keep,largest file in duplicate metadata group,tool | ænima | eulogy,Tool,Ænima,Eulogy,12220126,/mnt/d/Music/_Sorted_By_Artist/Tool/02 - Eulogy(2) (2).mp3,/mnt/d/Music/_Sorted_By_Artist/Tool/02 - Eulogy(2) (2).mp3,
3608,quarantine,"same metadata artist, album, and title as kept file",tool | ænima | forty six & 2,Tool,Ænima,Forty Six & 2,8746885,/mnt/d/Music/_Sorted_By_Artist/Tool/05 - Forty Six & 2.mp3,/mnt/d/Music/_Sorted_By_Artist/Tool/05 - Forty Six & 2 (2).mp3,/mnt/d/Music/_Duplicate_Quarantine/05 - Forty Six & 2.mp3
10736,keep,largest file in duplicate metadata group,tool | ænima | forty six & 2,Tool,Ænima,Forty Six & 2,8746885,/mnt/d/Music/_Sorted_By_Artist/Tool/05 - Forty Six & 2 (2).mp3,/mnt/d/Music/_Sorted_By_Artist/Tool/05 - Forty Six & 2 (2).mp3,
3606,quarantine,"same metadata artist, album, and title as kept file",tool | ænima | h,Tool,Ænima,H.,8818356,/mnt/d/Music/_Sorted_By_Artist/Tool/03 - H.mp3,/mnt/d/Music/_Sorted_By_Artist/Tool/03 - H (2).mp3,/mnt/d/Music/_Duplicate_Quarantine/03 - H.mp3
10734,keep,largest file in duplicate metadata group,tool | ænima | h,Tool,Ænima,H.,8818356,/mnt/d/Music/_Sorted_By_Artist/Tool/03 - H (2).mp3,/mnt/d/Music/_Sorted_By_Artist/Tool/03 - H (2).mp3,
3610,quarantine,"same metadata artist, album, and title as kept file",tool | ænima | hooker with a penis,Tool,Ænima,Hooker With A Penis,6575796,/mnt/d/Music/_Sorted_By_Artist/Tool/07 - Hooker With A Penis.mp3,/mnt/d/Music/_Sorted_By_Artist/Tool/07 - Hooker With A Penis (2).mp3,/mnt/d/Music/_Duplicate_Quarantine/07 - Hooker With A Penis.mp3
10738,keep,largest file in duplicate metadata group,tool | ænima | hooker with a penis,Tool,Ænima,Hooker With A Penis,6575796,/mnt/d/Music/_Sorted_By_Artist/Tool/07 - Hooker With A Penis (2).mp3,/mnt/d/Music/_Sorted_By_Artist/Tool/07 - Hooker With A Penis (2).mp3,
3611,quarantine,"same metadata artist, album, and title as kept file",tool | ænima | intermission,Tool,Ænima,Intermission,1355277,/mnt/d/Music/_Sorted_By_Artist/Tool/08 - Intermission.mp3,/mnt/d/Music/_Sorted_By_Artist/Tool/08 - Intermission (2).mp3,/mnt/d/Music/_Duplicate_Quarantine/08 - Intermission.mp3
10739,keep,largest file in duplicate metadata group,tool | ænima | intermission,Tool,Ænima,Intermission,1355277,/mnt/d/Music/_Sorted_By_Artist/Tool/08 - Intermission (2).mp3,/mnt/d/Music/_Sorted_By_Artist/Tool/08 - Intermission (2).mp3,
3617,quarantine,"same metadata artist, album, and title as kept file",tool | ænima | ions,Tool,Ænima,(-) Ions,5768926,/mnt/d/Music/_Sorted_By_Artist/Tool/14 - (-) Ions.mp3,/mnt/d/Music/_Sorted_By_Artist/Tool/14 - (-) Ions (2).mp3,/mnt/d/Music/_Duplicate_Quarantine/14 - (-) Ions.mp3
10745,keep,largest file in duplicate metadata group,tool | ænima | ions,Tool,Ænima,(-) Ions,5768926,/mnt/d/Music/_Sorted_By_Artist/Tool/14 - (-) Ions (2).mp3,/mnt/d/Music/_Sorted_By_Artist/Tool/14 - (-) Ions (2).mp3,
3612,quarantine,"same metadata artist, album, and title as kept file",tool | ænima | jimmy,Tool,Ænima,Jimmy,7788922,/mnt/d/Music/_Sorted_By_Artist/Tool/09 - Jimmy.mp3,/mnt/d/Music/_Sorted_By_Artist/Tool/09 - Jimmy (2).mp3,/mnt/d/Music/_Duplicate_Quarantine/09 - Jimmy.mp3
10740,keep,largest file in duplicate metadata group,tool | ænima | jimmy,Tool,Ænima,Jimmy,7788922,/mnt/d/Music/_Sorted_By_Artist/Tool/09 - Jimmy (2).mp3,/mnt/d/Music/_Sorted_By_Artist/Tool/09 - Jimmy (2).mp3,
3609,quarantine,"same metadata artist, album, and title as kept file",tool | ænima | message to harry manback,Tool,Ænima,Message To Harry Manback,2723884,/mnt/d/Music/_Sorted_By_Artist/Tool/06 - Message To Harry Manback.mp3,/mnt/d/Music/_Sorted_By_Artist/Tool/06 - Message To Harry Manback (2).mp3,/mnt/d/Music/_Duplicate_Quarantine/06 - Message To Harry Manback.mp3
10737,keep,largest file in duplicate metadata group,tool | ænima | message to harry manback,Tool,Ænima,Message To Harry Manback,2723884,/mnt/d/Music/_Sorted_By_Artist/Tool/06 - Message To Harry Manback (2).mp3,/mnt/d/Music/_Sorted_By_Artist/Tool/06 - Message To Harry Manback (2).mp3,
3614,quarantine,"same metadata artist, album, and title as kept file",tool | ænima | pushit,Tool,Ænima,Pushit,14302189,/mnt/d/Music/_Sorted_By_Artist/Tool/11 - Pushit.mp3,/mnt/d/Music/_Sorted_By_Artist/Tool/11 - Pushit (2).mp3,/mnt/d/Music/_Duplicate_Quarantine/11 - Pushit.mp3
10742,keep,largest file in duplicate metadata group,tool | ænima | pushit,Tool,Ænima,Pushit,14302189,/mnt/d/Music/_Sorted_By_Artist/Tool/11 - Pushit (2).mp3,/mnt/d/Music/_Sorted_By_Artist/Tool/11 - Pushit (2).mp3,
3602,quarantine,"same metadata artist, album, and title as kept file",tool | ænima | stinkfist,Tool,Ænima,Stinkfist,7472318,/mnt/d/Music/_Sorted_By_Artist/Tool/01 - Stinkfist.mp3,/mnt/d/Music/_Sorted_By_Artist/Tool/01 - Stinkfist (2).mp3,/mnt/d/Music/_Duplicate_Quarantine/01 - Stinkfist.mp3
10730,keep,largest file in duplicate metadata group,tool | ænima | stinkfist,Tool,Ænima,Stinkfist,7472318,/mnt/d/Music/_Sorted_By_Artist/Tool/01 - Stinkfist (2).mp3,/mnt/d/Music/_Sorted_By_Artist/Tool/01 - Stinkfist (2).mp3,
3618,quarantine,"same metadata artist, album, and title as kept file",tool | ænima | third eye,Tool,Ænima,Third Eye,19861255,/mnt/d/Music/_Sorted_By_Artist/Tool/15 - Third Eye.mp3,/mnt/d/Music/_Sorted_By_Artist/Tool/15 - Third Eye (2).mp3,/mnt/d/Music/_Duplicate_Quarantine/15 - Third Eye.mp3
10746,keep,largest file in duplicate metadata group,tool | ænima | third eye,Tool,Ænima,Third Eye,19861255,/mnt/d/Music/_Sorted_By_Artist/Tool/15 - Third Eye (2).mp3,/mnt/d/Music/_Sorted_By_Artist/Tool/15 - Third Eye (2).mp3,
3607,quarantine,"same metadata artist, album, and title as kept file",tool | ænima | useful idiot,Tool,Ænima,Useful Idiot,936481,/mnt/d/Music/_Sorted_By_Artist/Tool/04 - Useful Idiot.mp3,/mnt/d/Music/_Sorted_By_Artist/Tool/04 - Useful Idiot (2).mp3,/mnt/d/Music/_Duplicate_Quarantine/04 - Useful Idiot.mp3
10735,keep,largest file in duplicate metadata group,tool | ænima | useful idiot,Tool,Ænima,Useful Idiot,936481,/mnt/d/Music/_Sorted_By_Artist/Tool/04 - Useful Idiot (2).mp3,/mnt/d/Music/_Sorted_By_Artist/Tool/04 - Useful Idiot (2).mp3,
3616,quarantine,"same metadata artist, album, and title as kept file",tool | ænima | ænima,Tool,Ænima,Ænima,9598895,/mnt/d/Music/_Sorted_By_Artist/Tool/13 - Ænima.mp3,/mnt/d/Music/_Sorted_By_Artist/Tool/13 - Ænima (2).mp3,/mnt/d/Music/_Duplicate_Quarantine/13 - Ænima.mp3
10744,keep,largest file in duplicate metadata group,tool | ænima | ænima,Tool,Ænima,Ænima,9598895,/mnt/d/Music/_Sorted_By_Artist/Tool/13 - Ænima (2).mp3,/mnt/d/Music/_Sorted_By_Artist/Tool/13 - Ænima (2).mp3,
3619,quarantine,"same metadata artist, album, and title as kept file",toolio | untitled - 04-16-06 (1 | track 1,toolio,Untitled - 04-16-06 (1),Track 1,10321128,/mnt/d/Music/_Sorted_By_Artist/toolio/01 - Track 1.mp3,/mnt/d/Music/_Sorted_By_Artist/toolio/01 - Track 1 (2).mp3,/mnt/d/Music/_Duplicate_Quarantine/01 - Track 1 (3).mp3
10747,keep,largest file in duplicate metadata group,toolio | untitled - 04-16-06 (1 | track 1,toolio,Untitled - 04-16-06 (1),Track 1,10321128,/mnt/d/Music/_Sorted_By_Artist/toolio/01 - Track 1 (2).mp3,/mnt/d/Music/_Sorted_By_Artist/toolio/01 - Track 1 (2).mp3,
3628,quarantine,"same metadata artist, album, and title as kept file",toolio | untitled - 04-16-06 (1 | track 10,toolio,Untitled - 04-16-06 (1),Track 10,7235962,/mnt/d/Music/_Sorted_By_Artist/toolio/10 - Track 10.mp3,/mnt/d/Music/_Sorted_By_Artist/toolio/10 - Track 10 (2).mp3,/mnt/d/Music/_Duplicate_Quarantine/10 - Track 10 (3).mp3
10756,keep,largest file in duplicate metadata group,toolio | untitled - 04-16-06 (1 | track 10,toolio,Untitled - 04-16-06 (1),Track 10,7235962,/mnt/d/Music/_Sorted_By_Artist/toolio/10 - Track 10 (2).mp3,/mnt/d/Music/_Sorted_By_Artist/toolio/10 - Track 10 (2).mp3,
3629,quarantine,"same metadata artist, album, and title as kept file",toolio | untitled - 04-16-06 (1 | track 11,toolio,Untitled - 04-16-06 (1),Track 11,5051081,/mnt/d/Music/_Sorted_By_Artist/toolio/11 - Track 11.mp3,/mnt/d/Music/_Sorted_By_Artist/toolio/11 - Track 11 (2).mp3,/mnt/d/Music/_Duplicate_Quarantine/11 - Track 11 (3).mp3
10757,keep,largest file in duplicate metadata group,toolio | untitled - 04-16-06 (1 | track 11,toolio,Untitled - 04-16-06 (1),Track 11,5051081,/mnt/d/Music/_Sorted_By_Artist/toolio/11 - Track 11 (2).mp3,/mnt/d/Music/_Sorted_By_Artist/toolio/11 - Track 11 (2).mp3,
3630,quarantine,"same metadata artist, album, and title as kept file",toolio | untitled - 04-16-06 (1 | track 12,toolio,Untitled - 04-16-06 (1),Track 12,5261105,/mnt/d/Music/_Sorted_By_Artist/toolio/12 - Track 12.mp3,/mnt/d/Music/_Sorted_By_Artist/toolio/12 - Track 12 (2).mp3,/mnt/d/Music/_Duplicate_Quarantine/12 - Track 12 (3).mp3
10758,keep,largest file in duplicate metadata group,toolio | untitled - 04-16-06 (1 | track 12,toolio,Untitled - 04-16-06 (1),Track 12,5261105,/mnt/d/Music/_Sorted_By_Artist/toolio/12 - Track 12 (2).mp3,/mnt/d/Music/_Sorted_By_Artist/toolio/12 - Track 12 (2).mp3,
3631,quarantine,"same metadata artist, album, and title as kept file",toolio | untitled - 04-16-06 (1 | track 13,toolio,Untitled - 04-16-06 (1),Track 13,5737579,/mnt/d/Music/_Sorted_By_Artist/toolio/13 - Track 13.mp3,/mnt/d/Music/_Sorted_By_Artist/toolio/13 - Track 13 (2).mp3,/mnt/d/Music/_Duplicate_Quarantine/13 - Track 13 (2).mp3
10759,keep,largest file in duplicate metadata group,toolio | untitled - 04-16-06 (1 | track 13,toolio,Untitled - 04-16-06 (1),Track 13,5737579,/mnt/d/Music/_Sorted_By_Artist/toolio/13 - Track 13 (2).mp3,/mnt/d/Music/_Sorted_By_Artist/toolio/13 - Track 13 (2).mp3,
3632,quarantine,"same metadata artist, album, and title as kept file",toolio | untitled - 04-16-06 (1 | track 14,toolio,Untitled - 04-16-06 (1),Track 14,6174555,/mnt/d/Music/_Sorted_By_Artist/toolio/14 - Track 14.mp3,/mnt/d/Music/_Sorted_By_Artist/toolio/14 - Track 14 (2).mp3,/mnt/d/Music/_Duplicate_Quarantine/14 - Track 14 (2).mp3
10760,keep,largest file in duplicate metadata group,toolio | untitled - 04-16-06 (1 | track 14,toolio,Untitled - 04-16-06 (1),Track 14,6174555,/mnt/d/Music/_Sorted_By_Artist/toolio/14 - Track 14 (2).mp3,/mnt/d/Music/_Sorted_By_Artist/toolio/14 - Track 14 (2).mp3,
3633,quarantine,"same metadata artist, album, and title as kept file",toolio | untitled - 04-16-06 (1 | track 15,toolio,Untitled - 04-16-06 (1),Track 15,4298127,/mnt/d/Music/_Sorted_By_Artist/toolio/15 - Track 15.mp3,/mnt/d/Music/_Sorted_By_Artist/toolio/15 - Track 15 (2).mp3,/mnt/d/Music/_Duplicate_Quarantine/15 - Track 15 (2).mp3
10761,keep,largest file in duplicate metadata group,toolio | untitled - 04-16-06 (1 | track 15,toolio,Untitled - 04-16-06 (1),Track 15,4298127,/mnt/d/Music/_Sorted_By_Artist/toolio/15 - Track 15 (2).mp3,/mnt/d/Music/_Sorted_By_Artist/toolio/15 - Track 15 (2).mp3,
3634,quarantine,"same metadata artist, album, and title as kept file",toolio | untitled - 04-16-06 (1 | track 16,toolio,Untitled - 04-16-06 (1),Track 16,4649840,/mnt/d/Music/_Sorted_By_Artist/toolio/16 - Track 16.mp3,/mnt/d/Music/_Sorted_By_Artist/toolio/16 - Track 16 (2).mp3,/mnt/d/Music/_Duplicate_Quarantine/16 - Track 16.mp3
10762,keep,largest file in duplicate metadata group,toolio | untitled - 04-16-06 (1 | track 16,toolio,Untitled - 04-16-06 (1),Track 16,4649840,/mnt/d/Music/_Sorted_By_Artist/toolio/16 - Track 16 (2).mp3,/mnt/d/Music/_Sorted_By_Artist/toolio/16 - Track 16 (2).mp3,
3635,quarantine,"same metadata artist, album, and title as kept file",toolio | untitled - 04-16-06 (1 | track 17,toolio,Untitled - 04-16-06 (1),Track 17,6714349,/mnt/d/Music/_Sorted_By_Artist/toolio/17 - Track 17.mp3,/mnt/d/Music/_Sorted_By_Artist/toolio/17 - Track 17 (2).mp3,/mnt/d/Music/_Duplicate_Quarantine/17 - Track 17.mp3
10763,keep,largest file in duplicate metadata group,toolio | untitled - 04-16-06 (1 | track 17,toolio,Untitled - 04-16-06 (1),Track 17,6714349,/mnt/d/Music/_Sorted_By_Artist/toolio/17 - Track 17 (2).mp3,/mnt/d/Music/_Sorted_By_Artist/toolio/17 - Track 17 (2).mp3,
3636,quarantine,"same metadata artist, album, and title as kept file",toolio | untitled - 04-16-06 (1 | track 18,toolio,Untitled - 04-16-06 (1),Track 18,5135717,/mnt/d/Music/_Sorted_By_Artist/toolio/18 - Track 18.mp3,/mnt/d/Music/_Sorted_By_Artist/toolio/18 - Track 18 (2).mp3,/mnt/d/Music/_Duplicate_Quarantine/18 - Track 18.mp3
10764,keep,largest file in duplicate metadata group,toolio | untitled - 04-16-06 (1 | track 18,toolio,Untitled - 04-16-06 (1),Track 18,5135717,/mnt/d/Music/_Sorted_By_Artist/toolio/18 - Track 18 (2).mp3,/mnt/d/Music/_Sorted_By_Artist/toolio/18 - Track 18 (2).mp3,
3620,quarantine,"same metadata artist, album, and title as kept file",toolio | untitled - 04-16-06 (1 | track 2,toolio,Untitled - 04-16-06 (1),Track 2,6054183,/mnt/d/Music/_Sorted_By_Artist/toolio/02 - Track 2.mp3,/mnt/d/Music/_Sorted_By_Artist/toolio/02 - Track 2 (2).mp3,/mnt/d/Music/_Duplicate_Quarantine/02 - Track 2 (3).mp3
10748,keep,largest file in duplicate metadata group,toolio | untitled - 04-16-06 (1 | track 2,toolio,Untitled - 04-16-06 (1),Track 2,6054183,/mnt/d/Music/_Sorted_By_Artist/toolio/02 - Track 2 (2).mp3,/mnt/d/Music/_Sorted_By_Artist/toolio/02 - Track 2 (2).mp3,
3621,quarantine,"same metadata artist, album, and title as kept file",toolio | untitled - 04-16-06 (1 | track 3,toolio,Untitled - 04-16-06 (1),Track 3,4467401,/mnt/d/Music/_Sorted_By_Artist/toolio/03 - Track 3.mp3,/mnt/d/Music/_Sorted_By_Artist/toolio/03 - Track 3 (2).mp3,/mnt/d/Music/_Duplicate_Quarantine/03 - Track 3 (3).mp3
10749,keep,largest file in duplicate metadata group,toolio | untitled - 04-16-06 (1 | track 3,toolio,Untitled - 04-16-06 (1),Track 3,4467401,/mnt/d/Music/_Sorted_By_Artist/toolio/03 - Track 3 (2).mp3,/mnt/d/Music/_Sorted_By_Artist/toolio/03 - Track 3 (2).mp3,
3622,quarantine,"same metadata artist, album, and title as kept file",toolio | untitled - 04-16-06 (1 | track 4,toolio,Untitled - 04-16-06 (1),Track 4,6228472,/mnt/d/Music/_Sorted_By_Artist/toolio/04 - Track 4.mp3,/mnt/d/Music/_Sorted_By_Artist/toolio/04 - Track 4 (2).mp3,/mnt/d/Music/_Duplicate_Quarantine/04 - Track 4 (3).mp3
10750,keep,largest file in duplicate metadata group,toolio | untitled - 04-16-06 (1 | track 4,toolio,Untitled - 04-16-06 (1),Track 4,6228472,/mnt/d/Music/_Sorted_By_Artist/toolio/04 - Track 4 (2).mp3,/mnt/d/Music/_Sorted_By_Artist/toolio/04 - Track 4 (2).mp3,
3623,quarantine,"same metadata artist, album, and title as kept file",toolio | untitled - 04-16-06 (1 | track 5,toolio,Untitled - 04-16-06 (1),Track 5,5938199,/mnt/d/Music/_Sorted_By_Artist/toolio/05 - Track 5.mp3,/mnt/d/Music/_Sorted_By_Artist/toolio/05 - Track 5 (2).mp3,/mnt/d/Music/_Duplicate_Quarantine/05 - Track 5 (3).mp3
10751,keep,largest file in duplicate metadata group,toolio | untitled - 04-16-06 (1 | track 5,toolio,Untitled - 04-16-06 (1),Track 5,5938199,/mnt/d/Music/_Sorted_By_Artist/toolio/05 - Track 5 (2).mp3,/mnt/d/Music/_Sorted_By_Artist/toolio/05 - Track 5 (2).mp3,
3624,quarantine,"same metadata artist, album, and title as kept file",toolio | untitled - 04-16-06 (1 | track 6,toolio,Untitled - 04-16-06 (1),Track 6,4552037,/mnt/d/Music/_Sorted_By_Artist/toolio/06 - Track 6.mp3,/mnt/d/Music/_Sorted_By_Artist/toolio/06 - Track 6 (2).mp3,/mnt/d/Music/_Duplicate_Quarantine/06 - Track 6 (3).mp3
10752,keep,largest file in duplicate metadata group,toolio | untitled - 04-16-06 (1 | track 6,toolio,Untitled - 04-16-06 (1),Track 6,4552037,/mnt/d/Music/_Sorted_By_Artist/toolio/06 - Track 6 (2).mp3,/mnt/d/Music/_Sorted_By_Artist/toolio/06 - Track 6 (2).mp3,
3625,quarantine,"same metadata artist, album, and title as kept file",toolio | untitled - 04-16-06 (1 | track 7,toolio,Untitled - 04-16-06 (1),Track 7,4788393,/mnt/d/Music/_Sorted_By_Artist/toolio/07 - Track 7.mp3,/mnt/d/Music/_Sorted_By_Artist/toolio/07 - Track 7 (2).mp3,/mnt/d/Music/_Duplicate_Quarantine/07 - Track 7 (3).mp3
10753,keep,largest file in duplicate metadata group,toolio | untitled - 04-16-06 (1 | track 7,toolio,Untitled - 04-16-06 (1),Track 7,4788393,/mnt/d/Music/_Sorted_By_Artist/toolio/07 - Track 7 (2).mp3,/mnt/d/Music/_Sorted_By_Artist/toolio/07 - Track 7 (2).mp3,
3626,quarantine,"same metadata artist, album, and title as kept file",toolio | untitled - 04-16-06 (1 | track 8,toolio,Untitled - 04-16-06 (1),Track 8,5158287,/mnt/d/Music/_Sorted_By_Artist/toolio/08 - Track 8.mp3,/mnt/d/Music/_Sorted_By_Artist/toolio/08 - Track 8 (2).mp3,/mnt/d/Music/_Duplicate_Quarantine/08 - Track 8 (3).mp3
10754,keep,largest file in duplicate metadata group,toolio | untitled - 04-16-06 (1 | track 8,toolio,Untitled - 04-16-06 (1),Track 8,5158287,/mnt/d/Music/_Sorted_By_Artist/toolio/08 - Track 8 (2).mp3,/mnt/d/Music/_Sorted_By_Artist/toolio/08 - Track 8 (2).mp3,
3627,quarantine,"same metadata artist, album, and title as kept file",toolio | untitled - 04-16-06 (1 | track 9,toolio,Untitled - 04-16-06 (1),Track 9,6157001,/mnt/d/Music/_Sorted_By_Artist/toolio/09 - Track 9.mp3,/mnt/d/Music/_Sorted_By_Artist/toolio/09 - Track 9 (2).mp3,/mnt/d/Music/_Duplicate_Quarantine/09 - Track 9 (3).mp3
10755,keep,largest file in duplicate metadata group,toolio | untitled - 04-16-06 (1 | track 9,toolio,Untitled - 04-16-06 (1),Track 9,6157001,/mnt/d/Music/_Sorted_By_Artist/toolio/09 - Track 9 (2).mp3,/mnt/d/Music/_Sorted_By_Artist/toolio/09 - Track 9 (2).mp3,
10777,keep,largest file in duplicate metadata group,trapt | someone in control | disconnected (out of touch,Trapt,Someone In Control,Disconnected (Out Of Touch),3700227,/mnt/d/Music/_Sorted_By_Artist/Trapt/QTAI.m4a,/mnt/d/Music/_Sorted_By_Artist/Trapt/QTAI.m4a,
10780,quarantine,"same metadata artist, album, and title as kept file",trapt | someone in control | disconnected (out of touch,Trapt,Someone In Control,Disconnected (Out Of Touch),3700206,/mnt/d/Music/_Sorted_By_Artist/Trapt/VYNU.m4a,/mnt/d/Music/_Sorted_By_Artist/Trapt/QTAI.m4a,/mnt/d/Music/_Duplicate_Quarantine/VYNU.m4a
10769,keep,largest file in duplicate metadata group,trapt | someone in control | influence,Trapt,Someone In Control,Influence,4039119,/mnt/d/Music/_Sorted_By_Artist/Trapt/KVWD.m4a,/mnt/d/Music/_Sorted_By_Artist/Trapt/KVWD.m4a,
10775,quarantine,"same metadata artist, album, and title as kept file",trapt | someone in control | influence,Trapt,Someone In Control,Influence,4039111,/mnt/d/Music/_Sorted_By_Artist/Trapt/MVQP.m4a,/mnt/d/Music/_Sorted_By_Artist/Trapt/KVWD.m4a,/mnt/d/Music/_Duplicate_Quarantine/MVQP.m4a
10770,quarantine,"same metadata artist, album, and title as kept file",trapt | someone in control | lost realist,Trapt,Someone In Control,Lost Realist,3997321,/mnt/d/Music/_Sorted_By_Artist/Trapt/LGFX.m4a,/mnt/d/Music/_Sorted_By_Artist/Trapt/WUCN.m4a,/mnt/d/Music/_Duplicate_Quarantine/LGFX.m4a
10782,keep,largest file in duplicate metadata group,trapt | someone in control | lost realist,Trapt,Someone In Control,Lost Realist,3997547,/mnt/d/Music/_Sorted_By_Artist/Trapt/WUCN.m4a,/mnt/d/Music/_Sorted_By_Artist/Trapt/WUCN.m4a,
10768,keep,largest file in duplicate metadata group,trapt | someone in control | repeat offender,Trapt,Someone In Control,Repeat Offender,3202929,/mnt/d/Music/_Sorted_By_Artist/Trapt/JRDQ.m4a,/mnt/d/Music/_Sorted_By_Artist/Trapt/JRDQ.m4a,
10781,quarantine,"same metadata artist, album, and title as kept file",trapt | someone in control | repeat offender,Trapt,Someone In Control,Repeat Offender,3202834,/mnt/d/Music/_Sorted_By_Artist/Trapt/WKZR.m4a,/mnt/d/Music/_Sorted_By_Artist/Trapt/JRDQ.m4a,/mnt/d/Music/_Duplicate_Quarantine/WKZR.m4a
10766,quarantine,"same metadata artist, album, and title as kept file",trapt | someone in control | skin deep,Trapt,Someone In Control,Skin Deep,3658779,/mnt/d/Music/_Sorted_By_Artist/Trapt/ESQB.m4a,/mnt/d/Music/_Sorted_By_Artist/Trapt/MDEV.m4a,/mnt/d/Music/_Duplicate_Quarantine/ESQB.m4a
10773,keep,largest file in duplicate metadata group,trapt | someone in control | skin deep,Trapt,Someone In Control,Skin Deep,3658854,/mnt/d/Music/_Sorted_By_Artist/Trapt/MDEV.m4a,/mnt/d/Music/_Sorted_By_Artist/Trapt/MDEV.m4a,
10779,quarantine,"same metadata artist, album, and title as kept file",trapt | someone in control | stand up,Trapt,Someone In Control,Stand Up,3894005,/mnt/d/Music/_Sorted_By_Artist/Trapt/VJDC.m4a,/mnt/d/Music/_Sorted_By_Artist/Trapt/ZIGA.m4a,/mnt/d/Music/_Duplicate_Quarantine/VJDC.m4a
10783,keep,largest file in duplicate metadata group,trapt | someone in control | stand up,Trapt,Someone In Control,Stand Up,3894029,/mnt/d/Music/_Sorted_By_Artist/Trapt/ZIGA.m4a,/mnt/d/Music/_Sorted_By_Artist/Trapt/ZIGA.m4a,
10765,quarantine,"same metadata artist, album, and title as kept file",trapt | someone in control | victim,Trapt,Someone In Control,Victim,3911518,/mnt/d/Music/_Sorted_By_Artist/Trapt/ERDD.m4a,/mnt/d/Music/_Sorted_By_Artist/Trapt/MBEZ.m4a,/mnt/d/Music/_Duplicate_Quarantine/ERDD.m4a
10772,keep,largest file in duplicate metadata group,trapt | someone in control | victim,Trapt,Someone In Control,Victim,3911723,/mnt/d/Music/_Sorted_By_Artist/Trapt/MBEZ.m4a,/mnt/d/Music/_Sorted_By_Artist/Trapt/MBEZ.m4a,
10774,keep,largest file in duplicate metadata group,trapt | someone in control | waiting,Trapt,Someone In Control,Waiting,3755061,/mnt/d/Music/_Sorted_By_Artist/Trapt/MKVX.m4a,/mnt/d/Music/_Sorted_By_Artist/Trapt/MKVX.m4a,
10778,quarantine,"same metadata artist, album, and title as kept file",trapt | someone in control | waiting,Trapt,Someone In Control,Waiting,3754975,/mnt/d/Music/_Sorted_By_Artist/Trapt/UFAT.m4a,/mnt/d/Music/_Sorted_By_Artist/Trapt/MKVX.m4a,/mnt/d/Music/_Duplicate_Quarantine/UFAT.m4a
3642,quarantine,"same metadata artist, album, and title as kept file",trivium | acsendency | a gunshot to the head of trebidation,Trivium,Acsendency,A Gunshot To The Head Of Trebidation,8537487,/mnt/d/Music/_Sorted_By_Artist/Trivium/06 - A Gunshot To The Head Of Trebidation.mp3,/mnt/d/Music/_Sorted_By_Artist/Trivium/06 - A Gunshot To The Head Of Trebidation (2).mp3,/mnt/d/Music/_Duplicate_Quarantine/06 - A Gunshot To The Head Of Trebidation.mp3
10800,keep,largest file in duplicate metadata group,trivium | acsendency | a gunshot to the head of trebidation,Trivium,Acsendency,A Gunshot To The Head Of Trebidation,8537487,/mnt/d/Music/_Sorted_By_Artist/Trivium/06 - A Gunshot To The Head Of Trebidation (2).mp3,/mnt/d/Music/_Sorted_By_Artist/Trivium/06 - A Gunshot To The Head Of Trebidation (2).mp3,
3641,quarantine,"same metadata artist, album, and title as kept file",trivium | acsendency | ascendency,Trivium,Acsendency,Ascendency,6379564,/mnt/d/Music/_Sorted_By_Artist/Trivium/05 - Ascendency.mp3,/mnt/d/Music/_Sorted_By_Artist/Trivium/05 - Ascendency (2).mp3,/mnt/d/Music/_Duplicate_Quarantine/05 - Ascendency.mp3
10799,keep,largest file in duplicate metadata group,trivium | acsendency | ascendency,Trivium,Acsendency,Ascendency,6379564,/mnt/d/Music/_Sorted_By_Artist/Trivium/05 - Ascendency (2).mp3,/mnt/d/Music/_Sorted_By_Artist/Trivium/05 - Ascendency (2).mp3,
3648,quarantine,"same metadata artist, album, and title as kept file",trivium | acsendency | declaration,Trivium,Acsendency,Declaration,10097938,/mnt/d/Music/_Sorted_By_Artist/Trivium/12 - Declaration.mp3,/mnt/d/Music/_Sorted_By_Artist/Trivium/12 - Declaration (2).mp3,/mnt/d/Music/_Duplicate_Quarantine/12 - Declaration.mp3
10806,keep,largest file in duplicate metadata group,trivium | acsendency | declaration,Trivium,Acsendency,Declaration,10097938,/mnt/d/Music/_Sorted_By_Artist/Trivium/12 - Declaration (2).mp3,/mnt/d/Music/_Sorted_By_Artist/Trivium/12 - Declaration (2).mp3,
3647,quarantine,"same metadata artist, album, and title as kept file",trivium | acsendency | departure,Trivium,Acsendency,Departure,8194552,/mnt/d/Music/_Sorted_By_Artist/Trivium/11 - Departure.mp3,/mnt/d/Music/_Sorted_By_Artist/Trivium/11 - Departure (2).mp3,/mnt/d/Music/_Duplicate_Quarantine/11 - Departure.mp3
10805,keep,largest file in duplicate metadata group,trivium | acsendency | departure,Trivium,Acsendency,Departure,8194552,/mnt/d/Music/_Sorted_By_Artist/Trivium/11 - Departure (2).mp3,/mnt/d/Music/_Sorted_By_Artist/Trivium/11 - Departure (2).mp3,
3640,quarantine,"same metadata artist, album, and title as kept file",trivium | acsendency | drowned and torwn asunder,Trivium,Acsendency,Drowned And Torwn Asunder,6183959,/mnt/d/Music/_Sorted_By_Artist/Trivium/04 - Drowned And Torwn Asunder.mp3,/mnt/d/Music/_Sorted_By_Artist/Trivium/04 - Drowned And Torwn Asunder (2).mp3,/mnt/d/Music/_Duplicate_Quarantine/04 - Drowned And Torwn Asunder.mp3
10798,keep,largest file in duplicate metadata group,trivium | acsendency | drowned and torwn asunder,Trivium,Acsendency,Drowned And Torwn Asunder,6183959,/mnt/d/Music/_Sorted_By_Artist/Trivium/04 - Drowned And Torwn Asunder (2).mp3,/mnt/d/Music/_Sorted_By_Artist/Trivium/04 - Drowned And Torwn Asunder (2).mp3,
3644,quarantine,"same metadata artist, album, and title as kept file",trivium | acsendency | dying in your arms,Trivium,Acsendency,Dying In Your Arms,4159574,/mnt/d/Music/_Sorted_By_Artist/Trivium/08 - Dying In Your Arms.mp3,/mnt/d/Music/_Sorted_By_Artist/Trivium/08 - Dying In Your Arms (2).mp3,/mnt/d/Music/_Duplicate_Quarantine/08 - Dying In Your Arms.mp3
10802,keep,largest file in duplicate metadata group,trivium | acsendency | dying in your arms,Trivium,Acsendency,Dying In Your Arms,4159574,/mnt/d/Music/_Sorted_By_Artist/Trivium/08 - Dying In Your Arms (2).mp3,/mnt/d/Music/_Sorted_By_Artist/Trivium/08 - Dying In Your Arms (2).mp3,
3643,quarantine,"same metadata artist, album, and title as kept file",trivium | acsendency | like light to the flies,Trivium,Acsendency,Like Light To The Flies,8185148,/mnt/d/Music/_Sorted_By_Artist/Trivium/07 - Like Light To The Flies.mp3,/mnt/d/Music/_Sorted_By_Artist/Trivium/07 - Like Light To The Flies (2).mp3,/mnt/d/Music/_Duplicate_Quarantine/07 - Like Light To The Flies.mp3
10801,keep,largest file in duplicate metadata group,trivium | acsendency | like light to the flies,Trivium,Acsendency,Like Light To The Flies,8185148,/mnt/d/Music/_Sorted_By_Artist/Trivium/07 - Like Light To The Flies (2).mp3,/mnt/d/Music/_Sorted_By_Artist/Trivium/07 - Like Light To The Flies (2).mp3,
3639,quarantine,"same metadata artist, album, and title as kept file",trivium | acsendency | pull harder on the strings of your martyr,Trivium,Acsendency,Pull Harder On The Strings Of Your Martyr,6995218,/mnt/d/Music/_Sorted_By_Artist/Trivium/03 - Pull Harder On The Strings Of Your Martyr.mp3,/mnt/d/Music/_Sorted_By_Artist/Trivium/03 - Pull Harder On The Strings Of Your Martyr (2).mp3,/mnt/d/Music/_Duplicate_Quarantine/03 - Pull Harder On The Strings Of Your Martyr.mp3
10797,keep,largest file in duplicate metadata group,trivium | acsendency | pull harder on the strings of your martyr,Trivium,Acsendency,Pull Harder On The Strings Of Your Martyr,6995218,/mnt/d/Music/_Sorted_By_Artist/Trivium/03 - Pull Harder On The Strings Of Your Martyr (2).mp3,/mnt/d/Music/_Sorted_By_Artist/Trivium/03 - Pull Harder On The Strings Of Your Martyr (2).mp3,
3638,quarantine,"same metadata artist, album, and title as kept file",trivium | acsendency | rain,Trivium,Acsendency,Rain,6049794,/mnt/d/Music/_Sorted_By_Artist/Trivium/02 - Rain.mp3,/mnt/d/Music/_Sorted_By_Artist/Trivium/02 - Rain (2).mp3,/mnt/d/Music/_Duplicate_Quarantine/02 - Rain.mp3
10796,keep,largest file in duplicate metadata group,trivium | acsendency | rain,Trivium,Acsendency,Rain,6049794,/mnt/d/Music/_Sorted_By_Artist/Trivium/02 - Rain (2).mp3,/mnt/d/Music/_Sorted_By_Artist/Trivium/02 - Rain (2).mp3,
3646,quarantine,"same metadata artist, album, and title as kept file",trivium | acsendency | suffocating sight,Trivium,Acsendency,Suffocating Sight,5466114,/mnt/d/Music/_Sorted_By_Artist/Trivium/10 - Suffocating Sight.mp3,/mnt/d/Music/_Sorted_By_Artist/Trivium/10 - Suffocating Sight (2).mp3,/mnt/d/Music/_Duplicate_Quarantine/10 - Suffocating Sight.mp3
10804,keep,largest file in duplicate metadata group,trivium | acsendency | suffocating sight,Trivium,Acsendency,Suffocating Sight,5466114,/mnt/d/Music/_Sorted_By_Artist/Trivium/10 - Suffocating Sight (2).mp3,/mnt/d/Music/_Sorted_By_Artist/Trivium/10 - Suffocating Sight (2).mp3,
3645,quarantine,"same metadata artist, album, and title as kept file",trivium | acsendency | the decieved,Trivium,Acsendency,The Decieved,7489872,/mnt/d/Music/_Sorted_By_Artist/Trivium/09 - The Decieved.mp3,/mnt/d/Music/_Sorted_By_Artist/Trivium/09 - The Decieved (2).mp3,/mnt/d/Music/_Duplicate_Quarantine/09 - The Decieved.mp3
10803,keep,largest file in duplicate metadata group,trivium | acsendency | the decieved,Trivium,Acsendency,The Decieved,7489872,/mnt/d/Music/_Sorted_By_Artist/Trivium/09 - The Decieved (2).mp3,/mnt/d/Music/_Sorted_By_Artist/Trivium/09 - The Decieved (2).mp3,
3637,quarantine,"same metadata artist, album, and title as kept file",trivium | acsendency | the end of everything,Trivium,Acsendency,The End Of Everything,1948361,/mnt/d/Music/_Sorted_By_Artist/Trivium/01 - The End Of Everything.mp3,/mnt/d/Music/_Sorted_By_Artist/Trivium/01 - The End Of Everything (2).mp3,/mnt/d/Music/_Duplicate_Quarantine/01 - The End Of Everything.mp3
10795,keep,largest file in duplicate metadata group,trivium | acsendency | the end of everything,Trivium,Acsendency,The End Of Everything,1948361,/mnt/d/Music/_Sorted_By_Artist/Trivium/01 - The End Of Everything (2).mp3,/mnt/d/Music/_Sorted_By_Artist/Trivium/01 - The End Of Everything (2).mp3,
2406,quarantine,"same metadata artist, album, and title as kept file",trivium | the crusade | the crusade,Trivium,The Crusade,The Crusade,8039613,/mnt/d/Music/_Sorted_By_Artist/Trivium/13 The Crusade.m4a,/mnt/d/Music/_Sorted_By_Artist/Trivium/13 The Crusade (2).m4a,/mnt/d/Music/_Duplicate_Quarantine/13 The Crusade.m4a
10818,keep,largest file in duplicate metadata group,trivium | the crusade | the crusade,Trivium,The Crusade,The Crusade,8039613,/mnt/d/Music/_Sorted_By_Artist/Trivium/13 The Crusade (2).m4a,/mnt/d/Music/_Sorted_By_Artist/Trivium/13 The Crusade (2).m4a,
3324,quarantine,"same metadata artist, album, and title as kept file",ultraspank | none | click,Ultraspank,None,Click,6420242,/mnt/d/Music/_Sorted_By_Artist/Ultraspank/06-2 - Ultraspank - Click.wma,/mnt/d/Music/_Sorted_By_Artist/Ultraspank/06-2 - Ultraspank - Click (2).wma,/mnt/d/Music/_Duplicate_Quarantine/06-2 - Ultraspank - Click.wma
9483,keep,largest file in duplicate metadata group,ultraspank | none | click,Ultraspank,None,Click,6420242,/mnt/d/Music/_Sorted_By_Artist/Ultraspank/06-2 - Ultraspank - Click (2).wma,/mnt/d/Music/_Sorted_By_Artist/Ultraspank/06-2 - Ultraspank - Click (2).wma,
3326,quarantine,"same metadata artist, album, and title as kept file",ultraspank | none | crack,Ultraspank,None,Crack,5131730,/mnt/d/Music/_Sorted_By_Artist/Ultraspank/08-2 - Ultraspank - Crack.wma,/mnt/d/Music/_Sorted_By_Artist/Ultraspank/08-2 - Ultraspank - Crack (2).wma,/mnt/d/Music/_Duplicate_Quarantine/08-2 - Ultraspank - Crack.wma
9485,keep,largest file in duplicate metadata group,ultraspank | none | crack,Ultraspank,None,Crack,5131730,/mnt/d/Music/_Sorted_By_Artist/Ultraspank/08-2 - Ultraspank - Crack (2).wma,/mnt/d/Music/_Sorted_By_Artist/Ultraspank/08-2 - Ultraspank - Crack (2).wma,
3320,quarantine,"same metadata artist, album, and title as kept file",ultraspank | none | crumble,Ultraspank,None,Crumble,5498599,/mnt/d/Music/_Sorted_By_Artist/Ultraspank/02-2 - Ultraspank - Crumble.wma,/mnt/d/Music/_Sorted_By_Artist/Ultraspank/02-2 - Ultraspank - Crumble (2).wma,/mnt/d/Music/_Duplicate_Quarantine/02-2 - Ultraspank - Crumble.wma
9479,keep,largest file in duplicate metadata group,ultraspank | none | crumble,Ultraspank,None,Crumble,5498599,/mnt/d/Music/_Sorted_By_Artist/Ultraspank/02-2 - Ultraspank - Crumble (2).wma,/mnt/d/Music/_Sorted_By_Artist/Ultraspank/02-2 - Ultraspank - Crumble (2).wma,
3322,quarantine,"same metadata artist, album, and title as kept file",ultraspank | none | feed,Ultraspank,None,Feed,6116005,/mnt/d/Music/_Sorted_By_Artist/Ultraspank/04-2 - Ultraspank - Feed.wma,/mnt/d/Music/_Sorted_By_Artist/Ultraspank/04-2 - Ultraspank - Feed (2).wma,/mnt/d/Music/_Duplicate_Quarantine/04-2 - Ultraspank - Feed.wma
9481,keep,largest file in duplicate metadata group,ultraspank | none | feed,Ultraspank,None,Feed,6116005,/mnt/d/Music/_Sorted_By_Artist/Ultraspank/04-2 - Ultraspank - Feed (2).wma,/mnt/d/Music/_Sorted_By_Artist/Ultraspank/04-2 - Ultraspank - Feed (2).wma,
3327,quarantine,"same metadata artist, album, and title as kept file",ultraspank | none | invite yourself in,Ultraspank,None,Invite Yourself In,416160,/mnt/d/Music/_Sorted_By_Artist/Ultraspank/09-2 - Ultraspank - Invite Yourself In.wma,/mnt/d/Music/_Sorted_By_Artist/Ultraspank/09-2 - Ultraspank - Invite Yourself In (2).wma,/mnt/d/Music/_Duplicate_Quarantine/09-2 - Ultraspank - Invite Yourself In.wma
9486,keep,largest file in duplicate metadata group,ultraspank | none | invite yourself in,Ultraspank,None,Invite Yourself In,416160,/mnt/d/Music/_Sorted_By_Artist/Ultraspank/09-2 - Ultraspank - Invite Yourself In (2).wma,/mnt/d/Music/_Sorted_By_Artist/Ultraspank/09-2 - Ultraspank - Invite Yourself In (2).wma,
3325,quarantine,"same metadata artist, album, and title as kept file",ultraspank | none | jackass,Ultraspank,None,Jackass,5346486,/mnt/d/Music/_Sorted_By_Artist/Ultraspank/07-2 - Ultraspank - Jackass.wma,/mnt/d/Music/_Sorted_By_Artist/Ultraspank/07-2 - Ultraspank - Jackass (2).wma,/mnt/d/Music/_Duplicate_Quarantine/07-2 - Ultraspank - Jackass.wma
9484,keep,largest file in duplicate metadata group,ultraspank | none | jackass,Ultraspank,None,Jackass,5346486,/mnt/d/Music/_Sorted_By_Artist/Ultraspank/07-2 - Ultraspank - Jackass (2).wma,/mnt/d/Music/_Sorted_By_Artist/Ultraspank/07-2 - Ultraspank - Jackass (2).wma,
3329,quarantine,"same metadata artist, album, and title as kept file",ultraspank | none | left,Ultraspank,None,Left,6142852,/mnt/d/Music/_Sorted_By_Artist/Ultraspank/11-2 - Ultraspank - Left.wma,/mnt/d/Music/_Sorted_By_Artist/Ultraspank/11-2 - Ultraspank - Left (2).wma,/mnt/d/Music/_Duplicate_Quarantine/11-2 - Ultraspank - Left.wma
9488,keep,largest file in duplicate metadata group,ultraspank | none | left,Ultraspank,None,Left,6142852,/mnt/d/Music/_Sorted_By_Artist/Ultraspank/11-2 - Ultraspank - Left (2).wma,/mnt/d/Music/_Sorted_By_Artist/Ultraspank/11-2 - Ultraspank - Left (2).wma,
3331,quarantine,"same metadata artist, album, and title as kept file",ultraspank | none | maybe tomorrow,Ultraspank,None,Maybe Tomorrow,4621712,/mnt/d/Music/_Sorted_By_Artist/Ultraspank/13-2 - Ultraspank - Maybe Tomorrow.wma,/mnt/d/Music/_Sorted_By_Artist/Ultraspank/13-2 - Ultraspank - Maybe Tomorrow (2).wma,/mnt/d/Music/_Duplicate_Quarantine/13-2 - Ultraspank - Maybe Tomorrow.wma
9490,keep,largest file in duplicate metadata group,ultraspank | none | maybe tomorrow,Ultraspank,None,Maybe Tomorrow,4621712,/mnt/d/Music/_Sorted_By_Artist/Ultraspank/13-2 - Ultraspank - Maybe Tomorrow (2).wma,/mnt/d/Music/_Sorted_By_Artist/Ultraspank/13-2 - Ultraspank - Maybe Tomorrow (2).wma,
3319,quarantine,"same metadata artist, album, and title as kept file",ultraspank | none | push,Ultraspank,None,Push,5668605,/mnt/d/Music/_Sorted_By_Artist/Ultraspank/01-2 - Ultraspank - Push.wma,/mnt/d/Music/_Sorted_By_Artist/Ultraspank/01-2 - Ultraspank - Push (2).wma,/mnt/d/Music/_Duplicate_Quarantine/01-2 - Ultraspank - Push.wma
9478,keep,largest file in duplicate metadata group,ultraspank | none | push,Ultraspank,None,Push,5668605,/mnt/d/Music/_Sorted_By_Artist/Ultraspank/01-2 - Ultraspank - Push (2).wma,/mnt/d/Music/_Sorted_By_Artist/Ultraspank/01-2 - Ultraspank - Push (2).wma,
3323,quarantine,"same metadata artist, album, and title as kept file",ultraspank | none | smile,Ultraspank,None,Smile,5775986,/mnt/d/Music/_Sorted_By_Artist/Ultraspank/05-2 - Ultraspank - Smile.wma,/mnt/d/Music/_Sorted_By_Artist/Ultraspank/05-2 - Ultraspank - Smile (2).wma,/mnt/d/Music/_Duplicate_Quarantine/05-2 - Ultraspank - Smile.wma
9482,keep,largest file in duplicate metadata group,ultraspank | none | smile,Ultraspank,None,Smile,5775986,/mnt/d/Music/_Sorted_By_Artist/Ultraspank/05-2 - Ultraspank - Smile (2).wma,/mnt/d/Music/_Sorted_By_Artist/Ultraspank/05-2 - Ultraspank - Smile (2).wma,
3321,quarantine,"same metadata artist, album, and title as kept file",ultraspank | none | stuck,Ultraspank,None,Stuck,5203311,/mnt/d/Music/_Sorted_By_Artist/Ultraspank/03-2 - Ultraspank - Stuck.wma,/mnt/d/Music/_Sorted_By_Artist/Ultraspank/03-2 - Ultraspank - Stuck (2).wma,/mnt/d/Music/_Duplicate_Quarantine/03-2 - Ultraspank - Stuck.wma
9480,keep,largest file in duplicate metadata group,ultraspank | none | stuck,Ultraspank,None,Stuck,5203311,/mnt/d/Music/_Sorted_By_Artist/Ultraspank/03-2 - Ultraspank - Stuck (2).wma,/mnt/d/Music/_Sorted_By_Artist/Ultraspank/03-2 - Ultraspank - Stuck (2).wma,
3328,quarantine,"same metadata artist, album, and title as kept file",ultraspank | none | thanks,Ultraspank,None,Thanks,4442736,/mnt/d/Music/_Sorted_By_Artist/Ultraspank/10-2 - Ultraspank - Thanks.wma,/mnt/d/Music/_Sorted_By_Artist/Ultraspank/10-2 - Ultraspank - Thanks (2).wma,/mnt/d/Music/_Duplicate_Quarantine/10-2 - Ultraspank - Thanks.wma
9487,keep,largest file in duplicate metadata group,ultraspank | none | thanks,Ultraspank,None,Thanks,4442736,/mnt/d/Music/_Sorted_By_Artist/Ultraspank/10-2 - Ultraspank - Thanks (2).wma,/mnt/d/Music/_Sorted_By_Artist/Ultraspank/10-2 - Ultraspank - Thanks (2).wma,
3330,quarantine,"same metadata artist, album, and title as kept file",ultraspank | none | where,Ultraspank,None,Where,5051198,/mnt/d/Music/_Sorted_By_Artist/Ultraspank/12-2 - Ultraspank - Where.wma,/mnt/d/Music/_Sorted_By_Artist/Ultraspank/12-2 - Ultraspank - Where (2).wma,/mnt/d/Music/_Duplicate_Quarantine/12-2 - Ultraspank - Where.wma
9489,keep,largest file in duplicate metadata group,ultraspank | none | where,Ultraspank,None,Where,5051198,/mnt/d/Music/_Sorted_By_Artist/Ultraspank/12-2 - Ultraspank - Where (2).wma,/mnt/d/Music/_Sorted_By_Artist/Ultraspank/12-2 - Ultraspank - Where (2).wma,
3649,quarantine,"same metadata artist, album, and title as kept file",unearth | the oncoming storm | the great dividers,Unearth,The Oncoming Storm,The Great Dividers,5817827,/mnt/d/Music/_Sorted_By_Artist/Unearth/01 - The Great Dividers.mp3,/mnt/d/Music/_Sorted_By_Artist/Unearth/01 - The Great Dividers (2).mp3,/mnt/d/Music/_Duplicate_Quarantine/01 - The Great Dividers.mp3
10860,keep,largest file in duplicate metadata group,unearth | the oncoming storm | the great dividers,Unearth,The Oncoming Storm,The Great Dividers,5817827,/mnt/d/Music/_Sorted_By_Artist/Unearth/01 - The Great Dividers (2).mp3,/mnt/d/Music/_Sorted_By_Artist/Unearth/01 - The Great Dividers (2).mp3,
10994,keep,largest file in duplicate metadata group,van halen | 1984 | hot for teacher,Van Halen,1984,Hot For Teacher,4677447,/mnt/d/Music/_Sorted_By_Artist/Van Halen/06 Hot For Teacher.m4a,/mnt/d/Music/_Sorted_By_Artist/Van Halen/06 Hot For Teacher.m4a,
10999,quarantine,"same metadata artist, album, and title as kept file",van halen | 1984 | hot for teacher,Van Halen,1984,Hot for Teacher,4613513,/mnt/d/Music/_Sorted_By_Artist/Van Halen/VOYO.m4a,/mnt/d/Music/_Sorted_By_Artist/Van Halen/06 Hot For Teacher.m4a,/mnt/d/Music/_Duplicate_Quarantine/VOYO.m4a
10990,keep,largest file in duplicate metadata group,van halen | 1984 | jump,Van Halen,1984,Jump,4024005,/mnt/d/Music/_Sorted_By_Artist/Van Halen/02 Jump.m4a,/mnt/d/Music/_Sorted_By_Artist/Van Halen/02 Jump.m4a,
11000,quarantine,"same metadata artist, album, and title as kept file",van halen | 1984 | jump,Van Halen,1984,Jump,3946015,/mnt/d/Music/_Sorted_By_Artist/Van Halen/WUEX.m4a,/mnt/d/Music/_Sorted_By_Artist/Van Halen/02 Jump.m4a,/mnt/d/Music/_Duplicate_Quarantine/WUEX.m4a
10991,keep,largest file in duplicate metadata group,van halen | 1984 | panama,Van Halen,1984,Panama,3485631,/mnt/d/Music/_Sorted_By_Artist/Van Halen/03 Panama.m4a,/mnt/d/Music/_Sorted_By_Artist/Van Halen/03 Panama.m4a,
10998,quarantine,"same metadata artist, album, and title as kept file",van halen | 1984 | panama,Van Halen,1984,Panama,3455610,/mnt/d/Music/_Sorted_By_Artist/Van Halen/BASA.m4a,/mnt/d/Music/_Sorted_By_Artist/Van Halen/03 Panama.m4a,/mnt/d/Music/_Duplicate_Quarantine/BASA.m4a
